row_id,subject,time_step,activity,acc_x,acc_y,acc_z,gyro_x,gyro_y,gyro_z,device
1,1,0,Walking,-1.3662381904758563,0.14153335617433055,9.407383484906186,0.11098052166791758,-0.21542893401919821,0.08087741631689323,phone_A
2,1,1,Walking,-0.9231500845298619,0.6185528503695659,9.569188515659846,0.3338468486496766,-0.20101650099094676,0.16292993811288775,phone_A
3,1,2,Walking,-0.44374799643403157,0.811328469246144,9.791356152252643,0.5076629882738584,-0.04790864253972511,0.15109621805482953,phone_A
4,1,3,Walking,0.29820179480487297,0.9362142534232514,10.093387579443082,0.509256944132374,0.13348541415415094,0.18878795441719992,phone_A
5,1,4,Walking,0.985162696613331,0.6053701983468296,10.049108824652722,0.3987455876635542,0.29954091305041,0.06671561519212854,phone_A
6,1,5,Walking,1.325939085413138,0.18206127656954568,10.212549474464806,0.1848922857263606,0.3690723261691225,-0.03143086688654885,phone_A
7,1,6,Walking,1.4244893931587945,-0.1510523409899204,10.042751593200386,-0.0628085331583782,0.35462739498274826,-0.07458848308228971,phone_A
8,1,7,Walking,0.9610386251946288,-0.4977511305925489,9.905337079848932,-0.3276804845495279,0.24596696209698596,-0.14859827932590877,phone_A
9,1,8,Walking,0.15713350660669,-0.7398055264299773,9.81129035310742,-0.41096530323464575,0.12406635384354744,-0.17860086237685235,phone_A
10,1,9,Walking,-0.5770500269098899,-0.6142725915182782,9.555348448680204,-0.33048451881205154,-0.04544892522141744,-0.09944638271005107,phone_A
11,1,10,Walking,-1.1745997797005217,-0.23325546926633525,9.411674187166323,-0.2127627502138731,-0.21838344529489764,-0.03668251403030653,phone_A
12,1,11,Walking,-1.2720217905500155,0.11042076003321985,9.579325185623087,0.050065605492256096,-0.23163709736554136,0.08622331108478738,phone_A
13,1,12,Walking,-1.1454955470802317,0.5759013440783852,9.57182701635707,0.29228481266158607,-0.19729251180898946,0.10597501773587253,phone_A
14,1,13,Walking,-0.46028487878834756,0.757554924808352,9.852310228725798,0.47807695095777597,-0.05023170238017134,0.17847392582500293,phone_A
15,1,14,Walking,0.2418729992459032,0.8297585685665335,10.023429575093706,0.46137745134945113,0.06794424223771386,0.10733585369233284,phone_A
16,1,15,Walking,0.8487087035482652,0.7483170282249468,10.032432940826574,0.3927384855384623,0.2897499898086732,0.06933050618761408,phone_A
17,1,16,Walking,1.4913278519554125,0.21732575441831842,10.116787786607205,0.16976336020495275,0.3418893827977044,0.015703380559584854,phone_A
18,1,17,Walking,1.2144930519810724,-0.06476375770854612,10.062464702169546,-0.07235797722607598,0.3182735174122483,-0.08240756841622324,phone_A
19,1,18,Walking,0.9557771783491018,-0.47155942798527845,9.854671792893166,-0.23266436890839237,0.2622006732292635,-0.15950270967585645,phone_A
20,1,19,Walking,0.34227553349552375,-0.672882551278233,9.815511539571173,-0.3642194487974893,0.12741623050854275,-0.10235995460378927,phone_A
21,1,20,Walking,-0.5990509494094924,-0.7308624659896941,9.385982705356398,-0.36942317242074274,-0.08245737970014186,-0.08184858972906431,phone_A
22,1,21,Walking,-1.096871149023073,-0.5544773168244173,9.312800606763963,-0.19652723833180402,-0.15861671377397535,0.026816390385624965,phone_A
23,1,22,Walking,-0.9798845656192476,0.09281637169472148,9.365618836079559,-0.020815603369385205,-0.22845072773464759,0.04137618318245141,phone_A
24,1,23,Walking,-1.2035280389185066,0.4045625093804308,9.613885131328457,0.3037814325494669,-0.19353239428357075,0.12630906344858556,phone_A
25,1,0,Walking Upstairs,-0.5321395630905538,-0.8079624178094578,9.726984219037366,-0.4411719385430535,0.034435107191747714,-0.09388805172894625,phone_A
26,1,1,Walking Upstairs,-1.3055538523298165,-0.4496155871589418,9.502403001517646,-0.24221080454535948,-0.11882351715177031,-0.008851387908296725,phone_A
27,1,2,Walking Upstairs,-1.4241028097211683,0.2761348463273145,9.856866061665746,0.19439861019915977,-0.23796968205174868,0.15670998442596387,phone_A
28,1,3,Walking Upstairs,-1.1298731407108673,1.089261486847748,10.006178978132738,0.5389622962540515,-0.16079708576602258,0.26270151898975647,phone_A
29,1,4,Walking Upstairs,0.1654304171083338,1.3921950856689345,10.41858350335621,0.7760400257388829,0.13207652682317678,0.27689610355337596,phone_A
30,1,5,Walking Upstairs,1.0765599430458275,1.3874845478413573,10.756514630634568,0.7374037055815662,0.3595477318570081,0.1607251373011549,phone_A
31,1,6,Walking Upstairs,1.751702686703874,0.9286807404243272,10.970090173837075,0.38479061258556885,0.520945094535278,0.08830543417385345,phone_A
32,1,7,Walking Upstairs,1.8815662033855678,-0.08686777928782928,10.660158344741046,-0.04017330935413752,0.5522922630328831,-0.09280204429858471,phone_A
33,1,8,Walking Upstairs,1.420617831420806,-0.40857282123016614,10.250726964576979,-0.36755568410849293,0.36020982947158664,-0.17237672152832603,phone_A
34,1,9,Walking Upstairs,0.1779962854725404,-0.9586364417708717,9.772561560725405,-0.5308166485542489,0.18971170274354052,-0.19411844766412434,phone_A
35,1,10,Walking Upstairs,-0.8226402662029647,-0.6437369296038802,9.609780472889238,-0.3634105441809131,-0.06539963338403491,-0.028961516916741384,phone_A
36,1,11,Walking Upstairs,-1.4909644334090204,-0.07591838782650726,9.622519182688876,-0.03187128815394022,-0.21801767569995426,0.056052466527268974,phone_A
37,1,12,Walking Upstairs,-1.3771155006666875,0.7457292552889029,10.180761787351603,0.4289743478589275,-0.22499654288371196,0.2074431988958274,phone_A
38,1,13,Walking Upstairs,-0.7840232523190274,1.1774265055763435,10.27859419624697,0.7253633635780217,-0.048656096760343784,0.26047191266172853,phone_A
39,1,14,Walking Upstairs,0.28141852958463126,1.355560407044148,10.456111025686589,0.7568899743420491,0.20265024089613604,0.24129518741187186,phone_A
40,1,15,Walking Upstairs,1.3620129101890945,0.8693996710083465,11.018909088294553,0.5431559490531896,0.42689592177754204,0.1749518746568358,phone_A
41,1,16,Walking Upstairs,2.407843894718078,0.25716229671668567,10.660468056775413,0.20115165201155305,0.6055986728506787,-0.043607993409954596,phone_A
42,1,17,Walking Upstairs,1.7644530698109882,-0.20289258014616662,10.48420139431194,-0.22683677303548186,0.5000691191642629,-0.1725177724172875,phone_A
43,1,18,Walking Upstairs,0.8596756914262234,-0.7770588559088268,10.087793857201653,-0.4965865281726725,0.3139520739806016,-0.15324875754529654,phone_A
44,1,19,Walking Upstairs,-0.25891848014784447,-0.7183898259129404,9.750913547413038,-0.4918651965826483,0.025052095595903375,-0.11532363302289696,phone_A
45,1,20,Walking Upstairs,-1.225981889210665,-0.08500895369725614,9.807005975274912,-0.23143256196079737,-0.1841492722374471,-0.023185398493208866,phone_A
46,1,21,Walking Upstairs,-1.385879461403155,0.38155065387430415,9.791576194643213,0.1207942913296842,-0.2117777951500728,0.16271456040889315,phone_A
47,1,22,Walking Upstairs,-1.2223527126107843,0.953450706112057,10.074866303413868,0.5557282550512289,-0.1445534623246113,0.2527835356157689,phone_A
48,1,23,Walking Upstairs,-0.10994225001551529,1.385156346295262,10.592772334229585,0.7010954469726718,0.08113979756337054,0.2774330077280768,phone_A
49,1,0,Walking Downstairs,1.9618934776323202,-0.6574406664631677,9.989876233494789,-0.13189788457095522,0.2933725021418679,-0.1685586084371923,phone_A
50,1,1,Walking Downstairs,1.244464306202084,-1.2892818754850641,9.370074467838595,-0.6974669835692581,0.19998472158359903,-0.29851831873617474,phone_A
51,1,2,Walking Downstairs,0.00593325337504097,-1.4710546722945828,9.042217880824088,-0.8488433053285069,-0.15923053528155007,-0.2837419887873948,phone_A
52,1,3,Walking Downstairs,-1.712831076833624,-1.2578492061895479,8.61010078050343,-0.6544655194229052,-0.5349580509949944,-0.14916727080146475,phone_A
53,1,4,Walking Downstairs,-2.39664239330666,-0.2822856615804348,8.853319881311993,-0.11492010766436694,-0.6455314804106069,-0.01591099222031686,phone_A
54,1,5,Walking Downstairs,-1.9368384452252365,0.33703155491418413,9.099454105715859,0.43150305280919654,-0.5467351837964969,0.15439108889355466,phone_A
55,1,6,Walking Downstairs,-0.6957156417050278,0.9706939158438451,9.535622022836897,0.6779208483796758,-0.24697908620168726,0.22826357756876353,phone_A
56,1,7,Walking Downstairs,1.0580291502647896,0.5147864561435648,10.088860631119298,0.5875655069387236,0.10989687308249368,0.1320156934200898,phone_A
57,1,8,Walking Downstairs,1.6888944432262436,-0.03213617815707552,10.151686828673919,0.08410482958495769,0.3526995382506403,-0.08611762775862002,phone_A
58,1,9,Walking Downstairs,1.8865515422858348,-0.9635426314351857,9.84977468600543,-0.4243054445556924,0.28718604153950766,-0.25822502327282637,phone_A
59,1,10,Walking Downstairs,0.6417572567532185,-1.6290587984668223,9.21981120069766,-0.8427859734716665,0.023756802202821586,-0.3017905169655843,phone_A
60,1,11,Walking Downstairs,-1.1052744723588561,-1.539201091802451,8.982703584714267,-0.8567888567828287,-0.3671947972384689,-0.2457212991148064,phone_A
61,1,12,Walking Downstairs,-2.049705193054324,-0.8905409439127393,8.839104886291306,-0.42767903221583864,-0.5921342436319401,-0.06179043222513843,phone_A
62,1,13,Walking Downstairs,-2.0189978281275405,0.017530807456227718,8.68644214154336,0.16581503461187835,-0.6580960456818641,0.11011798185677062,phone_A
63,1,14,Walking Downstairs,-1.1862616571013465,0.5993141425139681,9.267692139546249,0.5468675439588316,-0.4494823169575653,0.2140763970053429,phone_A
64,1,15,Walking Downstairs,0.2793395671660551,0.999286881968746,9.727477398050059,0.6365614867837748,-0.07375989613736733,0.14973965970844244,phone_A
65,1,16,Walking Downstairs,1.6240742412804643,0.5591366201485852,10.13131664647825,0.4110209103279645,0.23800039463664713,0.017655720606479672,phone_A
66,1,17,Walking Downstairs,1.9252606611912575,-0.44786049917599063,9.98128386091244,-0.14205955231684153,0.32262510462842253,-0.17345169949678774,phone_A
67,1,18,Walking Downstairs,1.2775773801714942,-1.282305258352417,9.607166242963919,-0.7304873157905235,0.14088786720164428,-0.34877449749276823,phone_A
68,1,19,Walking Downstairs,-0.44742094078554884,-1.6937632011724375,9.088875798572607,-0.8995806128388265,-0.1574067183672794,-0.2788657315705512,phone_A
69,1,20,Walking Downstairs,-1.492391868713333,-1.2878944984641727,8.858949381699142,-0.6853716388373137,-0.520633516507354,-0.18739827886307717,phone_A
70,1,21,Walking Downstairs,-2.548222646283496,-0.5497434496668112,8.71487194127716,-0.1528586819193857,-0.6200529651757538,-0.015149351453321053,phone_A
71,1,22,Walking Downstairs,-1.902450609117552,0.3364939185948006,9.207923017355101,0.3804062669520193,-0.6131702294495116,0.19298941008429835,phone_A
72,1,23,Walking Downstairs,-0.6806233533277808,0.8988925710154863,9.542809782486664,0.6760041410414748,-0.2517988142591302,0.19555413308875072,phone_A
73,1,0,Sitting,0.15096412781515875,-0.12429588071637776,9.831538360415799,-0.017505444432799465,-0.015796682839380852,-0.018369795611047943,phone_A
74,1,1,Sitting,0.1656335376530528,-0.14586560255183934,9.835766599312414,-0.005881181147102204,-0.011530780710134773,-0.0033572602989483634,phone_A
75,1,2,Sitting,0.135544030784343,-0.1493174501929855,9.865048252764876,-0.012281789180008124,-0.02222823986833175,-0.015379294133316226,phone_A
76,1,3,Sitting,0.13791052428894499,-0.17177631487608794,9.797666026629624,-0.018788880291870338,-0.03186763763285827,-0.017351507540860032,phone_A
77,1,4,Sitting,0.11922198621092862,-0.09989356465809532,9.864488311282614,-0.011181136010905316,-0.023954843021554508,-0.01639148049237319,phone_A
78,1,5,Sitting,0.11618892382735375,-0.14085196007042727,9.851924810091967,-0.0064220129474719355,-0.020471423564551977,-0.020128422339810575,phone_A
79,1,6,Sitting,0.12048008775352105,-0.07750002919701292,9.841805795561706,0.0053083874152743135,-0.027049513837891826,-0.009102283433368143,phone_A
80,1,7,Sitting,0.11622132081433098,-0.1434736089346445,9.81670256281585,0.00045315159367556113,-0.0333780356721247,-0.00789021185957733,phone_A
81,1,8,Sitting,0.14240459080034015,-0.12665636174181868,9.829172017595605,0.0018168950095868008,-0.030712972116527536,-0.0055581776484609465,phone_A
82,1,9,Sitting,0.06744560663175204,-0.14067166285240526,9.786873487123032,-0.008603522869236884,-0.021188174642381173,-0.0050834388223818545,phone_A
83,1,10,Sitting,0.093541511479871,-0.16618331497059605,9.763021109510591,-0.0015762609067178994,-0.01527441830406506,-0.007128102586504328,phone_A
84,1,11,Sitting,0.09618687914697575,-0.11323296118721075,9.798772883112614,0.0012546463368399779,-0.029538126292899487,-0.009541064225050157,phone_A
85,1,12,Sitting,0.12895225630844448,-0.1124062479081755,9.855335387292772,0.0002898844494722153,-0.024996619438535757,0.0014535211141291048,phone_A
86,1,13,Sitting,0.08429865907710242,-0.13932401638580105,9.873015003911721,0.004672725508296713,-0.022118010086050886,-0.01028388587114819,phone_A
87,1,14,Sitting,0.1446670894596746,-0.1099245480807358,9.84722591535805,0.016620272895629885,-0.032776923056985485,-0.012601168863749068,phone_A
88,1,15,Sitting,0.09718526892683128,-0.09797840300296157,9.80292556895451,0.012469769204976732,-0.033811822079368586,0.0005853244426718505,phone_A
89,1,16,Sitting,0.04902049319930109,-0.12504514274599743,9.801348733744087,0.00509363821511914,-0.02897379209344028,-0.00674940230477576,phone_A
90,1,17,Sitting,0.10338644618462751,-0.10549813535194293,9.850168692511348,0.005390293289986865,-0.026007718508070887,-0.00109978235839532,phone_A
91,1,18,Sitting,0.1205517734993917,-0.08380977480060735,9.854190941239308,0.02501829432933081,-0.03047014646736493,-0.0063529462164225465,phone_A
92,1,19,Sitting,0.09364620140823907,-0.11982475695841474,9.817477697488872,0.00880884207671013,-0.02998202226616621,-0.0019757634135092812,phone_A
93,1,20,Sitting,0.1156655253728873,-0.10956497554489904,9.873004450383302,0.019871076760433867,-0.03004018407280845,-0.007409797805749908,phone_A
94,1,21,Sitting,0.13033254199764524,-0.0822711248150709,9.81629656413877,0.016270925669217527,-0.026951361838875813,-0.008443932170792482,phone_A
95,1,22,Sitting,0.1239213072244228,-0.12004167318983919,9.887981542597112,0.025354274355259006,-0.029400336110493273,-0.0004639487518634253,phone_A
96,1,23,Sitting,0.06178331761676134,-0.10945756639542999,9.849373990410585,0.012557781337396462,-0.022884817119323657,0.009692271420586238,phone_A
97,1,0,Standing,-0.015892928653652084,0.08908864259116676,9.856219246786988,-0.01770917323491662,-0.014923906859586078,-0.014715021892189165,phone_A
98,1,1,Standing,-0.046677409304320946,0.04839787711741641,9.800764078747127,-0.01454014262238078,-0.01414928762898511,-0.02405335102184362,phone_A
99,1,2,Standing,-0.060502628037114224,0.09146418405289752,9.792493814191662,-0.00446206008417024,-0.025476707060683935,-0.029001286861541128,phone_A
100,1,3,Standing,-0.013533710290054514,0.09676083784471456,9.813931363370653,-0.022556545362908808,-0.021216331206019606,-0.030887406466092764,phone_A
101,1,4,Standing,-0.03216974498315591,0.042168266396416555,9.809952845412784,-0.017254823073780977,-0.034887757550325915,-0.019726316992747458,phone_A
102,1,5,Standing,-0.04292367120412759,0.06345046523811443,9.831457011216852,-0.014669797430526276,-0.02972758772323315,-0.02155927378865905,phone_A
103,1,6,Standing,-0.0751612484983643,0.09256831692340084,9.778584504883169,-0.013749453716105423,-0.024420581903014358,-0.028425727580652597,phone_A
104,1,7,Standing,-0.13035631002328998,0.12398108941211494,9.852797146284221,-0.012617081269848542,-0.046809266386781456,-0.022912475910486813,phone_A
105,1,8,Standing,-0.08709674682218004,0.08276981318841664,9.758806746146746,-0.005279257068360378,-0.03451728672287147,-0.028754950674158144,phone_A
106,1,9,Standing,-0.07178316995185491,0.14349174769385237,9.788981580224586,-0.00903430717141827,-0.040846829053049066,-0.014722736505381504,phone_A
107,1,10,Standing,-0.1411567464700386,0.10173132969921976,9.773449382359237,0.006119195996072331,-0.04319656319146644,-0.006936125033761025,phone_A
108,1,11,Standing,-0.1333110987037736,0.11847441670852804,9.790229455341018,-0.007867771788725995,-0.043044056332531375,-0.008118689486484192,phone_A
109,1,12,Standing,-0.12074621288076094,0.06831514473492209,9.781355578066838,-0.005510049335651903,-0.047895938405929435,-0.014273575935223281,phone_A
110,1,13,Standing,-0.16124903125051485,0.07761153597075368,9.793918684656244,-0.0004610291353132406,-0.06271943521900229,-0.007424569652191106,phone_A
111,1,14,Standing,-0.11670531331756187,0.10802317502110793,9.749539914556381,0.01064027460768439,-0.04646157327003905,0.0038331236596656267,phone_A
112,1,15,Standing,-0.11680793420716079,0.14381292405558185,9.779395248439414,0.013619944896257414,-0.0457566887918793,-0.0012804519836436545,phone_A
113,1,16,Standing,-0.14298920105040294,0.13176905947897316,9.773199385245583,0.016664312812079377,-0.04117782308488447,-0.009891803623134807,phone_A
114,1,17,Standing,-0.1420324089480332,0.15922060534050198,9.781122757989671,0.02089973506928906,-0.06404296788756292,-0.010486549708408933,phone_A
115,1,18,Standing,-0.15122627350756462,0.10214947689485411,9.765721737333083,0.012992614878155704,-0.05180213192229226,0.002704841818004753,phone_A
116,1,19,Standing,-0.13683798924646676,0.14314684786865325,9.791360060202301,0.028063148428475987,-0.05621265884391139,-0.007960873974583515,phone_A
117,1,20,Standing,-0.11459769242978185,0.17200092313142318,9.812331701904975,0.024919526630029016,-0.04560940991991911,-0.0073280230974816845,phone_A
118,1,21,Standing,-0.1255437803376697,0.1806533933767363,9.769456817691696,0.018763533835259437,-0.04487495951088994,-0.001955723247719816,phone_A
119,1,22,Standing,-0.1463493192414216,0.1915554402837114,9.832068109891706,0.01747470068935733,-0.05685694789502671,-0.004247416472925621,phone_A
120,1,23,Standing,-0.07873762880870487,0.20862471149168882,9.827319682653545,0.027168208451298376,-0.0532130280763486,0.004975293337455278,phone_A
121,1,0,Laying,7.464429112832132,0.10632818007769917,6.4235987931862235,0.015498932608162428,-0.002834772780905358,-0.00390913246694192,phone_A
122,1,1,Laying,7.411281029817431,0.053284692978822906,6.441703004862089,0.021210504261733536,-0.013358318403320787,-0.02026210454463384,phone_A
123,1,2,Laying,7.455246520675994,0.13113526775832932,6.46156537376594,0.01670131070593716,-0.009216675347358035,-0.0148167039538745,phone_A
124,1,3,Laying,7.453973181763326,0.09873561001646333,6.391166999910407,0.025401933832716772,0.003953697574775573,-0.0029985866071337366,phone_A
125,1,4,Laying,7.4315032833916135,0.1259042934513175,6.432404772349538,0.015258148491848608,0.0009500897309258375,-0.006360948163393869,phone_A
126,1,5,Laying,7.473782077875411,0.11872546608331522,6.4247568272926125,0.0013834075648765168,-0.0058568807491332624,-0.013869165406331575,phone_A
127,1,6,Laying,7.423960730297529,0.14308847121610585,6.459237764156904,0.019712471965307878,-0.004658568644779551,-0.0027868471692747507,phone_A
128,1,7,Laying,7.456849470923618,0.1043233895623773,6.388405341171635,0.013402216762431517,-0.005679686782857508,-0.019064044300139887,phone_A
129,1,8,Laying,7.455774642655108,0.09544474897693599,6.460364406798205,0.015840908036545944,-0.005846722458367761,-0.01011109709262375,phone_A
130,1,9,Laying,7.458580226417865,0.09052782821041,6.388002660556096,0.009018123726906658,-0.010286898004147248,-0.019458769466109506,phone_A
131,1,10,Laying,7.470588793042093,0.10352722269729803,6.3699891300381175,0.008631805678178013,0.00024723252945337004,-0.005951171138161521,phone_A
132,1,11,Laying,7.483699743584545,0.09284972207482868,6.393080579009391,0.002305106249997922,-0.003597952648941723,-0.010376276479817278,phone_A
133,1,12,Laying,7.49039437401987,0.11749817521188519,6.410408306583452,0.0007786015562933398,-0.00754090323017662,-0.011689051437012741,phone_A
134,1,13,Laying,7.453227638508677,0.07366779974149001,6.4195019644541595,0.004655030928024393,-0.009377504297046224,-0.01145848637031322,phone_A
135,1,14,Laying,7.448209725889051,0.09233308900802407,6.419435462040246,0.0002768014219787611,-0.00850159935066944,-0.005028846095776763,phone_A
136,1,15,Laying,7.429098615460975,0.031432487695197915,6.365445721827822,0.006723545998757004,-0.005455883217518032,-0.014682287898073297,phone_A
137,1,16,Laying,7.488307895895412,0.01565357821350477,6.42123902065793,0.015355192566603537,-0.012457434751847712,-0.016568674581944002,phone_A
138,1,17,Laying,7.438845321535442,0.058252760155153155,6.40249672653367,0.013992566737693073,0.005262187213917576,-0.01661008591194018,phone_A
139,1,18,Laying,7.504921150462394,0.07965331402958441,6.453773461106216,0.004313610377028315,-0.005069029471574757,-0.012696944759560519,phone_A
140,1,19,Laying,7.5363063971866,0.09821815273827665,6.391494390109792,0.010139022875260858,-0.008141269127450487,-0.01811370397881401,phone_A
141,1,20,Laying,7.479004904142877,0.07590894315804383,6.41535380497478,0.0038676840137798867,-0.00408707140952113,-0.012900255350620657,phone_A
142,1,21,Laying,7.407236127069799,0.09001959490720657,6.383022657643525,-0.005402979712307369,-0.006614430071840639,-0.015209838906054818,phone_A
143,1,22,Laying,7.43761008961599,0.09238617832383579,6.373174644591349,0.0002856837154642058,-0.009951346582571012,-0.016245163652912807,phone_A
144,1,23,Laying,7.461125389344314,0.04470366489984564,6.423965990038542,0.0025925424455971037,-0.01799226966838554,-0.02795678537789452,phone_A
145,2,0,Walking,-0.21616936479141877,0.780638047813539,9.954068470116662,0.5321407340917228,0.03485093217418695,0.11281432911173746,phone_B
146,2,1,Walking,0.4896431888480358,0.7354941764367123,9.998302515803887,0.447844524676061,0.2115250403485414,0.12121174078853546,phone_B
147,2,2,Walking,1.3982646642962513,0.4541899637822902,10.010619815489866,0.3011936985470898,0.29607408452652867,0.06144112191803264,phone_B
148,2,3,Walking,1.4914124390710721,0.08715305375886656,10.24138080564742,0.03152956199951849,0.4302787646791145,-0.038129722159062435,phone_B
149,2,4,Walking,1.096792612554752,-0.31352569530871743,9.76586095555567,-0.21176288420059403,0.33961039911509827,-0.08347041952784653,phone_B
150,2,5,Walking,0.5817894360027092,-0.4936160216335006,9.834167370785583,-0.3202925282223461,0.21572311052471996,-0.08861789964025049,phone_B
151,2,6,Walking,-0.3425356073356702,-0.7135198944686039,9.409704329663132,-0.38880681475493595,0.0224966828640863,-0.1047882232695928,phone_B
152,2,7,Walking,-0.6032133799851445,-0.5123841842451393,9.456616669982068,-0.29445796330457347,-0.11394594794939884,-0.037872694018746295,phone_B
153,2,8,Walking,-1.2047051949753151,0.020706187960895697,9.605849991020738,-0.07116173855065372,-0.19312076170081474,0.016864648146127228,phone_B
154,2,9,Walking,-1.2819737270351608,0.4400286898171304,9.620890593705251,0.17744562978541756,-0.18846910665961852,0.1365661502688108,phone_B
155,2,10,Walking,-0.7197869725451974,0.7427187265061281,9.656834862152921,0.39475235931146535,-0.1965499305289288,0.18304064193738062,phone_B
156,2,11,Walking,-0.6004046065328962,0.6978983227113683,9.953173751551377,0.5089486072797279,-0.002082507201280434,0.16003899398134558,phone_B
157,2,12,Walking,0.7783989296129915,0.7980181570999845,10.322358005496078,0.46961803824353593,0.20357820497133905,0.17647645956688662,phone_B
158,2,13,Walking,1.2397189807541742,0.45701298503927085,10.101065906798127,0.31194654169951436,0.2899862697796257,0.05472198143468507,phone_B
159,2,14,Walking,1.3885878829575549,0.26601941894938197,10.067191869550486,0.06828066814323398,0.3758049501247326,-0.018059714343940124,phone_B
160,2,15,Walking,1.3699432725263887,-0.3990082116056413,9.790571970883445,-0.14123577588487904,0.32920992679797184,-0.1272449528057107,phone_B
161,2,16,Walking,0.7886562842426772,-0.5343523474991989,9.534035273174116,-0.3380048271658678,0.23779503817517578,-0.11285160816052354,phone_B
162,2,17,Walking,0.04642502642455776,-0.8493564953253696,9.570835871938016,-0.4024315711631083,0.0434475260227401,-0.0835750519259526,phone_B
163,2,18,Walking,-0.5828764334312584,-0.3080834907005373,9.57160922669065,-0.3090515094222833,-0.09230256373749011,-0.027289447203206307,phone_B
164,2,19,Walking,-1.2154044615729707,-0.15097297557467163,9.501249225407914,-0.10712216027238262,-0.21997197853179168,0.02573206516564301,phone_B
165,2,20,Walking,-1.2158191781697696,0.27867473480543226,9.541195685301437,0.1614132595501611,-0.22438425769680023,0.13552631725012812,phone_B
166,2,21,Walking,-0.8814706177467713,0.5248131989857907,9.850320876122883,0.3541474765251568,-0.17818559898912384,0.1439211844486551,phone_B
167,2,22,Walking,-0.37122828586927664,0.900741985300843,9.8450896014068,0.48283365585437354,0.02401909020768927,0.1882380330102909,phone_B
168,2,23,Walking,0.5695613233472725,0.9230064620881987,10.113939668438857,0.4269376678335366,0.1666309659335521,0.08817834666002206,phone_B
169,2,0,Walking Upstairs,2.0777783013932214,0.4069153172481699,10.765797499029196,0.10799202943714309,0.5660895441446927,-0.014980726542525398,phone_B
170,2,1,Walking Upstairs,1.6020633739803407,-0.38516083871874257,10.437630568206144,-0.30483013690282607,0.5069803664827034,-0.11675912231516179,phone_B
171,2,2,Walking Upstairs,0.556163334258051,-0.6400601591876759,10.02967656366539,-0.5081167307218151,0.24674139446305865,-0.1764460811313349,phone_B
172,2,3,Walking Upstairs,-0.5527554814960407,-0.6131415625877951,9.545000905921624,-0.4532375610959921,-0.022794257215193778,-0.08709924101057635,phone_B
173,2,4,Walking Upstairs,-1.3119418471387796,0.11142664340992414,9.415602106271187,-0.13412813885769476,-0.1739739987368815,0.06486624643906008,phone_B
174,2,5,Walking Upstairs,-1.4744274484944293,0.5769545421084435,9.724088433028832,0.2823542002886747,-0.22547175333959335,0.22577022341713157,phone_B
175,2,6,Walking Upstairs,-0.9875171455896051,1.1351224750045361,9.948149239836935,0.6230126225981886,-0.04939046871370715,0.2847365840484729,phone_B
176,2,7,Walking Upstairs,0.14381862387549904,1.280863484446522,10.41584407299525,0.7327009324030886,0.13113454355827225,0.2904360696823552,phone_B
177,2,8,Walking Upstairs,1.4502925172013852,1.5632202805870687,10.618016151394237,0.6970154266269499,0.4099538665146063,0.18877007699808998,phone_B
178,2,9,Walking Upstairs,2.043447232786958,0.6633876738004533,10.722329902940778,0.31401347276520586,0.5243573052556831,0.0101361815656539,phone_B
179,2,10,Walking Upstairs,2.0508255737442065,-0.08976903988517997,10.425179153553954,-0.0966017130796297,0.5749389728892428,-0.08183616990424615,phone_B
180,2,11,Walking Upstairs,1.1640011657526506,-0.46525939783429937,10.32992148776486,-0.4129069739412112,0.4172498255497559,-0.1249275742811785,phone_B
181,2,12,Walking Upstairs,0.24427384050359036,-0.7046145005661156,9.86154386982092,-0.5103063778541174,0.1134601657659181,-0.11342546563982277,phone_B
182,2,13,Walking Upstairs,-1.1165029331489194,-0.5799693654824781,9.74828224275228,-0.3287489052850583,-0.05802525271687737,-0.028544150741552594,phone_B
183,2,14,Walking Upstairs,-1.637036816130568,0.11654157974615857,9.64205113590709,0.024499816074583645,-0.18797079767091152,0.11673895096739285,phone_B
184,2,15,Walking Upstairs,-1.255264074757857,0.7286832629950358,9.941710663596828,0.43737636682634495,-0.19033397780735353,0.2438158042405354,phone_B
185,2,16,Walking Upstairs,-0.45659639199142416,1.2941467196077918,10.469787570067895,0.7180288023146305,0.014094599331906005,0.24561719252662403,phone_B
186,2,17,Walking Upstairs,0.6207690230763376,1.35043059147298,10.501069029365175,0.7877891365082944,0.2744172705288723,0.2827189797033828,phone_B
187,2,18,Walking Upstairs,1.7096853258679843,0.994822940811812,10.718571531582095,0.5219154699841698,0.538001004316261,0.0690388998846345,phone_B
188,2,19,Walking Upstairs,1.8390749468263197,0.2508224070555556,10.63532303310956,0.14059203715063662,0.5906315683855949,-0.03016602278597401,phone_B
189,2,20,Walking Upstairs,1.8230835607829448,-0.23441616488017358,10.35865829867316,-0.2508919869076689,0.5015178270062606,-0.14435468944034044,phone_B
190,2,21,Walking Upstairs,0.8094691919399536,-0.7356094964192712,9.96301431982526,-0.4690875392929526,0.21674830413273743,-0.19162192993782617,phone_B
191,2,22,Walking Upstairs,-0.5791635474972544,-0.7360856633769675,9.638718867709583,-0.5102739329292899,-0.004930236259816166,-0.10881344158858444,phone_B
192,2,23,Walking Upstairs,-1.0037825488601522,0.0036697108461492822,9.529629650664226,-0.19807056416501406,-0.20057768395440378,-0.0002699580637417487,phone_B
193,2,0,Walking Downstairs,1.9050156568913184,-0.3765730375686204,9.734962650173802,-0.1664319501573815,0.3514967589296431,-0.15171601054188438,phone_B
194,2,1,Walking Downstairs,1.4085315881374918,-1.3763299145884678,9.585831274013794,-0.6913757350964832,0.21216549718676606,-0.2898067209165148,phone_B
195,2,2,Walking Downstairs,-0.2693532661544511,-1.6206067940969664,9.01597216195341,-0.8805335900511723,-0.13959467524033328,-0.2501885661158545,phone_B
196,2,3,Walking Downstairs,-1.4805635396044818,-1.301604066642045,8.749750719830482,-0.6556005816652407,-0.42734833229777697,-0.18894889316220784,phone_B
197,2,4,Walking Downstairs,-2.464893916783857,-0.2665044814292602,8.581772568436147,-0.2286330475353897,-0.6594800986125855,0.04384949843105146,phone_B
198,2,5,Walking Downstairs,-1.9814872331395443,0.3874146584873819,9.012781719093926,0.3467309949702001,-0.5819242780845862,0.24356638706590128,phone_B
199,2,6,Walking Downstairs,-0.612461617707646,1.092173007459929,9.55536668919058,0.6800625834172096,-0.27753977733503055,0.15523607787407062,phone_B
200,2,7,Walking Downstairs,0.7561252408011504,0.6279406324588024,9.72892285962005,0.5683370356048478,0.13016144151849787,0.11901508913387716,phone_B
201,2,8,Walking Downstairs,2.0772401847915036,0.16634722293704723,10.141715834556722,0.12758439409660452,0.33761045504560755,-0.04666068945815911,phone_B
202,2,9,Walking Downstairs,1.7640986394466542,-0.752456161637084,9.803263847722183,-0.44001988566901235,0.27619787520259204,-0.26674917966236916,phone_B
203,2,10,Walking Downstairs,0.7110237177625708,-1.4376960795860172,9.12905547193593,-0.8301310567489686,0.06110931605312403,-0.29151535478603346,phone_B
204,2,11,Walking Downstairs,-0.6995462585419044,-1.3594419163045341,8.660347336693182,-0.81070132878371,-0.3269773692116397,-0.21186910323223657,phone_B
205,2,12,Walking Downstairs,-2.091683833202705,-0.9576735942317235,8.418457495408633,-0.48510228302285424,-0.6286126182468035,-0.04194597022419906,phone_B
206,2,13,Walking Downstairs,-2.127340556433601,-0.07394197269568849,8.900601581259615,0.07330005081269463,-0.6529568481088274,0.13848437469569372,phone_B
207,2,14,Walking Downstairs,-1.409835231717001,1.0015515338755308,9.290345718971956,0.5909452766048454,-0.4293218865781633,0.24118798343543715,phone_B
208,2,15,Walking Downstairs,0.0881114522910282,0.9976122692173702,9.821108604927701,0.6747623240401467,-0.06361859002247008,0.2034377755512275,phone_B
209,2,16,Walking Downstairs,1.5972424184088116,0.7286663105243237,10.245079373673608,0.4036261976377685,0.24375692590327733,0.01895944073652242,phone_B
210,2,17,Walking Downstairs,2.029499487365111,-0.417972933796809,10.128197817670111,-0.1257436894846609,0.34277102483327154,-0.12728097828170395,phone_B
211,2,18,Walking Downstairs,1.1226159806690963,-1.4452550697465059,9.589896290975462,-0.661053514169609,0.20820858790903318,-0.3211807688101705,phone_B
212,2,19,Walking Downstairs,-0.07244273913455862,-1.3414639234766665,9.080689695008926,-0.8911362813514538,-0.1391981272767138,-0.2998488550691457,phone_B
213,2,20,Walking Downstairs,-1.8305414664925825,-1.2530463094219653,8.76435298127765,-0.7514328787486293,-0.4868897077308666,-0.19092650508241946,phone_B
214,2,21,Walking Downstairs,-2.464991531188767,-0.45851847878355106,8.453653658248848,-0.19266908942254454,-0.6274423786801119,0.023033851687389528,phone_B
215,2,22,Walking Downstairs,-2.286565504365133,0.32912710300035164,9.231103339251314,0.28476036159897145,-0.5730975442231269,0.15480154079033484,phone_B
216,2,23,Walking Downstairs,-0.5852882100954363,0.9001604358204138,9.65193509737091,0.6960247426084074,-0.22144839545199943,0.21719776562884213,phone_B
217,2,0,Sitting,0.13444340032923474,-0.10308521851401958,9.785837644007671,-0.017439891307273716,-0.003251771832218988,-0.0076653489991460235,phone_B
218,2,1,Sitting,0.17264403675098453,-0.1080031779778945,9.810525541579533,-0.023372691501495953,-0.005022391149016573,0.006552991997167288,phone_B
219,2,2,Sitting,0.11540612148879312,-0.15810158155894682,9.823594577086217,-0.011874068219734198,-0.0029499422377331544,0.013692767951122082,phone_B
220,2,3,Sitting,0.16960493966827173,-0.11353204928447239,9.868064755125532,-0.014326322772908105,-0.011325248420285691,0.005580995241062412,phone_B
221,2,4,Sitting,0.1645329269516464,-0.14160590087677832,9.773246198570222,0.0013704151563596664,-0.005660133263419733,-0.0008605900750252478,phone_B
222,2,5,Sitting,0.17228190542352664,-0.1293468618178383,9.791646617136776,-0.008459892246939313,-0.016416113532734852,0.006205079190198928,phone_B
223,2,6,Sitting,0.19321721754906676,-0.112876678410053,9.78763510667625,-0.014124800458020819,-0.012124434891106302,0.0031555929237766563,phone_B
224,2,7,Sitting,0.13216668789523442,-0.09928175860587532,9.752946887340299,-0.005067201353369906,-0.012885888237286437,0.007561330130547852,phone_B
225,2,8,Sitting,0.10988777586795792,-0.08639216695140634,9.826824350211567,-0.0035522821377072574,-0.02058364213899524,0.010921041467940977,phone_B
226,2,9,Sitting,0.14488847486616813,-0.1569340145417049,9.794655718516879,-0.00611256266467758,-0.008982505828221132,0.007678965123654297,phone_B
227,2,10,Sitting,0.13902682588080467,-0.07694942718539916,9.825669584811585,-0.024417591627774512,-0.01497885310409993,0.006314857780076349,phone_B
228,2,11,Sitting,0.08521546348017753,-0.10823437624786322,9.826170679281752,-0.012582395718921606,-0.011737844308251696,0.002509237401630858,phone_B
229,2,12,Sitting,0.10980177882122466,-0.07028484839034466,9.781498614421544,-0.00207677878204714,-0.025588145733040656,0.01988922079801156,phone_B
230,2,13,Sitting,0.13957221638385378,-0.1082651903103756,9.809739191399679,-0.012042852089626216,-0.007789071132915109,0.0074878823879652645,phone_B
231,2,14,Sitting,0.1176480755586454,-0.11235104152007609,9.781297580655925,0.0018955836691759284,-0.01378783743063948,0.014059676637336444,phone_B
232,2,15,Sitting,0.12112226369192552,-0.08348302524526084,9.785978495923723,0.01245473807241226,-0.02508278165629567,0.01842870662543336,phone_B
233,2,16,Sitting,0.15448922280759142,-0.11378987174568968,9.852985995086154,0.0064270515348574765,-0.01011101371414963,0.011737207449088188,phone_B
234,2,17,Sitting,0.11417385357466564,-0.09383711050583025,9.807985491891817,0.010259471723404466,-0.01502171970027723,0.006794148305482503,phone_B
235,2,18,Sitting,0.13989595622268902,-0.06165616278629793,9.815714450730969,0.007735452530473018,-0.017814980755159606,0.007366077722003798,phone_B
236,2,19,Sitting,0.09763098531829809,-0.12164575700793555,9.806548136184823,0.004175038425847868,-0.01881670284607774,-0.004137205757412315,phone_B
237,2,20,Sitting,0.08857288344686876,-0.04882781018475151,9.78542808232109,0.008247006948745507,-0.02441588942252467,0.022860478823397777,phone_B
238,2,21,Sitting,0.11694199604226818,-0.06572698215802603,9.861741641069385,0.016575597870238743,-0.017714453731792455,0.011272012957907845,phone_B
239,2,22,Sitting,0.11355294656066575,-0.056423081366684114,9.802644482075362,0.006476176013627573,-0.006784751423561115,0.01471679401273668,phone_B
240,2,23,Sitting,0.18068511717642957,-0.06318137312452307,9.851700164603276,0.012330973549609405,-0.009434120987858053,0.011589218834712185,phone_B
241,2,0,Standing,0.06325675659990503,0.1563586326002562,9.794373233425379,-0.014603654435567224,-0.001231255156582265,-0.012973820346332595,phone_B
242,2,1,Standing,-0.0004218565842419933,0.12834979302901234,9.816804928034628,-0.00922784258253446,-0.008631046374195367,-0.006131464942868103,phone_B
243,2,2,Standing,0.030924178232780423,0.1727188104568977,9.747503401453834,-0.013476594979670823,0.0129729224804374,-0.002686977582118061,phone_B
244,2,3,Standing,0.03962928500366995,0.11869189963697578,9.787431801652467,-0.008151204553610507,-0.00448103526189565,-0.000337656231007474,phone_B
245,2,4,Standing,-0.018785354029710377,0.12040144877113763,9.778958800251486,-0.01787775998732049,-0.0022619131938257406,-0.009376976284730307,phone_B
246,2,5,Standing,-0.02169772808469675,0.10061725970587071,9.742310004053786,-0.013268699625159863,-0.01163754358318135,-0.0012217369631798442,phone_B
247,2,6,Standing,-0.03519911281953228,0.09349908120797154,9.749881783653146,-0.007930044342238488,-0.00544452624660728,-0.006433790919928144,phone_B
248,2,7,Standing,-0.004133192911060617,0.05413067306279579,9.760226681998128,-0.004213079280455959,-0.009366947586013774,-0.004247611682161527,phone_B
249,2,8,Standing,-0.01388699113788092,0.1293200600041226,9.707448140760665,-0.026247330547320955,-0.011646534300695961,-0.008264105511430121,phone_B
250,2,9,Standing,-0.005695843256216894,0.10013399318242018,9.705420308186769,-0.02335517115453123,-0.03213290671069103,-0.004535623711325612,phone_B
251,2,10,Standing,-0.05389787771653433,0.09943610033465698,9.777516799199882,-0.00779310045324696,-0.01933013106384674,-0.014941519357907284,phone_B
252,2,11,Standing,-0.044104423776673916,0.1268923094433254,9.755442455222022,-0.007985102607220951,-0.027883816290990224,0.011058177528304179,phone_B
253,2,12,Standing,-0.09340174855674031,0.13559007424263225,9.703122679889248,-0.01801137022719,-0.014266533691675269,-0.0012930187073589853,phone_B
254,2,13,Standing,-0.0577096571386726,0.12747862968870757,9.740745991208046,-0.0024859636884302407,-0.02710761540463842,-0.009032880678486555,phone_B
255,2,14,Standing,-0.10738024261584476,0.14081711909828007,9.751809500542095,-0.018015447298184772,-0.03218159708569113,-0.00036383738606366204,phone_B
256,2,15,Standing,-0.10422357961080414,0.0988431849769337,9.725270069024692,-0.010658373654116262,-0.0251532422708945,0.009534121833511152,phone_B
257,2,16,Standing,-0.10562172272206051,0.13028991768073514,9.744052157150035,-0.008617453430218452,-0.03838583970044356,0.000650174384696796,phone_B
258,2,17,Standing,-0.12375522048959887,0.11841741098638821,9.744702506503366,0.0034402950336015906,-0.042504544542346444,0.008094114808421662,phone_B
259,2,18,Standing,-0.11823916245564887,0.16392923301938542,9.740945610868012,-0.006701872226276575,-0.0417702595766195,0.009791507048115787,phone_B
260,2,19,Standing,-0.09076591712208172,0.10830274497299669,9.75104393646105,0.01225717299807898,-0.03605024717614603,0.014587395762686958,phone_B
261,2,20,Standing,-0.136650407549374,0.16921800466552525,9.703509586579784,-0.005742344984769337,-0.030122557214359462,0.007026833464569931,phone_B
262,2,21,Standing,-0.13186242393443262,0.14626144672933813,9.710895087962815,0.010550817445293386,-0.04050675200712948,0.016814721953217867,phone_B
263,2,22,Standing,-0.10935670555363211,0.19773437556348208,9.754676001957645,0.024356939629555124,-0.042583836011278686,0.015767403546406607,phone_B
264,2,23,Standing,-0.09134188311100197,0.23008137488518948,9.71615728799022,0.016299227217417955,-0.027776787470773247,0.020616905548685734,phone_B
265,2,0,Laying,7.385482186347001,0.11856226946866624,6.347173426832724,0.005686495101413697,-0.011035127695528803,0.014925712564824396,phone_B
266,2,1,Laying,7.3745528095811075,0.14325375278548091,6.4136231665637355,-0.0029232122365103292,-0.008690507296477853,0.010163272257867307,phone_B
267,2,2,Laying,7.406603784647017,0.1328783547979201,6.360641444649311,0.01532091691638238,-0.009314025131110916,0.021775599755995245,phone_B
268,2,3,Laying,7.334307749067079,0.17320638234003882,6.351826740465025,0.015254134670025198,-0.017601187256079027,0.010245545982968698,phone_B
269,2,4,Laying,7.3973908263915,0.13471269949607773,6.350407200600917,0.01580223705234672,-0.020666461522325985,0.021307416827489076,phone_B
270,2,5,Laying,7.39485544930615,0.13169682679573735,6.307456137653041,0.01280925607532913,-0.024333278606864708,0.0195761411796773,phone_B
271,2,6,Laying,7.358328636464167,0.13973603302423843,6.342179557502155,0.017290656514316407,-0.010674842316314503,0.01172866676570318,phone_B
272,2,7,Laying,7.384023761778811,0.1717817809706727,6.3595101366999724,0.00842768570431549,-0.010757203115243294,0.006684141722057802,phone_B
273,2,8,Laying,7.4075305490413665,0.09747289638940218,6.365858636494226,0.011965768347396868,0.005265652412484065,0.009665652112822595,phone_B
274,2,9,Laying,7.396451816018435,0.18787916030289467,6.377824422888501,0.007452870092378665,-0.007412335246125572,0.016442879775236122,phone_B
275,2,10,Laying,7.407334085109164,0.12685050941603335,6.346795406632884,0.0024604939109485746,-0.007628694072692833,0.019280217861308405,phone_B
276,2,11,Laying,7.39593085643607,0.10527557594905324,6.374741030638631,0.01463625675997132,-0.012462737038142945,0.015030162022313052,phone_B
277,2,12,Laying,7.365492137715199,0.12128673573780997,6.337590131588651,0.020200673621270815,-0.011595534039117734,0.02067288145762304,phone_B
278,2,13,Laying,7.391001784683371,0.15432381146267785,6.348514335383296,0.01842942840088338,-0.010604677480562827,0.007498167092970015,phone_B
279,2,14,Laying,7.371416845702085,0.13596164013520903,6.321840406961728,0.015992397407123327,-0.00981394800758343,0.03126638939571777,phone_B
280,2,15,Laying,7.364080309666086,0.1554106669735495,6.325887380023898,0.010889095277357902,-0.005781421413807164,0.003135422120792739,phone_B
281,2,16,Laying,7.415049693581317,0.1988792328016701,6.343768900526724,0.015704363082190455,-7.894156582265686e-05,0.01615616344042087,phone_B
282,2,17,Laying,7.396255599699825,0.09532310286761556,6.37214536967374,0.013739495497737056,-0.011891933895029981,0.017934916596159402,phone_B
283,2,18,Laying,7.397879192214553,0.13983706402177667,6.3722884604180035,0.006637572789869008,0.0008909601101405569,0.008807810360989066,phone_B
284,2,19,Laying,7.397632539849773,0.2018719686319998,6.386318222766323,0.015478670156985884,-0.010603894418322742,0.014019982339321516,phone_B
285,2,20,Laying,7.417794270517131,0.15540471669926767,6.356856117784972,0.014908547750640837,-0.005806385635087341,0.008528526690470568,phone_B
286,2,21,Laying,7.404841457587523,0.17791680113844646,6.325901230076316,0.014131578935309549,-0.008990698927218318,0.01781641247616987,phone_B
287,2,22,Laying,7.409855782669603,0.1924855492206559,6.373741842436733,0.0075479453521361106,0.0004095392287715603,0.012451508674418962,phone_B
288,2,23,Laying,7.4069856014807165,0.1638095257837497,6.349735085250155,0.020899902050171854,-0.007805164567770736,0.013320158073614016,phone_B
289,3,0,Walking,-0.961798654114191,-0.5959107691846591,9.36974595990713,-0.2818126709434658,-0.14293504074577007,-0.04601385518645967,phone_A
290,3,1,Walking,-1.3701335434684778,-0.21158252326101837,9.579432124726798,-0.07008483642281323,-0.1282463307797424,0.05350291576309816,phone_A
291,3,2,Walking,-1.3022495859986623,0.2247250877891682,9.803527996711393,0.23157658695880234,-0.1820781479028911,0.10732547126700206,phone_A
292,3,3,Walking,-0.8322397277659144,0.6091093017832097,9.962309498827036,0.42829612426141445,-0.08996393657999192,0.12427104152101934,phone_A
293,3,4,Walking,-0.25186818960902724,0.994321747371293,10.129470573626143,0.5303570299065291,0.0229200797424051,0.19112431955235454,phone_A
294,3,5,Walking,0.756646797778906,0.6331540416922725,10.127776229835478,0.4646785371922812,0.21991055674246557,0.09040329433095923,phone_A
295,3,6,Walking,1.1700136289353564,0.4902903040350698,10.158376194019686,0.27354030503217913,0.33942131689186494,0.05814850685357921,phone_A
296,3,7,Walking,1.4633647565731447,0.06170594054293921,10.062263017801826,0.04731292711045478,0.345582180111074,-0.013037365040683625,phone_A
297,3,8,Walking,1.175601830856228,-0.32277986735375874,10.06999234514542,-0.24331769857716595,0.29398763119788024,-0.08257536948589819,phone_A
298,3,9,Walking,0.5774825620175327,-0.5947883517436008,9.699332466072807,-0.3397008715593676,0.23864955947384053,-0.1020625668778438,phone_A
299,3,10,Walking,-0.22705158681625587,-0.92812177768373,9.666222531402688,-0.3595105715218212,0.06557138660423478,-0.1134761090845238,phone_A
300,3,11,Walking,-0.8247335344495015,-0.3855705550039359,9.65545550685924,-0.30712626247694547,-0.10831180042652387,-0.009767811736367406,phone_A
301,3,12,Walking,-1.3232807763028405,-0.24821773445119533,9.520843766511023,-0.059990643539092156,-0.19143303265874256,0.060808091122360984,phone_A
302,3,13,Walking,-1.368349401089325,0.5096222012289753,9.473069672046831,0.16194131906723505,-0.19488633323131904,0.15571234328679842,phone_A
303,3,14,Walking,-1.1044564165416169,0.5540579226991506,9.519791454829766,0.390665670864636,-0.13471867576607832,0.1727810923495018,phone_A
304,3,15,Walking,-0.14164518530676112,0.8280512537538767,9.99131437353202,0.4913451943014697,0.06084777069217616,0.19801685647945663,phone_A
305,3,16,Walking,0.47183457685720753,0.8328983592625797,10.242094183418963,0.47946942030194895,0.17538025890497128,0.16019475996723684,phone_A
306,3,17,Walking,1.031141831676753,0.7412543716919775,10.29933985615942,0.31860376685819447,0.3441840927141417,0.06334655066592332,phone_A
307,3,18,Walking,1.4908898030955267,0.10399889007342311,10.152080922895857,0.09507093937384092,0.37938778430261605,-0.03153898994102493,phone_A
308,3,19,Walking,1.078791385487257,-0.4126020681123326,9.75591890899529,-0.15224535511841716,0.39850902163853985,-0.048309171466203775,phone_A
309,3,20,Walking,0.462440761637758,-0.5064141070940961,9.94787248831863,-0.35546019698307413,0.23484855608816776,-0.1639379463633058,phone_A
310,3,21,Walking,-0.07639018160795674,-0.8086694603358678,9.615128217474021,-0.4323706846509393,0.08174752121140778,-0.0706385266595329,phone_A
311,3,22,Walking,-0.9312945084845217,-0.6569449711479328,9.21638531450771,-0.3097039322715223,-0.10255972632476108,-0.07569523464108502,phone_A
312,3,23,Walking,-1.2478668243196855,-0.21578848256355523,9.336075431450617,-0.11512665270128221,-0.16086215377986157,0.060855041430377683,phone_A
313,3,0,Walking Upstairs,0.48648929568036414,1.2698327176699666,10.591577339260215,0.7746246197651264,0.22672896049239916,0.2876276648952672,phone_A
314,3,1,Walking Upstairs,1.3725371859680235,1.1654409145830473,10.846288365313843,0.5178563646571742,0.5024530729172371,0.08964645629569505,phone_A
315,3,2,Walking Upstairs,1.9193050720092455,0.5916245158058392,10.697610376356687,0.17850181150308672,0.5624723936867059,0.04380079693222465,phone_A
316,3,3,Walking Upstairs,1.5415472725282748,-0.09562956100621031,10.466565150520102,-0.22810733958783982,0.5261039125594178,-0.12982471777421825,phone_A
317,3,4,Walking Upstairs,0.9996215788674966,-0.6132665664094917,9.89641554994639,-0.4861437291066686,0.32433475637956954,-0.11797040259686532,phone_A
318,3,5,Walking Upstairs,-0.4303020757921272,-0.5517829616797033,9.775781269799758,-0.530589702602794,0.07032371303096013,-0.1203847820437469,phone_A
319,3,6,Walking Upstairs,-1.3842162697898517,-0.3310246228173548,9.49254673900038,-0.31857204732812083,-0.13623009523579765,-0.020543314907567327,phone_A
320,3,7,Walking Upstairs,-1.67935074474336,0.22674179388518861,9.637235104773179,0.18673817745434618,-0.2048455340691911,0.1780356316023483,phone_A
321,3,8,Walking Upstairs,-1.404768711032649,0.9272982454614929,10.068506365928156,0.5069743249437817,-0.09522302435966203,0.2498569909346366,phone_A
322,3,9,Walking Upstairs,-0.23997721118308643,1.315922032030225,10.43600203090265,0.7414010821193934,0.09441142845168339,0.29735779447552224,phone_A
323,3,10,Walking Upstairs,0.8669358218390806,1.3757873321305552,10.734426301549107,0.7146189811065827,0.3483502280375306,0.2520307263413958,phone_A
324,3,11,Walking Upstairs,1.775001932665287,0.7917746817249084,10.802325870855892,0.47029580356629924,0.5141004898839833,0.11559745485780036,phone_A
325,3,12,Walking Upstairs,1.755927559199052,0.1505553103717984,10.821893412020307,0.024041225811185854,0.5918319235201495,-0.061068800860554016,phone_A
326,3,13,Walking Upstairs,1.4227433872042272,-0.5294569852600777,10.206704513089441,-0.3639676378850277,0.4671724088163103,-0.1571019407628856,phone_A
327,3,14,Walking Upstairs,0.25102017292521345,-0.9439695214914823,9.980343827039862,-0.5094468114214205,0.22995022829806774,-0.1139768659894342,phone_A
328,3,15,Walking Upstairs,-0.7704887249589096,-0.5549130605144753,9.72091261367198,-0.41972215855756495,-0.03995779135908026,0.007819889233610627,phone_A
329,3,16,Walking Upstairs,-1.547887981159731,-0.11779162984706952,9.710593557845199,-0.07782434812997391,-0.22016726149470023,0.12384980347680312,phone_A
330,3,17,Walking Upstairs,-1.5023125249852276,0.5414184513496156,10.009178337273248,0.3526127414478071,-0.21607331423998824,0.2761251494924482,phone_A
331,3,18,Walking Upstairs,-0.6951530431898394,1.2355935590792786,10.412013478557231,0.6730955618592882,-0.025872852752370036,0.2866555541921193,phone_A
332,3,19,Walking Upstairs,0.42573557227770104,1.4696645406821007,10.575414434215766,0.7531596489366846,0.22921574758041247,0.27844612896113574,phone_A
333,3,20,Walking Upstairs,1.2650396688203664,0.95135729449698,10.84381315857625,0.5397499952109266,0.4686901127353185,0.16046872726874306,phone_A
334,3,21,Walking Upstairs,2.1415014404151584,0.4435093941135118,10.822430252681553,0.2254089222030572,0.5907219446253514,0.04350319808388038,phone_A
335,3,22,Walking Upstairs,1.7439748507243868,-0.08127800138923442,10.37002620969768,-0.1730612365035502,0.5698263869898426,-0.08348702145415463,phone_A
336,3,23,Walking Upstairs,1.1775944061625065,-0.7791187019797418,9.955040834376485,-0.4928452604096356,0.3739691212551728,-0.13785112618610468,phone_A
337,3,0,Walking Downstairs,-1.666243674062505,0.8602459066544431,9.240335804434114,0.5814872830506177,-0.35854507291594384,0.23726287694688883,phone_A
338,3,1,Walking Downstairs,0.07326028607999098,0.9489857175082548,9.662467645983801,0.6850806722282187,-0.10849065589220208,0.16388905785889973,phone_A
339,3,2,Walking Downstairs,1.6183794237950326,0.6079511984605923,10.176160757014353,0.42601005503362355,0.2346028846547473,0.0753694284878284,phone_A
340,3,3,Walking Downstairs,1.956445703307848,-0.24142004220378782,9.985839148789525,-0.11654806106739007,0.3284404273020864,-0.19027744273965802,phone_A
341,3,4,Walking Downstairs,1.3320973154567144,-1.167613312319709,9.424775405784953,-0.6438035569431955,0.22931131961539755,-0.33007595888886093,phone_A
342,3,5,Walking Downstairs,-0.17784507942995895,-1.531117475325353,9.110346073880754,-0.9213812365133005,-0.09341558044166738,-0.25873256675703793,phone_A
343,3,6,Walking Downstairs,-1.4955257637420682,-1.3221169997311621,8.675856915592723,-0.7425459373829804,-0.43130501406972777,-0.15608025991727184,phone_A
344,3,7,Walking Downstairs,-2.331310863544146,-0.4908867903137537,8.854532868442359,-0.2296960920114764,-0.609307114706321,0.051374335402801785,phone_A
345,3,8,Walking Downstairs,-2.192770506605,0.1962886162366114,9.309282725147659,0.3404955935473986,-0.6011928360655646,0.17031399786341028,phone_A
346,3,9,Walking Downstairs,-0.7260609338341734,0.9366216296777246,9.582395671636517,0.711819293358229,-0.2941625350515137,0.2121895063009575,phone_A
347,3,10,Walking Downstairs,0.7858872757160912,0.9208860749716482,10.104511919647948,0.6404081264024812,0.09589473358622212,0.15088587316554944,phone_A
348,3,11,Walking Downstairs,1.7879351574256934,0.1824052512977253,10.131418872392217,0.19275845747397183,0.3508163473117542,-0.029753215843409654,phone_A
349,3,12,Walking Downstairs,1.8109672423942715,-0.8602884988423588,9.834348074494718,-0.3905962624262076,0.333291694686321,-0.16462120555942703,phone_A
350,3,13,Walking Downstairs,0.6644979515817927,-1.4010273057309326,9.448509482861484,-0.8111433744907398,0.1418377111158615,-0.3075278917899873,phone_A
351,3,14,Walking Downstairs,-0.815483518707374,-1.6279685922065985,8.821990033314686,-0.8568530990715941,-0.25493374948586767,-0.22976229871782383,phone_A
352,3,15,Walking Downstairs,-1.9647557812832182,-0.9739464793656737,8.655523668140072,-0.4449775817803642,-0.5529343502206026,-0.0881795392868217,phone_A
353,3,16,Walking Downstairs,-2.4834890750777388,-0.15273187919015271,9.01420989946371,0.04627665215265012,-0.6242261978390103,0.11572873460748405,phone_A
354,3,17,Walking Downstairs,-1.4715184502853846,0.6544899259408385,9.24691747429704,0.5506609057904059,-0.4212772129834538,0.2354574934934325,phone_A
355,3,18,Walking Downstairs,-0.12822230708173804,1.0915200326939791,9.78169887533202,0.6883981667180318,-0.11257965148076533,0.23462820688360295,phone_A
356,3,19,Walking Downstairs,1.464665638393832,0.6630255551023025,10.278662323120507,0.513417170737706,0.19095737791694184,0.03676407035616998,phone_A
357,3,20,Walking Downstairs,1.8866763744716366,-0.38678225228498037,9.886411997959806,-0.10291977022035086,0.33326437651928553,-0.12862328168960346,phone_A
358,3,21,Walking Downstairs,1.3931605205624331,-1.1016824575534605,9.65105126320711,-0.6186437336531717,0.22396682266692808,-0.2214429507107813,phone_A
359,3,22,Walking Downstairs,-0.005468403155920544,-1.8017370009386766,8.953542489791271,-0.9349748232829045,-0.08911841980295841,-0.2886512607057239,phone_A
360,3,23,Walking Downstairs,-1.617526608687769,-1.0817694195470984,8.801566112210622,-0.7162893110050255,-0.4600366654134895,-0.189583541878662,phone_A
361,3,0,Sitting,0.17491841487523238,-0.13177512880435988,9.904976729048293,0.004600357545052844,0.02738252913667311,0.009422207283472234,phone_A
362,3,1,Sitting,0.15678542937230114,-0.09370576654948379,9.91037321115757,0.006734573592995671,0.03507870449510584,0.011897581954148828,phone_A
363,3,2,Sitting,0.1581826770906775,-0.08222688232320734,9.921856566722434,-0.0008976139843654449,0.03316412139550559,0.018929904066018872,phone_A
364,3,3,Sitting,0.20082795422761865,-0.052537333238511424,9.883280058424333,0.0004132284430038196,0.028226729361568115,0.011884048239182312,phone_A
365,3,4,Sitting,0.15089634617396694,-0.13788098679417526,9.905495392814567,-0.005629063860759663,0.028323055710859038,0.007163275229942352,phone_A
366,3,5,Sitting,0.13788018308947014,-0.09852745865627802,9.90508317995781,0.001145288781624698,0.04048320806771863,0.01308462951313232,phone_A
367,3,6,Sitting,0.17540483251119915,-0.134840871796111,9.867174499723053,0.005900482107197231,0.02130368343936736,0.004692016388448147,phone_A
368,3,7,Sitting,0.1598817952333522,-0.11352582678711827,9.874738978126006,-0.006639237921893412,0.03361618640716034,0.005698808484972056,phone_A
369,3,8,Sitting,0.12328918039441089,-0.0909068386759879,9.907493541202802,-0.009684748921994479,0.01606486106444799,0.005693015203649254,phone_A
370,3,9,Sitting,0.15374217086006703,-0.08834229141457364,9.867099112115485,-0.0075532256939184585,0.02885342844001229,-0.004451661684930226,phone_A
371,3,10,Sitting,0.17765891706419662,-0.14985095161050874,9.899097551291442,-0.006576021218909477,0.030486199100532303,0.012867880043959001,phone_A
372,3,11,Sitting,0.08883249143357747,-0.14249064389065066,9.892006916403242,-0.010155330579597775,0.02595696784556557,0.014077815772674102,phone_A
373,3,12,Sitting,0.15969443167952216,-0.13056947779043188,9.840131455423437,-0.012561257701342922,0.024644108491346982,0.0026324676763461617,phone_A
374,3,13,Sitting,0.15627459966143678,-0.10458974365257606,9.88719756137023,-0.02896235927485623,0.013479767711146725,0.02038109928251683,phone_A
375,3,14,Sitting,0.12265469050520826,-0.17872279198754987,9.91265494993558,-0.011154615244743689,0.026734291801793982,0.010670493412534171,phone_A
376,3,15,Sitting,0.14344906621465717,-0.12158506035203709,9.896984608373838,0.0018750450485238643,0.024847425003411566,-0.0004722131573379421,phone_A
377,3,16,Sitting,0.1386868414045306,-0.10337629601690626,9.90742803944863,-0.014800256064018542,0.024894857587086473,0.014633656226919624,phone_A
378,3,17,Sitting,0.18726424527459573,-0.15162060053167145,9.862541589796423,-0.014421947542573576,0.013821609472673668,0.0038404003411598164,phone_A
379,3,18,Sitting,0.049239387019309105,-0.14439360239122867,9.88239276312799,-0.015780565357018314,0.02721397080178103,0.0094293479823764,phone_A
380,3,19,Sitting,0.14588956401805175,-0.12734043843364126,9.891830072948546,-0.01127172491372793,0.02264128223635167,0.009907503450009542,phone_A
381,3,20,Sitting,0.12130594641909775,-0.12475957655739563,9.862064965812442,-0.01053238273661349,0.02665716469172382,0.008225092439281649,phone_A
382,3,21,Sitting,0.11468921453781081,-0.10220723657391309,9.89598348034603,-0.012796149904766236,-0.002224569128306068,0.013274431038672603,phone_A
383,3,22,Sitting,0.04405495080922194,-0.0963305904664782,9.870032941639387,-0.00666223621382003,0.005497900024931459,0.0012350281532299088,phone_A
384,3,23,Sitting,0.10146816878439707,-0.13304344939940452,9.851950785476697,-0.011837075826432491,0.026367057682728734,0.015979886679917753,phone_A
385,3,0,Standing,-0.16827648606182405,0.22207861071073454,9.80491146040947,0.0023381957587301806,-0.022450128850382348,0.028841444028192442,phone_A
386,3,1,Standing,-0.213149058584325,0.1894668639838462,9.79517370481834,0.02697292247770938,-0.016704155048854454,0.029389214148963304,phone_A
387,3,2,Standing,-0.17169112312671303,0.20163435479764436,9.820615968856814,0.014108229495469716,-0.033901325825869535,0.027800758981006455,phone_A
388,3,3,Standing,-0.17627667903641447,0.24128743797991062,9.85853522787718,0.03382316701034305,-0.026057135385249584,0.026101190348666554,phone_A
389,3,4,Standing,-0.16836600934352008,0.2825417968162963,9.860151564131968,0.03419019261113927,-0.021395204383116182,0.024108420967381104,phone_A
390,3,5,Standing,-0.15555059010449943,0.19951522312147016,9.821360836359519,0.029705482515607704,-0.008235734227215052,0.02833619576301812,phone_A
391,3,6,Standing,-0.23011604904638713,0.2469356055017139,9.8142438716598,0.03338471182480435,-0.016778815190252473,0.02973007541144308,phone_A
392,3,7,Standing,-0.14227455597244015,0.20271267936439483,9.823363631490862,0.03974933266177978,-0.018167661246012445,0.02246757197911458,phone_A
393,3,8,Standing,-0.13733996633162165,0.2751575148202801,9.8398503806619,0.02614722449326922,-0.008252528962748907,0.02274035506378031,phone_A
394,3,9,Standing,-0.1375735380861357,0.23020241461210736,9.816725655826279,0.03725166092089067,-0.011398050305080318,0.029237863760636196,phone_A
395,3,10,Standing,-0.121140306889634,0.24574502947780796,9.87497556309327,0.043280567657961226,-0.012124700415512835,0.028130192989229592,phone_A
396,3,11,Standing,-0.16704832829604035,0.26781729458087766,9.846300671467729,0.028729930943817372,-0.008654404406261796,0.027958945244296547,phone_A
397,3,12,Standing,-0.07603142039803251,0.22073203690670784,9.82371487309893,0.050655123372020223,0.005309853929527229,0.02875069213763995,phone_A
398,3,13,Standing,-0.12047341834958658,0.2805270146746602,9.805987787907942,0.03351050374014772,-0.001827103564627018,0.04219324274383013,phone_A
399,3,14,Standing,-0.10462777542501114,0.26850928997420537,9.896706666612742,0.05764325190434961,-0.0008696066087823338,0.03228800360464339,phone_A
400,3,15,Standing,-0.0371938260286835,0.22783029717242012,9.897977438220993,0.038854328637280444,0.005953647597373506,0.030256347215618408,phone_A
401,3,16,Standing,-0.09578634276676679,0.24024302313212167,9.88280615361759,0.05053819240218885,0.007287684628878174,0.03129186737112846,phone_A
402,3,17,Standing,-0.04685947185615725,0.23851413730442136,9.897634320338309,0.048725028255383794,0.026362166949462307,0.027619935699802704,phone_A
403,3,18,Standing,-0.062234765984272244,0.27908588076122365,9.90246494697894,0.03949486950606553,0.010910458738095648,0.03198697700309014,phone_A
404,3,19,Standing,-0.061582432984481884,0.24576414792774828,9.886637252868745,0.047243185906350724,0.012174316596712123,0.01642150020285328,phone_A
405,3,20,Standing,-0.07950352929256213,0.21986288117897354,9.853513978165228,0.03858515557763642,0.010994685962580863,0.021882147442657644,phone_A
406,3,21,Standing,-0.04233454235412411,0.234867684985047,9.920863662561203,0.04143407078829647,0.020376292719581014,0.021859278066031298,phone_A
407,3,22,Standing,-0.02600899767520764,0.2478837212494482,9.903357701534432,0.029695309463010744,0.022449454254095568,0.010884159148362174,phone_A
408,3,23,Standing,-0.0029773660821231177,0.2519057401394789,9.88218721331193,0.04347590757265334,0.01867013167910489,0.02276738199599116,phone_A
409,3,0,Laying,7.385986165139416,0.0845167527387477,6.42256719583243,0.0015120623617152443,0.028914934159341918,0.011016760703319558,phone_A
410,3,1,Laying,7.407494226398177,0.06854934644707394,6.438032043345586,-0.008532025292565764,0.02684690580031865,0.024173553405928513,phone_A
411,3,2,Laying,7.382618122793959,0.030065182796842338,6.4041684116150055,0.003066749645117212,0.02326113075578055,0.012298691322242193,phone_A
412,3,3,Laying,7.409390201535041,0.09584458985879049,6.447296182464887,0.0008483860424290182,0.02869869091078269,0.012869775452256652,phone_A
413,3,4,Laying,7.405255950669046,0.07498133804066276,6.400797348634689,0.005250328122129188,0.02047845950117864,0.015474555042618736,phone_A
414,3,5,Laying,7.384120078567431,0.06699704573382897,6.415089518538883,0.003325813027927833,0.02211320003278147,0.0003213481202315998,phone_A
415,3,6,Laying,7.374002266657792,0.1252940844250816,6.408453625397536,-0.016369982448892813,0.029729252865902424,0.014646222602723694,phone_A
416,3,7,Laying,7.375948192071749,0.07060652899675908,6.439845725987426,-0.009072440862440792,0.024839281967931302,0.013783569836437734,phone_A
417,3,8,Laying,7.38209277357455,0.08276538110871813,6.407408133750617,0.00022396183312719652,0.012326989402048832,0.000794275719854156,phone_A
418,3,9,Laying,7.389579841850821,0.09422601083422856,6.422793026981947,-0.0038082461732536843,0.015156582459920407,0.015263058996576586,phone_A
419,3,10,Laying,7.371292801124373,0.06566827357828357,6.402005845334229,0.005689539791527026,0.006223197116354828,0.013566108226503514,phone_A
420,3,11,Laying,7.328640679065418,0.07462618721224924,6.3979922218915055,-0.01909869575970907,0.018513950516923693,0.008333183730408035,phone_A
421,3,12,Laying,7.3163027626145425,0.09789312052953082,6.443753649387192,0.0022237893511049154,0.017874583973870404,0.01095250690655568,phone_A
422,3,13,Laying,7.4001331893935784,0.11862234549612699,6.435281222501769,-0.012468531035318323,0.016465502622403618,0.013392575069324557,phone_A
423,3,14,Laying,7.319821189171487,0.08804330743403208,6.462850313889084,-0.0030557279028683095,0.023630996872572994,0.011948684759261138,phone_A
424,3,15,Laying,7.361353628321994,0.08567587101036941,6.384735403496666,-0.012727557426629697,0.02191896398373178,0.01919715413874573,phone_A
425,3,16,Laying,7.336523203642422,0.10026747871668287,6.402086645809206,-0.004929028152933413,0.016611642254954907,0.017057043667289815,phone_A
426,3,17,Laying,7.361484075002748,0.11133377788108029,6.411151498302892,-0.0032191081463501118,0.00837956947513684,0.02418638893521491,phone_A
427,3,18,Laying,7.36927966937153,0.09400565294894518,6.362394895674497,-0.011870129124606174,0.020335928735682164,0.013114610236036207,phone_A
428,3,19,Laying,7.307814325841293,0.10232750055625087,6.388217979165144,0.001590845434030013,0.011912805766700058,0.012795314301217112,phone_A
429,3,20,Laying,7.3832684666558555,0.054210587961043985,6.376235779388911,-0.007972749033392356,0.01693680238081148,0.0037702174286165756,phone_A
430,3,21,Laying,7.310244669259304,0.09760610371926219,6.385259961693272,-0.009037564095298357,0.0003706361878101083,0.007884189607657986,phone_A
431,3,22,Laying,7.349926538385863,0.10072439293952849,6.380365809083618,0.0033956084903549602,0.006946709090649892,0.008075827235638594,phone_A
432,3,23,Laying,7.386743163267303,0.08328901065345215,6.385194289768511,-0.007318178914504168,0.018720862618034878,0.021201155248232243,phone_A
433,4,0,Walking,0.06117069951284891,0.8852588093731306,9.91448122817165,0.5112042424190469,0.037343512685279086,0.18120408982278546,phone_B
434,4,1,Walking,0.6712235599013132,0.7194407231244642,9.967120491337921,0.4807134983616827,0.2120968245591821,0.15911591852440138,phone_B
435,4,2,Walking,1.183012106147621,0.5611881914048739,10.412297168574193,0.24399455817832086,0.28917831026479685,0.07198168480701837,phone_B
436,4,3,Walking,1.330442774336623,0.09007301103655413,9.986089630469378,0.0331850380151525,0.352505569629158,-0.04850564477601083,phone_B
437,4,4,Walking,1.2331821863625378,-0.4512603575092444,9.813015425735786,-0.22004045190936347,0.28687954899427937,-0.11783104568710995,phone_B
438,4,5,Walking,0.5855153434736218,-0.6585226384426914,9.664108121176733,-0.36952975213342254,0.17593250789831125,-0.11299054689406167,phone_B
439,4,6,Walking,-0.03257653297116264,-0.7168343351146792,9.575945464606223,-0.40344684570864325,0.0351446352352283,-0.06670198064553196,phone_B
440,4,7,Walking,-0.8465666047321777,-0.6789359851721692,9.47036565549795,-0.25695719650092935,-0.13011356162932414,-0.016717448656101926,phone_B
441,4,8,Walking,-1.4009044116735105,-0.26460076618341466,9.439812977458315,-0.11805873552303803,-0.21852896059619578,0.07461822369398322,phone_B
442,4,9,Walking,-1.5377178074114894,0.20647676850452681,9.412662143117032,0.17534343972124755,-0.21963240034072382,0.1551282146900042,phone_B
443,4,10,Walking,-0.7674226445926094,0.7933946421520679,9.738882700975452,0.39710152698156564,-0.14062436501704814,0.18873759238013363,phone_B
444,4,11,Walking,-0.3045503922821168,1.0193199411528955,10.062345087321772,0.4966683550683424,0.028842587889865524,0.17924527946997293,phone_B
445,4,12,Walking,0.2592739475039915,0.8939920187018926,10.056873068621147,0.4556195981516583,0.21671720583102164,0.12347022084900737,phone_B
446,4,13,Walking,1.0616084013188658,0.5520346659092508,10.134069210404418,0.29735474785022903,0.3307683926623311,0.07526470885357903,phone_B
447,4,14,Walking,1.3004102829439752,0.1638952927534923,10.223985008734061,0.011383254165319281,0.380990405183506,-0.04989330172452346,phone_B
448,4,15,Walking,1.182748900311552,-0.39673880587283383,9.89749686967067,-0.1416424612697858,0.3012812756646283,-0.13119794865582124,phone_B
449,4,16,Walking,0.49505884950554746,-0.3824452830953933,9.663552408922005,-0.3579499623912103,0.19940607219715478,-0.15366036786071913,phone_B
450,4,17,Walking,-0.14599656440812514,-0.37302707817373415,9.701710871885867,-0.4226654000987129,0.06086439442858987,-0.13157689028273592,phone_B
451,4,18,Walking,-1.0536931401869032,-0.376290816032715,9.561344434134103,-0.27991204447853,-0.12194670438793385,-0.0543409589900388,phone_B
452,4,19,Walking,-1.2019645949800848,-0.08734017372184544,9.369244737705511,-0.1416144055364523,-0.20408335856683052,0.059904383284550056,phone_B
453,4,20,Walking,-1.475168330578142,0.38814555593716593,9.55925092523176,0.1683865437383728,-0.19359969545775926,0.09527875262102584,phone_B
454,4,21,Walking,-1.140823257401447,0.6359862953862893,9.805718953397516,0.3546219817562699,-0.15032096465166345,0.11861077130007384,phone_B
455,4,22,Walking,-0.047374566619992925,1.0093469381979496,9.991637756497392,0.5106323368156622,0.02911122524383718,0.1652978448993753,phone_B
456,4,23,Walking,0.5016321773278574,0.8254837583002896,10.373975133692177,0.48151022964240453,0.17002196438331496,0.1438015754349264,phone_B
457,4,0,Walking Upstairs,1.0926410400643842,-0.770083756531909,10.110962033291724,-0.45890969257664405,0.33753102753723424,-0.16403649641435744,phone_B
458,4,1,Walking Upstairs,-0.25073234467047023,-0.7389741217350084,9.659136670186028,-0.5212868747897171,0.10620627800963414,-0.11881758628848454,phone_B
459,4,2,Walking Upstairs,-1.3077339026119712,-0.39087597830183435,9.72132712257493,-0.25485725937130205,-0.13042186419424318,0.002518281800561425,phone_B
460,4,3,Walking Upstairs,-1.4998314995827149,0.2726070094885561,9.660865738488349,0.1535799572159311,-0.2015057396142796,0.13174882367752422,phone_B
461,4,4,Walking Upstairs,-1.271209234904971,1.0322403957542325,10.200569120667897,0.4769776844713156,-0.12749570577632102,0.22967829114289637,phone_B
462,4,5,Walking Upstairs,-0.2572045785817435,1.3545092676469692,10.316562724142319,0.7355027798722289,0.08516196973210646,0.2736879738280443,phone_B
463,4,6,Walking Upstairs,0.8038261543163735,1.4214711254017476,10.746343367896127,0.7283542735277472,0.30433140856221735,0.2230908215952719,phone_B
464,4,7,Walking Upstairs,1.906778378323972,0.7139170004892702,10.740179069693985,0.4146895313916522,0.5769790652393081,0.12782476597559742,phone_B
465,4,8,Walking Upstairs,1.8030116375820027,0.4325780866078409,10.4715676914906,0.0259036100571426,0.5945374125532472,-0.08850122379132541,phone_B
466,4,9,Walking Upstairs,1.4954176749425894,-0.5024700038878833,10.315645987747207,-0.36090761503487706,0.474292591254859,-0.15231061638141674,phone_B
467,4,10,Walking Upstairs,0.3437475235686199,-0.6380159745970486,9.951370335908685,-0.5138204724565255,0.189473186695889,-0.18016081163089726,phone_B
468,4,11,Walking Upstairs,-0.8323441718978999,-0.6636210585956196,9.727723583038394,-0.40110368454585565,-0.04848149853759004,-0.027406724883602747,phone_B
469,4,12,Walking Upstairs,-1.3104314857127863,0.005184521271658828,9.509697056822958,-0.05219664833877023,-0.20400207468766277,0.08337850825094507,phone_B
470,4,13,Walking Upstairs,-1.5099906116527309,0.5818124635351912,9.640834869040068,0.3453287556976548,-0.22085948850722156,0.29248602047433536,phone_B
471,4,14,Walking Upstairs,-0.8805873721353898,1.0987480182074518,10.233229664251171,0.6992674283413912,-0.0398865059899921,0.3014637256889358,phone_B
472,4,15,Walking Upstairs,0.15931642157442247,1.342349464444188,10.395349080201505,0.7164866338178658,0.21271229263510452,0.20776835675998565,phone_B
473,4,16,Walking Upstairs,1.2899147387208656,1.0731416885488867,10.62602495101153,0.6047458662918697,0.4547686566891564,0.17817344490834958,phone_B
474,4,17,Walking Upstairs,2.095891872236596,0.6484443308881662,10.691963721973506,0.2324788753637436,0.5837008988083999,0.01199832338466556,phone_B
475,4,18,Walking Upstairs,1.7701826165352819,-0.23166636869264493,10.339415418531766,-0.18016559411696143,0.5268382567781258,-0.13300463670010684,phone_B
476,4,19,Walking Upstairs,0.8846301484077894,-0.8224267068310309,10.186108778404986,-0.47557115194586286,0.3178972118634585,-0.14619261969356862,phone_B
477,4,20,Walking Upstairs,-0.2645784454381779,-0.9097302017326264,9.862929753524897,-0.5286470398288926,0.07115048732210522,-0.11948012178336734,phone_B
478,4,21,Walking Upstairs,-1.0418776464355142,-0.3539184291837912,9.44660357531411,-0.2743429676576476,-0.14889928184199036,0.04920049860943734,phone_B
479,4,22,Walking Upstairs,-1.569031693438939,0.047074358514862025,9.72478068912932,0.15753049707131977,-0.18402297010600455,0.195486541306644,phone_B
480,4,23,Walking Upstairs,-1.3257818439037112,1.1014483017852066,9.889582166092955,0.5143977030715456,-0.1740255202289645,0.2445173121277911,phone_B
481,4,0,Walking Downstairs,-2.090592670286022,0.39091432200580767,9.033364851667294,0.211502808901526,-0.6111027647124249,0.13478978096181118,phone_B
482,4,1,Walking Downstairs,-0.9324735320085688,1.0756743335136845,9.640466768516376,0.6198992427260533,-0.40780358849109427,0.17434376926855127,phone_B
483,4,2,Walking Downstairs,0.721218753315654,0.8971594114125715,9.859946781354596,0.6866264527506635,0.05309967883010009,0.14544042875668411,phone_B
484,4,3,Walking Downstairs,1.702097266731004,0.3062920281145282,10.109190517546844,0.30207446253768805,0.301732848006298,-0.011099955857607605,phone_B
485,4,4,Walking Downstairs,2.0455739061375002,-0.7510604505268037,9.931291780737672,-0.31934847931936655,0.26644056782204795,-0.2662761170678331,phone_B
486,4,5,Walking Downstairs,0.8448560044148828,-1.3037068371911285,9.365635542177886,-0.7730700430616592,0.16488213131718105,-0.3426389726875177,phone_B
487,4,6,Walking Downstairs,-0.5921079389371008,-1.5175158723535906,8.781891473669294,-0.8917984331718297,-0.2774915650639537,-0.23657367644362365,phone_B
488,4,7,Walking Downstairs,-2.033882548906543,-0.8295480252898467,8.64246320417321,-0.5709701303390119,-0.548660145747496,-0.1169251225222253,phone_B
489,4,8,Walking Downstairs,-2.482964273874042,-0.16129785879280073,8.835071992588029,-0.06383281542978614,-0.6551791278929665,0.059769661772267835,phone_B
490,4,9,Walking Downstairs,-1.4552803103375713,0.6608756438134494,9.428930052073875,0.4722591299580382,-0.4906524730044492,0.1691265899436837,phone_B
491,4,10,Walking Downstairs,-0.3157713621355779,1.0524684611215647,9.943894394776196,0.7015060050079903,-0.12865134874483378,0.21507152154579168,phone_B
492,4,11,Walking Downstairs,1.4247344993134823,0.6988510589278103,10.348340456636357,0.48611803780249935,0.15658704857247993,0.03706675794951952,phone_B
493,4,12,Walking Downstairs,2.2464735617446268,-0.026530995740250862,9.966871199607258,0.01821646139945719,0.36051004964171596,-0.07529225812192888,phone_B
494,4,13,Walking Downstairs,1.3801079896685122,-1.0644119962331964,9.562832466594148,-0.6209382983363412,0.27871168159681897,-0.28313867481364635,phone_B
495,4,14,Walking Downstairs,0.3242592477236731,-1.2613276450679267,9.055607199673874,-0.8971598215014746,-0.04718090029594074,-0.28468326276764666,phone_B
496,4,15,Walking Downstairs,-1.3995275980519502,-1.4697924929137463,8.84377260794342,-0.784596905574732,-0.457407878873256,-0.2368604031935886,phone_B
497,4,16,Walking Downstairs,-2.139070934151342,-0.6113988966905167,8.582058053421239,-0.34635586204130125,-0.6304353924771563,-0.0022772045866002386,phone_B
498,4,17,Walking Downstairs,-2.376248434276093,0.1754720342221558,9.023180086308189,0.23141849735262393,-0.5923874636136509,0.1199375367208061,phone_B
499,4,18,Walking Downstairs,-1.025957994917535,1.0575425602749648,9.561015806179176,0.637494675412624,-0.3489802626021397,0.197714177767184,phone_B
500,4,19,Walking Downstairs,0.5095161585103772,1.1034678680582473,9.929047276867887,0.6276183297312926,0.0017855197140670114,0.15271799661551022,phone_B
501,4,20,Walking Downstairs,1.6764347871350687,0.39846491236162584,10.145859600198284,0.29542668754831913,0.3231126103747407,-0.000180026987368187,phone_B
502,4,21,Walking Downstairs,1.801879400057767,-0.6993651381677648,9.840075241709403,-0.3111046746451893,0.3028680965210804,-0.22080698545559438,phone_B
503,4,22,Walking Downstairs,0.9390466582210665,-1.4369319538053624,9.325411255912803,-0.7413604628134184,0.12767087993084156,-0.2483984939609633,phone_B
504,4,23,Walking Downstairs,-0.534244937552387,-1.5921303441105397,8.879035443470322,-0.8881092661204738,-0.2188592062915892,-0.2221486094505687,phone_B
505,4,0,Sitting,0.1758342210017427,-0.021299411187737434,9.820215143009724,0.017313298700031947,0.010001676019502142,0.003234464058816348,phone_B
506,4,1,Sitting,0.15839861251038675,-0.07129670540185429,9.829193685674491,0.018376201292681266,0.0006634080337307793,0.0011883662346695353,phone_B
507,4,2,Sitting,0.16845201261624826,-0.04316646942309113,9.849908864309645,0.015824388458191778,-0.0024851070095553074,0.0018369041063908357,phone_B
508,4,3,Sitting,0.1704654641804924,-0.008075879565302344,9.893487008617132,0.0066042743311635265,0.011084045163564447,0.001959929732296142,phone_B
509,4,4,Sitting,0.21594704327132613,-0.06310842723048508,9.896431340714917,0.005772638198466542,0.018458848396285525,0.009579898573074995,phone_B
510,4,5,Sitting,0.14832744771377154,-0.05050607868005309,9.883263812284966,0.015060473910332772,0.006814088954751387,0.005642518668509875,phone_B
511,4,6,Sitting,0.1958592598446574,-0.03705749908023869,9.83173694012226,0.0028219197537515655,0.00944224543390282,0.011989515462185366,phone_B
512,4,7,Sitting,0.22018952947342016,-0.023965051357645227,9.871420379889098,0.011076349453775485,0.004753404383954993,0.003082924154802181,phone_B
513,4,8,Sitting,0.1617753824947683,-0.07795204569311688,9.87256264688213,0.006515676299931747,0.01352699480697177,0.006572587486026217,phone_B
514,4,9,Sitting,0.19071662570506007,-0.036257400275046654,9.862965003865723,0.006641783694795579,0.005612180582226609,0.004800031420301498,phone_B
515,4,10,Sitting,0.20330200935852397,-0.0704921274002549,9.864959575137926,-0.0008649986556421361,0.007295268895350631,-0.004885225325696829,phone_B
516,4,11,Sitting,0.21983420136238901,-0.03080112031322355,9.87655711286704,0.013380255239997935,0.009718400146749816,0.019338579094062634,phone_B
517,4,12,Sitting,0.1837472127478542,-0.05484968752434636,9.852463459698487,0.0024179750993689525,0.01617896886815503,-0.00024632458386194904,phone_B
518,4,13,Sitting,0.23473874343955684,-0.05910683086997409,9.868290228518001,-0.006658139428398167,0.013897598530560273,-0.0010679224983312628,phone_B
519,4,14,Sitting,0.17563427422531147,-0.08839946110848086,9.927281334303947,-0.00418975041321609,0.0027745716078521887,-0.005139801514083616,phone_B
520,4,15,Sitting,0.18970160972163805,-0.05924490189838843,9.873161705574192,3.816874726691403e-05,0.00768495685516575,0.0004239095064162727,phone_B
521,4,16,Sitting,0.16886994728988197,-0.09232437536636488,9.835006368057487,-0.012563671998778912,0.017884532674163546,0.0018672498832621814,phone_B
522,4,17,Sitting,0.21460013876069964,-0.07974576475893022,9.875887620141134,-0.01740337992171286,0.016530818503937617,-0.00182083440360883,phone_B
523,4,18,Sitting,0.2049083823482151,-0.07507285133117556,9.830179554372066,-0.01720802540943104,0.00684175285687759,-8.28114888352569e-05,phone_B
524,4,19,Sitting,0.20517100748386682,-0.12254268018719833,9.828597060330297,-0.013916649073023705,0.008642267432373478,-0.01219938077399223,phone_B
525,4,20,Sitting,0.15070453806226847,-0.11256329460119757,9.85344028200687,-0.017983185013708124,0.009675554261966242,0.0018069019596532133,phone_B
526,4,21,Sitting,0.15170773151214867,-0.10073179753492778,9.87496437429493,-0.014688396215486042,0.006427455359574978,0.00195983183228415,phone_B
527,4,22,Sitting,0.17426520123041306,-0.07136956485877641,9.858045190219666,-0.015463917079892676,0.012164623752614512,-0.0035316238675056053,phone_B
528,4,23,Sitting,0.20479636489373332,-0.11593887966219368,9.846253367344087,-0.01494533150165642,0.01284987970986046,-0.011992353109162707,phone_B
529,4,0,Standing,-0.01669900308095476,0.09143891317460333,9.818322533496678,-0.007894836666781344,0.0027281154888465385,-0.004625618606757236,phone_B
530,4,1,Standing,-0.03649429315085531,0.07969723031640281,9.737377107658755,-0.020941597902946713,-0.009402600001255998,-0.01860596123521112,phone_B
531,4,2,Standing,-0.05083552052209976,0.1344178800994055,9.742669419383285,-0.025992832915457672,0.0005489280108550553,-0.019318093248881132,phone_B
532,4,3,Standing,-0.038399529859928984,0.1056506063324167,9.788339776087247,-0.017187866849957573,-0.006781782014999209,-0.006979193180352483,phone_B
533,4,4,Standing,-0.0999171645491561,0.14531343919683803,9.74933436956931,-0.022325929615809037,-0.012425937163652052,-0.008916351987420293,phone_B
534,4,5,Standing,-0.0736615736336516,0.09704579824426435,9.733160803325879,-0.018398175187313827,-0.015599947900821712,-0.00415624372928047,phone_B
535,4,6,Standing,-0.0940040221724168,0.08463898842779727,9.787660770597853,-0.025244347273549014,-0.017362986692050015,-0.01400451514491637,phone_B
536,4,7,Standing,-0.06228996242798269,0.10041932348406132,9.752057138421476,-0.021415426407928484,-0.028596052990624104,-0.007056997357861399,phone_B
537,4,8,Standing,-0.07319618516300073,0.1135445491364885,9.767778531379768,-0.037254483790897464,-0.024800644709977157,-0.009704866393584168,phone_B
538,4,9,Standing,-0.14351551890062073,0.15718039329543732,9.747603989957007,-0.020195975746892875,-0.02922000969097082,-0.017994805034020775,phone_B
539,4,10,Standing,-0.16025910536298477,0.1593224713508255,9.701350325031079,-0.02179737693086455,-0.031581764160149885,0.005403628794102869,phone_B
540,4,11,Standing,-0.12089037764815387,0.1272676336379678,9.78554989254309,-0.01942941877499884,-0.025165351856132855,-0.01168979578183132,phone_B
541,4,12,Standing,-0.12056132687417934,0.13762479625270715,9.72657538794622,-0.01382122031475507,-0.031377710821051896,-0.00491606773578915,phone_B
542,4,13,Standing,-0.1398844926919212,0.14038452002179058,9.767669071972966,-0.007172065117611162,-0.034992453645844794,-0.002958722364772483,phone_B
543,4,14,Standing,-0.1552620430896682,0.17641019402949054,9.80409888219393,-0.0013034437064457435,-0.030100283779201032,0.019886213221649417,phone_B
544,4,15,Standing,-0.15038128666613854,0.1828847405377594,9.771066034107525,-0.0099507112397698,-0.03967705469699231,-8.004008843411504e-06,phone_B
545,4,16,Standing,-0.15018095119640304,0.17485139865667845,9.758339597138553,0.005791728580616089,-0.03260750345664431,0.0037206429380738293,phone_B
546,4,17,Standing,-0.18503626252848915,0.21624514445097992,9.776139114646003,-0.007123972507256318,-0.0401441026422292,0.007314031650502691,phone_B
547,4,18,Standing,-0.14953162853527405,0.2193891642520735,9.766263735279887,0.00931506011026749,-0.03805935478370215,0.0038561243065373023,phone_B
548,4,19,Standing,-0.1750422217262182,0.20589462922340018,9.761111104228402,-0.0022161539999896243,-0.04070613572926941,0.009744026752161994,phone_B
549,4,20,Standing,-0.1738512958800472,0.20793626476230656,9.777393656489192,0.005881169089141421,-0.04766609753645455,0.00873638690276238,phone_B
550,4,21,Standing,-0.14483926876183878,0.2647815606620191,9.788327810889761,0.00672753278650398,-0.03857331839325263,0.013677745032622798,phone_B
551,4,22,Standing,-0.15548080598389552,0.2442575953006875,9.749750811488815,0.018995116421869965,-0.03365179173023567,0.018282564956807627,phone_B
552,4,23,Standing,-0.17494393784922607,0.22992585246998007,9.709258587030991,0.0177941083438252,-0.03804031801094894,0.008265319892535226,phone_B
553,4,0,Laying,7.415532684731539,0.05341245549216961,6.381701268283503,-0.01472821635796003,0.008453381156164438,-0.011417147518062411,phone_B
554,4,1,Laying,7.416814342970493,0.10114025974962278,6.382998864875317,-0.008912125745265127,0.00379147709452989,-0.01317149374451635,phone_B
555,4,2,Laying,7.378188971294648,0.09199141571987568,6.374299840414217,-0.013799023226749193,0.008837481446623946,-0.0058436916016232935,phone_B
556,4,3,Laying,7.389973073191629,0.09805175446429143,6.379218654616388,-0.008675555453064584,0.016101289887591717,-0.008382538492553045,phone_B
557,4,4,Laying,7.411167142142097,0.11412267724276867,6.372033782580275,-0.014088947606955851,-0.004738098619747487,-0.007620570672579707,phone_B
558,4,5,Laying,7.38499619175654,0.05882307967747186,6.351758575485198,-0.01781218861563767,0.0077688245582326464,-0.0011208436248983686,phone_B
559,4,6,Laying,7.388007926632575,0.09405773935195079,6.3242118130562135,-0.014923115468996356,0.0063515358900920055,6.543240031053194e-05,phone_B
560,4,7,Laying,7.391479141472875,0.12549473871049358,6.33178123953495,-0.019852368938379918,0.007890718090470145,0.005001111324999346,phone_B
561,4,8,Laying,7.420278666123846,0.09688745412260164,6.313790134443169,-0.02489199050318413,0.004068591094042242,-0.007299720003601314,phone_B
562,4,9,Laying,7.378874698014953,0.09829760095297982,6.370536964105079,-0.007461831161798637,0.0037561753581189564,0.0021092666007177293,phone_B
563,4,10,Laying,7.405241460539314,0.09260755610995315,6.393250442442262,-0.01934947828891648,0.01945350443759914,-0.0031030943617920896,phone_B
564,4,11,Laying,7.413029978114008,0.10752094082027226,6.412552269463233,-0.009053005391386003,-0.007446606907903304,0.002989067139270739,phone_B
565,4,12,Laying,7.393404476289132,0.09604843120481518,6.332623251941408,-0.010958033878815835,-0.0021201057787373656,-0.0048912583802846726,phone_B
566,4,13,Laying,7.393195579839215,0.14054656326956522,6.413143639291221,-0.014120660313569707,0.0017647972793756522,-0.0077767257737820315,phone_B
567,4,14,Laying,7.426276513097385,0.08332771672755336,6.352040276375814,-0.008789341074952713,-0.0022667883515925936,-0.005789563449668759,phone_B
568,4,15,Laying,7.357382735337414,0.10836465658478987,6.4100882541421695,-0.010570790678896875,0.009306088491934792,-0.010649724957550651,phone_B
569,4,16,Laying,7.401077407736982,0.06647155433764176,6.354873846485129,-0.01047767770453086,0.0007096661180427283,-0.014042128426146572,phone_B
570,4,17,Laying,7.360515892614618,0.05489515359353799,6.371866453508384,-0.0029154695245266274,0.00782907179512032,-0.016918470051986566,phone_B
571,4,18,Laying,7.427113308922404,0.11229239722774885,6.319972736196067,-0.01728060596225702,0.0057761543544933985,-0.0021993934465456308,phone_B
572,4,19,Laying,7.357030303046528,0.10369471418248893,6.304207922976337,-0.016935197270976886,0.005573577723310895,-0.005334314025233798,phone_B
573,4,20,Laying,7.375436048401114,0.11029024161767448,6.381071674258522,-0.007848898563497415,0.003529843626072527,0.0011175082329278737,phone_B
574,4,21,Laying,7.404368651237287,0.0944126985365929,6.3580173755540805,-0.01721732592468892,-0.009456308165167487,-0.01101221136377267,phone_B
575,4,22,Laying,7.377120805308101,0.09361678172271967,6.390898117662095,-0.016102752350164232,0.00337006685223997,0.001302208572800093,phone_B
576,4,23,Laying,7.3765031698314525,0.10234225756822853,6.347911136621997,-0.007950796253045797,0.0006938122408673302,-0.012193909028731964,phone_B
577,5,0,Walking,-1.4218246883225982,0.44948173712713096,9.655504094242751,0.21756494635301896,-0.20487118932196588,0.12743602983638258,phone_A
578,5,1,Walking,-0.7986877813692301,0.8855596895366623,9.7943420622839,0.39267701771835,-0.0970177428951864,0.15153256810908688,phone_A
579,5,2,Walking,-0.25365512214376307,0.9353347661707607,10.10016355130889,0.5114575871617161,0.024904281098100604,0.11793074308619614,phone_A
580,5,3,Walking,0.6895700401587938,1.146760027131937,10.032206082048758,0.4859303478866069,0.23102349191012952,0.12025954971751264,phone_A
581,5,4,Walking,1.1088560789813955,0.7643289374100939,10.058837242220333,0.30181247619454643,0.323180865645556,0.03481403858664265,phone_A
582,5,5,Walking,1.500940215166764,0.2002978900955833,10.07993286102671,0.029987819947028496,0.367928047211242,-0.013381747974870309,phone_A
583,5,6,Walking,1.3385584512573354,-0.2961932137402147,9.940965259980027,-0.22023434902644304,0.3018197635027975,-0.09127254739450748,phone_A
584,5,7,Walking,0.4031988902014122,-0.3760575103820345,9.64218615859181,-0.36580085405411944,0.212039246796039,-0.12607791621528333,phone_A
585,5,8,Walking,-0.2670799942594917,-0.4543426501582622,9.50661785522453,-0.421832654347148,0.03134653457615108,-0.08214366025768788,phone_A
586,5,9,Walking,-0.6714719628515025,-0.261815898404139,9.247298490496721,-0.26984435640031207,-0.0941517647952249,-0.03462949752128245,phone_A
587,5,10,Walking,-1.1929301322984371,0.07407121063176628,9.387231429534214,-0.08448145448723564,-0.2516848128470996,0.03969751158902225,phone_A
588,5,11,Walking,-1.2599362933773468,0.5437658658312067,9.348051807675283,0.19794028215145978,-0.1518309377350332,0.11107534535861342,phone_A
589,5,12,Walking,-0.8669908990594895,0.8893370344543778,9.936859970706688,0.36738616358151005,-0.10754191165265392,0.1367031582396907,phone_A
590,5,13,Walking,-0.21634681332818056,1.033850175776293,10.053448270683424,0.5434957694526187,0.050485357327006826,0.14971919365643213,phone_A
591,5,14,Walking,0.9228133320362263,0.9297922015872705,9.974498513951312,0.42107739954731865,0.24012500327096892,0.1398791216349196,phone_A
592,5,15,Walking,1.5126162677991395,0.5276837386801457,10.274660471420185,0.30595125202066326,0.3536884199081884,-0.0013517215117275355,phone_A
593,5,16,Walking,1.6354170785765714,0.36342013933227424,10.0393995937745,0.08104469963023836,0.3651344583317508,-0.05923345245800925,phone_A
594,5,17,Walking,1.2046580590902631,-0.3849516463211361,9.9969265277024,-0.1481033952577765,0.32410055558554857,-0.10305576423009633,phone_A
595,5,18,Walking,0.6556371709112656,-0.4267723073034032,9.619584722738564,-0.3707206094216201,0.2451997347248374,-0.14192999887684318,phone_A
596,5,19,Walking,0.16192057608327454,-0.5415216376390565,9.398914530058113,-0.36347538710547067,0.07004618255948365,-0.10339696469835277,phone_A
597,5,20,Walking,-0.6623747587770193,-0.4585088184562033,9.381246817043555,-0.3045507715550134,-0.1332455583003488,-0.06789945058962321,phone_A
598,5,21,Walking,-1.1001021625395977,0.011067027638349988,9.22813245782263,-0.13510816947193155,-0.15690481996096167,0.019424743934511005,phone_A
599,5,22,Walking,-1.3823539440305368,0.39537819412304226,9.314329783928951,0.19005499184175406,-0.21782133526821768,0.13575429684145848,phone_A
600,5,23,Walking,-0.9178792159324366,0.9896258453186095,9.701420675878605,0.3950848810592797,-0.10846326474488094,0.1690599915484517,phone_A
601,5,0,Walking Upstairs,-1.1800969484351542,1.3610766471722826,9.852299597794566,0.5268889934885844,-0.12900445389134477,0.26262483312139917,phone_A
602,5,1,Walking Upstairs,-0.22307968297297598,1.5546220163252062,10.314550115431247,0.7151035659086902,0.08877596128169728,0.2496389723365407,phone_A
603,5,2,Walking Upstairs,0.7819274134545174,1.4706907228410977,10.684909346722224,0.7308368772222933,0.3608490152261066,0.15881020806155302,phone_A
604,5,3,Walking Upstairs,1.6818026395369416,1.206554392162238,10.587761842832975,0.44662484467632046,0.5195120772172909,0.07386123834361882,phone_A
605,5,4,Walking Upstairs,1.9588147155437896,0.3339891907399577,10.575875066363391,0.004662102817390103,0.5525824478626488,-0.06515369736310515,phone_A
606,5,5,Walking Upstairs,1.333962070969719,-0.30872346183866195,10.54426481975709,-0.32065507010649547,0.4733916940355114,-0.16585088301089362,phone_A
607,5,6,Walking Upstairs,0.17958460982231514,-0.8058304499825922,10.014890714818568,-0.5438238435074516,0.2007842717885914,-0.16930595425358416,phone_A
608,5,7,Walking Upstairs,-0.8464849828391126,-0.6215050454852433,9.603513022658735,-0.444221691200142,-0.051654191771838526,-0.09512957755636382,phone_A
609,5,8,Walking Upstairs,-1.37686701118414,0.05816459779404366,9.559005054158604,-0.07591607040503107,-0.19679322972024524,0.06043813993779404,phone_A
610,5,9,Walking Upstairs,-1.390452285524262,0.8788075627097622,9.768126268791983,0.3322597415882908,-0.21442168222406746,0.18228782134131744,phone_A
611,5,10,Walking Upstairs,-0.6457227277907892,1.417839858427656,10.194050192860534,0.6716158542210482,-0.03619164454849901,0.29379165221205644,phone_A
612,5,11,Walking Upstairs,0.501808209081373,1.6553657731617797,10.480839349441004,0.8065616237968041,0.21894603188508965,0.27047364986589273,phone_A
613,5,12,Walking Upstairs,1.4965420187755887,1.296775650242428,10.609671712620228,0.6246257413472732,0.5228327222959758,0.13839814419355684,phone_A
614,5,13,Walking Upstairs,2.0394201146634305,0.5912961150300444,10.609891026613042,0.27798396726416735,0.5611448151883278,-0.011296055258109356,phone_A
615,5,14,Walking Upstairs,1.665252112348246,-0.15060669534831117,10.211783539266916,-0.16114771843643055,0.6090394105960173,-0.13435549055033805,phone_A
616,5,15,Walking Upstairs,0.8107405153867215,-0.44278142861297776,9.961365262946044,-0.4346475853454791,0.34421852411079107,-0.19248710645968903,phone_A
617,5,16,Walking Upstairs,-0.17081557105912426,-0.5313855892506008,9.691104996981826,-0.5218214833991225,0.08847354207213631,-0.16413462959198527,phone_A
618,5,17,Walking Upstairs,-1.0903119508315937,-0.4586891815565305,9.511476555290558,-0.2670333477229919,-0.1186450338327917,0.0040151820604566665,phone_A
619,5,18,Walking Upstairs,-1.547677774463784,0.5650403246327569,9.763161729707486,0.12042582224085274,-0.19234738550230554,0.155822749921986,phone_A
620,5,19,Walking Upstairs,-1.2392655906770484,0.9425188768321634,9.994426908617577,0.5242203244130907,-0.10975371356510105,0.22563642413205168,phone_A
621,5,20,Walking Upstairs,-0.3349947277255463,1.5632357697866948,10.30912847066573,0.7023055484112225,0.08576373929765292,0.23189563310564357,phone_A
622,5,21,Walking Upstairs,0.8245866176017109,1.6299912368852914,10.835406603842522,0.6952692042846158,0.3268713366437703,0.21337407993138255,phone_A
623,5,22,Walking Upstairs,2.0313184490284053,0.9407636659631572,10.657631731390964,0.4879033014707177,0.5211927993482648,0.09706303087269988,phone_A
624,5,23,Walking Upstairs,1.86604136686832,0.28022039998773524,10.372514073059204,0.009671366371502527,0.601704185370182,-0.06699811932123169,phone_A
625,5,0,Walking Downstairs,1.4364259907257468,0.6354907011131209,10.093598410293763,0.42851321013623817,0.17887119688908998,-0.007780090965935252,phone_A
626,5,1,Walking Downstairs,2.024478145865454,-0.24426272106518748,9.961346189180514,-0.13975185067324233,0.3457669517801558,-0.19157811420821239,phone_A
627,5,2,Walking Downstairs,1.3116556021348837,-0.9465900127197334,9.381769182448688,-0.67234280131962,0.20700156372776302,-0.26827093601218766,phone_A
628,5,3,Walking Downstairs,-0.15666256313688467,-1.3354041976673563,9.106168806541733,-0.8976107370597621,-0.13506390997449633,-0.31472217354957965,phone_A
629,5,4,Walking Downstairs,-1.6493522474242526,-1.037354625437267,8.67306790052911,-0.6989976606705587,-0.49838740943130394,-0.20065059836913954,phone_A
630,5,5,Walking Downstairs,-2.115674530028453,-0.3357253263007433,8.600666672359687,-0.16111647383521982,-0.6346285801562074,0.02955878796677814,phone_A
631,5,6,Walking Downstairs,-2.0071367399251403,0.5578725676085721,9.05771095193385,0.32884502522535997,-0.5569817386291721,0.17585294266070453,phone_A
632,5,7,Walking Downstairs,-0.4487336565052622,1.127823656166576,9.318328399692401,0.6819194928251557,-0.1863455304466845,0.22538372604506157,phone_A
633,5,8,Walking Downstairs,0.8018904083263921,1.0492101214928258,9.894727221611683,0.5647461384377668,0.09327270626974132,0.10484273865579567,phone_A
634,5,9,Walking Downstairs,1.6771779859900127,0.11303540333051748,10.034658462937964,0.14079141452455732,0.33972485046983575,-0.11274152960069941,phone_A
635,5,10,Walking Downstairs,1.9007107681722861,-0.8278208799266735,9.918651548830614,-0.4683316325541638,0.28280900103702306,-0.24432962673608116,phone_A
636,5,11,Walking Downstairs,0.8836566988011496,-1.306253066117485,9.278042890468791,-0.8300998327010181,0.027401894233624723,-0.3370965976169195,phone_A
637,5,12,Walking Downstairs,-1.04780766260061,-1.534580322700886,8.814666842412395,-0.8814342562511888,-0.29947820443275,-0.28866520546056584,phone_A
638,5,13,Walking Downstairs,-2.0823379790614913,-0.8363350432169635,8.789418355474215,-0.47391291638566485,-0.5528282652924907,-0.10327148401802255,phone_A
639,5,14,Walking Downstairs,-2.3229203679446453,0.03430222424607274,8.799310355554805,0.08358047067866382,-0.6499951175205326,0.07055609358064338,phone_A
640,5,15,Walking Downstairs,-1.5969933367884985,0.6431291675421358,9.205756804051376,0.5808150440991509,-0.46674605466192143,0.16914403156892427,phone_A
641,5,16,Walking Downstairs,0.33400822201379554,1.0595861687531654,9.858060205322438,0.7116882427651333,-0.058749608249778706,0.1314467992728835,phone_A
642,5,17,Walking Downstairs,1.4767239628345672,0.4836144941011636,10.34994223751903,0.3738113997074092,0.21334367188773018,-0.008975657285661985,phone_A
643,5,18,Walking Downstairs,1.8276771719335243,-0.049698293617791905,10.210423915291608,-0.14578664927929189,0.32080757703331175,-0.230577465882773,phone_A
644,5,19,Walking Downstairs,1.3364431133836587,-1.1080737408047603,9.402578234024638,-0.6564202797851073,0.21789287756254577,-0.29767718738199833,phone_A
645,5,20,Walking Downstairs,-0.12403039380421985,-1.5818485496136796,9.047896895162905,-0.8952073802501325,-0.09973923306295517,-0.2882398725564138,phone_A
646,5,21,Walking Downstairs,-1.7628061337938077,-1.3251054155767379,8.55785620581768,-0.7393698259765112,-0.44536216686172625,-0.1714189169781941,phone_A
647,5,22,Walking Downstairs,-2.2363767512915285,-0.28704550223696723,8.713707369717763,-0.17935466604184147,-0.6288830380035734,0.012773424424580423,phone_A
648,5,23,Walking Downstairs,-1.8325571221133437,0.5931335500267211,9.031014282005984,0.3321285168260599,-0.5416716431206463,0.1971493262947351,phone_A
649,5,0,Sitting,0.23377918950208715,-0.03656219980094015,9.812712194280797,-0.009690328567856139,0.010352519412059181,-0.0025545631755892195,phone_A
650,5,1,Sitting,0.19589076514015658,-9.967842478407138e-05,9.81250302706418,-0.02240069217427259,0.009271348606879875,-0.011182036812142875,phone_A
651,5,2,Sitting,0.1780528460083039,-0.012983700736700889,9.842330742700653,-0.0031902318489341504,0.015990223722978137,-0.01998174387388167,phone_A
652,5,3,Sitting,0.18381045681391148,-0.014467288735573267,9.782459025466714,-0.018254875675117587,0.00818514283934911,-0.023573699656326785,phone_A
653,5,4,Sitting,0.1465397470519208,0.00928646131120291,9.810940078558575,-0.0024442438598174503,0.006842224463352131,-0.015647169712622325,phone_A
654,5,5,Sitting,0.18912539682168747,-0.004101644113682308,9.821455339795783,-0.008558181164326793,0.011735523075745057,-0.01895971666179487,phone_A
655,5,6,Sitting,0.16791126648589494,-0.0332190860876752,9.780509579625269,-0.01739863350043492,0.0019127101449684346,-0.01473213247638896,phone_A
656,5,7,Sitting,0.20220136776171233,-0.022700939741098932,9.8056062958184,-0.020221945707646773,0.00568604565322976,-0.02140347843475873,phone_A
657,5,8,Sitting,0.18269156670837147,-0.017641824477985554,9.82173989486622,-0.01573379034410364,0.002457582535339089,-0.02461586332257569,phone_A
658,5,9,Sitting,0.16928376168914372,0.021341145513924388,9.80128770310126,-0.0009586656911715497,0.013761297867367966,-0.01872145540396601,phone_A
659,5,10,Sitting,0.15029232416351865,0.01064371970050753,9.771600933809603,-0.007415303998625796,0.006174516552840809,-0.015064873484271402,phone_A
660,5,11,Sitting,0.17071514307369415,0.04222084183814122,9.795024227446197,-0.015001710568454247,0.01188180400439687,-0.010474424704908596,phone_A
661,5,12,Sitting,0.14085301463152822,-0.0001648080954585098,9.793947089743586,-0.011952633739301595,-0.006476060525748897,-0.02516149416642921,phone_A
662,5,13,Sitting,0.12209564106449612,-0.023554276006691348,9.771402888286946,-0.010006131977402025,-0.0004993161147035974,-0.014308137812036487,phone_A
663,5,14,Sitting,0.10917070181617171,-0.009820291067317723,9.800749193620824,-0.00982831266352031,-0.004958710282714922,-0.01405209958954544,phone_A
664,5,15,Sitting,0.19037015030782786,0.00272818857426729,9.767449504481045,-0.013919547540771243,-0.0011530379425411432,-0.015423165575786546,phone_A
665,5,16,Sitting,0.13038552485308463,-0.03118878998958377,9.759574949418166,-0.01315045710088283,-0.0037550988080298654,-0.01736900439922284,phone_A
666,5,17,Sitting,0.12269033926674079,0.008423203416681062,9.804894706999084,-0.01212955333471422,-0.0013823001189420861,-0.016642171799207534,phone_A
667,5,18,Sitting,0.13756519919811938,0.01855041708603443,9.803486631377877,-0.006440162207507136,-0.0012077238160683305,-0.013372335034701895,phone_A
668,5,19,Sitting,0.12575800885671257,0.0382491564822787,9.764889398452375,-0.013589833149259847,-0.0045586186475421505,-0.00965173779646458,phone_A
669,5,20,Sitting,0.09565055219433045,0.012526149142133049,9.778363577515929,-0.022126906386368397,-0.007810099346964451,-0.012425169092180045,phone_A
670,5,21,Sitting,0.10913238894572813,0.05273950171707711,9.750016046665133,-0.01272224573491058,-0.02294408574123464,-0.013684951449526294,phone_A
671,5,22,Sitting,0.10042212862472853,0.007733133007415937,9.80797743321978,-0.001480074850935426,-0.00751039436532107,-0.012325865920809795,phone_A
672,5,23,Sitting,0.13344589754514394,0.023304654619712473,9.75988105648951,-0.015747498117923402,-0.011255937083150544,-0.004865907696838078,phone_A
673,5,0,Standing,0.022091938579127363,0.3632308932655281,9.78045509543658,0.04069771890638275,-0.0010056154136025338,0.0024661343683709657,phone_A
674,5,1,Standing,0.04933408292175863,0.3875456589284328,9.805872111904131,0.03862834274510834,0.012692614337671718,-0.007007125057206437,phone_A
675,5,2,Standing,0.08265541215127523,0.36142304645012047,9.83153174079429,0.018318147506192727,0.02120176223926593,0.004899834492266914,phone_A
676,5,3,Standing,0.0437183268809818,0.3771407173565122,9.826355592107467,0.026331785739904485,0.018470015302945467,-0.010391801635706037,phone_A
677,5,4,Standing,0.03332506184800157,0.3837665559218891,9.836491356575912,0.023108310090121615,0.012178699093382898,-0.011074119821031021,phone_A
678,5,5,Standing,0.07135830835608103,0.32257155234578766,9.820255588973556,0.028819466913296857,0.0171752680164578,-0.002813874038632428,phone_A
679,5,6,Standing,0.04880539944960757,0.3338565231178114,9.785609640019612,0.027303353113941706,0.013948326659445336,-0.00844232065966911,phone_A
680,5,7,Standing,0.05683287349890642,0.3042696971680114,9.793022069119742,0.026267407688643767,0.020308049969676042,-0.018235397798022513,phone_A
681,5,8,Standing,0.06725678739017893,0.3181814391896363,9.892337122452124,0.016397798390089355,0.017066306888822682,-0.005252918703966276,phone_A
682,5,9,Standing,0.01339849223382155,0.3154017092271854,9.853137793199979,0.01069339038768646,0.008900453755752661,-0.0176749952855557,phone_A
683,5,10,Standing,0.09438358058963858,0.31372543313299206,9.779184318401162,0.004009124716013898,0.015591116684122249,-0.014574076299959243,phone_A
684,5,11,Standing,0.08888413779956908,0.32209015010434183,9.808059887927278,-0.003073331416485678,0.010333874454670499,-0.014881488498733825,phone_A
685,5,12,Standing,0.01804473279989873,0.2818753710928304,9.800434655357721,-0.005008412390123302,0.011218964475507553,-0.0198672434885934,phone_A
686,5,13,Standing,0.059413979417226793,0.30616640373736853,9.8038922327427,-0.0006982009014393408,0.011672672955544527,-0.026816501420049023,phone_A
687,5,14,Standing,0.02813962808514946,0.2824648771463424,9.792779885355692,-0.016519032493941908,0.00995798757334498,-0.01410643483635951,phone_A
688,5,15,Standing,0.03599978123695638,0.22994300508203408,9.838724170255746,-0.006661368328062049,0.015255015935949133,-0.019721248026772525,phone_A
689,5,16,Standing,0.017039628825302112,0.2409770274845368,9.828205597586065,-0.0027941796087933707,0.015933162996084212,-0.01927859325540029,phone_A
690,5,17,Standing,-0.007446961173167434,0.2856240737747532,9.749347566262838,-0.009168900493405498,-0.0009831851167132807,-0.03542496534203318,phone_A
691,5,18,Standing,0.01629985299246891,0.228765289161049,9.715943154751098,-0.009384857317248647,0.01925028877744546,-0.01510613007164048,phone_A
692,5,19,Standing,-0.007971387110421922,0.24536504083006233,9.783153177003873,-0.007339069720277796,0.0019983366119562425,-0.02331911552317767,phone_A
693,5,20,Standing,-0.004372351205613904,0.25603262585969006,9.753020411138476,-0.015901670675919476,0.009751224554449963,-0.01616378402334686,phone_A
694,5,21,Standing,-0.010645007383084324,0.28313165594784406,9.742227323412529,-0.00620523925952389,0.002054185651072132,-0.00350876149876456,phone_A
695,5,22,Standing,-0.06329899360546619,0.2218394510152517,9.758107756572137,-0.013964993212145827,0.007773258465679514,-0.026679914112236722,phone_A
696,5,23,Standing,-0.021853047781308928,0.2680178069048799,9.761262888000193,-0.022158194531386392,0.0017717110639666415,-0.014654821349031582,phone_A
697,5,0,Laying,7.431902065731575,0.29069914797900387,6.355701511016706,0.018274346451814947,0.008829313425112935,-0.008338824473860803,phone_A
698,5,1,Laying,7.4022629531639765,0.2653997900316098,6.3637274533099255,0.014014175221194605,0.010355659750504443,-0.0005171301125880133,phone_A
699,5,2,Laying,7.4144373816634195,0.3199180433894027,6.351943326649361,0.011298101173472373,0.012368579546435478,-0.014825997176241675,phone_A
700,5,3,Laying,7.411954346771144,0.30680284797882235,6.315619182189517,0.02030395491298761,0.018940407321314506,-0.0063185551837668455,phone_A
701,5,4,Laying,7.4405614266663935,0.3091785613714649,6.347759387346514,0.01848276972614457,0.006233795019005303,-0.007271629535046352,phone_A
702,5,5,Laying,7.414778753768739,0.28862117385452,6.388707652302337,0.011827521897622711,0.003007207304346916,-0.011215079366697144,phone_A
703,5,6,Laying,7.4460675456142065,0.3249423124930839,6.369885051072517,0.010246142671491352,0.015591904740693,-0.006476588399601701,phone_A
704,5,7,Laying,7.4281269631194204,0.25359583037614014,6.395490209017016,-0.0030523537714867363,0.016127339509662553,-0.008150047697833583,phone_A
705,5,8,Laying,7.428645180161521,0.3185194369280902,6.342615807810272,0.007698753811303731,0.010887720098041136,-0.003218970372087295,phone_A
706,5,9,Laying,7.429112050352612,0.23545866681622463,6.338969341117527,0.019045246490604368,0.012432432881901778,-0.003335760109863457,phone_A
707,5,10,Laying,7.434810016909637,0.25685373437717113,6.402646038877584,0.009788903220075099,0.009620328414683358,0.00018934414544761764,phone_A
708,5,11,Laying,7.424403360349513,0.25695473490106224,6.361010062249799,0.010464197501083457,0.014117421337324014,0.005813047616205056,phone_A
709,5,12,Laying,7.4519126381408,0.21080238706565493,6.368910442224227,0.010219102135195791,0.013081469061211765,-0.005614194676523105,phone_A
710,5,13,Laying,7.44375845979927,0.2673218113494127,6.3760301303992355,0.006254350647502933,0.007376897153555431,0.01069722737688816,phone_A
711,5,14,Laying,7.427470736865076,0.26948021323716825,6.323215667093852,0.00970750394593915,0.007686600855371043,-0.010457763512354161,phone_A
712,5,15,Laying,7.472306336610411,0.27707624225934346,6.374672866420312,-0.0021287267874529735,0.02451046193011261,-0.015312766287155364,phone_A
713,5,16,Laying,7.485125274310512,0.2890775740382734,6.374704029446376,0.002847485859101285,0.014581513476813785,-0.011345851425102908,phone_A
714,5,17,Laying,7.448286140019946,0.25552261359641737,6.309066584593512,0.014177232255905147,0.013347555663387654,-0.011787465146839798,phone_A
715,5,18,Laying,7.43411678876971,0.2689327493732849,6.337402659253792,-0.00662397403367884,0.01641818213646889,-0.006121084195598184,phone_A
716,5,19,Laying,7.443613660871536,0.22945091754578376,6.361638894175921,-0.0024269460542906225,0.007931891461598749,-0.01409483616396752,phone_A
717,5,20,Laying,7.470096023617846,0.24723988170331523,6.347842735831575,0.017535403059669635,0.01630832261412706,-0.00790874670210139,phone_A
718,5,21,Laying,7.440060849272582,0.2395360590516765,6.303958913184824,0.011061749742250852,0.01695986112984392,-0.01136611212981147,phone_A
719,5,22,Laying,7.446090573115075,0.2709768110487085,6.319287721224315,0.0011483746862625136,0.007506653907495733,-6.026526296519508e-06,phone_A
720,5,23,Laying,7.471542069684425,0.19562555731746734,6.3198055813686125,0.0033294892915412383,0.011522189994194059,-0.01892014147481949,phone_A
721,6,0,Walking,0.051674589609767965,-0.8369391489081879,9.735794067891435,-0.3914705469419583,0.06801650271944336,-0.13685896815731197,phone_B
722,6,1,Walking,-0.8394165435875289,-0.5910233784725967,9.47015437849099,-0.2875821445756619,-0.1271154872240359,-0.07179937060177742,phone_B
723,6,2,Walking,-1.299525629428605,-0.08063457241271135,9.388679238596655,-0.09443380020010717,-0.16659167209498577,0.03538325908330778,phone_B
724,6,3,Walking,-0.9955113001275031,0.30757894990812196,9.58543729772016,0.1724114395572225,-0.2477914045157641,0.15128374653322965,phone_B
725,6,4,Walking,-0.7458832366996421,0.8381524021041966,9.649699301164837,0.3817470451281219,-0.13739680255954162,0.19452745598813026,phone_B
726,6,5,Walking,0.014369786142616948,0.9828881377347374,10.101918034845651,0.5217976551565356,0.054836384478582544,0.13109405960312037,phone_B
727,6,6,Walking,0.6685822995180903,0.7626449501255006,10.178392389709085,0.46580719047934194,0.16702496653688692,0.11894886377820159,phone_B
728,6,7,Walking,1.1749197336478687,0.5923641409044408,9.950383512839306,0.3148042378473023,0.3402688616157957,0.09579527149923697,phone_B
729,6,8,Walking,1.6977180206489417,0.12352268485168189,10.192884710381916,0.027877283782690776,0.3585636977247322,-0.02821836258934561,phone_B
730,6,9,Walking,1.1430833050661018,-0.26260292546798886,9.822630705718174,-0.1778824579046448,0.31413211215556186,-0.09330352880744386,phone_B
731,6,10,Walking,0.8352022392794598,-0.39583105109589034,9.747468258941046,-0.3716050774457345,0.21293402124895847,-0.16662475419982353,phone_B
732,6,11,Walking,0.11435282260495958,-0.5769519037167417,9.857584625556814,-0.4151055789228279,0.04799703264581818,-0.12920527338073381,phone_B
733,6,12,Walking,-0.6353889149566969,-0.43780868327651323,9.440236949616079,-0.2800826891893565,-0.11640235727747539,-0.030301588212661053,phone_B
734,6,13,Walking,-1.0556953110547833,-0.1240499384849291,9.400642442228909,-0.04350871852707924,-0.2198614776091442,0.03535997822615573,phone_B
735,6,14,Walking,-1.2597733468307617,0.5371592979465395,9.645634215147219,0.12945461590119195,-0.19721395898552424,0.1144335086665835,phone_B
736,6,15,Walking,-0.8557431797575245,0.8051405623652977,9.764321896830571,0.3718986078239573,-0.13050564444211674,0.1711265499501501,phone_B
737,6,16,Walking,-0.081857025871146,0.9364914881787917,9.841142768616928,0.5299224764496742,-0.00906857958684763,0.17937807956119523,phone_B
738,6,17,Walking,0.6318451081065228,1.1127352384386713,9.969763566919301,0.4535532076991468,0.1600159407938067,0.13849302931783858,phone_B
739,6,18,Walking,1.1377165257729491,0.5819639762025041,9.88982030309764,0.3304566021724903,0.3072292939932653,0.020224949985432207,phone_B
740,6,19,Walking,1.720680955357846,0.06750886046461166,10.201696079692118,0.07350588736186257,0.42147221178379457,-0.00879225909592574,phone_B
741,6,20,Walking,1.3234400856742312,-0.32414095874360355,10.037809734152248,-0.16219501197760525,0.34591322248476525,-0.06620881222066,phone_B
742,6,21,Walking,0.8200908171034661,-0.5286865562427078,9.883784566741989,-0.31852992198949603,0.23162667955701396,-0.13930285537766937,phone_B
743,6,22,Walking,-0.05526223488092258,-0.7776144569109467,9.617511270480925,-0.40476799142183234,0.07537491721927107,-0.09313988547280648,phone_B
744,6,23,Walking,-0.7321428901617676,-0.5414737276349647,9.477159633858204,-0.3414501415240964,-0.04993841854581713,-0.04045786921929233,phone_B
745,6,0,Walking Upstairs,2.220145458777154,0.6630344962123753,10.760154927217412,0.4196197570861434,0.5172814083406192,0.08040444439364684,phone_B
746,6,1,Walking Upstairs,2.0301868771676235,0.21973377460822247,10.724800678400848,6.714818401621844e-05,0.528967368281498,-0.09397872010604114,phone_B
747,6,2,Walking Upstairs,1.6475864642048867,-0.47769808012452475,9.939549491404893,-0.34032563537917543,0.4491136124027205,-0.17893965567390957,phone_B
748,6,3,Walking Upstairs,0.619510301807531,-0.8307349302940035,9.813984751228634,-0.5215033399818565,0.2502885759563707,-0.1152783046602566,phone_B
749,6,4,Walking Upstairs,-0.5798331141770197,-0.5022358649408145,9.747851372980712,-0.4486047571573414,-0.027714593572563517,-0.08146531751874408,phone_B
750,6,5,Walking Upstairs,-1.279944001636426,-0.012871997803389181,9.694082282359428,-0.07614115139065186,-0.275124697795563,0.0853448784101554,phone_B
751,6,6,Walking Upstairs,-1.216561752387015,0.7803960072597659,9.835432539215867,0.38295968352542775,-0.18506099879941357,0.22660253903601596,phone_B
752,6,7,Walking Upstairs,-0.43433539984863734,1.3241579552565073,10.096794025449753,0.6081703180571741,-0.041674309682746914,0.30370529694279647,phone_B
753,6,8,Walking Upstairs,0.5332744650874822,1.5394436519396377,10.572473607166025,0.7974449904149414,0.2151667289657607,0.27065841132790097,phone_B
754,6,9,Walking Upstairs,1.6965648446623773,1.3267783234810726,10.546235687493287,0.5784508622260801,0.4793628519586044,0.1879590118868718,phone_B
755,6,10,Walking Upstairs,2.2048113856499403,0.4799026430808757,10.8021985713529,0.23843470745250223,0.5691904445160437,0.009991728199457572,phone_B
756,6,11,Walking Upstairs,2.1110487058222756,0.04053942118946294,10.541332000339482,-0.19660922385683322,0.5309151360151008,-0.10789288870435096,phone_B
757,6,12,Walking Upstairs,1.0888410252377683,-0.640338901081943,9.955464275705559,-0.4470199635655149,0.3111704710156566,-0.18031906926549743,phone_B
758,6,13,Walking Upstairs,-0.04854695518674262,-0.47629491087458575,9.706398016005748,-0.5268935379838813,0.06746468563341479,-0.0798445693811167,phone_B
759,6,14,Walking Upstairs,-1.3689449325328136,-0.44112372198089544,9.94062641313453,-0.2624058050159421,-0.1622378811274166,0.0014933246217632469,phone_B
760,6,15,Walking Upstairs,-1.3951940621744159,0.4561604418614244,9.930944575399902,0.13164809187809362,-0.2307108131449197,0.16975357861713058,phone_B
761,6,16,Walking Upstairs,-1.1034730624833042,0.9035806391348863,9.797079107984738,0.4804617464340866,-0.15438148530763623,0.22992479574016997,phone_B
762,6,17,Walking Upstairs,-0.004052834905847208,1.2717110271658947,10.004728919860007,0.7227992255203017,0.07357571255109015,0.2694150472464033,phone_B
763,6,18,Walking Upstairs,1.3027046918197134,1.282310530493309,10.780178822100126,0.7131430497776515,0.3425374630452939,0.19416866814467384,phone_B
764,6,19,Walking Upstairs,1.9715911997387934,0.7817157834949775,10.78340952876642,0.4226519127945622,0.5107090245519575,0.10484023087171296,phone_B
765,6,20,Walking Upstairs,2.224216868580376,0.11710869692440692,10.627885090618369,0.01125967156735621,0.5558240367944589,-0.06205474807251154,phone_B
766,6,21,Walking Upstairs,1.5473258773802687,-0.5705140836461096,10.086030453004081,-0.3666998232840726,0.46921058271104477,-0.17351677617472194,phone_B
767,6,22,Walking Upstairs,0.8589955858483302,-0.6406205786942203,10.068892470931667,-0.5090876931842654,0.2646164416687427,-0.17788030020483736,phone_B
768,6,23,Walking Upstairs,-0.8831915585936536,-0.6303832383148039,9.726852575852591,-0.42469398084417476,-0.02646583745363663,-0.036096833175878355,phone_B
769,6,0,Walking Downstairs,2.0570232598646543,-0.8865134202951007,9.645667236026542,-0.38273298604853745,0.31313436207762396,-0.2612438541584312,phone_B
770,6,1,Walking Downstairs,0.766962349275758,-1.516745334221945,9.182045954321971,-0.8644474020216008,0.0186413090860892,-0.32244451286150594,phone_B
771,6,2,Walking Downstairs,-0.8152245170515567,-1.352646352016663,8.855497669954016,-0.8544464767357931,-0.3227905322096505,-0.2537112576535454,phone_B
772,6,3,Walking Downstairs,-1.926651975882639,-0.8034921485269523,8.658131545683965,-0.46728912180701593,-0.582626129231114,-0.06001933091058506,phone_B
773,6,4,Walking Downstairs,-2.256576861509317,-0.17854777405569336,8.925129304404983,0.09518801896547804,-0.6202200168768522,0.11655490712679786,phone_B
774,6,5,Walking Downstairs,-1.3507355294452827,0.7194282005618914,9.440719542116081,0.5660391309781194,-0.44660583586406116,0.23779800097112697,phone_B
775,6,6,Walking Downstairs,0.1278741656445559,0.9676098796010225,10.059747362906393,0.7133355305214858,-0.09091470012184279,0.18534137677719942,phone_B
776,6,7,Walking Downstairs,1.6455955761363579,0.25838525584434635,9.996171848233313,0.4135659610108269,0.22575717274854767,0.033075612668459646,phone_B
777,6,8,Walking Downstairs,2.2807470141621438,-0.33745363404950984,9.846514853931485,-0.12272051104184667,0.34427701946308437,-0.16884944102104513,phone_B
778,6,9,Walking Downstairs,1.4835306582577112,-0.891778625568654,9.268430933503726,-0.6709685018853596,0.2099263698764531,-0.3170079945172888,phone_B
779,6,10,Walking Downstairs,0.18133119935594666,-1.4515001761971638,9.01796733826638,-0.9069758819282041,-0.12123291739620276,-0.3043021498638493,phone_B
780,6,11,Walking Downstairs,-1.4472040345720198,-1.284106747845485,8.730334769606166,-0.7044284336669602,-0.4926339935707126,-0.20163491718269466,phone_B
781,6,12,Walking Downstairs,-2.4378191156542246,-0.34393390644601246,8.764923576659111,-0.20992227128192564,-0.6772053278669424,0.06031020127872502,phone_B
782,6,13,Walking Downstairs,-1.9588172423719317,0.4883335312777484,9.212611289025723,0.31649488779459006,-0.5773437493430105,0.17647179709229127,phone_B
783,6,14,Walking Downstairs,-0.24639530116222463,1.0457173059776654,9.823024227050553,0.7045010579568445,-0.2598346932913536,0.18742535307844302,phone_B
784,6,15,Walking Downstairs,1.1134453343915989,0.7146807754170745,10.216641888310098,0.6085111648506052,0.022792869684601702,0.1067478200665959,phone_B
785,6,16,Walking Downstairs,2.098962224834028,0.15427267784759632,10.173399367827628,0.14426752099697404,0.2914474411450625,-0.07002118422939577,phone_B
786,6,17,Walking Downstairs,1.978582448057304,-0.7968100725283791,9.933882555602848,-0.43279520873532207,0.32154115920697923,-0.24107901207014223,phone_B
787,6,18,Walking Downstairs,0.6861817827838383,-1.5886820894390359,9.279730459433527,-0.7776374194653107,0.07778311183424404,-0.36061878469751485,phone_B
788,6,19,Walking Downstairs,-1.0844381972534745,-1.4037981155244506,8.815828014488357,-0.836399511293902,-0.3187546102263128,-0.24467976129754554,phone_B
789,6,20,Walking Downstairs,-1.8512307715599485,-0.9608421871057744,8.61750983591085,-0.5045346690379063,-0.5653497439272771,-0.08435761890706187,phone_B
790,6,21,Walking Downstairs,-2.0883647384699326,-0.03640939665295287,8.725351678328394,0.11420852997520933,-0.6514126577952508,0.08838681867502429,phone_B
791,6,22,Walking Downstairs,-1.3450220765223568,0.8125139033247674,9.316787257214076,0.547689433183854,-0.4399911835748085,0.213558642302325,phone_B
792,6,23,Walking Downstairs,-0.08337640874039587,1.2658438820478166,9.837119390609676,0.7076787261187293,-0.1242115330702328,0.16849099641920573,phone_B
793,6,0,Sitting,0.29963660457331337,-0.10720884900545431,9.850703000350391,-0.0203123676323612,-0.008385576410107046,-0.0074303014683044484,phone_B
794,6,1,Sitting,0.2912038786500352,-0.13747303939955577,9.798092879293952,-0.027252432982589322,-0.01314131548607633,-0.010206875152368407,phone_B
795,6,2,Sitting,0.21519163991169565,-0.10600331145553568,9.7800196481091,-0.02074877648294833,-0.00030230017188325863,-0.002269548008157824,phone_B
796,6,3,Sitting,0.2569398766990848,-0.1099175460507569,9.79156168301549,-0.020467227760847556,-0.008589203125016499,0.0011866714192601043,phone_B
797,6,4,Sitting,0.2717858253961235,-0.0660740793214148,9.811277049422387,-0.012401862559516823,-0.011014635575621672,-0.004542474592719349,phone_B
798,6,5,Sitting,0.29742089356276075,-0.12269209203194094,9.823778609822966,-0.004127639291170707,-0.018565415322843185,-0.006496637151133066,phone_B
799,6,6,Sitting,0.23084224664148972,-0.08085813079693249,9.78985398988324,-0.006614584962263019,-0.006378464422084274,0.0011270898987501884,phone_B
800,6,7,Sitting,0.2202087847051461,-0.06959877726228429,9.80755146890522,-0.010916718632018502,0.0020195988162977387,-0.000632575594796986,phone_B
801,6,8,Sitting,0.2105172318913868,-0.06361234752854054,9.796702545750108,-0.014804507267221313,-0.017588630130259526,-0.0031551836714800515,phone_B
802,6,9,Sitting,0.2622151109746299,-0.049915931675929975,9.844204873239418,-0.012855848314911017,-0.014943404998722242,0.0018566841577194466,phone_B
803,6,10,Sitting,0.2220253172350074,-0.06750926299426073,9.84296518074509,-0.00697765453831321,-0.010603553635291738,0.010487234224904428,phone_B
804,6,11,Sitting,0.23274273893673378,-0.027183519117810962,9.846880425971502,-0.012290540866686826,-0.018746260335062274,-0.003376698210975544,phone_B
805,6,12,Sitting,0.21534196869303068,-0.055007658235933135,9.84938502450165,0.005453819514372315,-0.010365979450895261,-0.00037163784854715243,phone_B
806,6,13,Sitting,0.18470019605669755,-0.04705986010047817,9.835936793185567,0.00043373497042414064,0.00043325818574778234,0.010402952569419883,phone_B
807,6,14,Sitting,0.25679562097471453,-0.06896565127606877,9.823884298429405,0.00017501033380720884,-0.01675340862677922,0.006594415435465252,phone_B
808,6,15,Sitting,0.2468716299735909,-0.06824959187861593,9.868180493487671,0.002751797328162236,-0.022280440081987252,0.003887249255301785,phone_B
809,6,16,Sitting,0.24612101292728591,-0.012913183628558061,9.831498792200604,0.008476770509599253,-0.010497675584408695,-0.0031236418788648723,phone_B
810,6,17,Sitting,0.20520871658243678,-0.0054464962692938775,9.871625320379684,0.0067866961582569805,-0.002272028580378239,0.011641902745952296,phone_B
811,6,18,Sitting,0.25952150043621974,-0.05268013579446456,9.886904799430846,0.00936778136996402,-0.01310057748519637,0.0017890581101672543,phone_B
812,6,19,Sitting,0.2510277728378512,-0.06819231268170611,9.863095955144093,0.0016818925740863114,-0.008017547159386393,0.003123206538386906,phone_B
813,6,20,Sitting,0.24049618203269735,-0.04201016548148054,9.84363786950856,0.01993782482177529,-0.0013062201623377356,0.008789068038389653,phone_B
814,6,21,Sitting,0.24927843630459645,0.0011724110893823539,9.878049058372945,0.004758365246815082,-0.00938017535719646,-0.003907797257184315,phone_B
815,6,22,Sitting,0.2810808718606032,0.03465472044403775,9.853986629057403,-0.0019465614447536344,-0.0044890675118509065,0.0019114366438566805,phone_B
816,6,23,Sitting,0.23978142583813727,0.0014439290539445988,9.86057328338836,0.008864992563387988,-0.011199583713006106,0.008351345497221814,phone_B
817,6,0,Standing,0.11914686082722803,0.14124521680645008,9.824290005171479,-0.01855215233060514,-0.0031548446849966267,-0.010229389890819783,phone_B
818,6,1,Standing,0.06861331994375333,0.13441179521762425,9.795572810563241,-0.018090097856236574,0.006247631926317261,-0.009513502915271753,phone_B
819,6,2,Standing,0.10899137164124906,0.15713100259997478,9.811340327184894,-0.030412587347075942,0.011710374514034609,-0.024833099771914197,phone_B
820,6,3,Standing,0.1266430720676991,0.15003235135339216,9.808848352463192,-0.02392947167076721,0.0026091855844987515,-0.025305943657408875,phone_B
821,6,4,Standing,0.10362890806876514,0.12495115049759567,9.780737219261413,-0.018852774404466796,0.001390287815388083,-0.017566596320293157,phone_B
822,6,5,Standing,0.11380690513821916,0.14001887528188503,9.771315054990055,-0.023075220725748358,-0.009617686259564329,-0.019075651514558818,phone_B
823,6,6,Standing,0.0940461385776023,0.14533482434101863,9.750131018554665,-0.031176672511752018,-0.00801161732779718,-0.01900873243510107,phone_B
824,6,7,Standing,0.08009054435628953,0.1606428659999691,9.75473267418824,-0.029117649980708087,-0.0032117714232661916,-0.011071007464316655,phone_B
825,6,8,Standing,0.05155558936113045,0.12035962822552973,9.770740995306738,-0.026821149347013237,-0.01058361589829922,-0.016757765977651967,phone_B
826,6,9,Standing,0.07929055604322241,0.13718737074302914,9.754836358999212,-0.020924917035068772,-0.034150193217887884,-0.011605188665420504,phone_B
827,6,10,Standing,0.03815509283611298,0.17218079542957923,9.731634347558199,-0.009761234456079435,-0.015867626463755648,-0.0020328204197724463,phone_B
828,6,11,Standing,0.032201489923736296,0.18208030948298412,9.74036219105988,-0.010515149030832834,-0.027640335878973056,-0.018015314072776754,phone_B
829,6,12,Standing,-0.0027096098097442803,0.1627909060819644,9.755386509798248,-0.010317091112203714,-0.03589418993126624,-0.01934599674664776,phone_B
830,6,13,Standing,0.05243903690604562,0.19184494782351005,9.749125525444429,-0.010117536298611157,-0.020743860263011317,-0.0024778042395521716,phone_B
831,6,14,Standing,0.015519187360063604,0.20382400859781152,9.756975031260287,-0.007214263254604251,-0.028546929728218505,-0.004991473613611868,phone_B
832,6,15,Standing,-0.0032221758484563684,0.18597306508024078,9.776510258024187,-0.01080207383822471,-0.024951724443665023,-0.007547188243410224,phone_B
833,6,16,Standing,-0.0031345281983573958,0.18489346427789094,9.785527300581611,-0.01417958776381015,-0.02546745451892608,-0.004076999372942576,phone_B
834,6,17,Standing,0.02975847821127994,0.18876526052775008,9.77678450453876,0.013184217447190026,-0.033242420679631936,0.009079440565512562,phone_B
835,6,18,Standing,-0.0016496650974206664,0.21976656625856042,9.781674404767346,0.010036752912293698,-0.0361628781235853,-0.0026290390203403896,phone_B
836,6,19,Standing,-0.019275891609706823,0.22064875415818147,9.77679059010701,0.012501879631641014,-0.024392721900974516,-0.0010030288602607311,phone_B
837,6,20,Standing,-0.02113812590910147,0.1910321119145204,9.835892964364776,0.013361535850893383,-0.029211777996712138,-0.0016837060320327064,phone_B
838,6,21,Standing,-0.001095105504709513,0.24835253196047194,9.782040145947896,0.021243965721796928,-0.01778871757836075,0.0020913204163524714,phone_B
839,6,22,Standing,-0.023713834176599728,0.2221569211596257,9.832103427336826,0.024223672792902405,-0.031746820550890786,0.009302714028526787,phone_B
840,6,23,Standing,-0.014525465736182522,0.2745248316179452,9.786360821757187,0.019474080357691353,-0.0262684705284739,0.009142732465259103,phone_B
841,6,0,Laying,7.508056415954917,0.15929389175917028,6.409346425432445,-0.0008259187277646317,-0.0021253460914154006,-0.0009604770515943247,phone_B
842,6,1,Laying,7.4897001793461,0.1576021775281162,6.372839264301614,-0.012321853421371133,-0.009012876646557555,9.347360085760592e-05,phone_B
843,6,2,Laying,7.494324004334375,0.18015507848754433,6.380972615967828,0.005010718048985094,-0.0055413260648986325,0.0014277625867464246,phone_B
844,6,3,Laying,7.4834487531864955,0.1452816176340609,6.369764706818704,-0.010869507558505517,-0.010414480549267717,-0.0006560827251248617,phone_B
845,6,4,Laying,7.517067349722452,0.15839719094097282,6.355409412401281,0.0007104110121062173,-0.008303123683159847,-0.01559509667372231,phone_B
846,6,5,Laying,7.494568183736825,0.17572240693832464,6.3284424244093,-0.0008613835626213428,0.0022897605316817256,-0.00260796300989595,phone_B
847,6,6,Laying,7.5067836449632885,0.11803154774134578,6.411753508375407,-0.0014722475559106824,-0.006930999842420062,0.01040794981145068,phone_B
848,6,7,Laying,7.523399773139911,0.1306213260051517,6.355514611669822,0.002561363076866708,-0.010922263399267634,-0.010102264227927352,phone_B
849,6,8,Laying,7.50575310547232,0.11737847057293545,6.412764716920179,0.0012140239113514883,-0.012553259368220658,-0.0012796422684081847,phone_B
850,6,9,Laying,7.460158423380968,0.1287564796159304,6.398462681987703,0.014101786863043113,-0.002686520538685581,0.00266207110964418,phone_B
851,6,10,Laying,7.496990855216091,0.13417324005427228,6.425279946428481,0.00013136036137401477,0.005747998494901481,0.011868164165750691,phone_B
852,6,11,Laying,7.464752763966464,0.14325871197988585,6.357823512598905,0.001331340331981873,-0.007186957218485623,0.021767099178810742,phone_B
853,6,12,Laying,7.48191009962923,0.16742888957401705,6.390757124840947,0.0023401222823628723,-0.0060219577978704196,-0.0022073020109966484,phone_B
854,6,13,Laying,7.5121550983231025,0.17625797816937647,6.384358420645935,0.006301268357433566,0.0019556428809927905,0.009943902948265467,phone_B
855,6,14,Laying,7.5120100330590125,0.1359147231185675,6.3620196036851615,0.0020829796176462098,-0.004822248468890754,0.0017007465718781468,phone_B
856,6,15,Laying,7.487650008030511,0.1372028562656396,6.336617085679795,0.0025008047799028633,-0.01495039853722541,-0.0011962364595608415,phone_B
857,6,16,Laying,7.502090596510538,0.1351687227450093,6.388290646359182,0.00884949698002854,-0.009205266673074457,0.002407938998184794,phone_B
858,6,17,Laying,7.526345841248048,0.1523316174213804,6.360150324816834,0.012071601279247817,-0.0003605897064139739,0.008849103223368047,phone_B
859,6,18,Laying,7.537098156553554,0.12231678812958108,6.414505864510908,0.007715161533087864,0.0006607081713764281,0.007758523829208502,phone_B
860,6,19,Laying,7.516299771543492,0.16638222969302907,6.390797270843234,0.003947162501652681,8.317894467945938e-05,-0.003901821801681732,phone_B
861,6,20,Laying,7.502727044359092,0.22584732092764398,6.36694058923572,0.004824081530793343,-0.010122115761446596,0.007798569304525185,phone_B
862,6,21,Laying,7.499117147066239,0.1714905765180107,6.404801295064776,0.0024848364080230535,0.00021936865820659183,0.010868290809564304,phone_B
863,6,22,Laying,7.545219746958497,0.18098769791669164,6.465609039406808,0.013407616046830547,-0.0022325134932637647,0.0008152943386296472,phone_B
864,6,23,Laying,7.517803253231535,0.2144119010915514,6.428322543015182,0.0163342545578124,0.0008753462976415034,-0.0013429900393146926,phone_B
865,7,0,Walking,0.5291207485024529,-0.811617648603831,9.53864659612113,-0.41831319775762515,0.11683723615967806,-0.10537474848065576,phone_A
866,7,1,Walking,-0.40621524771542056,-0.5872704753061394,9.517224036052005,-0.3952806246340329,0.014285509471316403,-0.10668040548737182,phone_A
867,7,2,Walking,-1.1955137939517084,-0.4367318010541172,9.246791800805392,-0.2555516484215786,-0.09212469177556736,-0.058013472428703305,phone_A
868,7,3,Walking,-1.2583123006360446,-0.1663721214070903,9.442653917238994,-0.009538449143934325,-0.20279219839593263,0.0414576125918666,phone_A
869,7,4,Walking,-1.2956354530631244,0.5069516019377651,9.678361458966881,0.24401416201065682,-0.21317733941357045,0.14671495789828842,phone_A
870,7,5,Walking,-0.4125234589288387,0.7509673600069392,9.834166434307017,0.4064329658703156,-0.08466294428108567,0.19232855860032552,phone_A
871,7,6,Walking,0.08760206971058934,0.7832338386195637,9.755107852909685,0.526442979944481,0.10555142953359137,0.20666000202337304,phone_A
872,7,7,Walking,1.0123751234598846,0.7789015417168772,9.9487886048997,0.47225567846933647,0.2555852754244477,0.09221653236839207,phone_A
873,7,8,Walking,1.204715797563664,0.49536010218152243,9.997436717413787,0.25420961975294465,0.37875372291514003,0.05579419539146731,phone_A
874,7,9,Walking,1.6321540007651874,-0.2342114844248918,9.970246476623494,0.025437539987037357,0.3445936995649878,-0.06249995089666613,phone_A
875,7,10,Walking,1.0817200235275586,-0.4143119010116498,9.969418148627419,-0.17451473601306827,0.30026023545221636,-0.09307093698973279,phone_A
876,7,11,Walking,0.616121906971441,-0.6315734404320312,9.620907427478526,-0.36439563752307325,0.22705408909363772,-0.09722793675987466,phone_A
877,7,12,Walking,-0.3579452127401148,-0.609144537195982,9.506380562120086,-0.37904519321747565,0.04605196467689847,-0.09131299606014397,phone_A
878,7,13,Walking,-0.889960399814951,-0.4737305552156272,9.064775139610564,-0.26723153418623097,-0.14535914780041512,-0.058530660494921914,phone_A
879,7,14,Walking,-1.115982709582825,-0.035888511024205,9.321202978295139,-0.05890577899384529,-0.2014018675535037,0.0805271373213573,phone_A
880,7,15,Walking,-1.3356500047291064,0.3484361349556281,9.551370954714507,0.15735681255001527,-0.19917732260476576,0.12074191175331592,phone_A
881,7,16,Walking,-0.7912048829786249,0.6490765399012559,9.652625349262676,0.45649176149603443,-0.10699282536667598,0.18204318297060937,phone_A
882,7,17,Walking,0.1914977337536543,0.806210267761959,10.050450794761455,0.5001880020578338,0.10149695575514273,0.19085110297915509,phone_A
883,7,18,Walking,0.7558269531745845,0.7792299005829514,9.900852238440885,0.4540772785902702,0.24370768360976294,0.1240098225929001,phone_A
884,7,19,Walking,1.248644373014229,0.4503558261574789,10.139812976095216,0.31031760938398445,0.32623741856654415,0.029629630949988616,phone_A
885,7,20,Walking,1.5239074876340337,0.2310239338083846,10.091140488618645,0.004981842827510435,0.37740256237217007,-0.060866105262031664,phone_A
886,7,21,Walking,1.2024095903568615,-0.18382630790489884,9.62463210591038,-0.24273600552499022,0.3110320382959934,-0.0941797662890321,phone_A
887,7,22,Walking,0.7054382478497228,-0.6072497831999338,9.73624439081769,-0.40574731252305785,0.23211928624497968,-0.1328908258774046,phone_A
888,7,23,Walking,-0.056610595900862745,-0.8730240059569117,9.415995838562639,-0.3864024180436146,0.06516088105554982,-0.1410231927962097,phone_A
889,7,0,Walking Upstairs,0.16089891686449542,1.4361513539553696,10.477183374009583,0.8040783267818762,0.17345373538311806,0.299808219502599,phone_A
890,7,1,Walking Upstairs,1.5551473208690458,0.9430215097162085,10.68247668486253,0.6568323578286923,0.4249639739856408,0.14640539777935968,phone_A
891,7,2,Walking Upstairs,2.1387547791874804,0.39808545989388777,10.582578698458043,0.2783937409629883,0.5901563534007092,0.015122017008648365,phone_A
892,7,3,Walking Upstairs,1.8442768625785788,-0.15614010333524225,10.491745478817188,-0.0829839184773836,0.5125423869544401,-0.09192240330478404,phone_A
893,7,4,Walking Upstairs,1.0055573683839039,-0.5696457519676026,9.895151909640205,-0.4666095932552135,0.3598342379821089,-0.16220262369285318,phone_A
894,7,5,Walking Upstairs,0.024686569097085442,-0.7517360355499889,9.666116638885562,-0.5526453143252055,0.13719650453691282,-0.12662349142483098,phone_A
895,7,6,Walking Upstairs,-0.9016213426963035,-0.5570980813504801,9.298901187447152,-0.320751412712559,-0.07680652645198144,-0.0054763865385888235,phone_A
896,7,7,Walking Upstairs,-1.5378227062509975,0.07479572384818695,9.765517538827591,0.039281368806924094,-0.23241415851139136,0.1527520344032589,phone_A
897,7,8,Walking Upstairs,-1.4568748723462668,1.0240021572443545,9.905333010128887,0.49630133995658,-0.13816861215185453,0.2525611594348817,phone_A
898,7,9,Walking Upstairs,-0.44686899847262707,1.2961158901693166,10.08590954175133,0.7470816120191363,0.07135045526996796,0.3321241011547895,phone_A
899,7,10,Walking Upstairs,0.8913754058125816,1.4303574580835714,10.480114482944026,0.72680194346638,0.3221459661545109,0.22847709522592427,phone_A
900,7,11,Walking Upstairs,1.8069318717145608,0.7604375829288512,10.53184309759891,0.4995913314711507,0.5386639292379108,0.0847025333005572,phone_A
901,7,12,Walking Upstairs,2.1553652488433075,0.13526320138104678,10.519372047615969,0.11223611272456477,0.6034087369871755,-0.01723029171545174,phone_A
902,7,13,Walking Upstairs,1.8505870632792993,-0.5418306271579088,10.08719233286615,-0.32920581119426917,0.4761125161751978,-0.19866551262486806,phone_A
903,7,14,Walking Upstairs,0.5799306128432159,-0.871687388984575,9.926906127448824,-0.5085540578736798,0.24152202258998967,-0.1408394851228921,phone_A
904,7,15,Walking Upstairs,-0.4617444716369739,-0.7934945940508512,9.496695661245775,-0.5109119209147011,-0.0270288477556,-0.09642356290526327,phone_A
905,7,16,Walking Upstairs,-1.3455891514441003,-0.29969836466213984,9.429146546333339,-0.18158308419590924,-0.17458517955997424,0.07140005528713798,phone_A
906,7,17,Walking Upstairs,-1.426502901196091,0.5240470754154722,9.479953723105574,0.2523972674024908,-0.21577850502447296,0.1920091431838171,phone_A
907,7,18,Walking Upstairs,-0.849943525859885,1.2987613674020375,10.102598080048715,0.6007865563535386,-0.05178121722569405,0.30283213824676014,phone_A
908,7,19,Walking Upstairs,0.13785505309655666,1.47704134455787,10.349502332493199,0.7364644547181823,0.1856442060899097,0.284818782221156,phone_A
909,7,20,Walking Upstairs,1.3195239695513272,1.1566471549341735,10.51679551576955,0.6604907903260704,0.4203472354896763,0.1870814502157327,phone_A
910,7,21,Walking Upstairs,2.053896896528172,0.4368671280865972,10.502497893184886,0.24387920700949312,0.5831508534908998,0.007585189590724899,phone_A
911,7,22,Walking Upstairs,1.9643194495990715,-0.09165380629253314,10.458385247768195,-0.15145748327052422,0.5534857496450969,-0.05307007111996326,phone_A
912,7,23,Walking Upstairs,1.3909613747218366,-0.5565019853997356,10.066346506912348,-0.46487148033530146,0.40348755933608516,-0.16348265362440245,phone_A
913,7,0,Walking Downstairs,0.6879836612704876,0.8315997940830513,9.897469632292019,0.6322769357990553,0.07895938316311905,0.11992499720604503,phone_A
914,7,1,Walking Downstairs,1.6997156820072676,0.36919631022311905,10.267004879712498,0.21999493994487646,0.28283127211693965,-0.06508246494294176,phone_A
915,7,2,Walking Downstairs,1.9610162152282604,-0.6026688828515887,9.544825723020974,-0.3714218901647049,0.3296958057966672,-0.2027439922180935,phone_A
916,7,3,Walking Downstairs,0.8194144417553373,-1.6604197157209115,9.263274694643806,-0.776599329904317,0.08653373267403866,-0.2982748975625434,phone_A
917,7,4,Walking Downstairs,-0.7726656673143885,-1.685462212497015,8.847764380406103,-0.8634672324490839,-0.2574089232669495,-0.21657536420753137,phone_A
918,7,5,Walking Downstairs,-2.1349016754384116,-1.1055585188358774,8.558605578326997,-0.5520906992973004,-0.5438610602195133,-0.09447489141746479,phone_A
919,7,6,Walking Downstairs,-2.46313648640554,-0.11452900903887138,8.750657579152133,0.04962649497012715,-0.6299091224284785,0.11056057285809714,phone_A
920,7,7,Walking Downstairs,-1.5096096724315147,0.6666638432497658,9.111103513840979,0.5329709596453192,-0.4671594289284607,0.2562561314086453,phone_A
921,7,8,Walking Downstairs,0.12620392218837084,1.0489734159055488,9.742470720071637,0.6981862087138027,-0.14645333003596483,0.1898680101196531,phone_A
922,7,9,Walking Downstairs,1.419722079036512,0.6086835815958925,10.026204483736864,0.4822591074055372,0.19559182695818653,0.03549798767965809,phone_A
923,7,10,Walking Downstairs,2.202175730943049,-0.1898146376985076,9.82651348821007,-0.07482749326626836,0.3513548424349969,-0.13898444329281673,phone_A
924,7,11,Walking Downstairs,1.5602929516198003,-0.8635645233184186,9.48069042580958,-0.6004630137887315,0.19255578507831952,-0.2937329793733631,phone_A
925,7,12,Walking Downstairs,0.254634025078872,-1.5657895049578907,8.413066739788201,-0.8748258176885569,-0.03469063190081839,-0.34897313760983045,phone_A
926,7,13,Walking Downstairs,-1.2516292698539127,-1.7214709904198044,8.701313489420752,-0.7532888982115424,-0.49165129843952876,-0.17192058647907177,phone_A
927,7,14,Walking Downstairs,-2.179198585769109,-0.5656904179165233,8.657860883898968,-0.2836849199115092,-0.6801966630152985,0.023284045170970553,phone_A
928,7,15,Walking Downstairs,-1.8728936057055128,0.45401629461212056,8.69855750095294,0.25970289993511714,-0.6015303673096409,0.1298331367009687,phone_A
929,7,16,Walking Downstairs,-0.847426475810187,0.958691181607523,9.283429577650072,0.6819355902933001,-0.2857774820091716,0.20900302664997877,phone_A
930,7,17,Walking Downstairs,0.7118247287056049,0.6269059066955671,9.83196223495966,0.6315540110342519,0.0636992077211679,0.1469829418071068,phone_A
931,7,18,Walking Downstairs,1.8767117651721368,0.16129657277273196,10.004737324519791,0.2454268133880155,0.3104738362260823,-0.03362579098821746,phone_A
932,7,19,Walking Downstairs,1.888998604687713,-0.8219403217513099,9.762162202430003,-0.3703336001064566,0.33704595517975067,-0.2205646583852913,phone_A
933,7,20,Walking Downstairs,0.854570245973678,-1.5024242371847325,9.139035427636236,-0.839885885760348,0.10507904070414463,-0.3022370628745681,phone_A
934,7,21,Walking Downstairs,-0.5802199066786062,-1.6526469915601902,8.959679828475018,-0.8856650649735891,-0.28392170139533796,-0.28149541103996034,phone_A
935,7,22,Walking Downstairs,-2.197163222078739,-0.872367233260765,8.70420499903123,-0.5334056015526543,-0.5814716797891274,-0.04862358899291949,phone_A
936,7,23,Walking Downstairs,-2.3913418871452317,-0.1749009813374363,8.89508204120777,0.03030373322275778,-0.5858698479602892,0.10168730327718112,phone_A
937,7,0,Sitting,0.14558450372194892,-0.21826327810714594,9.701213446854418,-0.008356693648329944,0.0031910797988203253,0.00045235901584899144,phone_A
938,7,1,Sitting,0.1315808499957496,-0.16507002448735203,9.732159405514249,-0.012155189596178798,-0.0005078678986374394,-0.003959494071892275,phone_A
939,7,2,Sitting,0.17384876024533044,-0.2474077525190927,9.715218356850443,0.0012698451900545124,-0.011629768290085597,-9.473650344894941e-05,phone_A
940,7,3,Sitting,0.14785328088591299,-0.17876785045062352,9.730519499115799,-0.010630913907020806,-0.002695265544185339,0.006704556274799749,phone_A
941,7,4,Sitting,0.1445438908786792,-0.08553643823961765,9.707517916882864,-0.011512644732173088,-0.014853359198695286,-0.0007396265274551362,phone_A
942,7,5,Sitting,0.1691000641553771,-0.19599924457987322,9.64908598645188,-0.011619162725827395,0.002706540883218288,0.0034045310304396744,phone_A
943,7,6,Sitting,0.12854230775631637,-0.2064197186298675,9.713792886164672,-0.006889495771222545,-0.017075870978339912,0.010611741234352262,phone_A
944,7,7,Sitting,0.152878308366539,-0.12877561331972387,9.716710542008796,-0.005900407182596139,-0.004063526242207541,0.009690784022233598,phone_A
945,7,8,Sitting,0.08533795772488173,-0.19153500346950025,9.683534608063136,-0.009494426533899125,-0.005591284661133043,0.007120380143321702,phone_A
946,7,9,Sitting,0.15610407168121482,-0.12203911332061679,9.680115234627298,-0.006111520979779709,-0.013664714376854563,0.004747816197081731,phone_A
947,7,10,Sitting,0.13390549552748968,-0.23255032888642618,9.762373747307576,-0.0029136968039207,-0.01273087351638816,0.0181548466243593,phone_A
948,7,11,Sitting,0.1151882545638197,-0.1404597056314253,9.690259227809726,0.004881343367457069,-0.01028323147056869,0.008204785911114355,phone_A
949,7,12,Sitting,0.15232319632181449,-0.12546544683308303,9.701597467151801,0.0029560906996478594,0.005166228311385251,0.009929098656524424,phone_A
950,7,13,Sitting,0.12385368389339914,-0.13205325962186862,9.736407320879428,-0.005942442784079306,-0.01205806662335077,-0.0004881846614359468,phone_A
951,7,14,Sitting,0.09040343255981023,-0.14541597478187243,9.703105685318155,0.009652509899991037,-0.007405842578223305,0.003966532742082638,phone_A
952,7,15,Sitting,0.10123123447711839,-0.09420505416037062,9.733688720991012,0.0006099026570985702,-0.01341930382965472,0.016877493951836638,phone_A
953,7,16,Sitting,0.09439686641724421,-0.11485059389641339,9.763514829803123,0.003085207550844878,-0.015467977418456326,0.013261117397261567,phone_A
954,7,17,Sitting,0.10764904246757581,-0.1555808016359677,9.725547445503462,0.009972521250693344,-0.012637456610922602,0.00918447750055962,phone_A
955,7,18,Sitting,0.09589821613393788,-0.12057600569915258,9.695425664199682,-0.001396576925143703,0.0007155190211664952,0.01486981171307724,phone_A
956,7,19,Sitting,0.1351508761864927,-0.09088954164446603,9.730355225363567,0.003578070013382761,-0.008776266329958517,0.011049771302297087,phone_A
957,7,20,Sitting,0.13306622249591624,-0.10065013448331214,9.703228546534627,-0.000557497882583983,-0.009218251378309067,0.011997916149138562,phone_A
958,7,21,Sitting,0.07646115417143251,-0.09281301681230994,9.738755047848638,0.023916057721386327,-0.012038901618113145,0.010513870047848888,phone_A
959,7,22,Sitting,0.0979429960677892,-0.09671768320682961,9.721605339795342,0.005163639721000441,-0.010251780524057527,0.0023565632057379066,phone_A
960,7,23,Sitting,0.15112616286613628,-0.11776891298289317,9.717694441233606,0.002706704977983943,-0.012124267243420207,0.012990259240966643,phone_A
961,7,0,Standing,-0.009322814191797445,0.1014939261612604,9.68487335847979,-0.012313296355522842,0.0027257612004667232,-0.003321777196528518,phone_A
962,7,1,Standing,-0.033203778279788446,0.09127588066005002,9.689590937567065,-0.01399575086301582,-0.017421121868772052,-0.011037656187990862,phone_A
963,7,2,Standing,-0.04998833335110184,0.0870294613095495,9.658780183127533,-0.010506864294804262,-0.003509657104346293,0.002116879722110547,phone_A
964,7,3,Standing,-0.02353944368885562,0.04404675316728536,9.668307578850285,-0.020061000969014652,-0.023935719127597933,-0.005743594885551094,phone_A
965,7,4,Standing,-0.03072304897851167,0.08483524628993326,9.704031588715404,-0.014098035131716601,-0.001895383447467841,-0.0017584381517007505,phone_A
966,7,5,Standing,-0.07292276345800801,0.04554906699428794,9.679143972691824,-0.01659274559371051,-0.022875310241142262,0.006180412294518778,phone_A
967,7,6,Standing,-0.05353581169968552,0.11087331964090902,9.640594211992841,-0.011996518911280389,-0.021603802680298267,0.004610222296397137,phone_A
968,7,7,Standing,-0.051913396471558626,0.0975741566969403,9.697786796169893,-0.004133075702623728,-0.02471875634989215,0.006397779772355557,phone_A
969,7,8,Standing,-0.055519889465456725,0.14481638156034063,9.67736368392915,-0.006928946428938922,-0.026464090321856582,0.006462397579875505,phone_A
970,7,9,Standing,-0.06280009608703027,0.11280388533168956,9.658851664867923,-0.004111918412663991,-0.02875154268221593,0.00366462479319765,phone_A
971,7,10,Standing,-0.1067317708150056,0.15253873314634014,9.641815030085295,-0.0012446670965921389,-0.03334345276320206,0.01059994674424319,phone_A
972,7,11,Standing,-0.0803392603653301,0.1582592165538328,9.653730173835958,0.004908487584328475,-0.03016969358056907,0.01114219559059962,phone_A
973,7,12,Standing,-0.10991377926619975,0.12750052256533925,9.653436645200895,0.0073228240146917655,-0.03182747331797046,0.008184002788537037,phone_A
974,7,13,Standing,-0.0771640405113306,0.20243990846395737,9.62172266128944,0.00029158547260317233,-0.036326771369355804,0.010655021130020773,phone_A
975,7,14,Standing,-0.0983420903573559,0.15822081102554605,9.658441723470904,0.014308244067434967,-0.03495849941231909,0.01139689416706622,phone_A
976,7,15,Standing,-0.12092007709810154,0.11262240581402484,9.627859488284821,0.0077008569723273365,-0.026141610694301057,0.015852584296350922,phone_A
977,7,16,Standing,-0.10361874319627358,0.11494369873800413,9.62296333247938,0.021674768180498974,-0.04701766783875389,0.023160654698597984,phone_A
978,7,17,Standing,-0.1617705993178592,0.1905397203118864,9.641368928259554,0.02718428202900058,-0.010419783888175434,0.0035025359170442784,phone_A
979,7,18,Standing,-0.09494317995102414,0.13248390234464957,9.678111950934746,0.022737178820683886,-0.027925039916341075,0.012880457944744607,phone_A
980,7,19,Standing,-0.08784818138768336,0.14932231876054686,9.70262437163745,0.024463545409326652,-0.03587840303491955,0.028994819113341383,phone_A
981,7,20,Standing,-0.10303351705952703,0.24058214884071968,9.70648957177766,0.024890167346467623,-0.02646925817967209,0.02107871766035674,phone_A
982,7,21,Standing,-0.05620736404385544,0.21061697307530217,9.684913920681156,0.031025181800642114,-0.02451640991523399,0.028948803750453007,phone_A
983,7,22,Standing,-0.08639842080097719,0.19593769149216778,9.67106860413359,0.031201965787776686,-0.030657171308212147,0.017219944798930166,phone_A
984,7,23,Standing,-0.0403628769687649,0.2060529650828771,9.707533533440488,0.02167901384930454,-0.016667809800437517,0.02117995176144831,phone_A
985,7,0,Laying,7.394241636366148,0.056891566822004774,6.1880058254175765,0.005578159378795134,-0.004234316963482905,0.007216752081113281,phone_A
986,7,1,Laying,7.365313456443626,0.03440894831019698,6.247148176496826,0.010285773906786632,-0.0045358101424215775,0.0011494860824068885,phone_A
987,7,2,Laying,7.394934742972322,0.07169968153857728,6.263642740609457,0.00480888802446587,-0.023710060694796004,0.013058231033542454,phone_A
988,7,3,Laying,7.364147212396531,0.03937341843706034,6.237862146888818,0.004199330027735283,-0.015657689942415048,0.014349275087727473,phone_A
989,7,4,Laying,7.408333841697498,0.07797575367831093,6.221456082725529,-0.0035773511123168384,0.0003463537275562572,0.0013830920653465292,phone_A
990,7,5,Laying,7.4159670690342425,0.0745532274776097,6.241362589947698,-0.0073850520141468924,-0.006663304591557781,0.01445339609993181,phone_A
991,7,6,Laying,7.356138523465106,0.09302392851504705,6.246633267060549,-0.0004366118512966967,-0.0006065992549278247,-0.0021280732799519152,phone_A
992,7,7,Laying,7.398497364123059,0.12290754127510876,6.281092334727324,0.00632385130178594,-0.007474329994895728,0.007575669599571106,phone_A
993,7,8,Laying,7.382626246740059,0.0978651413966588,6.225633221258408,0.0090840432494875,0.007226979315717812,0.011314959192551035,phone_A
994,7,9,Laying,7.357045224754208,0.0524802031186462,6.2659821801229025,0.004729681740776162,-0.00019707260376986523,0.008770326140837862,phone_A
995,7,10,Laying,7.411962032063565,0.08394670719051206,6.229040656214524,0.0032237773667841167,-0.012505046977999314,0.02418362667816011,phone_A
996,7,11,Laying,7.389412689935934,0.10579489830513814,6.234746493499173,-0.0001484408238820985,-0.0065695559360104796,0.019118815557690936,phone_A
997,7,12,Laying,7.3795127863363055,0.06966515384947906,6.252897730684926,0.009681183836192667,0.004868027604207704,0.01488662102810873,phone_A
998,7,13,Laying,7.4094212240624024,0.11112141122820539,6.221054709858663,0.0014203789503138102,-0.011294857652080461,0.005011407674443944,phone_A
999,7,14,Laying,7.4140779553589224,0.10206273077298125,6.2527606035617405,-0.007854343266425532,0.007758894084275241,0.007865987260402711,phone_A
1000,7,15,Laying,7.4464346224521965,0.06020954853693624,6.231378435422043,-0.005026408347520165,-0.002164255945140059,0.006838083718035146,phone_A
1001,7,16,Laying,7.369337833993265,0.06371037906623259,6.272057726068515,0.012934264539654905,0.006791081118676543,0.009531583409480016,phone_A
1002,7,17,Laying,7.4027302731372435,0.067322531497024,6.245201304969537,0.0060122138315066385,-0.0010201847289861344,0.019933901112159796,phone_A
1003,7,18,Laying,7.423204388364986,0.07996490663113491,6.279508338259752,0.009304565489897639,-0.0054624827910596165,0.009751984286040719,phone_A
1004,7,19,Laying,7.385665646584429,0.14601570224361754,6.263215046759339,0.011043540193192612,-0.0047793024795818075,0.02883516331351107,phone_A
1005,7,20,Laying,7.433591267189693,0.0857941278960559,6.249684132218847,0.009119249251154121,-0.0020050985773982476,0.010092782743244356,phone_A
1006,7,21,Laying,7.41330113406882,0.14142286495790662,6.224687922335938,0.004025830356096594,-0.005438102774816402,0.011804508293074764,phone_A
1007,7,22,Laying,7.4537168063500125,0.13139764297910494,6.282147956434006,0.009578791864111653,-0.0039009222596068727,0.005824210177702162,phone_A
1008,7,23,Laying,7.424779663549806,0.11979705800619492,6.291706015135439,0.01024974186722745,-0.002663467104276617,0.015647652525382073,phone_A
1009,8,0,Walking,-0.5798616578918327,0.8616492847401029,9.811440442301429,0.4510174620057272,-0.12263571173507966,0.17548187093331555,phone_B
1010,8,1,Walking,-0.08929739447006504,0.7742083922399726,9.885263383926095,0.44904523135696417,0.0645660207125319,0.1354910888278052,phone_B
1011,8,2,Walking,0.6396275937654239,0.6223756033003687,10.089247891131802,0.5041524858777138,0.2499367430138573,0.06437160802978584,phone_B
1012,8,3,Walking,1.2766980785363171,0.3430131062382581,10.283183566004174,0.3002596731711003,0.30669909371252707,0.030757066781098793,phone_B
1013,8,4,Walking,1.4762068376727693,0.23157948857874952,10.168815637266402,0.0683782492265593,0.30185436870081983,-0.0570313371995753,phone_B
1014,8,5,Walking,1.5618710379900471,-0.23104106788393797,9.727029970481643,-0.19697914598087385,0.2910011727168032,-0.07799459183227692,phone_B
1015,8,6,Walking,0.752708580878102,-0.775869191655118,9.753285267131945,-0.4194535455024368,0.16781001194307757,-0.14601251916346106,phone_B
1016,8,7,Walking,0.05272959385352083,-0.9843619351003496,9.521070054226168,-0.36709192914224836,-0.006812282301097858,-0.11994438301999438,phone_B
1017,8,8,Walking,-0.7562339111111565,-0.36639364700937926,9.430713715101973,-0.29577630027781593,-0.10245182703186294,-0.09679782910110249,phone_B
1018,8,9,Walking,-1.2265735834152383,-0.25638518205592165,9.440855185393909,-0.061914252702243266,-0.20338251526505258,0.0011496695151339865,phone_B
1019,8,10,Walking,-1.204377658724355,0.4233836235426581,9.46487921503687,0.1715084615492924,-0.22650427599296238,0.09726938502389916,phone_B
1020,8,11,Walking,-1.015522487989393,0.796927959586758,9.6534126011201,0.4090280966037232,-0.1512943907412225,0.13306735017980442,phone_B
1021,8,12,Walking,0.023491463603457913,0.9476075880213487,9.971071044636123,0.515301634020814,0.0065462578536410335,0.15371514344778225,phone_B
1022,8,13,Walking,0.5758606801178768,0.892645146175831,10.018348144827012,0.508548232017991,0.1724368517947554,0.11339030792738823,phone_B
1023,8,14,Walking,1.3612006613731984,0.5117043534074173,10.128743355578605,0.31580307691457093,0.3344419559162213,0.02177310241450792,phone_B
1024,8,15,Walking,1.516016509182191,0.08934390751697721,10.218990864204894,0.07739627228464144,0.4132350425454043,-0.05038321655604053,phone_B
1025,8,16,Walking,1.3285040736772755,-0.36756769688809726,9.811139868005199,-0.19079951971091771,0.3174454272747824,-0.08676274770177828,phone_B
1026,8,17,Walking,0.7979787613390653,-0.7192942603676707,9.918853682553411,-0.3027792975870408,0.24315261350736744,-0.16766322952816107,phone_B
1027,8,18,Walking,-0.02066306130355957,-0.5387304635904634,9.61325572137212,-0.4018229343898739,0.06618665487305281,-0.10511280470687866,phone_B
1028,8,19,Walking,-0.763495341302855,-0.5767835626183279,9.576602882536799,-0.3379293170802438,-0.10868230041980943,-0.09989031816233612,phone_B
1029,8,20,Walking,-1.288710751258126,-0.31663902598858573,9.509233847123419,-0.11781994985620504,-0.2271498968729828,0.01160662329402748,phone_B
1030,8,21,Walking,-1.3780228522181248,0.2469944262328238,9.683960128237539,0.13834085927588147,-0.23094271855254456,0.10044706297269425,phone_B
1031,8,22,Walking,-1.1257537947938494,0.6566917244465088,10.09632888070502,0.3604178239013444,-0.1521296495003571,0.16378496330563075,phone_B
1032,8,23,Walking,-0.010568319617652283,0.934614588818579,9.66626508286911,0.5043261604011224,0.05964584955916227,0.17129133367556212,phone_B
1033,8,0,Walking Upstairs,2.1462372195010744,0.25602257467392986,10.875323027618336,0.19916323298779132,0.5656989505104298,-0.03300946725146002,phone_B
1034,8,1,Walking Upstairs,1.841961311719267,-0.11348971468269406,10.4810838085805,-0.2054618951214966,0.48968269682744686,-0.1820423712228775,phone_B
1035,8,2,Walking Upstairs,0.8918978880754251,-0.7559727150049061,10.216569024281114,-0.4876970030116184,0.3652473162227284,-0.20108753859805187,phone_B
1036,8,3,Walking Upstairs,-0.1493595309655069,-0.9521487052603111,9.892265188192281,-0.45268189457453656,0.023527260332888364,-0.14381636963025385,phone_B
1037,8,4,Walking Upstairs,-0.9412040477751027,-0.6027122665841455,9.696606728407172,-0.24204789889828063,-0.14651148532949365,0.0023299122186500043,phone_B
1038,8,5,Walking Upstairs,-1.2551646726949937,0.47980875627093633,9.717955693638048,0.11301461619561003,-0.2544656706006347,0.1605504225011364,phone_B
1039,8,6,Walking Upstairs,-1.249144934343278,0.8889979513891928,10.035437276004563,0.5116135659829129,-0.1395948630601042,0.3096829570216958,phone_B
1040,8,7,Walking Upstairs,-0.12204303268610216,1.2560191699503795,10.51866146017887,0.7600188163052416,0.10652206138666755,0.2750894739649877,phone_B
1041,8,8,Walking Upstairs,1.0248872923583092,1.0355905747249607,10.495303869835848,0.6734915901550321,0.33827754163223367,0.1676155283070904,phone_B
1042,8,9,Walking Upstairs,2.0648428517744266,0.7716521143126219,10.749456875015484,0.4136969781736375,0.5353450846372757,0.046640856832349586,phone_B
1043,8,10,Walking Upstairs,1.9920166619594832,0.20815373343558136,10.669248962118694,0.013823747239785439,0.5793996526785897,-0.07693588226147764,phone_B
1044,8,11,Walking Upstairs,1.6066286604695361,-0.6609765919215533,10.545745325481606,-0.3661837719637633,0.4801320273378773,-0.17438877439830486,phone_B
1045,8,12,Walking Upstairs,0.5928998884241181,-0.7656124996117553,10.066435314257763,-0.5445242375491025,0.231540538002808,-0.12578469625420047,phone_B
1046,8,13,Walking Upstairs,-0.6678278207588997,-0.6805460208790015,9.613076863413816,-0.43230085038986005,-0.004305421010384558,-0.10814463822923936,phone_B
1047,8,14,Walking Upstairs,-1.475447258756382,0.06644777761509216,9.719624471968306,-0.04099180675196478,-0.21959825401476815,0.0628973856338109,phone_B
1048,8,15,Walking Upstairs,-1.4555274644131209,0.602903836766868,9.635385380438906,0.3441857285151249,-0.20332893176541675,0.19502986725580107,phone_B
1049,8,16,Walking Upstairs,-0.7193740130939732,1.0465652070186595,10.288562804463321,0.6335556993497069,-0.04223706671405166,0.32162411064082846,phone_B
1050,8,17,Walking Upstairs,0.6316748653691461,1.1587286884180077,10.491017018979166,0.7829287006181532,0.19341794985076827,0.21387669446755514,phone_B
1051,8,18,Walking Upstairs,1.5752726117395375,1.062916708866663,10.991911734793309,0.6034285796137302,0.4634022849411558,0.1108604939828654,phone_B
1052,8,19,Walking Upstairs,1.9795478796245947,0.5303685064578365,10.864808168425377,0.21925422243644413,0.5623317572055238,-0.03912588075847902,phone_B
1053,8,20,Walking Upstairs,1.9124395111600743,-0.16091968363707612,10.432446957258046,-0.17969834340141372,0.4959909137403705,-0.14697292717215796,phone_B
1054,8,21,Walking Upstairs,1.3046500881266971,-0.7465571633247419,9.996532487034633,-0.4732258891118933,0.29752030547177327,-0.20839352517184656,phone_B
1055,8,22,Walking Upstairs,0.09737567611897516,-0.847892908409453,10.012526058733323,-0.5123461623708637,0.07888055731891082,-0.12345121455102315,phone_B
1056,8,23,Walking Upstairs,-1.3785021327585283,-0.43153721912360243,9.62423979529255,-0.2514184925354301,-0.1165311082723449,-0.04669256441022429,phone_B
1057,8,0,Walking Downstairs,-0.32038005576924555,1.090837737979738,9.770867112395065,0.6812210378115406,-0.15805541607408144,0.17557071589057752,phone_B
1058,8,1,Walking Downstairs,1.5438236365781948,0.6468267922345389,10.127970603708476,0.5196845732764295,0.20123767966422143,0.06619046945665598,phone_B
1059,8,2,Walking Downstairs,2.24344888360505,-0.1589121320405904,10.060293917032784,0.012513131353651178,0.3338947284308692,-0.1445543419246743,phone_B
1060,8,3,Walking Downstairs,1.8534007620641284,-0.9409770879199902,9.644883162096432,-0.5858997052831119,0.27585971151114486,-0.2753328425766436,phone_B
1061,8,4,Walking Downstairs,0.34016377660039,-1.6730676764163146,9.165493573420454,-0.8820789922208352,-0.0829002409133452,-0.3219582951119617,phone_B
1062,8,5,Walking Downstairs,-1.2284472637491,-1.5137441046105344,8.858986411820506,-0.7473177757691514,-0.39717892938321664,-0.22627550590518833,phone_B
1063,8,6,Walking Downstairs,-2.136565586109118,-0.7153241933893504,8.567448156401095,-0.3048636523479891,-0.6375380846520122,0.031838668603912906,phone_B
1064,8,7,Walking Downstairs,-1.9201957561881682,0.2955086203530198,9.069337766997673,0.25770357732320676,-0.6362390864871893,0.09339923764911096,phone_B
1065,8,8,Walking Downstairs,-1.0372569288445987,0.8433159226624476,9.30039887683713,0.6331540843381052,-0.35312844449111214,0.1964071006286554,phone_B
1066,8,9,Walking Downstairs,0.575516975423957,0.818268396520389,10.196019157353966,0.6695976623534244,-0.00015617377605865214,0.12624211448546038,phone_B
1067,8,10,Walking Downstairs,1.8372975204878508,0.1433244795612562,10.028318933617927,0.2944481015098148,0.2728502165629266,-0.07356705908326658,phone_B
1068,8,11,Walking Downstairs,2.0021113066010408,-0.6832885284679728,9.642269490031698,-0.3059437074536549,0.34290637597847423,-0.2186911482718206,phone_B
1069,8,12,Walking Downstairs,1.3355270142871316,-1.3035919831408567,9.563983255252658,-0.700323159910275,0.1266752052037602,-0.32359198569359254,phone_B
1070,8,13,Walking Downstairs,-0.37131762969946436,-1.7066342997893693,8.9214682156064,-0.900857457393492,-0.23599228407765976,-0.3047135026804917,phone_B
1071,8,14,Walking Downstairs,-1.9331679546875409,-1.1084818187434757,8.668541946528393,-0.6365893323304782,-0.5920058369115592,-0.16133515220694652,phone_B
1072,8,15,Walking Downstairs,-2.4161734834748807,-0.21040978500064872,8.862321944785261,-0.009179763104740526,-0.6412242137681827,0.08530437822185905,phone_B
1073,8,16,Walking Downstairs,-1.5543311064334675,0.6119089797145011,9.414791940344637,0.5083354475726559,-0.4954422830318225,0.21729751101613917,phone_B
1074,8,17,Walking Downstairs,-0.43919700897749997,0.9067033196414878,9.756157506300857,0.7325126999714662,-0.13155155831247806,0.14599281030582723,phone_B
1075,8,18,Walking Downstairs,1.5027367430253955,0.4789565757253329,9.963484108016834,0.4996668531747926,0.1600945645069323,0.011430706671079038,phone_B
1076,8,19,Walking Downstairs,2.1474723324896354,-0.13011832842581234,10.171920175742327,-0.016805690552386697,0.3343534069684459,-0.142145946706673,phone_B
1077,8,20,Walking Downstairs,1.8698178662749085,-1.4592552341768603,9.54167262784366,-0.5642918575414495,0.21678813661263444,-0.29967470730750245,phone_B
1078,8,21,Walking Downstairs,0.3210375513537592,-1.7093208903052046,9.143908663000355,-0.8633436909683663,-0.06450013172674039,-0.33736865529398236,phone_B
1079,8,22,Walking Downstairs,-1.250530379431579,-1.4800684621495372,8.546553520208425,-0.7744486016106386,-0.42596059341696757,-0.19122145389847656,phone_B
1080,8,23,Walking Downstairs,-2.146336073783887,-0.6038177725906233,8.591130739098828,-0.34299497130930406,-0.6699797297372032,-0.05479086753352631,phone_B
1081,8,0,Sitting,0.32293179663618093,-0.21152369167110074,9.875724322347402,-0.005479810440576931,0.005102205121652326,-0.032503595153736665,phone_B
1082,8,1,Sitting,0.24319170911016075,-0.17391882568310435,9.836395653023231,-0.008905504037679517,0.0019416668622099665,-0.019863040646993624,phone_B
1083,8,2,Sitting,0.2769391948144757,-0.19847021751071278,9.904108680679496,-0.005653539334311391,-0.0036091247071768865,-0.022495651052555386,phone_B
1084,8,3,Sitting,0.2869872336813071,-0.1493453645285908,9.900470846528892,-0.001148432327708563,-0.0041592041253082235,-0.02618243685798761,phone_B
1085,8,4,Sitting,0.26817874715327267,-0.19865544169710725,9.853389480830801,-0.0018355104919513298,0.00396835979371611,-0.025135212354123023,phone_B
1086,8,5,Sitting,0.28651125156918555,-0.19203126426212064,9.894335861949314,-0.018410497402628862,-0.003104406879460812,-0.023860010447381917,phone_B
1087,8,6,Sitting,0.2822369386167458,-0.2156094437550011,9.811578531312783,-0.01766096670733583,-0.0035523781588878175,-0.02328463771910691,phone_B
1088,8,7,Sitting,0.3047127199823864,-0.18736759771851547,9.873852227108706,-0.012098707865354191,0.0024322927459726066,-0.027309336474089358,phone_B
1089,8,8,Sitting,0.25490561000899375,-0.23093589793197866,9.905038276877663,-0.010185913612335031,-0.009489525376632498,-0.024500080370716326,phone_B
1090,8,9,Sitting,0.26679415187739386,-0.21146013366829938,9.853983862260407,-0.01700212708207039,-0.004300569681480099,-0.025950022944603465,phone_B
1091,8,10,Sitting,0.23822248758371148,-0.239791778113144,9.867108677994931,-0.014595132018061752,-0.009385844129892754,-0.022541162422674395,phone_B
1092,8,11,Sitting,0.2636810662050537,-0.18975214176873087,9.876863373392043,-0.015276189016098762,-0.012004299382719383,-0.029873530504095157,phone_B
1093,8,12,Sitting,0.22549597681263442,-0.20739848622535428,9.84133405256032,-0.013471270122729116,-0.015559079469685568,-0.033397162067904836,phone_B
1094,8,13,Sitting,0.2561119300816743,-0.2200422895253495,9.838092619764641,-0.020715882778694947,-0.008402651662839994,-0.014948964973182028,phone_B
1095,8,14,Sitting,0.22083879122885555,-0.21355511962202917,9.883929885973485,-0.025009753978194244,-0.00031744048025770903,-0.008248471652864794,phone_B
1096,8,15,Sitting,0.1585620790828832,-0.21027974913281802,9.837391003395851,-0.015619118313069186,-0.015802742864335226,-0.01770640201975442,phone_B
1097,8,16,Sitting,0.21875611505775455,-0.2299850012063053,9.84940153954439,-0.010715037144772949,-0.02155729905983911,-0.03206953507942102,phone_B
1098,8,17,Sitting,0.266812413764958,-0.2223410427920417,9.84873995872526,-0.015855014782789622,-0.012310574615724396,-0.011124235499050214,phone_B
1099,8,18,Sitting,0.2270175221593867,-0.2430112076936206,9.816173885646013,-0.015419844153882114,-0.018327166944396952,-0.031617848735773585,phone_B
1100,8,19,Sitting,0.22865747066645817,-0.23069301727390004,9.88685688320979,-0.0015561126745134903,-0.019293596056504773,-0.018136722854794122,phone_B
1101,8,20,Sitting,0.17318626760815203,-0.18614659387861487,9.835968814181657,-0.018356579724220612,-0.020587334665689634,-0.023011894561531587,phone_B
1102,8,21,Sitting,0.19184901911045305,-0.17593165360372803,9.827848909639005,-0.0006796834841231794,-0.027803418526801398,-0.009937513287980666,phone_B
1103,8,22,Sitting,0.1707650543323474,-0.19737851203313558,9.834449173281149,-0.012316824328403505,-0.01599496338809902,-0.01001328413300542,phone_B
1104,8,23,Sitting,0.22237094226748486,-0.204912806954792,9.850702229007156,-0.014024677814735776,-0.02764490749078572,-0.025245471164221343,phone_B
1105,8,0,Standing,0.0848208301763149,-0.007423632972595004,9.82780399101728,-0.0038485574949449885,-0.0034709230115559098,-0.03338964098689123,phone_B
1106,8,1,Standing,0.03359081782776802,0.04834248149920701,9.766345123088731,-0.007605666865798423,-0.014000926383576024,-0.018903530555931705,phone_B
1107,8,2,Standing,0.014847736123629801,0.05718049337305178,9.817205466368298,-0.017235352035450867,-0.023561154251748505,-0.02614587906789586,phone_B
1108,8,3,Standing,0.06413853055200361,0.07717192600380557,9.840531271984744,-0.019443585865926916,-0.02406196329479555,-0.03757865215740751,phone_B
1109,8,4,Standing,0.07311320086703385,0.012363375079781996,9.84817506117278,-0.013002031184993724,-0.01879749643016046,-0.030678812993630563,phone_B
1110,8,5,Standing,0.0418134702840148,0.03167084104594494,9.798056005424668,-0.011886480486475795,-0.02438723256682315,-0.03292647646690256,phone_B
1111,8,6,Standing,0.029405620237463452,0.03166082608734238,9.815950734434805,-0.018334596846043296,-0.03349980189158494,-0.016862322184694745,phone_B
1112,8,7,Standing,0.04241927816262578,0.05750640008348165,9.790841964714,-0.01660660481968107,-0.020615098877473106,-0.028379909707311916,phone_B
1113,8,8,Standing,-0.022356423712411002,0.08529141903279004,9.796560676983978,-0.0030414789759017815,-0.039873543941308154,-0.021992118427623962,phone_B
1114,8,9,Standing,0.03542183097347197,0.04318843902291038,9.78880766616384,-0.019173873103365324,-0.027442311951360362,-0.028440387851684183,phone_B
1115,8,10,Standing,-0.027935835900734403,0.016378755267681896,9.832453396382533,-0.0034393090373988295,-0.03642847575051096,-0.029352477370008942,phone_B
1116,8,11,Standing,0.0043352335859288965,0.04366925026620651,9.76451492425113,-0.01885024228413019,-0.042238963228882875,-0.029669762791437473,phone_B
1117,8,12,Standing,-0.05731359174972531,0.07771623207157065,9.781881556109264,-0.0037851975590841927,-0.044623337442593065,-0.01898959966640143,phone_B
1118,8,13,Standing,-0.0004922186268258924,0.05731861846769165,9.80051692255267,-0.012715737458113475,-0.03285560983647888,-0.020625721317100356,phone_B
1119,8,14,Standing,-0.028032317610915493,0.0704286682879047,9.806357761232096,0.0035075274437806328,-0.04613611852795681,-0.009555641826969136,phone_B
1120,8,15,Standing,-0.07799062901237677,0.1008962722534242,9.781995741594242,0.004556203473878849,-0.04737352164349889,-0.014134548992662196,phone_B
1121,8,16,Standing,-0.0894861145928153,0.09594302134815624,9.794050428546186,0.002332751949476941,-0.04583242258720806,-0.011960630609430865,phone_B
1122,8,17,Standing,-0.08046936459185498,0.09510742844146651,9.76949962314546,0.022862682546592267,-0.039757959380043686,-0.009479441041906582,phone_B
1123,8,18,Standing,-0.03700869219274197,0.057579956190912766,9.732866503040977,0.009668116169813898,-0.05469682548276349,-0.010933971022392613,phone_B
1124,8,19,Standing,-0.061215476773038735,0.13886358440761062,9.770973147165304,0.01775862934768181,-0.04635044681430041,-0.005887967449418597,phone_B
1125,8,20,Standing,-0.07819032118144321,0.15917444285276108,9.799882796618686,0.02928450447441127,-0.05088889930148014,-0.002055714070557533,phone_B
1126,8,21,Standing,-0.06433463736356307,0.12499063808318649,9.82170195152691,0.020064920562118938,-0.06153008513656742,-0.023528149197981588,phone_B
1127,8,22,Standing,-0.027515468507614015,0.1722703575777295,9.856842585981425,0.024878428559143975,-0.05243487621690216,-0.006421760599527564,phone_B
1128,8,23,Standing,-0.054402178489825315,0.12430859481164933,9.854934389896492,0.041409610684714444,-0.04064982541531947,-0.002852869391855164,phone_B
1129,8,0,Laying,7.546230562076248,0.07565276155842479,6.4173468037118155,0.01631048861857879,-0.008969402282084524,-0.010007129485862382,phone_B
1130,8,1,Laying,7.472986767688188,0.09975360742072661,6.422280464493496,0.020025650171000775,-0.006292269103453384,-0.012020999228432885,phone_B
1131,8,2,Laying,7.480162534375993,0.09033332832706949,6.403263548570754,0.009783203661661377,-0.0047236611389178135,-0.010799587353255041,phone_B
1132,8,3,Laying,7.469180227274079,0.0642666200885356,6.445262493017964,0.010040918510949364,-0.005737789606635222,-0.010882621225831125,phone_B
1133,8,4,Laying,7.5099829458525535,0.04290852048259679,6.424648164504181,0.017865778133093424,-0.010371628293281593,-0.014440334578908861,phone_B
1134,8,5,Laying,7.479824719861036,0.09078090815124798,6.423375443660851,0.006372626715433607,-0.003202592435523684,-0.019756944017682628,phone_B
1135,8,6,Laying,7.489693162591318,0.029261446483929747,6.39909471705852,0.019173377623438098,-0.007863634044474783,-0.010084646151565992,phone_B
1136,8,7,Laying,7.495716978224843,0.08321831717632092,6.400143987895437,0.010804276326614648,-0.0028743254860870973,0.0007341959579939897,phone_B
1137,8,8,Laying,7.533405594825568,0.047822733101485077,6.442906071994272,0.0229225635611983,-0.012714137662626235,-0.018641373996343635,phone_B
1138,8,9,Laying,7.512667192955206,0.05058717713134649,6.417396746437953,0.0017788379497810994,0.005723582528323596,-0.022478399893532973,phone_B
1139,8,10,Laying,7.514451104002006,0.08548650749509726,6.424849006974199,0.0032257745092793043,-0.010575509653837738,-0.015680639921097403,phone_B
1140,8,11,Laying,7.501317675912699,0.06275890632542387,6.390407711476647,0.013466569831552535,-0.0015934108725090149,-0.013520358081985621,phone_B
1141,8,12,Laying,7.5569757765217975,0.044935456776534606,6.407091686265392,0.004777438201040113,-0.003265506926926443,-0.015563936306839308,phone_B
1142,8,13,Laying,7.500803740590362,0.003524137503527369,6.410960203112628,0.00968925134689947,-0.0011372159373636533,-0.008178832835740607,phone_B
1143,8,14,Laying,7.570996177755449,0.07127819709218541,6.459246542955647,0.011589018295667813,0.008439087298416621,-0.004627497914404314,phone_B
1144,8,15,Laying,7.5463402826706805,0.06812461052086939,6.41920726147355,0.006191425072664943,-0.0037342974140360846,-0.012359226038602605,phone_B
1145,8,16,Laying,7.5049178969437875,0.04383843824202378,6.3650685646448615,0.016223284114963495,-0.0029387598023112,-0.013704238756099158,phone_B
1146,8,17,Laying,7.559649203575707,0.054259253892637214,6.459622223916248,-0.0021249347855539077,0.012837831813330477,-0.010262136281682207,phone_B
1147,8,18,Laying,7.528624413611225,0.08050370252201157,6.393820616380119,0.003031243189667644,0.007166528426942759,-0.028329554471110508,phone_B
1148,8,19,Laying,7.537507066088182,0.056299064642121296,6.471748088069112,-0.005299417624163705,0.008184129994506534,-0.020820973373837634,phone_B
1149,8,20,Laying,7.512332886109937,0.010559811242125822,6.3947613451950085,0.006054027059931707,-0.008144522612990847,-0.01335320993276845,phone_B
1150,8,21,Laying,7.506857675050271,0.00890083946407243,6.408163113208486,0.005088165233996399,-0.0031537247916934357,-0.01791349934946838,phone_B
1151,8,22,Laying,7.54067208850751,0.06440966927447134,6.412968477746567,-0.003760675497870689,-0.0010742694122993167,-0.015611064757714788,phone_B
1152,8,23,Laying,7.486495583342817,0.013216227246349,6.402066944882205,0.0006974139695113076,-0.006160336199967897,-0.014500576180735058,phone_B
1153,9,0,Walking,-1.2700643050384386,-0.3601301610736804,9.290063881017531,-0.15834402462857256,-0.17155215484129896,-0.030483047803286596,phone_A
1154,9,1,Walking,-1.4349294319890933,0.06426832112251163,9.574283616763916,0.03030561949981865,-0.212445716205357,0.075170458512746,phone_A
1155,9,2,Walking,-1.0548148564763091,0.6338511386210952,9.605072828031007,0.2803843104929974,-0.17343518460430468,0.13567966992713112,phone_A
1156,9,3,Walking,-0.4499784406118382,0.7859932437917406,9.731920837059372,0.44286937580125063,-0.0916717480217754,0.18123972128531993,phone_A
1157,9,4,Walking,0.02062979406109737,0.981396093083175,9.808844634663346,0.4986266151581372,0.13254825665071637,0.093274119223154,phone_A
1158,9,5,Walking,1.0803920644695113,0.6242933120474586,10.0914632511192,0.41169325307266935,0.2760535449847285,0.09260497887237763,phone_A
1159,9,6,Walking,1.4016689599949528,0.37025742919641075,10.289094167776346,0.2038260029693166,0.4021124803080039,0.024977843064557845,phone_A
1160,9,7,Walking,1.0955198362141365,0.17524979625384257,9.903831493903324,-0.022747536421156463,0.36014365153665684,-0.050376323170603914,phone_A
1161,9,8,Walking,0.8368528415112783,-0.4488620105520236,9.761744240868351,-0.2377122762071203,0.2862820466817058,-0.10420036433541445,phone_A
1162,9,9,Walking,-0.033647878088756134,-0.7397682669611587,9.64141433417949,-0.38721783802173393,0.150752351911978,-0.1429990855020964,phone_A
1163,9,10,Walking,-0.5463275382834009,-0.5489836562256262,9.161635483193491,-0.35626706708677514,-0.048385842804143264,-0.11652248519239108,phone_A
1164,9,11,Walking,-1.1325191116944195,-0.2724215686949242,9.494517260498762,-0.22193263710095176,-0.15115714685741943,0.0020172052796292306,phone_A
1165,9,12,Walking,-1.4533521931099176,-0.08400275995741732,9.340463312767863,0.03801300210205319,-0.23195360316066044,0.03903526505229623,phone_A
1166,9,13,Walking,-1.480203727651003,0.5353201419243228,9.495485805448912,0.27076393430451845,-0.16458280587093735,0.10176017351371643,phone_A
1167,9,14,Walking,-0.7351028345362353,0.7329514921011101,9.803652074942887,0.47232135273435194,-0.1113116656609655,0.18086673634760372,phone_A
1168,9,15,Walking,0.15519619557593617,0.8316179024839923,9.929819171873513,0.5083620397861445,0.09363784767813639,0.16615800769857877,phone_A
1169,9,16,Walking,0.8356686143963685,0.5880036287968029,10.186016567141435,0.443740034479207,0.24757698064133427,0.056738814516600115,phone_A
1170,9,17,Walking,1.2378189881205135,0.3784583687251347,9.945713510161886,0.20829226772216755,0.311249285384178,0.0271889181039674,phone_A
1171,9,18,Walking,1.3506841618831786,-0.28645104918355024,10.031187006987556,-0.033915791628349796,0.37636124526794623,-0.0788903502469371,phone_A
1172,9,19,Walking,0.885028019882873,-0.5806574424640115,9.749724476829055,-0.25658188808838533,0.2922432835226566,-0.12874855121541004,phone_A
1173,9,20,Walking,0.2609328972578821,-0.7603475038152139,9.914267341376917,-0.40570859549595006,0.1311362420659738,-0.05319647490348137,phone_A
1174,9,21,Walking,-0.41869488640012925,-0.8730074996401767,9.549809213324162,-0.4031337122319356,0.00046613872485748095,-0.10546307026047835,phone_A
1175,9,22,Walking,-1.1712696263554983,-0.26610137129029643,9.439576150985523,-0.21644063721323045,-0.15051833020827995,-0.04003742759396489,phone_A
1176,9,23,Walking,-1.3605903567718218,0.09427438042687515,9.422270672790813,0.033983648689771814,-0.20772744842752466,0.06135760815692223,phone_A
1177,9,0,Walking Upstairs,-0.8719486262272401,1.0019679700151185,10.102178540361223,0.6541106533157002,-0.0736190767069392,0.28691970437524605,phone_A
1178,9,1,Walking Upstairs,0.23235675475989148,1.4470761866892754,10.549549410543182,0.7721923216045998,0.15109538184675925,0.305920884538072,phone_A
1179,9,2,Walking Upstairs,1.2990481728640215,1.0853972047669591,10.64316366874018,0.6026811731446302,0.4652716523904957,0.1920199695920396,phone_A
1180,9,3,Walking Upstairs,1.967837009816401,0.47058195135966147,10.740216631423609,0.25532361994744185,0.55490011905341,0.01913564876986931,phone_A
1181,9,4,Walking Upstairs,1.7210080042874722,-0.19366849844262155,10.447150009695337,-0.14947010134656996,0.5129410753043406,-0.09958877234804059,phone_A
1182,9,5,Walking Upstairs,0.8446219375077761,-0.7989729618067604,9.993059986511854,-0.49053669597641986,0.3714626969349638,-0.19720211060513315,phone_A
1183,9,6,Walking Upstairs,-0.28667900790169426,-0.6723439420581505,9.652768782131776,-0.5232327300753653,0.06383966725524651,-0.11204520010418507,phone_A
1184,9,7,Walking Upstairs,-1.1077691430990824,-0.3745334411306994,9.621989027977783,-0.30408866562672365,-0.14765090105953782,-0.034228388243658474,phone_A
1185,9,8,Walking Upstairs,-1.489090669330581,0.2898707591775301,9.55080031376223,0.08583628946455324,-0.2386003261862627,0.10591407897019134,phone_A
1186,9,9,Walking Upstairs,-1.30264033610443,0.8335101188989866,9.804357367691916,0.4527974039729563,-0.19909901831278026,0.23966287761090452,phone_A
1187,9,10,Walking Upstairs,-0.39409396086990567,1.1999788848204083,10.370097995375165,0.737291357219133,0.06332396570845461,0.2778679697689026,phone_A
1188,9,11,Walking Upstairs,0.6873539151923591,1.2997650937788172,10.445828167283796,0.7412218038537081,0.28451545741091055,0.24349544168829101,phone_A
1189,9,12,Walking Upstairs,1.643269939346354,0.96199187571891,10.571818447174048,0.4439470206265702,0.5179290273512136,0.11848690088589932,phone_A
1190,9,13,Walking Upstairs,2.143747792145418,0.14475444051392974,10.794267621913619,0.043146668146271584,0.5936237540729055,-0.07994759618344977,phone_A
1191,9,14,Walking Upstairs,1.5027775015729532,-0.7874667234896015,10.120105701914419,-0.3198221969273321,0.424143307231426,-0.14452504185746168,phone_A
1192,9,15,Walking Upstairs,0.5246919482449405,-0.8932063975229428,9.767032835256375,-0.5363254825270369,0.2024897556675221,-0.16825523165484257,phone_A
1193,9,16,Walking Upstairs,-0.718321807688727,-0.7396197559413049,9.816361377016047,-0.4655494293523065,0.006645413923453129,-0.10958468081139804,phone_A
1194,9,17,Walking Upstairs,-1.4972120045990445,-0.028665022289561026,9.699274617488712,-0.14355299457051698,-0.18656870151542024,0.06735784749422469,phone_A
1195,9,18,Walking Upstairs,-1.6495774986077862,0.6142640763291058,9.972819758924214,0.2988750975634029,-0.20380642041479866,0.21330824505704976,phone_A
1196,9,19,Walking Upstairs,-1.1093201869457405,1.186897251798706,9.972871787356947,0.6217518934582097,-0.01929860689217864,0.270522143386657,phone_A
1197,9,20,Walking Upstairs,0.08445260499230091,1.4934616964809901,10.341448225918048,0.7573708360066097,0.20394059534903672,0.2652236974184379,phone_A
1198,9,21,Walking Upstairs,1.0849401887796526,1.1822803820623713,10.631395737371843,0.6663275080155551,0.4017948033890243,0.1900172105031394,phone_A
1199,9,22,Walking Upstairs,2.1149920137613902,0.4150558623463859,10.649176374613248,0.2831003286687068,0.5354217034177274,0.024501621662303262,phone_A
1200,9,23,Walking Upstairs,1.7707853997399294,-0.22201033870549733,10.443986982439574,-0.14424398671066221,0.5378118296502925,-0.127521579547964,phone_A
1201,9,0,Walking Downstairs,-2.4399928364992647,-0.023586943937457115,8.797026660702514,0.10765763467595701,-0.6909730887344674,0.09006273763832084,phone_A
1202,9,1,Walking Downstairs,-1.5329682557162199,0.6408832507725563,9.532253094115868,0.5688510591490938,-0.4306426645918473,0.19560601544881995,phone_A
1203,9,2,Walking Downstairs,0.05159849931829028,0.7928486236859155,9.799900050799327,0.6649924353036235,-0.0890722492720983,0.10633635038533977,phone_A
1204,9,3,Walking Downstairs,1.2888464049976402,0.6410648990162584,10.14813089073585,0.43014113161473355,0.2640819675994465,0.03254239263797218,phone_A
1205,9,4,Walking Downstairs,1.8446402682370497,-0.5542514118223276,10.040138875969747,-0.15209759318961097,0.39964353364714905,-0.18477565122582643,phone_A
1206,9,5,Walking Downstairs,1.4673379233362236,-1.29950957764257,9.618746591793968,-0.6349334311114854,0.15981146736945168,-0.3162369496963231,phone_A
1207,9,6,Walking Downstairs,-0.3568749117065819,-1.791836691696169,9.027469118093219,-0.9059887663192008,-0.14592104120657806,-0.288871746578514,phone_A
1208,9,7,Walking Downstairs,-1.95232152574759,-1.1767021479053814,8.593736077449122,-0.6950680799609033,-0.4718300376417636,-0.13807027573653344,phone_A
1209,9,8,Walking Downstairs,-2.4922522186583667,-0.759201461657304,8.692257695203317,-0.19459176312707077,-0.6837121588333899,0.02296411778744505,phone_A
1210,9,9,Walking Downstairs,-2.1362669679712765,0.2443539616747684,9.151404570189774,0.346204761053104,-0.5801231685596134,0.1607266890196069,phone_A
1211,9,10,Walking Downstairs,-0.6223860540079994,0.9197312135394756,9.60068650879203,0.6687630428050355,-0.25786900170289945,0.24075535172433737,phone_A
1212,9,11,Walking Downstairs,0.8764055086663632,0.8651846888099383,10.04827907934373,0.5579618039649765,0.06531674246454022,0.10026001750073354,phone_A
1213,9,12,Walking Downstairs,1.7106718363475548,-0.07401896529090607,9.7990372985331,0.11016760847636092,0.3078777813413536,-0.0814310011217007,phone_A
1214,9,13,Walking Downstairs,1.6112539163053199,-0.8733571679609655,9.658552948714677,-0.40524554222648784,0.2894877416275356,-0.23443128338050237,phone_A
1215,9,14,Walking Downstairs,0.5965544878176844,-1.707449977039003,9.188431674604413,-0.8673224898382135,0.03304092543212721,-0.34003420775205984,phone_A
1216,9,15,Walking Downstairs,-0.9684958544476173,-1.7346784459739146,8.757810072236616,-0.8432873274206115,-0.30213440410884207,-0.27127283624937765,phone_A
1217,9,16,Walking Downstairs,-2.224799609997407,-0.9460034735535273,8.797298474217028,-0.522018774549565,-0.6231923815584507,-0.010070585421571868,phone_A
1218,9,17,Walking Downstairs,-2.4669519748499997,-0.2649403080394717,8.771392899452445,0.01814960609524853,-0.6414942033277742,0.12523829483724974,phone_A
1219,9,18,Walking Downstairs,-1.6375594158513738,0.6758295288839663,9.43626078767844,0.517669865644691,-0.47464278097503937,0.20122789602679447,phone_A
1220,9,19,Walking Downstairs,-0.07094786032716148,0.9065033762979644,9.660262054759288,0.6956760152235099,-0.09363154350864597,0.18627641175362034,phone_A
1221,9,20,Walking Downstairs,1.4265066661408687,0.5060657138067067,9.873877811101142,0.4192455829357564,0.21617453401082834,0.01558145418636713,phone_A
1222,9,21,Walking Downstairs,2.0267647965707187,-0.495727259625129,10.071486686889838,-0.10505449134044448,0.3565645198356369,-0.19641659619978222,phone_A
1223,9,22,Walking Downstairs,0.9929248981982322,-1.1369468568689358,9.4829166718281,-0.6871883436642482,0.22033556210215452,-0.3241366929473194,phone_A
1224,9,23,Walking Downstairs,-0.24928210578780613,-1.5805078323425665,8.823437462901092,-0.9033493554680281,-0.11215314927425535,-0.29900706982167685,phone_A
1225,9,0,Sitting,0.0541315168197595,-0.18885495671118033,9.716223023046407,-0.023975361770830612,-0.014032283819279243,-0.019918035524648412,phone_A
1226,9,1,Sitting,0.013542533383689022,-0.17862573466433543,9.810375593761732,-0.02008500675480782,-0.023493617190896654,-0.010356913284688083,phone_A
1227,9,2,Sitting,0.026598243222770032,-0.18872243352588944,9.799025139334484,-0.020630016194645464,-0.01988283261633494,-0.006764686833165785,phone_A
1228,9,3,Sitting,0.004156299056660984,-0.16140490136809432,9.77584203045296,-0.010213378216359297,-0.020354998486618727,-0.006543010691437803,phone_A
1229,9,4,Sitting,-0.005067259381845206,-0.19546642328006628,9.802224311136332,-0.010161202940700139,-0.02851231032347581,-0.00705739527239335,phone_A
1230,9,5,Sitting,-0.05175665377842129,-0.19112985913651048,9.795311224455844,-0.013675459921835257,-0.022455740053001293,-0.025561725778826358,phone_A
1231,9,6,Sitting,-0.005089131776568143,-0.16521149409383756,9.782765741585496,-0.006029752193939535,-0.025142397302420228,-0.007762147542905062,phone_A
1232,9,7,Sitting,-0.031154320018478406,-0.17549019608755068,9.739619846422581,-0.021706296031511238,-0.031034075252460002,0.002990924226925638,phone_A
1233,9,8,Sitting,-0.006866225128327393,-0.16143128570989645,9.758525152482946,-0.020120763813203674,-0.019469022984034193,-0.018379903856375564,phone_A
1234,9,9,Sitting,-0.015891163667649404,-0.16470812209111438,9.777504489494694,-0.012445506226043124,-0.036593258546282904,-0.009435766759589131,phone_A
1235,9,10,Sitting,-0.02231595673766049,-0.1789701914533309,9.796547415762946,-0.014036342709357542,-0.024153529076151845,-0.002963302637081647,phone_A
1236,9,11,Sitting,0.019191915418068802,-0.15917963968182905,9.79279852697861,-0.006423102842109951,-0.023658663181160503,-0.01222041023632326,phone_A
1237,9,12,Sitting,-0.07163812523147323,-0.14255292109983958,9.784690266371275,-0.0011472578528429135,-0.029630041380565523,0.006435710584253313,phone_A
1238,9,13,Sitting,-0.01767377511718316,-0.13756542387940293,9.78982767306726,0.007717678611138995,-0.02850653811066697,-0.0057361365470241284,phone_A
1239,9,14,Sitting,-0.04375700944126658,-0.10535365916706149,9.786702282887548,0.0015364477015421321,-0.007935771220765924,0.0008002089702110651,phone_A
1240,9,15,Sitting,-0.038618063580408,-0.14513968294955082,9.753149425584157,-0.002145662628117431,-0.02899069769074301,-0.004028122158492927,phone_A
1241,9,16,Sitting,-0.04028035353505475,-0.09653680892327132,9.786480559956114,0.00027810330265094513,-0.02187639870918657,0.0029377045439222876,phone_A
1242,9,17,Sitting,0.0024203345774499556,-0.11538365114556465,9.78397730927926,0.007034933100925544,-0.021659462590997228,0.0016742773378763346,phone_A
1243,9,18,Sitting,-0.008646838876667808,-0.09048358761855052,9.770420207570838,0.0067169112730814245,-0.0233609466313704,-0.0024069478059598457,phone_A
1244,9,19,Sitting,-0.021647209383515862,-0.13392365226778685,9.771909633342034,-0.0030599285721270774,-0.029332035893786357,0.0033625360008052475,phone_A
1245,9,20,Sitting,0.03222224562814352,-0.10767288008325347,9.721171114772934,0.010812764868290732,-0.028265649670255737,0.004957667826233999,phone_A
1246,9,21,Sitting,0.002573072622354289,-0.12294851263872604,9.785633132536745,0.008054879661502111,-0.016262109602792108,0.002551483738879956,phone_A
1247,9,22,Sitting,0.03273064203083903,-0.0913966510730428,9.806967326030424,-0.0013649586734036743,-0.016962297348691674,0.0003059100975739558,phone_A
1248,9,23,Sitting,0.026447756398850625,-0.13615486882251954,9.762826150439377,0.0223120765703246,-0.028663407769021924,0.010265079510707039,phone_A
1249,9,0,Standing,-0.2564607510169018,0.1307858896197104,9.693572316274578,0.011020901374087403,-0.05304603223383871,-7.696468590545277e-05,phone_A
1250,9,1,Standing,-0.22130585450497794,0.14696897703207004,9.692204681876222,0.019477705809537144,-0.04621233743349776,0.00047525183058014795,phone_A
1251,9,2,Standing,-0.2230668029247973,0.14495566723683415,9.703647567172942,0.02865124583292552,-0.04559730524896464,0.004569059136788924,phone_A
1252,9,3,Standing,-0.24800414640538745,0.1868677143611035,9.723525547408798,0.011381783178884976,-0.04860134821039511,0.014227314586632907,phone_A
1253,9,4,Standing,-0.21211004686224255,0.158837581262682,9.775118949001557,0.028080966343878935,-0.044888026867463834,0.006346188178780626,phone_A
1254,9,5,Standing,-0.21867121414722088,0.15177712415056605,9.745271904335187,0.028204890150995976,-0.05190798975410399,0.007133405696582903,phone_A
1255,9,6,Standing,-0.22749792096170368,0.20506533656967246,9.703597405108315,0.02661077566203258,-0.04293105992706645,0.014798929129660196,phone_A
1256,9,7,Standing,-0.21313842873941463,0.23040135102461715,9.77093959980106,0.02873922961985904,-0.03663464190795789,0.007515471422790303,phone_A
1257,9,8,Standing,-0.18189907543658973,0.1576012982082614,9.738533725936605,0.03596242815528648,-0.028551608693359404,-0.0031456046786996223,phone_A
1258,9,9,Standing,-0.15966704165355497,0.19201671701005316,9.716781263588917,0.01694811691020215,-0.04274367486916709,0.010194092905868967,phone_A
1259,9,10,Standing,-0.18574474091724388,0.2151148317498552,9.754845727445998,0.02972201280587458,-0.03356299377995937,0.01057691882827283,phone_A
1260,9,11,Standing,-0.16794001551036208,0.18242582985089795,9.795719775980183,0.03371817287317702,-0.033705790980999,0.00699990290357945,phone_A
1261,9,12,Standing,-0.13611942053838733,0.200775897606025,9.76026183713729,0.043731023105024996,-0.012951267954034217,0.011208863918491222,phone_A
1262,9,13,Standing,-0.12122396104590995,0.23098591253771517,9.766711472226543,0.03870473975161761,-0.030772926381098943,0.008238817470329018,phone_A
1263,9,14,Standing,-0.15673478511480704,0.1950353279124912,9.767068542959171,0.036831171220288055,-0.017136763315065064,0.008096234591999854,phone_A
1264,9,15,Standing,-0.1767625029911982,0.18551305001975274,9.75148217814199,0.039665083662976885,-0.014578542038491831,0.009532116992962041,phone_A
1265,9,16,Standing,-0.1391065493840422,0.208442444369081,9.78100923921977,0.0306607566080544,-0.01046393333062437,0.011925470774186821,phone_A
1266,9,17,Standing,-0.08529205720555635,0.18423674542917085,9.825144981032883,0.033469002407030636,-0.00839275608991849,0.002832922312716115,phone_A
1267,9,18,Standing,-0.10465743780083452,0.13519383885488026,9.790580802102186,0.03558122003806961,-0.012284921591969164,0.015186752410734633,phone_A
1268,9,19,Standing,-0.11873366633338112,0.17705999655503843,9.777513602893368,0.029936859185771582,-0.001289678133406638,0.012154254981548764,phone_A
1269,9,20,Standing,-0.09849001435288281,0.16770424069524884,9.772728825905698,0.03914344654661985,0.0014233237105319308,0.0011882973200550255,phone_A
1270,9,21,Standing,-0.10796001955210757,0.1470112870199937,9.806940862344852,0.03231366994808468,-0.015721406702224355,-0.0016462070780805316,phone_A
1271,9,22,Standing,-0.025572208460491214,0.16748075840005563,9.84041832579803,0.03037715823966958,-0.008073231990857167,-0.0030789398650177217,phone_A
1272,9,23,Standing,-0.0631886372208014,0.14177019247278774,9.778911017689992,0.03277267793463909,-0.005917136993442232,0.0035004911811406902,phone_A
1273,9,0,Laying,7.317687915226778,0.03203717184756811,6.310421560206288,-0.009165541585170873,-0.020256506539814756,-0.009828031138722685,phone_A
1274,9,1,Laying,7.254845820477756,0.011671726571636114,6.345750730469301,-0.009033645625539691,-0.01621084743674869,-0.019464954143824428,phone_A
1275,9,2,Laying,7.297543879598617,0.021434214360134138,6.272617826160458,-0.01301598199835633,-0.007001406566517658,-0.014109024842722362,phone_A
1276,9,3,Laying,7.326070736601253,0.021893186927872857,6.3089108432840995,-0.024697397154260826,-0.008525246371581904,-0.018076309928875718,phone_A
1277,9,4,Laying,7.296635650795542,0.027885858604831643,6.35693826221846,-0.013426320677544915,-0.006462209838043272,-0.020955129303143267,phone_A
1278,9,5,Laying,7.315372375205114,0.014105050987661209,6.351307132198827,-0.016532226910914667,-0.011701407243903205,-0.005849256050244748,phone_A
1279,9,6,Laying,7.305061204890895,-0.012335435445397922,6.38345963822182,-0.019826162737604472,-0.011107841025095455,-0.010019588778418171,phone_A
1280,9,7,Laying,7.312172103036502,0.010513341544227726,6.314165024668173,-0.014802796838030634,-0.01788533978485576,0.0009201100362979681,phone_A
1281,9,8,Laying,7.2980975344908785,0.03014026509132752,6.309557768282545,-0.015533770836527072,-0.014393488078578279,-0.021145943315284625,phone_A
1282,9,9,Laying,7.297697631312428,0.005090664793273813,6.346378995790137,-0.020570729743748434,-0.015594746072456051,-0.017087648787414506,phone_A
1283,9,10,Laying,7.335896665585114,-0.006331787829925696,6.3303437599844425,-0.0075282900557510045,-0.013478538995776421,-0.01979281618695394,phone_A
1284,9,11,Laying,7.263858372246877,0.03712348787774324,6.283997168127731,-0.010929310339907364,-0.012383503623072827,-0.009089272729911205,phone_A
1285,9,12,Laying,7.307893373458166,-0.007398526254280842,6.2903816617975785,-0.008897750072166782,-0.017310282308870363,-0.027658648686555033,phone_A
1286,9,13,Laying,7.31048101807813,-0.00956223445654817,6.325739851603336,-0.004710065464166083,-0.013894044309658665,-0.004974856904143287,phone_A
1287,9,14,Laying,7.296286396688103,0.05651739218734523,6.2868356788780195,-0.012970078070973187,-0.010410819662065366,-0.011870083147696636,phone_A
1288,9,15,Laying,7.319451227676362,0.006603256520506546,6.364486345333414,-1.5827355502921747e-05,-0.013206282793613713,-0.0071771253256292435,phone_A
1289,9,16,Laying,7.318670802685002,-0.011619150439798942,6.279353996851533,-0.005013537040157834,-0.013696467925154224,-0.011604364269142166,phone_A
1290,9,17,Laying,7.2874232519454125,-0.04085121692889047,6.30683141861885,-0.016848620354715172,-0.010265430815952267,-0.004015778380864672,phone_A
1291,9,18,Laying,7.299865065925154,0.02950617642244993,6.273644075673282,-0.008540514342896549,-0.012421750269871749,-0.002244043124550019,phone_A
1292,9,19,Laying,7.336746702207765,-0.021795381699674973,6.300890029803272,-0.016268295164680507,-0.015577245606425715,-0.009353230795736762,phone_A
1293,9,20,Laying,7.2763269860950155,0.04718470788851211,6.282633795739622,-0.017768635031930016,-0.023160745107072087,-0.011303882396549796,phone_A
1294,9,21,Laying,7.24989962772249,0.021331147240582243,6.305643052174714,-0.01592574622944449,-0.012163959656579921,-0.009197674700345099,phone_A
1295,9,22,Laying,7.305667150517548,0.018792562562911622,6.30883140963285,-0.014246337658802746,-0.017827190600013223,-0.004257186924137212,phone_A
1296,9,23,Laying,7.267358792168214,0.0378225268921665,6.288819165209422,-0.0059573141418459855,-0.02162905093111726,-0.0031022358159105137,phone_A
1297,10,0,Walking,0.80874226382173,0.9291550332210029,9.949686373902827,0.43099110712108946,0.19653165899986375,0.14827374517077138,phone_B
1298,10,1,Walking,1.2088949679026675,0.4615487041977529,10.146053981858566,0.2612046909597198,0.3830746885970309,0.015576775470744307,phone_B
1299,10,2,Walking,1.583858025103873,0.31640675036192295,9.919234526300794,0.0040908553769593466,0.3903218533741191,-0.04072305208001151,phone_B
1300,10,3,Walking,1.0627797334482632,-0.3717228584228083,9.518076888525178,-0.20030663375123428,0.3116090864154206,-0.12242191501317878,phone_B
1301,10,4,Walking,0.4212468132671803,-0.6484754580044839,9.564745376817058,-0.38972027898613154,0.19085077372986112,-0.12680017631693913,phone_B
1302,10,5,Walking,0.12044010869117316,-0.5697381601872199,9.576976208241978,-0.4221424876911614,-0.020283108449846377,-0.12579232083321623,phone_B
1303,10,6,Walking,-1.0464295489532482,-0.3706843549440206,9.247598379870114,-0.340623775797234,-0.0856065811829485,-0.06619834886594027,phone_B
1304,10,7,Walking,-1.461853428671477,0.1150722171579332,9.260759870736818,-0.0509109255540814,-0.2353355330913686,0.0177708737118572,phone_B
1305,10,8,Walking,-1.2145929342723036,0.5248316096874981,9.554007143057882,0.17066534109501363,-0.20177817677656193,0.1276445094582551,phone_B
1306,10,9,Walking,-0.8054516928568581,0.8105273293398542,9.47323668764813,0.3982637966300643,-0.12255652021018294,0.14583702986355776,phone_B
1307,10,10,Walking,0.03457753257454402,0.8415115941712151,10.042564676454482,0.48690560728865234,0.036633997151380396,0.14825087449168234,phone_B
1308,10,11,Walking,0.45498248844838507,0.9348454827715869,10.035947682341849,0.46991328567707924,0.1895564275151868,0.05943197044902515,phone_B
1309,10,12,Walking,1.0659240155656613,0.9092005297425572,9.920205024173159,0.32632360714370295,0.29884626167594625,0.03363374746200283,phone_B
1310,10,13,Walking,1.5584194460894536,0.13837333893995923,10.185650013931264,0.05282473456120299,0.3835349322735684,-0.053036339109443845,phone_B
1311,10,14,Walking,1.359112396506,-0.004747817426906664,9.827509589110715,-0.14826294016221314,0.3131533745765595,-0.0939546179384121,phone_B
1312,10,15,Walking,0.7629367552245319,-0.6240813205328424,9.670118307526767,-0.360998907135848,0.18372283812441992,-0.1322173245967743,phone_B
1313,10,16,Walking,-0.04724048185736415,-0.5829428344539409,9.451842701099054,-0.40752258459863844,0.03106623865752167,-0.11842941297679109,phone_B
1314,10,17,Walking,-0.8648829669064888,-0.08612515050437214,9.178384957033094,-0.32466504245223915,-0.1272744021469827,-0.0103092447729514,phone_B
1315,10,18,Walking,-1.3975820595345128,0.010422052201305466,9.371614370750946,-0.09681389582240771,-0.18048355049179515,0.05217080140416952,phone_B
1316,10,19,Walking,-1.3329796944526344,0.4284024432977426,9.221060159373188,0.14809091903874072,-0.239748788195654,0.09683346161024788,phone_B
1317,10,20,Walking,-1.0965947632069464,0.8422692883848536,9.420701240740529,0.36788810784428894,-0.16816567750228892,0.1317715397247552,phone_B
1318,10,21,Walking,-0.06677025491487357,1.0745771135145181,9.962424882709929,0.5214917406268358,-0.009178569881937153,0.19776768062412342,phone_B
1319,10,22,Walking,0.39779067779827537,1.0601905688614284,9.92390418627812,0.4404713161483462,0.19243045814203302,0.14469243898421136,phone_B
1320,10,23,Walking,1.3099166465775547,0.7297515726223659,10.066502713279412,0.3268872790537366,0.31889847412740013,0.06108463970543726,phone_B
1321,10,0,Walking Upstairs,-1.107472176377333,-0.38912244589722783,9.498123364168782,-0.2858824642821947,-0.1526265937197083,0.04915361370156973,phone_B
1322,10,1,Walking Upstairs,-1.5692745563775727,0.5094257018645603,9.72379630790542,0.10357374183436913,-0.2401031611525107,0.1637550882768995,phone_B
1323,10,2,Walking Upstairs,-1.4100206650876888,1.0343567482822305,10.076370644146136,0.5688161930893605,-0.11769175796240446,0.2797041153275287,phone_B
1324,10,3,Walking Upstairs,-0.021646256992506583,1.5691329335233877,10.279118677137498,0.7539935468933301,0.08267936733422164,0.30548237965977265,phone_B
1325,10,4,Walking Upstairs,1.289017532547449,1.5652061707710545,10.545802347997467,0.6664677047789799,0.3868327837423195,0.2101599076134778,phone_B
1326,10,5,Walking Upstairs,1.9544406119847053,0.8101042376968871,10.712101418175255,0.35976214480054447,0.5504444650354708,0.09257804990693975,phone_B
1327,10,6,Walking Upstairs,2.2346540059807833,0.262579749948206,10.3220906863064,-0.02688091941873822,0.6156222941149292,-0.10508028904014158,phone_B
1328,10,7,Walking Upstairs,1.4190756005722105,-0.25912484047747864,10.222209508265452,-0.3280811800317207,0.4076415934015733,-0.1932204013450954,phone_B
1329,10,8,Walking Upstairs,0.48081760469150814,-0.8218192524067126,9.760672288459658,-0.5391971020456523,0.20913976772134737,-0.14615149420653784,phone_B
1330,10,9,Walking Upstairs,-0.7245797749009988,-0.5146926336940879,9.69483895067039,-0.3116890849611121,-0.04688905374989659,-0.0628927854412495,phone_B
1331,10,10,Walking Upstairs,-1.6023546351340918,0.0415554143930265,9.515500652324887,-0.0803404412841244,-0.21283605520009852,0.12400259107996071,phone_B
1332,10,11,Walking Upstairs,-1.237957727080518,0.810699073226886,9.618925529866688,0.38701218950401833,-0.2005508391845266,0.1693111217993168,phone_B
1333,10,12,Walking Upstairs,-0.5417148916517097,1.4931031122805387,9.83275349150393,0.6522096888600809,-0.033105554565362724,0.2959567147515605,phone_B
1334,10,13,Walking Upstairs,0.45359610587759885,1.4122388688780125,10.55717169403943,0.7450690151373999,0.23713876240401943,0.21979488527921712,phone_B
1335,10,14,Walking Upstairs,1.3986024243033006,1.2869893272473263,10.687134916856683,0.5932654998880644,0.4425829468015257,0.11515788915993772,phone_B
1336,10,15,Walking Upstairs,2.2335273211773905,0.3725614901867939,10.756352285714133,0.22442007314668583,0.5905908248058387,-0.030008056114804234,phone_B
1337,10,16,Walking Upstairs,1.731806113016776,-0.16719398916203132,10.183799658714975,-0.24467807166780053,0.531773148403877,-0.11767817812274173,phone_B
1338,10,17,Walking Upstairs,0.8144924917092232,-0.5217684236066205,10.022476898050938,-0.4552478777311223,0.3322504238227497,-0.1509730131289027,phone_B
1339,10,18,Walking Upstairs,-0.1673019106826987,-0.5163975196201243,9.493798537103505,-0.5144076200794614,0.058160178573097444,-0.13121624530093265,phone_B
1340,10,19,Walking Upstairs,-1.1229869541263877,-0.14607314418701556,9.561329755705426,-0.27245696792110125,-0.17074786603291375,0.028506775373067023,phone_B
1341,10,20,Walking Upstairs,-1.4732771330073873,0.3374099462857272,9.598972736262297,0.09129095790593467,-0.22680184228624456,0.1432371069471507,phone_B
1342,10,21,Walking Upstairs,-1.1681909922516223,1.3155275629979137,9.78807491447512,0.5459203237343973,-0.08057615633450804,0.28142307518801596,phone_B
1343,10,22,Walking Upstairs,-0.10665454538129787,1.359507835712884,10.13676915054252,0.7367383856996967,0.06900002500088423,0.25736191677959336,phone_B
1344,10,23,Walking Upstairs,1.0165796904078643,1.4026577088090884,10.643936702727036,0.6684143970257984,0.3265872143551789,0.19802803703733507,phone_B
1345,10,0,Walking Downstairs,1.0777622233154955,-1.3015495310279728,9.022270749327726,-0.8054634008596255,0.08837839734621875,-0.32792329663022685,phone_B
1346,10,1,Walking Downstairs,-0.8653206192444318,-1.225979703890143,8.62431080076586,-0.865569180614541,-0.27869474993696697,-0.25476867174138157,phone_B
1347,10,2,Walking Downstairs,-1.8038329433766767,-0.8218826171797552,8.50264020650082,-0.5174128416714608,-0.5924150621331747,-0.10096809436111596,phone_B
1348,10,3,Walking Downstairs,-2.4934059919218976,-0.09560281961936581,8.768320906472884,0.028859648086538032,-0.6941019016046309,0.09605063666889171,phone_B
1349,10,4,Walking Downstairs,-1.635159888439952,0.9917613478106102,9.187656118090265,0.4899102210295902,-0.46750894306295415,0.17508121567419294,phone_B
1350,10,5,Walking Downstairs,0.13051695448353504,1.1185103472039222,9.7111222296165,0.7052560717769256,-0.15019320918291643,0.14626395445699156,phone_B
1351,10,6,Walking Downstairs,1.4670268281977628,0.5912385551553675,9.868375107538458,0.46815060420200305,0.21528005708150905,0.0039412457389051275,phone_B
1352,10,7,Walking Downstairs,1.9584701095029966,-0.2501716348893311,10.115061375730884,-0.062378274838298366,0.33134637772523107,-0.14265279599845462,phone_B
1353,10,8,Walking Downstairs,1.3396072865872137,-1.1066414300142253,9.497765971129835,-0.6178458706116624,0.2188817467018351,-0.29217967845934467,phone_B
1354,10,9,Walking Downstairs,0.11238268242782454,-1.4885939848195564,8.931679027370754,-0.9124487563605732,-0.09092136509585588,-0.3048177923464694,phone_B
1355,10,10,Walking Downstairs,-1.412828955732679,-1.3815698098902,8.497858493915277,-0.751003761587662,-0.4098403255321596,-0.19467120054666623,phone_B
1356,10,11,Walking Downstairs,-2.364158258009336,-0.43168206666894576,8.482294740579146,-0.24730746316572494,-0.6415413936864939,-0.02601812449706778,phone_B
1357,10,12,Walking Downstairs,-2.0941377204203304,0.4054217325933568,9.127055188599956,0.2855400336927298,-0.5876321527320068,0.16833112019743868,phone_B
1358,10,13,Walking Downstairs,-0.9289248473839671,1.0820499480367025,9.520738046882244,0.6149063618092325,-0.30472401835705565,0.20516263861210282,phone_B
1359,10,14,Walking Downstairs,0.7604691186830316,1.008781288529477,9.934445847221799,0.653777088859806,0.01967679743077043,0.11187635016741392,phone_B
1360,10,15,Walking Downstairs,1.9352695374411049,0.39175550579076884,10.055015284534889,0.27659135630377274,0.31688199318500954,-0.030649034313231648,phone_B
1361,10,16,Walking Downstairs,1.8760965352306893,-0.7225940763641074,9.689438524064517,-0.35136537328746204,0.32480609243632724,-0.2282742390028361,phone_B
1362,10,17,Walking Downstairs,0.8621305910086048,-1.364631605589233,9.205593409735464,-0.7918713835232198,0.10267783975423778,-0.3495874444244887,phone_B
1363,10,18,Walking Downstairs,-0.5947185636715101,-1.5200137656344412,8.816574872293941,-0.8899528297155388,-0.23693462954348993,-0.2827790194844458,phone_B
1364,10,19,Walking Downstairs,-1.9681079845342926,-0.8335000656689072,8.46478344406722,-0.5573529750826315,-0.5789579959896752,-0.12202076482293173,phone_B
1365,10,20,Walking Downstairs,-2.39624072603593,0.14164847679610398,8.682689346623851,0.021396629659510478,-0.6448677170997444,0.04513999947585166,phone_B
1366,10,21,Walking Downstairs,-1.5013909530269232,0.6557314356967124,9.293984087362908,0.49741590049780127,-0.4753000744055104,0.16449125104636786,phone_B
1367,10,22,Walking Downstairs,-0.04156981115652568,1.230862720539845,9.623442369130887,0.6760092218167706,-0.12154473113659992,0.1923525597253654,phone_B
1368,10,23,Walking Downstairs,1.1017525944212083,0.9796419799430911,10.06170129745932,0.47363570147371803,0.19307164124841986,-0.0071928191169286435,phone_B
1369,10,0,Sitting,0.11537918994864282,0.056390529596349055,9.740517233147795,0.0013714268539919512,-0.026117141729161235,0.0029763104093300753,phone_B
1370,10,1,Sitting,0.10199388132555279,0.10240553482000202,9.803925462264392,0.010990050392205165,-0.013265672861663805,-0.002265338988881011,phone_B
1371,10,2,Sitting,0.1633818129153411,0.04718175940951086,9.711207082275015,0.011408215528351272,-0.01351690300885926,-0.0015392321527699353,phone_B
1372,10,3,Sitting,0.10640814359611189,0.0380763702479253,9.706650692006768,0.00919176966642982,-0.029204802398146934,0.0007290075983045308,phone_B
1373,10,4,Sitting,0.11905245408974649,0.020014967651302125,9.760325397379304,0.0025809082198499545,-0.01377905452569763,-0.008288235509105235,phone_B
1374,10,5,Sitting,0.124587236478406,-0.0012695784277270902,9.701984434284187,0.01635887127456543,-0.00546277098589861,0.00013137351013698718,phone_B
1375,10,6,Sitting,0.1265471654364272,0.053470046678785195,9.780684702962159,0.003386908187099443,-0.015632861756036884,-0.00029724171293376374,phone_B
1376,10,7,Sitting,0.1367704812831473,0.05004164051234026,9.768442395663339,0.0014273816523027692,-0.013386310521763724,-0.0029005021648644256,phone_B
1377,10,8,Sitting,0.1582243019188564,0.09980214333148604,9.759166419652344,0.013529919717227981,-0.025836553413949827,-0.0027990536023161285,phone_B
1378,10,9,Sitting,0.15995809850113774,0.1150220253619423,9.716618141515598,0.008058679018342516,-0.005287782255252954,-0.004648949666011441,phone_B
1379,10,10,Sitting,0.15832106555108857,0.07668627036258409,9.772445410528576,0.01855401449001498,-0.010243034290937534,0.008009519243967124,phone_B
1380,10,11,Sitting,0.15914138844492445,0.05104309133545251,9.764361739368155,0.002623608194068051,-0.008907916582630885,-0.002346904111679767,phone_B
1381,10,12,Sitting,0.1559421038793145,0.08288833832559048,9.743527024814595,0.014512874566016406,-0.013530203840569825,0.006792658936035782,phone_B
1382,10,13,Sitting,0.16758095224436842,0.08678215477604946,9.778654015945468,0.014555785134901494,-0.008834856826396845,-0.010327552237328123,phone_B
1383,10,14,Sitting,0.2073203855571277,0.06904829042086648,9.795865224803872,0.014325994887104324,-0.012959028221358963,-0.006075009854682696,phone_B
1384,10,15,Sitting,0.2031951858566912,0.0636069254412965,9.801405651416578,0.009096513938641308,-0.001001100359503261,0.0016621721395933845,phone_B
1385,10,16,Sitting,0.1987020068665776,0.06147781813255737,9.7855669222786,0.017193216778357466,-0.006294020850358458,0.0019674235575632593,phone_B
1386,10,17,Sitting,0.19730459652143648,0.07327752517140461,9.824485670207652,0.017006838035492255,-0.004331564559336743,-0.00032330956412545287,phone_B
1387,10,18,Sitting,0.1831648080977836,0.06487094462660853,9.790652235339204,0.014551950691636504,0.0008288319487954566,-0.008702035049132723,phone_B
1388,10,19,Sitting,0.2295969777439605,0.06571314671104138,9.759622764006643,0.017011989527222483,0.006228390245366886,-0.0009437902378302775,phone_B
1389,10,20,Sitting,0.22722044847961287,0.08556820579841204,9.820426967103867,0.01280390753357688,-0.009435363660945422,0.009012396221219222,phone_B
1390,10,21,Sitting,0.24031090500269114,0.05181514823333245,9.760874395099421,0.01080603696613715,-0.002096575643092471,-0.0016238359406974155,phone_B
1391,10,22,Sitting,0.2362385010135168,0.048296549532176436,9.759635250855018,0.00933763080304463,-0.002631380740581303,-0.003318334497602271,phone_B
1392,10,23,Sitting,0.18784442741268625,0.053803357988788936,9.806169556688138,0.009812433614374623,-0.0032176368453634054,-0.011825695595298093,phone_B
1393,10,0,Standing,0.06942417354275168,0.3571197190201136,9.750498189254913,0.02487745116036319,0.009019335127663074,-0.0023971097351238252,phone_B
1394,10,1,Standing,0.021781209540786037,0.34543592358738767,9.815006941584969,0.01287825010908943,0.0019864388507275085,-0.006579708157884835,phone_B
1395,10,2,Standing,0.0712649552160857,0.3379847752176178,9.79249195421966,0.018401003301401094,0.01103614154751505,-0.007567910565855538,phone_B
1396,10,3,Standing,0.06534326980275998,0.3086657284104962,9.718127899169838,0.01664705390368418,0.017003787914553,-0.005779596694901119,phone_B
1397,10,4,Standing,0.09540186153617843,0.30692402869948193,9.756492228638319,0.01784565517652194,0.01776607015796352,-0.001274972208919166,phone_B
1398,10,5,Standing,0.10135850169045778,0.30966914435661097,9.76638362166639,0.004244475347579721,-0.002226544745311143,-0.018623503057941103,phone_B
1399,10,6,Standing,0.08428815049635759,0.2928193743645855,9.722456921427215,0.005289879375502375,0.005005819357222109,-0.02052621168427833,phone_B
1400,10,7,Standing,0.07440406251922456,0.2833171214058399,9.741365104938655,0.007782002709767481,-0.004347161030687803,-0.026977026819312883,phone_B
1401,10,8,Standing,0.08314826229981852,0.2849648804752013,9.764039366897626,-0.0043040764598207965,0.0014146004872843052,-0.016606952460035736,phone_B
1402,10,9,Standing,0.07023359126390352,0.31266426547808357,9.742580534840654,-0.004642178962462122,0.021326383895179005,-0.019142021208063836,phone_B
1403,10,10,Standing,0.09220489718767354,0.2815807891288171,9.765361984189113,-0.005760304610016982,0.006893902551577617,-0.01867440470008085,phone_B
1404,10,11,Standing,0.05978595977827388,0.26540862371299107,9.79386590857564,-0.0032902866182589977,0.006525573862567864,-0.015321191496178985,phone_B
1405,10,12,Standing,0.04724784562702615,0.24301594295954446,9.762648353660408,-0.004534589971593169,-0.0012252723005586634,-0.02440001999683191,phone_B
1406,10,13,Standing,0.11727258793806852,0.24469737149635268,9.780118726813086,-0.014930664189590968,0.0033172438624193825,-0.024223726099422697,phone_B
1407,10,14,Standing,0.0791078909141168,0.26958879279266545,9.704075770819628,-0.020778943737966925,0.005532088136026085,-0.023899556845270644,phone_B
1408,10,15,Standing,0.035146956443329685,0.25490811886274656,9.752842249066154,-0.023602638850822387,-0.0006997886472168511,-0.030934956719142457,phone_B
1409,10,16,Standing,0.016261291287647864,0.22754276803236484,9.721291829823206,-0.02866764077729128,-0.008478151140259127,-0.03045978977974944,phone_B
1410,10,17,Standing,0.040527360610066045,0.1708237703686572,9.690470981361328,-0.03570299111755477,-0.00404254643435268,-0.035090258083639754,phone_B
1411,10,18,Standing,0.01989718457847195,0.25743943668109115,9.752910349986564,-0.03669706749508972,-0.007277939840752914,-0.030228467437011238,phone_B
1412,10,19,Standing,-0.021199468090710025,0.21095468560536867,9.73721280097874,-0.02326113201805151,-0.015977998474695186,-0.019901417184386146,phone_B
1413,10,20,Standing,-0.058240391302243545,0.19324352638944803,9.68151137281282,-0.02703575978100564,-0.015598274637569897,-0.024635596827227862,phone_B
1414,10,21,Standing,-0.017463720133509168,0.21185955377112317,9.711440298427908,-0.02689762225128107,-0.018824429974150785,-0.02085376240982014,phone_B
1415,10,22,Standing,-0.0034298937239189697,0.19759666492534633,9.692555927664861,-0.020747941736984816,-0.02648169574672317,-0.011742164481822415,phone_B
1416,10,23,Standing,-0.06845560368724143,0.2040244836809334,9.666712883118803,-0.014156336596183162,-0.02560866860708043,-0.024718574593981475,phone_B
1417,10,0,Laying,7.411787516993458,0.24484864495260028,6.286056990348252,-0.01944393427811258,-0.013652065389271401,-0.0015850304753051603,phone_B
1418,10,1,Laying,7.436886700906602,0.28689376488549,6.285704989833836,0.00696096545606114,-0.02022317854415545,0.002991627845638949,phone_B
1419,10,2,Laying,7.398186100021564,0.22558428776040948,6.286777300711963,0.010776770634750845,-0.012133854133942497,0.0074293736982871715,phone_B
1420,10,3,Laying,7.3954021730014805,0.28235712008278785,6.276130875268895,0.004013643382127573,-0.011514166420634261,0.0024655536781906543,phone_B
1421,10,4,Laying,7.4220548816633904,0.2385628522674169,6.315456680868723,0.013316097892306986,-0.01590061509644474,-0.012485445765251405,phone_B
1422,10,5,Laying,7.4299749115051625,0.2495651269199055,6.291179587243821,0.006503876178214753,-0.014709760109183779,-0.0030747019092533905,phone_B
1423,10,6,Laying,7.416730384554466,0.2953094230731011,6.296208832682927,-0.0040309504853811426,-0.01871131387168614,-0.0006306551907043463,phone_B
1424,10,7,Laying,7.392771150238122,0.22014609143433633,6.312334988548509,0.007681512611909891,-0.013301492743823473,0.00027457839012839306,phone_B
1425,10,8,Laying,7.427511459169584,0.2748180166219115,6.312542197897412,-0.011894053320892132,-0.012085275339029863,0.0015818545255071792,phone_B
1426,10,9,Laying,7.414372661198739,0.26113097100772703,6.317153007816441,0.0043667415198483,-0.0011383506072220762,0.005181387851244569,phone_B
1427,10,10,Laying,7.4235156667440485,0.25565660359465414,6.228072524062546,0.0020367327899548453,-0.01784405681848926,-0.0003247552585650816,phone_B
1428,10,11,Laying,7.4321631717199965,0.2782986365741911,6.335173468952658,0.003926474836490622,0.004423462752728747,-0.000345511500393178,phone_B
1429,10,12,Laying,7.3974594329611465,0.24705690875079922,6.291843026020696,0.0076987932079518595,-0.014474174804669927,-0.003632452366093529,phone_B
1430,10,13,Laying,7.4280699206318515,0.25002366813708493,6.322328961061823,0.008029353441800112,-0.0013210013807474436,-0.003951182546995001,phone_B
1431,10,14,Laying,7.464043671197494,0.22715600167276104,6.268190790602741,-0.0030926128574252183,-0.007793995446943145,0.00511301274894796,phone_B
1432,10,15,Laying,7.420810769669749,0.24927902706437377,6.298329807110393,0.007609296009337254,-0.010244057503002266,-0.00545346983487377,phone_B
1433,10,16,Laying,7.404108382510951,0.24675509290076114,6.33396785144814,0.00467341086739353,-0.011347697142074023,0.004997032804360641,phone_B
1434,10,17,Laying,7.424982799960224,0.2963104229175823,6.340391948934935,0.004392948399870126,-0.01543239889060763,0.011135529385106868,phone_B
1435,10,18,Laying,7.451151691756266,0.25238995010432347,6.32994314382142,0.008173373051295466,0.0018886915824219098,-0.006771581350823199,phone_B
1436,10,19,Laying,7.451270935694417,0.2304288620657572,6.3234025429868685,0.0036984317412669743,-0.0038310554776244867,-0.0038855550962721367,phone_B
1437,10,20,Laying,7.438852263345012,0.23787214402922727,6.327173677695857,0.012625019846793085,-0.008402650292839865,9.034848784749512e-05,phone_B
1438,10,21,Laying,7.457723995264205,0.2591975926853266,6.269879785555826,-0.0042976212737160955,-0.009300426649294403,-0.016301340238657227,phone_B
1439,10,22,Laying,7.483883151364239,0.2675211645258129,6.307889023909386,-0.009829421164245039,-0.015117015455282344,-0.003730232242439788,phone_B
1440,10,23,Laying,7.499674254150441,0.2401136076048082,6.330786668944803,0.00020791791690672606,-0.0034099492952409725,0.0033111450612139806,phone_B
1441,11,0,Walking,1.3985771603739992,-0.07743626186198131,10.077721269682085,-0.09626243340109822,0.3750802101565662,-0.09551105947746905,phone_A
1442,11,1,Walking,1.0494682426140944,-0.5261141183945083,9.696863799140727,-0.33493792297883995,0.2395073611109743,-0.11563152572313767,phone_A
1443,11,2,Walking,0.08293172127590909,-0.6478473585928196,9.694475193854744,-0.3970071407346404,0.14080462862011606,-0.12842636179379377,phone_A
1444,11,3,Walking,-0.8770032022246592,-0.658077980511097,9.579620616064783,-0.31803658679567576,0.006374252150476177,-0.12202880318603007,phone_A
1445,11,4,Walking,-1.1858351386732728,-0.5159543445490555,9.656935944524221,-0.16990966046417177,-0.1538865917349629,-0.007460931362995271,phone_A
1446,11,5,Walking,-1.2049835928659565,0.24449814025870353,9.671706901025038,0.056463252959436105,-0.21998011542700066,0.09203738637598621,phone_A
1447,11,6,Walking,-1.0636741508560754,0.5063659351789571,9.642916098417079,0.3153122026902442,-0.12484790262964834,0.12043273059706495,phone_A
1448,11,7,Walking,-0.6133825206110208,0.8704911957202682,9.942489588574396,0.44218465916659466,0.004884751823160859,0.17721943760362338,phone_A
1449,11,8,Walking,0.2520481203478607,1.1144811008384843,10.013981995133483,0.49524065002421536,0.09147641552944581,0.14248700941005893,phone_A
1450,11,9,Walking,0.7301543121206919,0.8207297550943435,10.2295643849108,0.39353442637223396,0.27470105791558486,0.10477723949337983,phone_A
1451,11,10,Walking,1.219220657038494,0.38928202838552084,10.267273872989394,0.14991346119429733,0.3900545091405129,-0.03934090509776073,phone_A
1452,11,11,Walking,1.3751679945353246,-0.22079368700348156,10.25082508569952,-0.08531507255117103,0.33891127137001925,-0.07364704370112463,phone_A
1453,11,12,Walking,0.9499587350984975,-0.6486209849312273,9.96195086793203,-0.3237954244345736,0.27075794294818023,-0.1423651742416857,phone_A
1454,11,13,Walking,0.40407757212888895,-0.5199533971638601,9.831110415434845,-0.39446924222394664,0.08774007379343857,-0.12484987213074346,phone_A
1455,11,14,Walking,-0.294242985420876,-0.4906011536402093,9.59669252961066,-0.3997010673428266,-0.03153619214841471,-0.04647869853853105,phone_A
1456,11,15,Walking,-1.263584115570248,-0.5069915268740488,9.588125175219696,-0.22920192887097135,-0.18141841024483185,0.017215373026625992,phone_A
1457,11,16,Walking,-1.3115313178315888,0.0031127261304924395,9.383510556438761,0.06798815435602823,-0.21104614132947863,0.09884276079106474,phone_A
1458,11,17,Walking,-1.0982356153873538,0.4231764225371939,9.603222337782869,0.2986359687534561,-0.13928911373063138,0.0865023552775524,phone_A
1459,11,18,Walking,-0.5936904663324619,0.7904895307202381,9.737572925600201,0.44865651593257644,-0.09263320758718463,0.15425849100399788,phone_A
1460,11,19,Walking,0.0048137611100958905,0.8475780351101097,10.04154400008514,0.4743898917479976,0.1433564822006256,0.16360849076304743,phone_A
1461,11,20,Walking,1.054046734302395,0.7421097725249477,10.105865768319022,0.4614830385360434,0.24773306195066988,0.08959671643568,phone_A
1462,11,21,Walking,1.4111539488803913,0.26333633765694625,10.273865318584669,0.23553736186188187,0.39807106455364355,0.034319665851330186,phone_A
1463,11,22,Walking,1.5634467376612036,-0.04526438330408775,9.991741879768197,0.02402240124352066,0.3458922002921875,-0.10481711374302351,phone_A
1464,11,23,Walking,1.1288692668097886,-0.23711530914470158,9.943755856737626,-0.22880082393764234,0.25993692962904497,-0.13681487119733657,phone_A
1465,11,0,Walking Upstairs,-0.8174864588523055,-0.7281516449524807,9.530058783076992,-0.3696943930626344,-0.03814223403703462,-0.0549157092954302,phone_A
1466,11,1,Walking Upstairs,-1.456991075116623,0.12777880965633076,9.669950703049663,-0.05198241025365927,-0.18707133583645058,0.11073868961599527,phone_A
1467,11,2,Walking Upstairs,-1.2959938707131027,0.8093910313759543,9.794318196251107,0.41142031272154683,-0.17408704211967282,0.21253316193909869,phone_A
1468,11,3,Walking Upstairs,-0.6313459700009255,1.2033479506159066,10.406071862202527,0.6625755208010646,-0.01949252358495726,0.27419019929181887,phone_A
1469,11,4,Walking Upstairs,0.751289399400001,1.5166455602972881,10.440385000283412,0.7932388877677466,0.2954421229095733,0.21522345335560675,phone_A
1470,11,5,Walking Upstairs,1.2708685972226417,1.0315076463824957,10.941052107554102,0.5924436010009505,0.465670223005482,0.17077282706240576,phone_A
1471,11,6,Walking Upstairs,1.7577484410112878,0.3390134972064539,10.685611972910111,0.1932463540801188,0.6202666304441359,0.0028198486712570463,phone_A
1472,11,7,Walking Upstairs,1.5609877026728718,-0.20160375549861642,10.51598449206488,-0.2840642462816113,0.4690122519673964,-0.11138595049916337,phone_A
1473,11,8,Walking Upstairs,0.7724577520822015,-0.8900688335914682,10.056886781679808,-0.48770400786593465,0.31217542167126805,-0.2119162055328862,phone_A
1474,11,9,Walking Upstairs,-0.1456996751416325,-0.6077284828995875,9.73289363966018,-0.49968419842115214,0.06411473542377802,-0.14160201246712031,phone_A
1475,11,10,Walking Upstairs,-1.2469599423315545,-0.4451637259605634,9.649820159841443,-0.25989091618677934,-0.17587224036814486,0.05799399940106845,phone_A
1476,11,11,Walking Upstairs,-1.5564901953896926,0.43149678049332335,9.54414117857003,0.16335695758170285,-0.19814899072855682,0.16772524603079822,phone_A
1477,11,12,Walking Upstairs,-1.3475600080375045,1.0824127702585722,10.145399472184925,0.5950272712355605,-0.12061098872989531,0.20736601024732826,phone_A
1478,11,13,Walking Upstairs,-0.18088263878661126,1.262524574335464,10.561823856724933,0.6939243549170553,0.1129622734984293,0.31193538589525566,phone_A
1479,11,14,Walking Upstairs,1.089327042957976,1.3827400690763976,10.548382742189295,0.6514805653314149,0.41559817888813844,0.19861796308077947,phone_A
1480,11,15,Walking Upstairs,1.8899807149221064,0.6163459450497519,10.815298300813772,0.35285681998651336,0.5847002662288866,0.12466509720009589,phone_A
1481,11,16,Walking Upstairs,2.032993136158262,-0.03580088226798005,10.318537066908345,-0.0802295621075165,0.6155294770622376,-0.10969766580635508,phone_A
1482,11,17,Walking Upstairs,1.295109176188776,-0.4785385194109219,10.457195977783874,-0.3962173670240435,0.4253610711610718,-0.16449340823730604,phone_A
1483,11,18,Walking Upstairs,0.16297230423634543,-0.8602507080599605,9.966926138995026,-0.5249950412744023,0.24402998228710815,-0.14496041584984606,phone_A
1484,11,19,Walking Upstairs,-0.7286907021065585,-0.6925082492396825,9.75198542142461,-0.4133064591028051,-0.044955376596857916,-0.04004286727759111,phone_A
1485,11,20,Walking Upstairs,-1.5059508764410214,0.31856297087271485,9.860990259027123,-0.01501475301376018,-0.17909165777966163,0.13241451087679046,phone_A
1486,11,21,Walking Upstairs,-1.5987234547871103,0.904811426748146,9.800270055462814,0.36140092604411606,-0.16513111290283833,0.25055645767764484,phone_A
1487,11,22,Walking Upstairs,-0.7842589742137551,1.2083503254399155,10.293075223191552,0.6837237700959171,0.015619846566251858,0.3676834888292845,phone_A
1488,11,23,Walking Upstairs,0.5522052989526317,1.307678369165282,10.468516127240367,0.754733436136657,0.22581092951608484,0.2601515849815653,phone_A
1489,11,0,Walking Downstairs,-2.0323940365966893,0.7298854774802449,9.108858961079298,0.3792846368310353,-0.5243951004107247,0.1982148783128983,phone_A
1490,11,1,Walking Downstairs,-0.47437807305144164,1.0375811282971288,9.843310603761683,0.6699323553765599,-0.21080243704533133,0.22733030584480834,phone_A
1491,11,2,Walking Downstairs,1.1148896609778718,0.6151420247991116,9.981518637293297,0.602026456556731,0.05474106459525439,0.1103179132774874,phone_A
1492,11,3,Walking Downstairs,2.0205666137438403,-0.0009500038466730698,10.070699741884342,0.09481645679099285,0.3261789583136926,-0.10092389547308322,phone_A
1493,11,4,Walking Downstairs,1.6705795796468317,-0.9547140922817694,9.763872926619456,-0.460427863146803,0.3540551269468264,-0.2678409116910755,phone_A
1494,11,5,Walking Downstairs,0.6253887364992425,-1.5705133839797307,9.211565569876766,-0.886787036886374,0.00236544097627836,-0.3520861987709093,phone_A
1495,11,6,Walking Downstairs,-0.9814101764454016,-1.3772104545423776,8.633392523614654,-0.8610209181992116,-0.35332824037420973,-0.2537033432936467,phone_A
1496,11,7,Walking Downstairs,-2.0543261996803097,-0.9323732486014074,8.713390566484179,-0.424695483475328,-0.57588225444788,-0.09150301055701762,phone_A
1497,11,8,Walking Downstairs,-2.3222814262317137,-0.04459860859050295,9.01369469444938,0.12624093088897387,-0.6574025705882283,0.11533601560406301,phone_A
1498,11,9,Walking Downstairs,-1.4091192128129808,0.8732887725831119,9.55285152032188,0.5888137976908464,-0.4157259485742313,0.23107730337156643,phone_A
1499,11,10,Walking Downstairs,0.05804098806568213,0.8302203930690869,9.550132275292999,0.6863582167795136,-0.07463501593698636,0.17740293373515287,phone_A
1500,11,11,Walking Downstairs,1.2843430565510783,0.4251862408421083,10.210897213051007,0.3633902274844465,0.2647900234505552,-0.0028453149651249936,phone_A
1501,11,12,Walking Downstairs,1.9680934946467332,-0.32516680609782045,10.1150899404315,-0.16204905630790076,0.33674019917779463,-0.19141101921003062,phone_A
1502,11,13,Walking Downstairs,1.357737876061617,-1.3637987025925773,9.531109988823516,-0.6938007802541506,0.19752294393743666,-0.3314119779018953,phone_A
1503,11,14,Walking Downstairs,-0.4138369560565922,-1.528803032808239,9.158766071186147,-0.9443696665933256,-0.12542141797514306,-0.2747723211417096,phone_A
1504,11,15,Walking Downstairs,-1.6081824854703226,-1.3144367303120632,8.624579532858764,-0.6963987866090688,-0.46665180400227696,-0.16683456189735,phone_A
1505,11,16,Walking Downstairs,-2.4296736764020133,-0.5608051591150048,8.846353223752988,-0.1736984259859199,-0.6333635386337491,0.02539999446087994,phone_A
1506,11,17,Walking Downstairs,-1.7959032597973155,0.40036980253494736,9.34022204166386,0.35383019001798305,-0.5173320723415944,0.20464090173063557,phone_A
1507,11,18,Walking Downstairs,-0.6967630132917191,1.1815425453640407,9.763026672216231,0.6622069736080061,-0.2508151311972001,0.2339080326218482,phone_A
1508,11,19,Walking Downstairs,1.0145491617536297,0.6989648513371743,10.06886136315228,0.5930439180526708,0.10161645675653186,0.16036670688297597,phone_A
1509,11,20,Walking Downstairs,1.9116095997776632,0.0803758586301263,10.268570540318827,0.12458773405739648,0.3621714783489898,-0.1261445489625551,phone_A
1510,11,21,Walking Downstairs,1.713117359273472,-0.7219181838366003,9.99457502141125,-0.461368139215467,0.28837340496307134,-0.24105264846178703,phone_A
1511,11,22,Walking Downstairs,0.5413879442603347,-1.5258972454239992,9.398574128756557,-0.8530913847777333,-0.0001993872772363195,-0.3545325622743093,phone_A
1512,11,23,Walking Downstairs,-0.9698673681008635,-1.7370768612571363,8.818777966412126,-0.88647474354166,-0.2707957342348763,-0.19585468566925113,phone_A
1513,11,0,Sitting,0.08802116331096003,-0.06928593859476954,9.921358899308172,0.012089142217815305,0.0033185023353166096,0.014352731186229194,phone_A
1514,11,1,Sitting,0.10797195529800334,-0.049201884678837404,9.893473219122527,0.02500952352457658,-0.013250892790165322,0.0007291471041799857,phone_A
1515,11,2,Sitting,0.12316847275585593,-0.058102110578502994,9.940647917596745,0.02551582844705483,-0.0009744156227790204,0.01574619308174407,phone_A
1516,11,3,Sitting,0.09344098892017022,-0.009190864907417926,9.924741640657299,0.015342134498398923,0.0062183284813844865,0.0027301019743013293,phone_A
1517,11,4,Sitting,0.13894109959767806,-0.06455020989678187,9.91698601652856,0.013690005244771524,0.0025612812775151067,-0.0022786559272228958,phone_A
1518,11,5,Sitting,0.10966181227938573,-0.05249734622543009,9.93537551899137,0.018877340281502453,0.022867778361344307,-0.010993451842957434,phone_A
1519,11,6,Sitting,0.1547687018280884,-0.04258473621109848,9.94656443873873,0.02218123262598267,0.01118775909455983,0.0029014368209981335,phone_A
1520,11,7,Sitting,0.12897241296098555,-0.0284550230268125,9.88067979541318,0.022164759110888155,0.013173410332757722,-0.0015058801483281534,phone_A
1521,11,8,Sitting,0.14618676071189302,-0.049122235705249574,9.961424171348348,0.03642045181973149,0.021738162796605058,-0.002467031112944491,phone_A
1522,11,9,Sitting,0.17203027808462143,-0.02993964074532009,9.907055043168937,0.008867699636678161,0.015110662723059103,0.00524009998239248,phone_A
1523,11,10,Sitting,0.12010943952550612,-0.06670103654902926,9.945538089062607,0.01599677791369744,0.025017718454666906,-0.008641646135990536,phone_A
1524,11,11,Sitting,0.2231355607755818,-0.08929755141524007,9.881369291706795,0.014612065388490794,0.010695020967547767,-0.0010060001479096487,phone_A
1525,11,12,Sitting,0.1661987242013481,-0.058161303070484345,9.911748145985555,0.016690564301905502,0.016525366532388144,0.0052194686865139825,phone_A
1526,11,13,Sitting,0.1670038398979829,-0.08003748253638106,9.891154766265768,0.012106405086846735,0.011681974301809377,-0.010156497329283998,phone_A
1527,11,14,Sitting,0.18791021886516798,-0.103236174500379,9.96901722016819,0.013063034619542167,0.01983680592516103,-0.008940645413182095,phone_A
1528,11,15,Sitting,0.1967633286969108,-0.06194123535022515,9.916748323209607,0.012196976439039874,0.010735707766635528,-0.013236290426835395,phone_A
1529,11,16,Sitting,0.15228113366008253,-0.05638672899376465,9.933829971459092,0.016119636329926655,0.01597042251232838,-0.0006812846420933319,phone_A
1530,11,17,Sitting,0.17975609013610833,-0.09211937269681646,9.943377082247249,0.008199090015177875,0.018294913498812668,-0.004590601051559692,phone_A
1531,11,18,Sitting,0.1813526806043763,-0.07594473500170483,9.923085823307032,-0.0005158746344832025,0.023015242735759476,-0.010376127792521608,phone_A
1532,11,19,Sitting,0.16072956580878262,-0.08179833395872167,9.95123299709637,0.007103308000764386,0.019791508802013018,-0.009704683899546047,phone_A
1533,11,20,Sitting,0.20342857388101873,-0.13947387279582357,9.952126755127505,-0.006613338348218518,0.014809778308824469,-0.01007406946768883,phone_A
1534,11,21,Sitting,0.24272242139554057,-0.04146769948373644,9.94899798891501,0.005384836798334021,0.012362582824679984,-0.00675050445989117,phone_A
1535,11,22,Sitting,0.17530970480708546,-0.10771696358972527,9.934187187284154,-0.000984014363541948,0.02889477314577176,-0.019995741396311054,phone_A
1536,11,23,Sitting,0.19111778278923372,-0.11320002285347969,9.918901960250423,0.00225835388408399,0.01702569230917311,-0.00806571204109742,phone_A
1537,11,0,Standing,-0.10076709881742513,0.08756123649142897,9.832581670329178,-0.023968115334659274,-0.004601624767859592,-0.02021325856754809,phone_A
1538,11,1,Standing,-0.1103260374521082,0.14073502895742568,9.84344053615186,-0.021033585479461808,-0.006466915744222825,-0.023766527566020716,phone_A
1539,11,2,Standing,-0.11646147197769088,0.09558777818883372,9.798890557940249,-0.01543790979328051,-0.013000306490546065,-0.018653384548607266,phone_A
1540,11,3,Standing,-0.12983824872558097,0.18107362544199307,9.810918915443345,-0.028859103469764863,-0.022085739710439825,-0.010746421491821995,phone_A
1541,11,4,Standing,-0.0917451442185512,0.09442162841838173,9.857336059861892,-0.010358677674849319,-0.01600708098638643,-0.015527957807642065,phone_A
1542,11,5,Standing,-0.12951387475217438,0.13858391894892555,9.833652471013897,-0.016926205537553717,-0.018135234708111826,-0.0006382803339043761,phone_A
1543,11,6,Standing,-0.13587017062786155,0.1443098157659614,9.836074619911725,-0.009001775500721015,-0.01846652031278871,-0.005617021779131996,phone_A
1544,11,7,Standing,-0.13143704876519818,0.1357797523665916,9.804604220616946,-0.005851418385513826,-0.021333908603612353,-0.01125974197246919,phone_A
1545,11,8,Standing,-0.08873640088437901,0.09790866200988284,9.84580289359816,-0.010639848401974274,-0.021720361951384833,0.007639922971874537,phone_A
1546,11,9,Standing,-0.1850417027434749,0.12600045879165095,9.821816323889696,-0.0076550005598317065,-0.018522366185389057,-0.009312520271728835,phone_A
1547,11,10,Standing,-0.1488191643049363,0.11899652828618146,9.778014780313399,-0.0008972406556928356,-0.03428448317820554,0.004678057215690289,phone_A
1548,11,11,Standing,-0.20646109974571358,0.1347315392055783,9.834963521366088,0.00012627919871437002,-0.03474541576285281,0.009469328847837919,phone_A
1549,11,12,Standing,-0.19512634728299247,0.16443115037194644,9.821319361675737,0.011155276246641293,-0.02332834560978696,-0.006102912352387474,phone_A
1550,11,13,Standing,-0.1789009750433476,0.17244022000351955,9.847664742452988,0.00317437182670451,-0.014161245134094076,-0.0041212739820890585,phone_A
1551,11,14,Standing,-0.1704360347997207,0.1578950327444618,9.799314904176953,0.008230790821913334,-0.031958549098999534,-0.0005472351042715403,phone_A
1552,11,15,Standing,-0.19295214169195538,0.2129648061827671,9.815424792365954,0.011369928408274721,-0.028058402000731612,0.009310197988241897,phone_A
1553,11,16,Standing,-0.16018654576916525,0.20155987070366513,9.802767148200667,0.013055113097468957,-0.03264115699040658,0.012502417933869013,phone_A
1554,11,17,Standing,-0.14822978698880648,0.19068022066343132,9.828397814300185,0.018022856962608823,-0.0292697183878712,0.008608750952837117,phone_A
1555,11,18,Standing,-0.16352175878574063,0.2720124011912275,9.877952627516274,0.033742407886803695,-0.01863628128965697,0.004359792618958585,phone_A
1556,11,19,Standing,-0.1351944717145712,0.21852495832448912,9.891859183000529,0.031034665181270873,-0.01954173362814714,0.00855748586846452,phone_A
1557,11,20,Standing,-0.09947968907373725,0.1980769614077818,9.901637002509057,0.029995170062994972,-0.02776456611714612,0.004020733071375278,phone_A
1558,11,21,Standing,-0.17623124591589298,0.256268837852322,9.834413595643953,0.03437661120206535,-0.010516048728768306,0.0050715451705609085,phone_A
1559,11,22,Standing,-0.13286291003570602,0.21260915936554373,9.855410032088638,0.050783461481763534,-0.01045356526567394,0.007908752875467204,phone_A
1560,11,23,Standing,-0.13198260695112551,0.24858899899001186,9.873117849596518,0.03449796746274071,-0.009573331159831415,0.003989019870551812,phone_A
1561,11,0,Laying,7.351613489880698,0.09485501632206828,6.4413549365313365,0.004921985287819026,-0.011458889271505129,0.0006498630742091158,phone_A
1562,11,1,Laying,7.300999967266923,0.14312541700400325,6.41777425220118,0.01663026624167159,0.006128950463834841,-0.006127985268336965,phone_A
1563,11,2,Laying,7.293460348421995,0.10859595883557197,6.394347877870881,0.01698282651171662,-0.00014826152398597016,0.006067288295154568,phone_A
1564,11,3,Laying,7.337781579366267,0.12462200869758312,6.424973557296592,0.01315969559678162,0.0020155017562428316,-0.005659829639336997,phone_A
1565,11,4,Laying,7.386474946301714,0.12338795456896529,6.41533175690539,-0.009978178286560111,0.004203335936543866,0.0014939567836092875,phone_A
1566,11,5,Laying,7.349488977666097,0.12218327138144601,6.413288412364338,0.005245034800629518,0.0034455894667134498,0.004912152398954744,phone_A
1567,11,6,Laying,7.342365397595034,0.15747034011041747,6.426660066194212,0.004885063230854775,0.002144705452731401,-0.006903871525385397,phone_A
1568,11,7,Laying,7.35517854966957,0.09662951831954567,6.403921129268803,-0.003770576239141092,0.0002083614468057465,0.011070298287479203,phone_A
1569,11,8,Laying,7.347719426255344,0.15265183638784716,6.489414177862407,0.011179346573173434,-0.0030107713947459293,-0.002208173940519669,phone_A
1570,11,9,Laying,7.352012040340944,0.12205586965858349,6.417656124659532,0.015061345106436086,0.008074749145662898,-0.00819500446245552,phone_A
1571,11,10,Laying,7.332951085398617,0.12752914102479287,6.447595209976095,0.016383579654169405,0.018482053619361092,-0.0009944921048497678,phone_A
1572,11,11,Laying,7.344479209584717,0.1550267194495815,6.41657773070011,0.009034320462495655,0.00014679338530301355,-0.013833345452687903,phone_A
1573,11,12,Laying,7.3594744708426125,0.13686623984991375,6.466432309053058,0.01024687250881034,-0.004511159670491722,0.0004286329778661706,phone_A
1574,11,13,Laying,7.305688512731883,0.11219221845648987,6.451558526826323,0.009041857575069458,0.00894536056675024,-0.009760040480435985,phone_A
1575,11,14,Laying,7.3535232335664285,0.1315420492717632,6.4605851345164735,0.014851886042284249,0.007668620202597894,0.011337156445765991,phone_A
1576,11,15,Laying,7.3520454214294055,0.17769423503046766,6.4115982457020175,0.004596248659637903,0.008747294396569774,-0.006909173839958845,phone_A
1577,11,16,Laying,7.377269524607008,0.1476580812847194,6.465508382009237,0.010967262556623702,0.00499280482909395,0.005188558219324989,phone_A
1578,11,17,Laying,7.348123103344983,0.12819702188054913,6.4515734094167625,0.011366277929404736,0.002647367197481217,0.0016330542206644352,phone_A
1579,11,18,Laying,7.406324600535285,0.1354209243955803,6.42890251642179,0.0014906009350954732,0.005279950758076472,0.0060509504549268785,phone_A
1580,11,19,Laying,7.389165216353101,0.1497618761750764,6.465576704331721,0.016290664165422547,0.012661682420610776,0.007978500548509699,phone_A
1581,11,20,Laying,7.409333753189986,0.14328876165981352,6.409467626024361,0.016027990623150613,0.0111233088849502,0.011438918934654176,phone_A
1582,11,21,Laying,7.403960926408785,0.19655610617755087,6.459086853926408,0.013535002899759957,-0.0014088166746317014,0.0037971337826282737,phone_A
1583,11,22,Laying,7.359976692230113,0.15350793643116087,6.445880875361619,0.015082808275552702,0.006782249957930141,0.007471786051409933,phone_A
1584,11,23,Laying,7.307583135390998,0.1531829360921892,6.475486886045501,0.023536570978557374,0.012226181510716482,0.011867768621067636,phone_A
1585,12,0,Walking,0.6527444943172901,0.8789525512312055,10.042356138631133,0.4602276026021717,0.19033963816540955,0.14679227606700176,phone_B
1586,12,1,Walking,1.0768131609800142,0.4538625552121698,10.266360519414544,0.28859090535381793,0.3249294569903756,0.09388784701818816,phone_B
1587,12,2,Walking,1.6804850331313468,0.2788398009245807,10.191004492229592,0.14409150820665492,0.3115328266075124,-0.04303904572857667,phone_B
1588,12,3,Walking,1.4270487920123405,-0.2869880251527196,10.111029917444174,-0.15889490882749435,0.33869765327379187,-0.10784130614538079,phone_B
1589,12,4,Walking,0.7170421994117773,-0.6316966778120513,9.798024089600137,-0.35701074910305086,0.24234426692669045,-0.11718354119293649,phone_B
1590,12,5,Walking,0.15148201673305903,-0.8042817625597443,9.372956936681202,-0.39555790750178965,0.12808598789581066,-0.08726362298021964,phone_B
1591,12,6,Walking,-0.7851970323496941,-0.47187818540019544,9.542513310949067,-0.34754292058071384,-0.06833242053421942,-0.06591817793571607,phone_B
1592,12,7,Walking,-1.2159456617369044,-0.17066923357468797,9.57564308561013,-0.13573362855324933,-0.24947599274864002,0.028313886175508354,phone_B
1593,12,8,Walking,-1.533450436598617,0.23419413188080035,9.673868349989935,0.14728887324165074,-0.1985601636731569,0.11698599482119776,phone_B
1594,12,9,Walking,-0.6529783648390791,0.5999513843267662,9.75341397969888,0.3469786505696579,-0.12655768440454127,0.15514694481808025,phone_B
1595,12,10,Walking,-0.06854657110700338,0.8388152663457051,10.07550316763518,0.5032449863720249,-0.00827269712541625,0.1822393482509692,phone_B
1596,12,11,Walking,0.537577532063242,0.9367367998237464,10.047065097692004,0.4661006300943184,0.1515264292169866,0.09164087484283488,phone_B
1597,12,12,Walking,1.2587462909816196,0.499491239943655,10.123798439191692,0.3612913504265097,0.3204924148973975,0.018327861641796644,phone_B
1598,12,13,Walking,1.4657937632018045,0.2954361689694934,10.122676214142995,0.14950478557371624,0.34734154757584373,-0.07351043233737775,phone_B
1599,12,14,Walking,1.4614231862360707,-0.26590509068802837,9.770843704406342,-0.1365282764025968,0.3745153548995087,-0.12633992985309453,phone_B
1600,12,15,Walking,1.1352047500926519,-0.640472135230281,9.798556518451264,-0.35343404508266546,0.2356562009461447,-0.13550774511886224,phone_B
1601,12,16,Walking,-0.0712530114888948,-0.3306675729607557,9.536057715302082,-0.4083525603279291,0.09868491517798343,-0.07749837412033518,phone_B
1602,12,17,Walking,-0.5101421490763597,-0.6946926979546311,9.489656724657173,-0.37596646255547717,-0.06431281835016582,-0.11060880489423586,phone_B
1603,12,18,Walking,-1.2655212795088318,-0.21978046501129078,9.487929441783816,-0.14918094183228747,-0.16112604220179852,0.02875351563739561,phone_B
1604,12,19,Walking,-1.2235253297807462,0.07306636954274753,9.720217239959583,0.08476059894413057,-0.18389782606531352,0.1438724364636791,phone_B
1605,12,20,Walking,-0.9380401238653016,0.7562742259984057,9.313873706065479,0.3316211414428159,-0.13521080463782448,0.17558770938435073,phone_B
1606,12,21,Walking,-0.5053221323472679,0.8526481935910348,9.580597957884244,0.4905185013896905,-0.07257596081498245,0.19798834199309098,phone_B
1607,12,22,Walking,0.5633972357333551,0.8505203560383027,10.119636367772824,0.48576282594180425,0.1477890128530345,0.111019268283511,phone_B
1608,12,23,Walking,1.1734360203330265,0.48805239936579603,9.927007768465996,0.3630141035660666,0.28158878950816046,0.07855387773871517,phone_B
1609,12,0,Walking Upstairs,-0.195855896959644,1.359658200421763,10.323651128817879,0.7258498387096785,0.03753054106857655,0.30075127342041674,phone_B
1610,12,1,Walking Upstairs,0.7935532803652897,1.4835010747867277,10.402732622898775,0.7086280708092283,0.2689229988799409,0.23373780762526677,phone_B
1611,12,2,Walking Upstairs,1.7837204818142143,1.005407855200735,10.837057516599906,0.49041833404239277,0.4869185572807337,0.08160144365017223,phone_B
1612,12,3,Walking Upstairs,2.136556899112095,0.10305275140608672,10.713059800912408,0.08623026235729817,0.5611524537013168,-0.01007789865969419,phone_B
1613,12,4,Walking Upstairs,1.7379691653032696,-0.5428672603486574,10.293363835278793,-0.3127544376157642,0.44404937930482796,-0.13917821788877224,phone_B
1614,12,5,Walking Upstairs,0.802279481530369,-0.6828246422785272,10.072651148822716,-0.5061550707698393,0.2627747226888079,-0.1946781334640465,phone_B
1615,12,6,Walking Upstairs,-0.4801289929659633,-0.8372338989968064,9.605541737620248,-0.46993738318730316,0.00836141204479849,-0.02222840316042421,phone_B
1616,12,7,Walking Upstairs,-1.450069097024533,-0.21325702994209966,9.446206518176758,-0.19796657361568748,-0.18876058597911993,0.057055970702099716,phone_B
1617,12,8,Walking Upstairs,-1.5412191323775575,0.4809946654956508,9.716709250340028,0.19163708024034853,-0.24053815402050693,0.1703758484668967,phone_B
1618,12,9,Walking Upstairs,-0.9311305714332931,1.2002906389692396,10.069192952829463,0.592196754105805,-0.14564048585911163,0.28618636382754525,phone_B
1619,12,10,Walking Upstairs,0.04004352849123101,1.5151056758036805,10.623941753164452,0.7664869666416502,0.10813949494864965,0.27488860046751223,phone_B
1620,12,11,Walking Upstairs,1.2988504732797135,1.2201447377037389,10.651828097009096,0.6863291138620513,0.3980406135169832,0.17800954288882415,phone_B
1621,12,12,Walking Upstairs,1.7861875749244542,0.7559255616851042,10.659486742137542,0.34855340550709735,0.5510843721612175,-0.0032475124472427785,phone_B
1622,12,13,Walking Upstairs,2.01089341816134,0.05035700121366321,10.62513469855233,-0.07492152562343149,0.5015398127763273,-0.06095292079566329,phone_B
1623,12,14,Walking Upstairs,1.3488733666347155,-0.7249835585816052,10.101463081199439,-0.4084195361655852,0.41205007548478,-0.17866350739066272,phone_B
1624,12,15,Walking Upstairs,0.2733595849387448,-0.9826800156681933,9.716442636186132,-0.5762872344870599,0.12256387308583684,-0.10819269084000037,phone_B
1625,12,16,Walking Upstairs,-0.6554045774726331,-0.46565792209299506,9.557456137889009,-0.3684641393694718,-0.08242025255518134,-0.07887796742617295,phone_B
1626,12,17,Walking Upstairs,-1.547207483549147,0.2979339779803062,9.535172323969817,-0.01554773545473601,-0.22196096105058669,0.11436224113707892,phone_B
1627,12,18,Walking Upstairs,-1.3873927564059998,0.8403332226844508,9.983100620072209,0.4690123162310399,-0.18853239825391685,0.23260334473845046,phone_B
1628,12,19,Walking Upstairs,-0.2904175603982735,1.260314769026845,10.118907713845942,0.7188014849952049,0.02790151551387245,0.2952503043900661,phone_B
1629,12,20,Walking Upstairs,0.6739060570357142,1.2294954151965507,10.602387293965334,0.7889261030048889,0.2277574968164604,0.23685924783533605,phone_B
1630,12,21,Walking Upstairs,1.632359187374931,0.946283753100881,10.795430164945255,0.5485968545538729,0.4901665229842325,0.0976269331590327,phone_B
1631,12,22,Walking Upstairs,1.8918163670446768,0.39448621246812277,10.620390772480157,0.18933052758697524,0.6176757161271668,0.023952544522295567,phone_B
1632,12,23,Walking Upstairs,1.6318926881016094,-0.24946232867693782,10.495667548968896,-0.2399511919400169,0.4851189330910703,-0.10657243526178789,phone_B
1633,12,0,Walking Downstairs,1.4102831824576438,-1.3741153486228506,9.610166981841761,-0.6685340556964185,0.20571840447198025,-0.29378616729920326,phone_B
1634,12,1,Walking Downstairs,-0.03573270395561384,-1.5739043827979877,9.114522981969243,-0.9001304883976302,-0.1723618072533705,-0.2875205643620612,phone_B
1635,12,2,Walking Downstairs,-1.6602146108370885,-1.4299484172955306,8.57832147815932,-0.7050707067664655,-0.4805968542745139,-0.22715408404334392,phone_B
1636,12,3,Walking Downstairs,-2.384125712979849,-0.3119802389979483,8.6874071377528,-0.21244538536069146,-0.6282347918925629,0.03733931688774616,phone_B
1637,12,4,Walking Downstairs,-1.8561467633679127,0.12876827669265412,9.328742255259018,0.3699170445262464,-0.5111067343098176,0.15295321215550794,phone_B
1638,12,5,Walking Downstairs,-0.8838744751864089,0.9952865211567636,9.607975296442616,0.6983151541236227,-0.24883941527813094,0.2084132419650656,phone_B
1639,12,6,Walking Downstairs,0.8721753870731427,0.9317502589312949,10.000764499169762,0.5963069707736739,0.10778864845573077,0.14336732992811846,phone_B
1640,12,7,Walking Downstairs,2.051993716120279,0.13039652722854111,9.832106522707585,0.15898457862319204,0.2949238233732947,-0.07549124990415454,phone_B
1641,12,8,Walking Downstairs,1.7781818789422144,-0.7892690780432464,9.658510591960685,-0.4461678286075483,0.3300758423934977,-0.27013009809575644,phone_B
1642,12,9,Walking Downstairs,0.7443984285158318,-1.340406423553568,9.383435267650128,-0.805458939725803,0.053817910786477824,-0.30052744271675763,phone_B
1643,12,10,Walking Downstairs,-0.6760877739520486,-1.4549766311720351,8.605220697933204,-0.869947251805868,-0.29662108740797566,-0.26826424712272084,phone_B
1644,12,11,Walking Downstairs,-1.8770430068939765,-0.9208814439995612,8.682660277343397,-0.4638894841676394,-0.5982828124892662,-0.07774957925034545,phone_B
1645,12,12,Walking Downstairs,-2.198720137854576,-0.1622128588937611,8.859524769934495,0.09964965378329253,-0.6455168368719363,0.14059732687098792,phone_B
1646,12,13,Walking Downstairs,-1.6129904965362605,0.5913794446057948,9.466782771065933,0.5803937197740106,-0.45136644021024264,0.2187405335946473,phone_B
1647,12,14,Walking Downstairs,0.20650125344904063,0.9221669689483991,9.779290386449997,0.7023537842752896,-0.07371566838594423,0.14856263311011728,phone_B
1648,12,15,Walking Downstairs,1.4900655473641302,0.5445989559942286,10.157990012410542,0.4229788924824275,0.20747657417233684,0.05822360133966168,phone_B
1649,12,16,Walking Downstairs,1.9743011384683158,-0.3464324407791899,9.787693217990972,-0.13943705150565386,0.35338755955463036,-0.15688429460706724,phone_B
1650,12,17,Walking Downstairs,1.4911090396436764,-1.1089132054479198,9.794411448771259,-0.6717699229905469,0.15912619237232323,-0.32434450122746444,phone_B
1651,12,18,Walking Downstairs,-0.10737731707038818,-1.6842271731134517,9.041122830547197,-0.8631582248703853,-0.08964812303719144,-0.2905742734764003,phone_B
1652,12,19,Walking Downstairs,-1.2793944195849616,-1.3267028333729123,8.508424341019118,-0.6937636848062724,-0.5180608207162672,-0.1964219033341925,phone_B
1653,12,20,Walking Downstairs,-2.2705547355593527,-0.48476864265270314,8.713830513153017,-0.25025584022361214,-0.6534162747517025,0.03849338348583298,phone_B
1654,12,21,Walking Downstairs,-1.9955755643915167,0.34487515374116384,8.960552177293561,0.3233225840814235,-0.567202305506817,0.17881983631004802,phone_B
1655,12,22,Walking Downstairs,-0.8018638083807148,0.7242173503188363,9.680762207545591,0.6565082077785268,-0.26610936959938386,0.19236805897684386,phone_B
1656,12,23,Walking Downstairs,0.7521088870280271,0.8971110824738943,10.30914264511477,0.6295055487745522,0.07835589130938914,0.12412455949186227,phone_B
1657,12,0,Sitting,0.1663975591640256,-0.1824717041651417,9.89078127356274,-0.00481452344224534,-0.005821971415020676,-0.009948625687679478,phone_B
1658,12,1,Sitting,0.15095767308620422,-0.12530969502197942,9.890419576732183,-0.013236680479635164,-0.012743922690630459,-0.021046845413248465,phone_B
1659,12,2,Sitting,0.2195488177481059,-0.12139974436154197,9.799866388938048,-0.019506133756488533,-0.01819783414595986,-0.01097634384965339,phone_B
1660,12,3,Sitting,0.18554981247930336,-0.13174137607132827,9.861496709616825,-0.013312514267489878,-0.005327440809141516,-0.01196679140650515,phone_B
1661,12,4,Sitting,0.2518848759217918,-0.13248231515465664,9.817894526830667,-0.019658424148138398,-0.014120610009467557,-0.019731104153545707,phone_B
1662,12,5,Sitting,0.17858988985468696,-0.16491256225330833,9.843058024078143,-0.021215684852838937,-0.016274205435052647,-0.005331948490797477,phone_B
1663,12,6,Sitting,0.22441743203388756,-0.1428472963311557,9.833937042317068,-0.016952959943991968,-0.02030799913164011,-0.012752180106057803,phone_B
1664,12,7,Sitting,0.183152596524836,-0.12643196427686362,9.892754922893241,-0.009514514729382157,-0.022215229989086337,-0.010126629673319227,phone_B
1665,12,8,Sitting,0.13840927666567787,-0.09228838062511538,9.794535371366585,-0.019357529087329906,-0.020728313538845463,-0.003256989747234806,phone_B
1666,12,9,Sitting,0.18538179717176392,-0.07557428002261815,9.847894560223402,-0.011016343646399323,-0.01338632223133741,-0.013617684501376248,phone_B
1667,12,10,Sitting,0.10475806652726995,-0.09672141943693328,9.808819396798695,-0.010028675492620352,-0.01835651331586423,-0.004629435894947321,phone_B
1668,12,11,Sitting,0.1708805535234579,-0.0841518975018274,9.838319612234063,-0.011322837381252969,-0.019287385883379193,-0.00903825010847022,phone_B
1669,12,12,Sitting,0.13934957212538965,-0.03659929936588131,9.837657210644238,-0.00492522438486879,-0.02496070978081621,0.0013372049818722543,phone_B
1670,12,13,Sitting,0.16037447581768877,-0.07977099859292064,9.83830932051996,-0.0003059778138996532,-0.013820872187935831,-0.002390482025800961,phone_B
1671,12,14,Sitting,0.1359104003373825,-0.07331214023912147,9.810346211501182,-0.009638656983961618,-0.022418774409731786,-0.013830929821695228,phone_B
1672,12,15,Sitting,0.15719028946876673,-0.11631150215067919,9.821352031163494,-0.005372979264283809,-0.022432076843676433,-0.004730645283945285,phone_B
1673,12,16,Sitting,0.13287151201370462,-0.09015341811893102,9.822329981835829,-0.007445134480287113,-0.01666510908577057,-0.01457772682687721,phone_B
1674,12,17,Sitting,0.12781096125696984,-0.09669316560761583,9.844516219279338,-0.010202587054050895,-0.026553151669929918,-0.0018490699917052243,phone_B
1675,12,18,Sitting,0.15845628054406236,-0.07288064800489234,9.805170796983926,-0.0030389441983971017,-0.018550481493355656,-0.007728648471657671,phone_B
1676,12,19,Sitting,0.12884918460907935,-0.07755785700581483,9.825991502645342,0.017448380344283546,-0.026565465607608155,0.002875652267068414,phone_B
1677,12,20,Sitting,0.11113434722653805,-0.06023446955048696,9.858444939059611,-0.0008493110897996167,-0.024548141763826175,-0.004507730717814277,phone_B
1678,12,21,Sitting,0.10152732375867414,-0.04358441246780373,9.824019081764835,-0.010390607255112708,-0.013666407976577925,-0.003280146326731337,phone_B
1679,12,22,Sitting,0.12419354898205456,-0.02455976181477769,9.835666735088585,0.004522921680866933,-0.03157371917888439,-0.007630629143938013,phone_B
1680,12,23,Sitting,0.12677725830663464,-0.052616483170385815,9.848328661604418,0.004017825706018675,-0.023937124154053906,-0.008225452224667968,phone_B
1681,12,0,Standing,-0.09086606542745446,0.20741894107302195,9.778710175338036,-0.0074669463149449776,-0.04082254137172934,-0.006352987247121734,phone_B
1682,12,1,Standing,-0.08929396153414662,0.16646914371538257,9.747446582872723,-0.008730606136056725,-0.040255865028073566,0.005579024706206197,phone_B
1683,12,2,Standing,-0.10234778276842324,0.19426388272827533,9.805204725484662,0.005735082183381873,-0.047762718575117526,0.00012593144094574836,phone_B
1684,12,3,Standing,-0.07718349072865298,0.19563025207797166,9.800035712139978,0.004528380955101776,-0.044847100468659154,-9.753154669477602e-05,phone_B
1685,12,4,Standing,-0.11049502494826985,0.220248339999158,9.724583699181244,0.01073678589307196,-0.04457277165590163,-0.005986479903833207,phone_B
1686,12,5,Standing,-0.09306872564662864,0.18171345188834287,9.776735719308776,0.024937462982649053,-0.038198784298614494,0.0072644290032107695,phone_B
1687,12,6,Standing,-0.09978701624597462,0.20448970729141408,9.838480520448256,0.02195055901185936,-0.04861680906733272,-0.0030798628339428896,phone_B
1688,12,7,Standing,-0.09337794653877582,0.21588885265378102,9.756009012043295,0.022963647610560346,-0.04529428678951603,0.009918090590547258,phone_B
1689,12,8,Standing,-0.0935679993872787,0.21055115109107964,9.811152697607447,0.02058176414383152,-0.04554306710755619,0.0048468589650151606,phone_B
1690,12,9,Standing,-0.07225538148710436,0.22690658270514236,9.833561034769032,0.03733128165207173,-0.046357650047212,-0.008301840601666083,phone_B
1691,12,10,Standing,-0.06924017019006262,0.2331271106556622,9.781785609659325,0.026006382175219393,-0.04312000980167731,0.01805389507060672,phone_B
1692,12,11,Standing,-0.08514574979274671,0.28102059262251466,9.82020741468225,0.030403638510988866,-0.04142092559369671,0.014537314637697762,phone_B
1693,12,12,Standing,-0.06146596488109276,0.2805157487887573,9.80589313340688,0.03580974728427772,-0.033782808628590684,0.009600284803776789,phone_B
1694,12,13,Standing,-0.10231219689368784,0.2414350416064864,9.811098123559598,0.04098021246659917,-0.027723708719242075,0.004334797292908414,phone_B
1695,12,14,Standing,-0.08006051001438888,0.2578993054737797,9.841740402416553,0.035808575028816916,-0.03565301485673968,0.004389875084072297,phone_B
1696,12,15,Standing,-0.043562418410559633,0.26725964478081804,9.810268518866257,0.039088441548769455,-0.02394282699640522,0.00704228400111961,phone_B
1697,12,16,Standing,-0.06665682838634676,0.3061906582527184,9.833202547999731,0.046010192508563266,-0.025786222622675117,0.012885864263767461,phone_B
1698,12,17,Standing,-0.04385874211620338,0.29836063770006,9.86493985996576,0.04950455053734584,-0.032693545516778486,0.02076977778890125,phone_B
1699,12,18,Standing,-0.03333014826265665,0.2604484454899687,9.836051021391176,0.04864337736322603,-0.019645556303280527,0.011068510315282607,phone_B
1700,12,19,Standing,0.007504725805522396,0.28361718514457224,9.830139017755867,0.03970707756535648,-0.017690720830597043,0.01158841678101173,phone_B
1701,12,20,Standing,-0.036836547674523615,0.3011305645184076,9.836361366378375,0.05344457836332156,-0.025823069301243964,0.01031039139499525,phone_B
1702,12,21,Standing,-0.009049917004365735,0.2544332335468707,9.839782094804903,0.05409049214134849,-0.01382029738338926,0.005792260242613865,phone_B
1703,12,22,Standing,-0.02658893166438489,0.2337020962823252,9.841759304391784,0.0388839698515621,-0.013355509269414374,-0.00409569094413797,phone_B
1704,12,23,Standing,0.027161840928105793,0.2994220159950682,9.898557454477148,0.03019165024715615,-0.014237786034887671,0.003266089603207089,phone_B
1705,12,0,Laying,7.3698937459529335,0.17671034199772295,6.376310956309931,0.004580169868255849,-0.009639602865362322,0.0015472510488088705,phone_B
1706,12,1,Laying,7.41065089958093,0.11775122037209693,6.341635433364759,0.002217102742478399,-0.006010216042235403,0.005749316099731689,phone_B
1707,12,2,Laying,7.4078496261077,0.11396516156849153,6.399389574093989,-0.001710891378761955,-0.028448674583633683,-0.0011035220386128174,phone_B
1708,12,3,Laying,7.450278391319009,0.18765695911362695,6.366071351460358,0.0029406062521399306,-0.028781042293885752,0.0030068890229146407,phone_B
1709,12,4,Laying,7.405982268834201,0.16176133010497798,6.4008959328151604,0.006345114989213089,-0.015473744923338216,-0.0013865723227818741,phone_B
1710,12,5,Laying,7.415958667782557,0.1311281307925044,6.390420955066643,0.010336607146032038,-0.018246926814214803,0.00785208918668637,phone_B
1711,12,6,Laying,7.363956771375074,0.11894225834274118,6.373017734313735,-6.711181637619398e-05,-0.020929899728075824,0.0010930987629242696,phone_B
1712,12,7,Laying,7.436724956862691,0.15085056018865572,6.406366333020709,0.0109191329724534,-0.02151118775890667,0.004387082247891937,phone_B
1713,12,8,Laying,7.423064903942896,0.17880630401734246,6.378208930542579,-0.000270763236049942,-0.028392401826403853,0.0018575363001780247,phone_B
1714,12,9,Laying,7.3473064816432885,0.1954911960971111,6.3973488550899855,0.0062929926493079675,-0.02451228045157611,0.01020277339797844,phone_B
1715,12,10,Laying,7.378914200808332,0.12675484298669037,6.364206453828662,0.011270597480645296,-0.013879332620733965,0.011394471267073878,phone_B
1716,12,11,Laying,7.433954636935393,0.1537778508775491,6.409816401637181,0.007024474130330347,-0.02826050715186057,0.0004019088914016559,phone_B
1717,12,12,Laying,7.388820793333576,0.1394544589302105,6.361283800613718,0.008732502622263045,-0.013328469848338081,0.014895951384222506,phone_B
1718,12,13,Laying,7.367059776509739,0.12450070847248115,6.366461253381583,0.016525592878303824,-0.01797422474680475,0.00042053273991213107,phone_B
1719,12,14,Laying,7.429394376064002,0.18198488304127322,6.386769902162833,0.007448141925278278,-0.014802209559266033,0.00351106703153379,phone_B
1720,12,15,Laying,7.406796964890791,0.1465842206919809,6.411365022565093,0.014240468575253143,-0.009873120392825604,0.013058507232066436,phone_B
1721,12,16,Laying,7.425703703929244,0.14798651686440512,6.415257962686356,0.01591144100481464,-0.00011539684277984096,0.007015139287418229,phone_B
1722,12,17,Laying,7.433135794368379,0.1690955947247496,6.387787291804354,0.011920669305363576,-0.013604038264311943,0.008379392539442147,phone_B
1723,12,18,Laying,7.446071968179391,0.1706725137883302,6.379710807714807,0.011847170339811273,-0.02292745366586929,0.015301064460816714,phone_B
1724,12,19,Laying,7.405252504411934,0.18818073504569333,6.399216158977708,0.015943727417894484,-0.015302125744665341,0.0006718779125113239,phone_B
1725,12,20,Laying,7.396185445718825,0.20817473652441354,6.396169571682715,0.021163456388597277,-0.0058837503718676566,0.0029817819109462036,phone_B
1726,12,21,Laying,7.432647282666735,0.16697950396224312,6.365404902971899,0.013566309887246636,-0.010252950509450277,0.002484075612287422,phone_B
1727,12,22,Laying,7.415639500819284,0.16233197193201074,6.448132477935851,0.003918468742553258,-0.010342894710461282,0.003972730044757509,phone_B
1728,12,23,Laying,7.409481508056677,0.16045013271001518,6.41302970040016,0.01948916855098425,-0.01180232675360217,0.012046819264733262,phone_B
1729,13,0,Walking,1.248956510408503,0.3837201121159612,10.08970185832601,0.12361062239421738,0.4027643290013388,-0.010381473882194762,phone_A
1730,13,1,Walking,1.6064118406266286,-0.025768018726065052,9.804467750209117,-0.0860208070721805,0.3832494184586436,-0.1038288542162923,phone_A
1731,13,2,Walking,0.8137545138805893,-0.41994809423498114,9.623816057901395,-0.27294075141847474,0.25824469408781653,-0.09071520620395637,phone_A
1732,13,3,Walking,0.006268438712716429,-0.5811118204014231,9.718624714341273,-0.4162038657999106,0.10895018883434884,-0.14173548936643532,phone_A
1733,13,4,Walking,-0.5885659682287124,-0.48532228827465845,9.247796435192106,-0.35025219061009527,-0.038673073972592745,-0.08967951051822196,phone_A
1734,13,5,Walking,-1.1972497300123612,-0.08625074076748901,9.444783572248847,-0.20205539101703768,-0.20622091364961986,-0.0303005163050086,phone_A
1735,13,6,Walking,-1.2078462185344363,0.2552945576411829,9.517975839287041,0.058876106894798,-0.23899810311416625,0.10048835054965662,phone_A
1736,13,7,Walking,-1.1000487950023423,0.6694737239309064,9.394742761037834,0.2917695596857911,-0.13929254808069014,0.1236907417640421,phone_A
1737,13,8,Walking,-0.33516445745284684,0.6527127465036107,9.713671400213475,0.46223872760690055,0.007763920913869862,0.13656121178662853,phone_A
1738,13,9,Walking,0.4223965806588608,1.1162579155063574,9.8744921684644,0.48924192787158494,0.1337659115110866,0.10551912738938467,phone_A
1739,13,10,Walking,0.9948756086508538,0.9534505654584419,10.128143102892182,0.3882874424222791,0.2846828459693454,0.09365864504387805,phone_A
1740,13,11,Walking,1.5623057054903675,0.35721644354864013,10.245535828311526,0.2134287538271858,0.38881501203946445,-0.025801413991333098,phone_A
1741,13,12,Walking,1.3490314490638586,-0.061590843272984315,9.957459672492524,-0.11478354535689014,0.38464557750537465,-0.0507370888864128,phone_A
1742,13,13,Walking,1.1236169382234178,-0.480983591258043,9.671113677041538,-0.27539555293614154,0.2790845970477279,-0.1200307060461395,phone_A
1743,13,14,Walking,0.4206044235476599,-0.45984398721706743,9.431539120901176,-0.38479653546088755,0.12253556141599317,-0.13674104007619614,phone_A
1744,13,15,Walking,-0.32311706513003924,-0.4191931047844634,9.582809119355367,-0.34881451726014306,-0.03725169460071268,-0.0977644212462854,phone_A
1745,13,16,Walking,-1.2380948385252313,-0.09147474221369731,9.318068363402123,-0.18721138717291796,-0.14675738542845326,-0.047077221647150516,phone_A
1746,13,17,Walking,-1.3838731994416626,0.35761112377928383,9.445498342548689,0.02424561614500819,-0.21899398687348165,0.09586923574805674,phone_A
1747,13,18,Walking,-0.9684680537087375,0.4286612012903519,9.756162677307406,0.3062639898048356,-0.17840022688533574,0.10637975748100315,phone_A
1748,13,19,Walking,-0.38591501860320887,0.9681007709866886,9.583452368645434,0.4486237198790359,0.025320921317944833,0.16584360399718534,phone_A
1749,13,20,Walking,0.1655585541506711,0.8745878279019109,10.156564771640598,0.523251006995335,0.1467078072135211,0.15358328743842756,phone_A
1750,13,21,Walking,1.1320715742429481,0.7304624370752482,10.07837165667346,0.41735092937649926,0.3018674827764846,0.09560719097123294,phone_A
1751,13,22,Walking,1.3671798540338989,0.479435703481689,9.866273786638677,0.14936122510243793,0.3868009859550036,-0.004564667811182317,phone_A
1752,13,23,Walking,1.4617596367095373,0.12602283873272288,10.134629883498258,-0.029811010846530518,0.42512394021736843,-0.06276135683445724,phone_A
1753,13,0,Walking Upstairs,-1.1158830337772176,-0.3893534504876585,9.655260410005418,-0.3118627096581609,-0.15752042108852018,0.00654021517219092,phone_A
1754,13,1,Walking Upstairs,-1.5667886148185401,0.3946699202477984,9.872963426845205,0.18104135537885868,-0.23274033468372024,0.1411691375830804,phone_A
1755,13,2,Walking Upstairs,-1.1978807348785323,1.1965127777337865,9.929118727473677,0.49607126015080183,-0.11810241398905015,0.26909293542984764,phone_A
1756,13,3,Walking Upstairs,0.07361205910073465,1.4669338606097877,10.287586782295085,0.809875805439829,0.10235940642308482,0.2954308404471934,phone_A
1757,13,4,Walking Upstairs,1.05045150167842,1.4704456976893987,10.440584897883054,0.696620288236592,0.3291348113269097,0.1876441528206441,phone_A
1758,13,5,Walking Upstairs,2.091250573097602,0.8111609768665762,10.775385161297004,0.4488666097568462,0.5422073254472121,0.09028235371436666,phone_A
1759,13,6,Walking Upstairs,2.153096143309528,0.19177046382933696,10.613117961045628,0.0392540384321171,0.5598920710441397,-0.10089300287320964,phone_A
1760,13,7,Walking Upstairs,1.3753753332495788,-0.3168837353429367,10.322158005536963,-0.3829962739836763,0.3909032885420549,-0.18141054867104572,phone_A
1761,13,8,Walking Upstairs,0.4798040503454172,-0.707710911947234,9.842700654321012,-0.5383520323005643,0.22888618212475115,-0.1520911124132786,phone_A
1762,13,9,Walking Upstairs,-0.6359303621715675,-0.4829975063822698,9.642707520260858,-0.39702941554780063,-0.06863847344389898,-0.05759873835775562,phone_A
1763,13,10,Walking Upstairs,-1.2983895041910798,0.21231951799840057,9.614000940218986,-0.09238664821123212,-0.21840054230639636,0.06647235787419944,phone_A
1764,13,11,Walking Upstairs,-1.3360422144188422,0.7713389015170365,9.645660838552889,0.3244089316740013,-0.24289340867761627,0.13361999786460055,phone_A
1765,13,12,Walking Upstairs,-0.6328601613592094,1.6143091931334272,10.353880743756411,0.6531218784901843,-0.02185355058338244,0.24288181165496242,phone_A
1766,13,13,Walking Upstairs,0.3630737018486593,1.3488520362482332,10.460136121626357,0.7655922461751739,0.23351045806452428,0.2691072424391881,phone_A
1767,13,14,Walking Upstairs,1.5360879070853133,1.194601416469937,10.549595570352205,0.5579144752033643,0.4243823273300558,0.15824848067643543,phone_A
1768,13,15,Walking Upstairs,2.0671779703013917,0.3313411533376286,10.630391902156763,0.18544451585694915,0.6214135051620876,-0.020123135713050203,phone_A
1769,13,16,Walking Upstairs,1.9730025521018413,-0.013676878139997267,10.2619337760729,-0.19520487936115766,0.5456284926072593,-0.12561858038023063,phone_A
1770,13,17,Walking Upstairs,1.0611954851442924,-0.7761037431175405,10.072747909324598,-0.488284937974125,0.34644842237100754,-0.15198605759695843,phone_A
1771,13,18,Walking Upstairs,-0.06555160438218648,-0.6206895385600468,9.759628183006052,-0.48609510070297124,0.11650588875428139,-0.1264329132957867,phone_A
1772,13,19,Walking Upstairs,-1.091737903935487,-0.15116692117025815,9.482456124278968,-0.3006064922385907,-0.12312957877445735,-0.0061798473514133095,phone_A
1773,13,20,Walking Upstairs,-1.6185978806472119,0.4744047728419143,9.813478740484864,0.09228666884515135,-0.19040928561206222,0.08297131537339834,phone_A
1774,13,21,Walking Upstairs,-1.128642505319569,1.3061110738408601,9.90234060494755,0.5317251696579224,-0.10954320401951301,0.21191454937631132,phone_A
1775,13,22,Walking Upstairs,-0.08847637813253358,1.4758449403980285,10.538865677832892,0.7248364933548143,0.08039784815311354,0.255540696095007,phone_A
1776,13,23,Walking Upstairs,0.9398602126689962,1.5376035090740081,10.609067788254317,0.7029447219839438,0.3350162687236401,0.19404660851411137,phone_A
1777,13,0,Walking Downstairs,-1.2958900351548428,-1.3838096111837916,8.64148071453156,-0.8237553068620758,-0.37401355048885015,-0.21889188239928764,phone_A
1778,13,1,Walking Downstairs,-2.257076281146667,-0.6644227139321244,8.875432958941875,-0.31756235759183477,-0.641996966556884,-0.06483661499201263,phone_A
1779,13,2,Walking Downstairs,-2.287471943776649,0.4176612206455791,8.865336047045721,0.2126133523801481,-0.5589171046320611,0.13310010769619088,phone_A
1780,13,3,Walking Downstairs,-0.9851898726835133,1.035090983231341,9.349748880924203,0.6526856137169461,-0.3822647556363112,0.2433146501317287,phone_A
1781,13,4,Walking Downstairs,0.4426242593290465,0.9859420485696929,9.743200366104508,0.646581735441433,-0.011905412910535233,0.0867951515068349,phone_A
1782,13,5,Walking Downstairs,1.73647264659329,0.4050367580952084,10.132266485515492,0.3249984262662566,0.2654714303657005,-0.03240832026711062,phone_A
1783,13,6,Walking Downstairs,2.004341152325347,-0.2803339600886985,9.727380358508185,-0.2725808246256555,0.31586203267400254,-0.24504706675140492,phone_A
1784,13,7,Walking Downstairs,1.214457577828938,-1.2247843994899406,9.503613887270376,-0.7150033074812854,0.20971406024727743,-0.3180177358781077,phone_A
1785,13,8,Walking Downstairs,-0.3862581538249408,-1.649850718209601,8.939997358659026,-0.8886541043766829,-0.1822530520733131,-0.31761643985308197,phone_A
1786,13,9,Walking Downstairs,-1.7250585419536533,-1.040677335958699,8.619784341626787,-0.6449930978527271,-0.4897689658637137,-0.08971753105446958,phone_A
1787,13,10,Walking Downstairs,-2.4569781305778533,-0.10026046833202552,8.376323892367463,-0.07052694342321544,-0.6927299935786566,0.03804010571071625,phone_A
1788,13,11,Walking Downstairs,-1.8922317756734426,0.6585519427892601,9.251018862095592,0.4024105565950818,-0.5210840224122749,0.1743916685914818,phone_A
1789,13,12,Walking Downstairs,-0.1170711056066763,1.1462921844803726,9.524688101025218,0.6894029003156671,-0.14867809044392039,0.21421628881783122,phone_A
1790,13,13,Walking Downstairs,1.1061438729920077,0.7978729889751192,9.971736934933578,0.5249299208696097,0.11582964426838982,0.05686255423691346,phone_A
1791,13,14,Walking Downstairs,2.208270834346015,-0.01722415836855696,9.966036534871842,0.0487182880645791,0.4015918987627606,-0.11639588705385354,phone_A
1792,13,15,Walking Downstairs,1.8704505003870935,-0.96420198832096,9.581464928994986,-0.521209372108142,0.2580600722384733,-0.28083901078168527,phone_A
1793,13,16,Walking Downstairs,0.5731942550345168,-1.5493580181586053,9.092961989479262,-0.8489703302577395,-0.0324139179856442,-0.2933323602175973,phone_A
1794,13,17,Walking Downstairs,-1.1046694751688497,-1.3819045741860978,8.449121625034609,-0.8198908851812001,-0.3616132826051322,-0.18448061448306569,phone_A
1795,13,18,Walking Downstairs,-2.1100186874556686,-0.5311052036223687,8.468724698428895,-0.3855126964301177,-0.5823730440448283,-0.06835113539512941,phone_A
1796,13,19,Walking Downstairs,-2.057339293794877,0.3598504897033129,8.936794781409317,0.1867347602632951,-0.6364128619952213,0.1747845074570143,phone_A
1797,13,20,Walking Downstairs,-1.0251972250376609,1.0045885997139923,9.359569946044987,0.6216605435863148,-0.36396816908459034,0.21961578394531545,phone_A
1798,13,21,Walking Downstairs,0.5680847087367383,0.9551603531227194,9.690557058956038,0.6753390950344904,-0.052451852156812404,0.14215501948649345,phone_A
1799,13,22,Walking Downstairs,1.6854065559845561,0.5424479958820356,10.27584529828757,0.2765442475966053,0.3359344482792352,-0.02262647007411262,phone_A
1800,13,23,Walking Downstairs,2.0808145892001453,-0.6083823090379707,9.953644753564866,-0.24121381212991108,0.3440359126373561,-0.25296690366377644,phone_A
1801,13,0,Sitting,0.29064097671316247,0.02763081733707461,9.844987224683234,0.023192785039613476,0.010988355204591866,0.006248992435704861,phone_A
1802,13,1,Sitting,0.27374736822072726,0.03183955780047779,9.81841326766326,0.01575224010429803,-0.00016594126520108783,-0.005116144560395488,phone_A
1803,13,2,Sitting,0.24134946224423853,0.0681175554541546,9.855720299498255,0.019318740685857837,0.01489233673151655,-0.010748159876450582,phone_A
1804,13,3,Sitting,0.2615376661673693,0.0727128791796183,9.798714970866076,-0.001118900731918348,0.023136401197327117,0.003594732723265803,phone_A
1805,13,4,Sitting,0.3216669952420788,0.046638054122047995,9.845832069404398,0.012083983937584314,0.00504998737137888,-0.005956100641790514,phone_A
1806,13,5,Sitting,0.2976020571784111,0.01369635712700855,9.810871229875154,0.004685222888279139,0.01196636235394917,0.004187926869764037,phone_A
1807,13,6,Sitting,0.3304526878663415,0.013299119689751837,9.82185463988905,0.003248170974873223,0.022215066601071132,0.0030013011899643303,phone_A
1808,13,7,Sitting,0.24654026490184713,0.021160895509393925,9.827546432955,0.010930423822965557,0.02851077495380684,0.00395024561415464,phone_A
1809,13,8,Sitting,0.27974940663245373,0.022526432901726595,9.815265554189462,0.0025800730851459207,0.020482619932703578,-0.0049354036209938975,phone_A
1810,13,9,Sitting,0.2914586106833485,-0.020240558396851564,9.800499655374974,0.0022303973890302935,0.013915295003996644,-0.007766661035743317,phone_A
1811,13,10,Sitting,0.2965677541269975,0.02235149012126929,9.789423800978861,8.781796586916158e-05,0.02831726498810498,-0.01129911805264327,phone_A
1812,13,11,Sitting,0.28657795832321675,-0.010432565630339813,9.83782009523757,0.00917287399749843,0.02559652959811447,-0.01079363286507816,phone_A
1813,13,12,Sitting,0.2633554763331616,0.03818788969612173,9.82939473777603,-0.0019974192500140614,0.027295617370863036,-0.014780287677090718,phone_A
1814,13,13,Sitting,0.31941167501523327,0.023182238388763772,9.78331464921481,0.0028534063811900437,0.023190277054247095,0.003540308393611899,phone_A
1815,13,14,Sitting,0.2642065998785866,0.018284920296884936,9.805032172820967,-0.009436691239979558,0.017432219282452442,-0.012682196437737683,phone_A
1816,13,15,Sitting,0.2545627425195825,-0.01337630928838374,9.826683465366658,-0.0018740179415400922,0.01446879514718684,-0.014097603592587105,phone_A
1817,13,16,Sitting,0.27885377526412974,-0.019275284332714568,9.828528091686572,-0.002941546439220403,0.008786770370813154,-0.01704928876795909,phone_A
1818,13,17,Sitting,0.2807244872781901,1.3174006735058169e-05,9.831189008206547,0.0048575463749320705,0.017388286983519293,-0.00952001439267981,phone_A
1819,13,18,Sitting,0.23750802054846923,-0.02055760095352019,9.769750779099779,-0.00732309362867937,0.034107530406968636,-0.012656349866512184,phone_A
1820,13,19,Sitting,0.24927549595100013,-0.024137886659264633,9.781537058092143,-0.013802392882331978,0.027797654154570008,-0.008405578393682174,phone_A
1821,13,20,Sitting,0.27623466737946917,-0.046950766498913006,9.784481147633155,0.00020083692125383475,0.016199638511231202,-0.03358099909741766,phone_A
1822,13,21,Sitting,0.3245894866139997,-0.03517839656412737,9.798591091839384,-0.0034698030476578946,0.016270033241101628,-0.010827664420780394,phone_A
1823,13,22,Sitting,0.24970882067998246,-0.07286078019026057,9.794751538376621,-0.0022502229915790407,0.008649771837327597,-0.019848051303742474,phone_A
1824,13,23,Sitting,0.2868525912178498,-0.05565458318917776,9.775217384021374,-0.013837496691941877,0.01115300188774487,-0.025037317453775125,phone_A
1825,13,0,Standing,0.1154745377065168,0.3184797015357502,9.819443866937874,0.041460459457250326,0.02396484533359227,0.001633075791461801,phone_A
1826,13,1,Standing,0.11151608873799078,0.289719069214885,9.790646996146316,0.03108646980487921,0.02120135051286666,-0.0017779885929607169,phone_A
1827,13,2,Standing,0.11664797122906118,0.3169258002511195,9.820908828070335,0.029838377599868068,0.01718837151898514,-0.012193440968499551,phone_A
1828,13,3,Standing,0.10155120321575191,0.2718407839933001,9.794491680645852,0.024532605439812224,0.009721513676549382,-0.011880129762457059,phone_A
1829,13,4,Standing,0.1312156678679684,0.2577559900539299,9.797096964695003,0.016335499381703537,0.014403971525417756,-0.010174581490603669,phone_A
1830,13,5,Standing,0.1358879080441283,0.25027546329014133,9.777897313560272,0.017701401268740417,0.014408794197862004,-0.02203007503240858,phone_A
1831,13,6,Standing,0.08740670611418153,0.25224784362904534,9.748271749755707,0.009512910540182806,0.028906030517742334,-0.021877708373477224,phone_A
1832,13,7,Standing,0.11729200576555204,0.3072930501344829,9.788294341978482,0.006125272579097446,0.017609096302608124,-0.012467001301484594,phone_A
1833,13,8,Standing,0.16410110387757793,0.23218155369233467,9.755636954393736,-0.0031409434921425144,0.018506387944631716,-0.024811476204041272,phone_A
1834,13,9,Standing,0.10630753313254838,0.2144874588146626,9.797586100041576,-0.001011600308478606,0.01931821700290692,-0.027217082665185008,phone_A
1835,13,10,Standing,0.11627663392582026,0.19926100581515602,9.755963710445359,0.012356794193479568,0.02130139662616999,-0.019444510822356497,phone_A
1836,13,11,Standing,0.18700027861748003,0.19907492098835772,9.791373212422318,-0.012876114948384499,0.012754256518937251,-0.027695541987403295,phone_A
1837,13,12,Standing,0.10651932139091709,0.21653583098706414,9.750007718161484,0.0003156313434202534,0.009080372386994474,-0.018424434437937388,phone_A
1838,13,13,Standing,0.11276872506602334,0.17188868739123347,9.73431904658544,-0.008226303891176517,0.014305743752979792,-0.012467451492930312,phone_A
1839,13,14,Standing,0.07822662254335247,0.19561493096727592,9.726474506940756,-0.008610506609552471,0.006584309282298984,-0.023073636974072595,phone_A
1840,13,15,Standing,0.0719507575371458,0.2126654795871664,9.729443332129243,-0.016967833070548766,0.008625948009494159,-0.03983834154353992,phone_A
1841,13,16,Standing,0.049298591235358284,0.16628687954549265,9.76890983037419,-0.016407416488939397,0.00019445004922163207,-0.02204718474305702,phone_A
1842,13,17,Standing,0.0391366957346111,0.1820909791406007,9.736649370791438,-0.017386225246808756,-0.001608942755473825,-0.027703899464806836,phone_A
1843,13,18,Standing,0.014470003496784477,0.19168857530250144,9.737436956808878,-0.02416712133936033,0.0028494080913344343,-0.016763575807950886,phone_A
1844,13,19,Standing,0.05676785869156095,0.1966372227870473,9.741460171374122,-0.002875272857016239,-0.006247861700015006,-0.02714788765471169,phone_A
1845,13,20,Standing,-0.016940571096877556,0.23296353229320146,9.765776013314683,-0.02155864323776861,-0.011550083033556681,-0.022170257154954486,phone_A
1846,13,21,Standing,0.04108464068764983,0.15778598808128702,9.66872412687089,-0.0026696357995772985,-0.008045095210879575,-0.016686918342243853,phone_A
1847,13,22,Standing,-0.005393094984039991,0.20346436343621252,9.676722108153882,-0.020026047072623957,-0.011974303559774496,-0.03207016418337999,phone_A
1848,13,23,Standing,-0.018253242648040832,0.1854988077530233,9.704092003757571,-0.017243323267842878,-0.021186816784318347,-0.028264462563764088,phone_A
1849,13,0,Laying,7.442292742696047,0.19470887567176592,6.315973933794657,0.011218338568950584,-0.005356072771884686,-0.012222397871195397,phone_A
1850,13,1,Laying,7.468312562232413,0.1994717220339774,6.3170058693815045,0.00850055418900749,-0.004560405152509255,0.007735401143368059,phone_A
1851,13,2,Laying,7.466036615990831,0.2596865522832493,6.324701270998519,0.016068293032440395,-0.012539183412070571,-0.0009971405331543795,phone_A
1852,13,3,Laying,7.448678142145888,0.26309267595481917,6.304805167993419,0.015600239126734628,-0.00010912923436575913,0.007923920374878816,phone_A
1853,13,4,Laying,7.4525604339484115,0.25418681153355926,6.2758580243025,0.0046242901857974795,-0.014762946719630996,0.005746980886484206,phone_A
1854,13,5,Laying,7.474393786667783,0.2568272896334191,6.3025615802518455,0.011201459579165067,-0.0013771472036077036,0.009729691994293774,phone_A
1855,13,6,Laying,7.501587141140088,0.2550876247658053,6.32878205906165,0.022845785380724085,-0.0017635849089132234,-0.0012585852198503354,phone_A
1856,13,7,Laying,7.457742706446783,0.211529859570068,6.317134993398674,0.00835563281755555,0.006353222125529408,0.004351855295809782,phone_A
1857,13,8,Laying,7.49846780372394,0.19593877210160246,6.370046806137089,0.005827165608168469,-0.006546552157588303,-0.0026494380662431096,phone_A
1858,13,9,Laying,7.497211999502679,0.24289962555497382,6.317391092274122,0.010683087267998832,-0.007164755006506157,0.007840140316944761,phone_A
1859,13,10,Laying,7.486300981465925,0.27157600736485815,6.334375822637002,-0.00026242493147643313,-0.005922637264561497,0.003785683346971936,phone_A
1860,13,11,Laying,7.458929839349657,0.22421205241418501,6.297827200703569,0.021401233319295644,0.004741457416225035,0.003938982359998612,phone_A
1861,13,12,Laying,7.4541881408083785,0.24292161419654812,6.292898086683246,0.015036123620730662,-0.012699417867957618,-0.00855803845439968,phone_A
1862,13,13,Laying,7.463839380452607,0.29813592189418864,6.282237738195421,0.008426672354547375,0.004236053266483483,0.011369643253998515,phone_A
1863,13,14,Laying,7.47882986639602,0.2564667511972844,6.319708062095425,0.012870997371859837,0.003898104951836088,-0.003310342417612703,phone_A
1864,13,15,Laying,7.493765892265591,0.19882298804331955,6.35126542803654,0.016190579167496215,0.00258757483440645,-0.009348132187175465,phone_A
1865,13,16,Laying,7.4530490921641865,0.26892384912183803,6.324642202879418,0.017618424921881447,-0.000930129492258961,0.00019020953000005927,phone_A
1866,13,17,Laying,7.445121518873101,0.24134364091763943,6.339936586942473,0.017838429169834736,-0.0006040686173158236,-0.0018483029939344595,phone_A
1867,13,18,Laying,7.494729368357903,0.23336115883412803,6.324271471783424,0.027275700705169444,-0.0004199456895063909,0.00651103909901958,phone_A
1868,13,19,Laying,7.454295215092517,0.2547290748131698,6.349909877618168,0.012706438808915012,-0.0015531928505375919,-0.011984096138477542,phone_A
1869,13,20,Laying,7.469631497570806,0.2511400360528966,6.305984063019349,0.016237827880360867,-0.0026451346173804414,-0.001768979956904986,phone_A
1870,13,21,Laying,7.458160626912849,0.23557348526885377,6.321081633746034,0.008375467966030687,0.0027170506087207218,-0.00618842127615204,phone_A
1871,13,22,Laying,7.455792224584779,0.26404450199284996,6.325251734346073,0.0021401696523343124,0.0033815110237103135,0.004673769107512298,phone_A
1872,13,23,Laying,7.47138221769914,0.2737879572314878,6.3134492344065025,0.018184521856934813,0.01378498773678952,0.0016429627360500078,phone_A
1873,14,0,Walking,0.9411649107447448,0.4880100278750229,10.084905218591322,0.32745011605719526,0.3249855135610549,0.06787523124500117,phone_B
1874,14,1,Walking,1.3330185074360728,0.033619262641372064,10.168869963202726,0.062208065293426956,0.41055544233299424,-0.03149910833438705,phone_B
1875,14,2,Walking,1.2030054408239155,-0.23740026847687404,9.996164632157837,-0.1999393756543138,0.3249720844408329,-0.07244485914430535,phone_B
1876,14,3,Walking,0.7149657782272738,-0.8187082134723135,9.851443851420887,-0.3547525910949408,0.2145220479337236,-0.16119501629275698,phone_B
1877,14,4,Walking,0.06741390437501352,-0.9618953446330489,9.519091126923726,-0.3991453992775009,0.11352706161135495,-0.10535863686226635,phone_B
1878,14,5,Walking,-0.8959770440584115,-0.40271285621627945,9.332956708496,-0.3168775128195413,-0.07271092568412271,-0.08497322888311701,phone_B
1879,14,6,Walking,-1.2060396568415692,-0.3027120806811059,9.559151094950762,-0.1753314261738155,-0.1826661537594243,0.008387247679656155,phone_B
1880,14,7,Walking,-1.246295637051102,0.19678390043320415,9.71616627501155,0.1325963851994898,-0.21448025347829608,0.11997574374717691,phone_B
1881,14,8,Walking,-0.9532699706697385,0.6617557633434097,9.463885189265712,0.3220661021288481,-0.10475351628353384,0.12503445929953638,phone_B
1882,14,9,Walking,-0.2812653686927208,0.9274320564328086,9.852981638758667,0.43036060955335603,-0.011851203170799619,0.22160588252401445,phone_B
1883,14,10,Walking,0.2904136112086121,0.7453902896154369,9.987265946885719,0.5095104434033189,0.16369177462463208,0.12018684041790609,phone_B
1884,14,11,Walking,1.2213507151156777,0.6694053189802207,10.07739371007821,0.3130814660346279,0.33966040513265217,0.0659197525717051,phone_B
1885,14,12,Walking,1.1953530147356806,-0.01883895992390555,10.023209730506778,0.08502270202598894,0.3301628454665837,-0.046937292470554864,phone_B
1886,14,13,Walking,1.1696477768939928,-0.30300323966640524,10.227921639963647,-0.1396329943284043,0.3554175589039802,-0.07983453705468807,phone_B
1887,14,14,Walking,0.7508860810847686,-0.542158809851832,9.865506615094072,-0.3226635186435802,0.32150289738409543,-0.10830638221390658,phone_B
1888,14,15,Walking,-0.09443498977452291,-0.6818291615311386,9.543377762495552,-0.39111620900709065,0.058534573869670876,-0.1507073825340963,phone_B
1889,14,16,Walking,-0.6791337085904333,-0.4936298724130582,9.564978287499576,-0.3174101122163845,-0.05969190483628338,-0.0665516781155591,phone_B
1890,14,17,Walking,-1.3130958415294203,-0.18905249093877724,9.595277259704313,-0.15655111770424335,-0.18601409824895146,0.0489108355420146,phone_B
1891,14,18,Walking,-1.3981161293442734,0.16131105892536074,9.609463611923184,0.08942994081740568,-0.23424506966190217,0.1015012084464062,phone_B
1892,14,19,Walking,-1.10956559931804,0.787613470455128,9.811852697680886,0.31004008422835294,-0.13320637375978722,0.15979305886526718,phone_B
1893,14,20,Walking,-0.313793411920228,0.7644025503061956,9.940933490625461,0.4691461755063299,-0.014115801528445111,0.14843429317427626,phone_B
1894,14,21,Walking,0.3780259633802645,0.9035685882772581,10.246146955553423,0.48604051880689403,0.14123503905697393,0.16143813195704654,phone_B
1895,14,22,Walking,0.8965048968428727,0.7668505480986186,10.31400522754879,0.39579537253611297,0.3072807855381971,0.06234344363670941,phone_B
1896,14,23,Walking,1.3782418410487978,0.2901510138636085,10.098819038490273,0.17712962492401074,0.39236657752270604,-0.032418763214880075,phone_B
1897,14,0,Walking Upstairs,-0.9451742177320698,-0.7018335427132301,9.57721083207569,-0.34396547528639454,-0.026101363266479438,-0.019611535206292306,phone_B
1898,14,1,Walking Upstairs,-1.4027740689682484,0.18494262593634891,9.75984938501372,-0.012780869162404342,-0.1925027787646989,0.12012040531472949,phone_B
1899,14,2,Walking Upstairs,-1.5162372431170725,0.8346923731717047,10.109682668997618,0.39214337598221344,-0.1840870811563702,0.24208757438249606,phone_B
1900,14,3,Walking Upstairs,-0.689456630225836,1.0980641289233988,10.43804586030189,0.6869346090279362,0.005482607535134464,0.2713490916507792,phone_B
1901,14,4,Walking Upstairs,0.6970015890319436,1.4552883783824486,10.607675063453799,0.7259256561415295,0.2530789780388394,0.2615763475479708,phone_B
1902,14,5,Walking Upstairs,1.5763939076402864,1.0097872903884872,10.827666863382735,0.5639042557597097,0.48514276792718625,0.1400704811606037,phone_B
1903,14,6,Walking Upstairs,1.8760989442649822,0.6434077987255382,10.693811773969411,0.16017200906232132,0.5983001363803965,-0.029440437493815363,phone_B
1904,14,7,Walking Upstairs,1.6820574318587924,-0.3499708009062387,10.334934825630837,-0.23955162647793085,0.47326110949415345,-0.090721954231333,phone_B
1905,14,8,Walking Upstairs,0.8402171192195653,-0.6977282437859937,9.862978964026661,-0.5214488610810889,0.341212429353704,-0.06508658318602603,phone_B
1906,14,9,Walking Upstairs,-0.277427092397865,-0.6351782563643036,9.827788166585062,-0.5140708471219833,0.07228019758539324,-0.13527761890255405,phone_B
1907,14,10,Walking Upstairs,-1.4724082730380321,-0.4640571913343724,9.77062238902355,-0.2293682543722059,-0.15148833866734795,0.022784256254574073,phone_B
1908,14,11,Walking Upstairs,-1.7286838539358285,0.3020430795340861,9.709850964340859,0.14688703750185061,-0.22582833594097562,0.14190562652580652,phone_B
1909,14,12,Walking Upstairs,-1.0390180465674477,1.1098324544238456,9.946972514458508,0.5575033386849881,-0.058986309423203716,0.24386253185777007,phone_B
1910,14,13,Walking Upstairs,-0.023823505705224957,1.3734315085385194,10.604981055670715,0.7674552741085099,0.11345626841597475,0.2814330438262548,phone_B
1911,14,14,Walking Upstairs,1.0824501005051153,1.2236823632235543,10.584917323556526,0.7166421733695747,0.4059452175209654,0.172203519213446,phone_B
1912,14,15,Walking Upstairs,1.81701045706056,0.6781721818357126,10.658500932010371,0.3260067242941812,0.5359444116803143,0.04929059707863576,phone_B
1913,14,16,Walking Upstairs,1.7657364134231257,0.015723475829052837,10.752901092815266,-0.026227380550925904,0.5685613934278652,-0.12776736883885045,phone_B
1914,14,17,Walking Upstairs,1.3794106738619372,-0.5815639885541689,10.319549692780386,-0.34965151004973327,0.40773979503102087,-0.2346964923916277,phone_B
1915,14,18,Walking Upstairs,0.061975275885136794,-0.7682085235625522,9.911002017209581,-0.5628194141093573,0.14728124724308894,-0.15984776871796866,phone_B
1916,14,19,Walking Upstairs,-1.0624419114708648,-0.529807784107857,9.632865076548777,-0.4096859222080568,-0.08091614520776556,-0.044618975555541084,phone_B
1917,14,20,Walking Upstairs,-1.543056901414291,0.02954180151945293,9.708293888615831,-0.04269107239438881,-0.22895626798346433,0.076391927717241,phone_B
1918,14,21,Walking Upstairs,-1.4981375090751887,0.963258831191965,9.757372422307949,0.36826077413353936,-0.17902832960381013,0.21776841896512417,phone_B
1919,14,22,Walking Upstairs,-0.5327288131786695,1.2030480730370983,10.254153850442762,0.709110967147278,0.039154199312457866,0.3212377277902569,phone_B
1920,14,23,Walking Upstairs,0.4717383030496789,1.3530795217205456,10.629107601155077,0.7627108864094752,0.2282009109461307,0.27468730296687976,phone_B
1921,14,0,Walking Downstairs,1.720735169456234,0.08929137121360925,10.152178600510686,0.20000321985558828,0.2899431672814422,-0.052835117233094364,phone_B
1922,14,1,Walking Downstairs,1.892744300725466,-0.46743978468776176,9.961737802228944,-0.29174910018301375,0.35065719735549195,-0.193123643756484,phone_B
1923,14,2,Walking Downstairs,1.114187026375654,-1.524856113688691,9.304809073011771,-0.769093590952339,0.11466831041896669,-0.30980815010071955,phone_B
1924,14,3,Walking Downstairs,-0.7011020436103169,-1.6743277759157886,9.117794188792203,-0.9153048750392483,-0.22321486733478282,-0.2588687608466528,phone_B
1925,14,4,Walking Downstairs,-2.2052563470223276,-1.2036309113093204,8.63058333397807,-0.566715616260692,-0.5551216275450999,-0.11593223544750213,phone_B
1926,14,5,Walking Downstairs,-2.616985526013366,0.07882751967502896,8.880435734100917,-0.012259574889318269,-0.6563461807158075,0.06054191736572195,phone_B
1927,14,6,Walking Downstairs,-1.4986322024546934,0.40761530700845094,9.357850134601211,0.4606109045882871,-0.49070250824203826,0.1847447320117004,phone_B
1928,14,7,Walking Downstairs,-0.3641133701883135,0.9776989117528808,9.523858991460228,0.689672215565017,-0.14593511220424582,0.15925616907547988,phone_B
1929,14,8,Walking Downstairs,1.4146733204688524,0.5609788651309146,10.101892437812205,0.4728265429264835,0.1903927846398594,0.09106835901282717,phone_B
1930,14,9,Walking Downstairs,2.235146543343002,-0.11865714958820617,10.19470438274881,0.013344109591199665,0.35894861751916235,-0.09443297219160796,phone_B
1931,14,10,Walking Downstairs,1.5979096930599554,-1.092965877787606,9.709823657638939,-0.6302469288362057,0.2610382108159097,-0.32150782765860975,phone_B
1932,14,11,Walking Downstairs,-0.041820323930279846,-1.581109158063031,9.014014810566778,-0.8888956499752488,-0.04953335837287329,-0.30702664480433534,phone_B
1933,14,12,Walking Downstairs,-1.5161459320856876,-1.3250728772241855,8.76402596251568,-0.7722510141119987,-0.4376468793197694,-0.2092743541472304,phone_B
1934,14,13,Walking Downstairs,-2.235292561197816,-0.5690266640330409,8.647417065877233,-0.3369373019441293,-0.6504795426657798,-0.03457218631649474,phone_B
1935,14,14,Walking Downstairs,-2.393073346402294,0.2323304285797568,9.14523202796301,0.23206580083682032,-0.5958042001914592,0.14564960819705405,phone_B
1936,14,15,Walking Downstairs,-0.9295207330892258,0.8102164291639629,9.514352427700302,0.6211236965702119,-0.3562835400731423,0.22821188139608733,phone_B
1937,14,16,Walking Downstairs,0.5152009146058147,0.8947067907606089,10.170694693787523,0.6783591093880681,-0.008195025438303818,0.15626098308236033,phone_B
1938,14,17,Walking Downstairs,1.7378430736265484,0.20473222872094715,10.185468286076702,0.2154319971511343,0.33756126182146107,-0.02170356264708953,phone_B
1939,14,18,Walking Downstairs,1.7639622088476805,-0.743634445794614,9.697359094181651,-0.32372404108793285,0.3246133801133988,-0.2511295079346919,phone_B
1940,14,19,Walking Downstairs,1.0139134562142589,-1.2730667299370024,9.408499084558501,-0.7868376194664586,0.13231157867531868,-0.315183491600962,phone_B
1941,14,20,Walking Downstairs,-0.767147640814174,-1.684827705015894,8.895848682896112,-0.8838988311026638,-0.23241946457550014,-0.2690396989729191,phone_B
1942,14,21,Walking Downstairs,-2.177872316298612,-1.04038152457713,8.711204870397179,-0.527025035605842,-0.5508907471036654,-0.10976900018719887,phone_B
1943,14,22,Walking Downstairs,-2.1056477785439265,-0.19732943517917323,8.856676881071776,-0.06192367200665953,-0.6053253013291224,0.044194325094043294,phone_B
1944,14,23,Walking Downstairs,-1.7023469945355956,0.5669796037364286,9.290501033276813,0.446798252039464,-0.4527827405451869,0.19236296373611633,phone_B
1945,14,0,Sitting,0.07203346806089155,-0.15522755674253325,9.880699451385384,-0.003175761206320066,-0.00655392150199867,-0.013914013236934367,phone_B
1946,14,1,Sitting,0.0567616875887552,-0.14137526723015392,9.864777726684785,-0.007523592421870619,-0.019392932516735767,0.0011315193647819736,phone_B
1947,14,2,Sitting,0.00428808271503181,-0.14216579625557496,9.877746931977704,0.0009575228727783519,-0.014895390463884049,0.009391952388953425,phone_B
1948,14,3,Sitting,0.061453866881016235,-0.1418626966528567,9.847121009059673,-0.012748350595146143,-0.00850102127418368,-0.0030504419769107017,phone_B
1949,14,4,Sitting,0.06751948937587852,-0.14419496526574935,9.853478766441294,-0.0012722853088994773,-0.014309567101164534,0.0020980388983576357,phone_B
1950,14,5,Sitting,0.0623082240406817,-0.12035149121472775,9.880324707482666,-3.0290958020030368e-05,-0.020321149513574596,0.005049730507289025,phone_B
1951,14,6,Sitting,0.04214883174523117,-0.09705528161680338,9.893892129717491,-0.001067239503683116,-0.003845185338331821,0.0015693543618874235,phone_B
1952,14,7,Sitting,0.045187617798018914,-0.1232961487376301,9.891869360540777,-0.0007247777562092344,6.0303933501572315e-05,0.016026356803822802,phone_B
1953,14,8,Sitting,0.06207609998387089,-0.0731927028682417,9.843546168808537,-0.0056288797260932635,-0.011449630761648991,0.004733534336538602,phone_B
1954,14,9,Sitting,0.03684470192076707,-0.14907759516883828,9.912629510641905,0.017156901996906386,-0.001441280350816491,0.011526705602558987,phone_B
1955,14,10,Sitting,0.04936871815132408,-0.1255124490281741,9.887566999293247,0.018156452518300555,-0.010760174938538241,0.0027714375241581473,phone_B
1956,14,11,Sitting,0.07364594526040916,-0.0716449835239654,9.866559424726594,0.005196153406087527,-0.011097772798872684,0.00636412357438228,phone_B
1957,14,12,Sitting,0.07612107406720531,-0.11779503479391246,9.917078503749737,0.00856037226872216,0.006512201372073262,0.008258227784122961,phone_B
1958,14,13,Sitting,0.04897360682324649,-0.08021158363455932,9.883552059389897,-0.001699811781746276,-0.008171162548798962,0.005158723349394932,phone_B
1959,14,14,Sitting,0.014740728480005828,-0.09348753404090906,9.842497492499005,0.008036113053340259,-0.004478436068461088,0.007579526413610579,phone_B
1960,14,15,Sitting,0.04768901855331195,-0.09109720345712959,9.876805340814023,0.01116010910035117,-0.0047372209857456755,0.0018450794895882323,phone_B
1961,14,16,Sitting,0.06831925472339823,-0.07995166588395565,9.894506819212705,0.026511038214622765,-0.00501469891160506,0.005766634197421299,phone_B
1962,14,17,Sitting,0.05494932386750899,-0.10853748572772638,9.918074124478379,0.00866790594843937,-0.006607579251727844,0.004353275853711227,phone_B
1963,14,18,Sitting,0.04496536199583428,-0.12607780695002563,9.891613363205662,0.018732180978016995,-0.0009980619633636774,0.017031220228831565,phone_B
1964,14,19,Sitting,0.09261492390527944,-0.06751112174428302,9.95249486612965,0.013517868920422414,-0.0007384701579997311,0.007627859009157755,phone_B
1965,14,20,Sitting,0.11683380363955878,-0.0791400997149425,9.891431276843079,0.018133409093115962,-0.004914953295516567,0.010870007044988935,phone_B
1966,14,21,Sitting,0.09310221461720582,-0.0828226884294332,9.923947238344141,0.0060821462046623635,0.0020896422746979984,0.0048089429369646206,phone_B
1967,14,22,Sitting,0.15892092427201282,-0.07337540915447731,9.896996712696293,0.00703304627215777,0.010096342621573638,0.005346036734164389,phone_B
1968,14,23,Sitting,0.07225135367429336,-0.06835077928306683,9.930181901334432,0.019291173742121543,0.0035501131069839765,0.008207271053998414,phone_B
1969,14,0,Standing,-0.07862479577187274,0.23311532194610887,9.916834547188705,0.037542087520448915,-0.006236673467297721,0.010598104509080702,phone_B
1970,14,1,Standing,-0.0574414650425487,0.17599766545638898,9.848274263316599,0.04202613221443712,0.010472062254210157,0.0029070741677895123,phone_B
1971,14,2,Standing,-0.06334203533166445,0.20790737203326276,9.889198544653949,0.03731283732868842,-0.0037977789188531046,0.0027451699724768885,phone_B
1972,14,3,Standing,-0.06339458079317678,0.21059760270222616,9.870067695283545,0.03884353462240705,0.003951630524630358,0.005616955139933393,phone_B
1973,14,4,Standing,-0.03936953157258621,0.20649039009996525,9.92119165260497,0.026810527478895157,0.00042950181636882204,0.004932690646646774,phone_B
1974,14,5,Standing,-0.03617957612466182,0.1733749939341903,9.867115319417216,0.03151014772534291,0.006454768214934039,-0.0033795463068001675,phone_B
1975,14,6,Standing,-0.005583896092177822,0.18254375825674413,9.931606367056627,0.028316460481706492,0.014762017803157569,0.0025287705908560677,phone_B
1976,14,7,Standing,-0.0890071401404596,0.16320076841499326,9.900255046124807,0.027814687663086556,0.004027756589800077,0.0018751141398792074,phone_B
1977,14,8,Standing,-0.04455967524167813,0.19018595644845976,9.90292777341182,0.027349830565113725,0.022697991046626374,0.0033056669099862015,phone_B
1978,14,9,Standing,0.01009346579258829,0.16776829786057987,9.973483862253905,0.012653309160613524,0.01440219358045815,0.004290798364599354,phone_B
1979,14,10,Standing,0.011388608378401319,0.18051851018756557,9.918766272795033,0.004392477668320703,0.02810125783727923,-0.004013704000086915,phone_B
1980,14,11,Standing,0.026556975827567428,0.10900201938838058,9.90677149506332,0.0103277066036776,0.022707947958019947,-0.0025446584110341165,phone_B
1981,14,12,Standing,0.006217667302915609,0.12467510148132149,9.896922058797253,0.009368390425169128,0.02266130007243673,-0.0001317297496321642,phone_B
1982,14,13,Standing,0.001283015495882589,0.11045983416944521,9.898564078593385,0.022821661717720026,0.029679133054176618,-0.02547847570748403,phone_B
1983,14,14,Standing,-0.001648355889922725,0.1568957650716009,9.888413924924267,0.0011053971617975785,0.018013052757258705,-0.005808747064467257,phone_B
1984,14,15,Standing,-0.03389533809652771,0.1546577079816457,9.888273994429625,-0.004988809930310632,0.025873025514937146,-0.019789720085994535,phone_B
1985,14,16,Standing,-0.02219052474300548,0.10221991207267742,9.939618150692906,-0.006649552517454826,0.005415462328340994,-0.015297247354806583,phone_B
1986,14,17,Standing,-0.0011854624267703725,0.12801058427057513,9.938967077577612,0.002863213233239053,0.018406802016351552,-0.01831709320823873,phone_B
1987,14,18,Standing,0.02267675101816629,0.09151432123471033,9.861369739236936,-0.010960637735520248,0.008428108606072819,-0.016781748737894057,phone_B
1988,14,19,Standing,-0.03012250721019719,0.11183078246705189,9.863678737853162,-0.01874946637529586,0.004726489059108696,-0.013605665321461865,phone_B
1989,14,20,Standing,-0.029794219495488786,0.07314505275792797,9.857092661609604,-0.011274350621279156,0.02086363279491433,-0.020253309236286588,phone_B
1990,14,21,Standing,-0.03755821244520918,0.10507993008523639,9.844670775394412,-0.015903952612886716,0.01024965227465835,-0.023978905687383173,phone_B
1991,14,22,Standing,-0.04449639257699194,0.07678489817449947,9.873198563782138,-0.024854062064364135,0.008305428430867318,-0.008182250685205011,phone_B
1992,14,23,Standing,-0.006348773186309539,0.10368735895478931,9.82515315735364,-0.016643484866221702,0.0029523750350372363,-0.014949234062386962,phone_B
1993,14,0,Laying,7.288791056025176,0.1015419715328379,6.452124120720608,0.01030201201687533,0.003247481908189896,0.0074715373673457045,phone_B
1994,14,1,Laying,7.3434876815387815,0.1241010604325406,6.428190497936274,0.00928386603906196,0.011725995646960792,0.007018590100896494,phone_B
1995,14,2,Laying,7.336216614239602,0.11406068046940471,6.430597525574522,0.006361977288230948,0.002963024584088884,0.003108188036428703,phone_B
1996,14,3,Laying,7.333320167640357,0.09226655051195856,6.439720270083762,0.01264153785152324,0.000890842790689248,-0.0059485561092148895,phone_B
1997,14,4,Laying,7.353546316723422,0.11548921286036867,6.4131487925650825,0.013912549225284388,-0.005770972442953267,0.012316645918557002,phone_B
1998,14,5,Laying,7.3392012622622484,0.05613152609832584,6.443380159188542,0.006946334420214465,-0.0002594170817485984,0.0015437095190106382,phone_B
1999,14,6,Laying,7.339318741090549,0.10100449147758356,6.39342764873333,0.017100212606024207,0.002081459760573551,0.0014878606010326444,phone_B
2000,14,7,Laying,7.3161634224861825,0.13259546103615813,6.408285686248044,0.010329614350030677,0.0005144313570453487,0.002620103228883269,phone_B
2001,14,8,Laying,7.318666912842792,0.09792359129981261,6.441844969547353,0.010968889225882539,-0.00022675787756757087,0.0051041463936080675,phone_B
2002,14,9,Laying,7.370351978079634,0.07188151603854603,6.442320753559393,0.003857008050201162,-0.0013581289755229932,0.007077207420755664,phone_B
2003,14,10,Laying,7.3363926918564175,0.08295400498897368,6.476410126226193,0.01506030476337868,-0.0061650193640455505,-0.0034894832133741185,phone_B
2004,14,11,Laying,7.366738230170358,0.10609045323887935,6.481613898475735,0.013189250844623234,0.00769506572080462,-0.0009432396713918269,phone_B
2005,14,12,Laying,7.366055929879153,0.08106813805452184,6.47749628066372,0.011949045345026861,0.0014163188971724637,0.009832131239575274,phone_B
2006,14,13,Laying,7.411662310470345,0.10718402442550604,6.459358581150466,0.0067239023920090315,0.007340982097027032,-0.004237522994931698,phone_B
2007,14,14,Laying,7.357447245819293,0.11328912727013525,6.4912721013971435,-0.0015825677349767583,0.005602641890421331,0.012322532884252727,phone_B
2008,14,15,Laying,7.3532304443225485,0.10740536797829334,6.426128856664795,0.0034385823432312827,-0.003213617934786461,0.0005930816356042078,phone_B
2009,14,16,Laying,7.336329027961472,0.11404419367429142,6.427894599865031,0.005977963673500682,0.005475315457305719,0.0038410244738357364,phone_B
2010,14,17,Laying,7.34960797492169,0.08386931393205033,6.450317846175245,0.015056631885663604,0.009398876738530453,0.00022036349953845737,phone_B
2011,14,18,Laying,7.361466549086198,0.05838682520648105,6.44523609987033,0.00602120985900787,0.003458361886178544,-0.0008958486262908784,phone_B
2012,14,19,Laying,7.355975747339892,0.13362240491237037,6.4765290503915285,0.0026020761682479087,0.006372259960968497,0.00038742481479845953,phone_B
2013,14,20,Laying,7.388115126983895,0.11152840941332395,6.45201142146119,0.011112342093719545,0.006313463554152825,0.011241882640829357,phone_B
2014,14,21,Laying,7.369432578385102,0.08549626914605418,6.444371536787673,0.014987336769435186,0.007741017620082134,0.008461515632644833,phone_B
2015,14,22,Laying,7.355393530488733,0.08668157254893165,6.466979144767067,0.0020306568605671944,0.015614857058808437,0.004570191112774543,phone_B
2016,14,23,Laying,7.350686138631149,0.10289430870006049,6.437101481195855,0.009025515263922358,0.02238110794877512,-7.619121702934651e-05,phone_B
2017,15,0,Walking,0.6670481779117705,0.9680869530167893,10.085682607283143,0.433868229314472,0.2552701354111823,0.06866442081648218,phone_A
2018,15,1,Walking,1.4720129692982424,0.42021362121686673,10.135544350299638,0.2445597420260336,0.3151901836505715,0.06801807680423491,phone_A
2019,15,2,Walking,1.7004608524208176,0.06218128354563236,10.075091968921292,0.014812972082797662,0.41547939305626747,-0.10094201738408104,phone_A
2020,15,3,Walking,1.2468706865079902,-0.4161014764082692,9.588561582545356,-0.23051081933279782,0.35925387244282,-0.1257572411258575,phone_A
2021,15,4,Walking,0.6718311666274135,-0.45303776875237056,9.66888635587476,-0.3692542403868342,0.13628594049597761,-0.14739387493862452,phone_A
2022,15,5,Walking,-0.09298452952149687,-0.6246362574586364,9.53885295521212,-0.38864630700053954,0.06711532599246833,-0.11300902240717807,phone_A
2023,15,6,Walking,-0.6995653236841278,-0.4070345959151893,9.602351032733331,-0.305114392554833,-0.1310089855101828,-0.04594910846680712,phone_A
2024,15,7,Walking,-1.262542665103444,0.11136681838914825,9.458496010096828,-0.025878507757525142,-0.23532327872486658,0.02776460548521119,phone_A
2025,15,8,Walking,-1.2405769194344378,0.40593440068030284,9.510087728541164,0.17045981666017065,-0.1807222151050339,0.11571961176228306,phone_A
2026,15,9,Walking,-0.6222237700365176,0.7773216544474294,9.797755068097867,0.41380448192736635,-0.13504757689391586,0.17863451851744427,phone_A
2027,15,10,Walking,0.1597475464675372,0.9768254585902452,10.025456847653341,0.5132907768654127,0.04788569118116383,0.17308330087948448,phone_A
2028,15,11,Walking,0.763573250333678,0.9614952900026256,9.900764398992095,0.4589805883446535,0.20051060058356424,0.11222468660531768,phone_A
2029,15,12,Walking,1.4312117492815082,0.4815127140170988,9.944363441417748,0.3037096663914437,0.2934171241653194,-0.003520549959875968,phone_A
2030,15,13,Walking,1.5908467888829991,0.15797654106816048,10.104998837661629,0.030565850446250924,0.33849366920739626,-0.06915009247226198,phone_A
2031,15,14,Walking,1.2195223551250012,-0.44041567779417456,9.929239606255805,-0.20992958692274674,0.32851480017587265,-0.10044873524780068,phone_A
2032,15,15,Walking,0.7046093408052668,-0.5177062258078657,9.651362067503804,-0.356847103565217,0.20250518174886617,-0.19032835108186372,phone_A
2033,15,16,Walking,-0.037601312585955934,-0.6225635505866791,9.578864067457456,-0.4290056979581863,0.0229868356528552,-0.1347592519512284,phone_A
2034,15,17,Walking,-0.7378095490268038,-0.6254913409246321,9.293092877486739,-0.28015717209581353,-0.1374197651499992,-0.06802359838689688,phone_A
2035,15,18,Walking,-1.147262240095628,0.0299315941284303,9.4925422669112,-0.06243779264633258,-0.21938349613111255,0.03374268549225115,phone_A
2036,15,19,Walking,-1.3461370873804797,0.3826641266133263,9.451493086246964,0.15657868462886226,-0.20123195237580238,0.14710590836081927,phone_A
2037,15,20,Walking,-0.8124376229209557,0.9584695054091792,9.612791006481679,0.3355518972864277,-0.11090552015926164,0.1473125598827325,phone_A
2038,15,21,Walking,-0.191567726975218,0.7271732818855078,9.78896928842507,0.45441903745716217,0.0106935286164618,0.16104966659762807,phone_A
2039,15,22,Walking,0.6285312750868346,1.03934802851687,10.132245804531408,0.423876212419372,0.2031359283058388,0.13186110663451478,phone_A
2040,15,23,Walking,1.215667534928017,0.6087706598023633,10.136435394136587,0.2901470320121221,0.31402048834982266,0.08369680667639166,phone_A
2041,15,0,Walking Upstairs,-1.5450560631823242,-0.011277929402407086,9.458138378498067,-0.13436455173169914,-0.21402570399164358,0.11623393256554876,phone_A
2042,15,1,Walking Upstairs,-1.4250156463959218,0.7301742144734021,9.545785301657306,0.34075062454127836,-0.20283846666522432,0.1993864537996667,phone_A
2043,15,2,Walking Upstairs,-0.6832064491701674,1.291831352832891,10.028769733554585,0.6705817096382138,-0.01622852782318085,0.28195141614093416,phone_A
2044,15,3,Walking Upstairs,0.32081330909161876,1.4266850188863416,10.611093207327961,0.7359688632295557,0.21935973622158347,0.24792305595646005,phone_A
2045,15,4,Walking Upstairs,1.5237364286804687,1.0966508543445481,10.643259248992594,0.6371081953513668,0.4073940028843813,0.16937295578008563,phone_A
2046,15,5,Walking Upstairs,2.2632698304358936,0.6218414881100803,10.519364585785915,0.197796184476389,0.5484576537227672,0.013866971939375111,phone_A
2047,15,6,Walking Upstairs,1.899132474291897,-0.31676537623552203,10.320709701270308,-0.20629811072466758,0.5219537179084709,-0.06563924899841948,phone_A
2048,15,7,Walking Upstairs,0.9092413247976305,-0.768733378009775,9.920814278651326,-0.458094090090974,0.33637316412940643,-0.18815951671480102,phone_A
2049,15,8,Walking Upstairs,-0.18334092870393276,-0.8128820182547353,9.76337322723363,-0.44611103799222585,0.0931718183310394,-0.12270391546965957,phone_A
2050,15,9,Walking Upstairs,-1.2035930721094041,-0.4967084337102948,9.66475530052001,-0.27027275064279094,-0.150916884497496,0.03215737948751185,phone_A
2051,15,10,Walking Upstairs,-1.515244087886129,0.42818432808963286,9.702311241804326,0.10464568101212292,-0.25068778751657733,0.14592995807243514,phone_A
2052,15,11,Walking Upstairs,-1.0553522621249152,0.9517716786210288,10.013005237790113,0.48236718453517574,-0.12700786312839954,0.2686705400797635,phone_A
2053,15,12,Walking Upstairs,-0.3355805367144771,1.3858678045607953,10.445725589814925,0.714324382585244,0.04117716622231812,0.2872199803429694,phone_A
2054,15,13,Walking Upstairs,1.2284053926109157,1.2866319509340536,10.690504681625635,0.7254714475307111,0.3118202470397805,0.22613024726153697,phone_A
2055,15,14,Walking Upstairs,1.79265329675692,0.8526440155402317,10.527543088391495,0.43958945198540383,0.5432550824895968,0.0897747580561607,phone_A
2056,15,15,Walking Upstairs,2.1946930417029824,0.26509989827893854,10.574063132548682,0.010794954820400597,0.5569408528724369,-0.09295485084757835,phone_A
2057,15,16,Walking Upstairs,1.5014153773375762,-0.42166544529676475,10.461003087907635,-0.33531693073472946,0.4296167037519304,-0.1868176046006474,phone_A
2058,15,17,Walking Upstairs,0.45309523182622685,-0.6445908567763527,9.859097395542964,-0.5139128263927367,0.21213583661105287,-0.13793979307454454,phone_A
2059,15,18,Walking Upstairs,-0.8515711828848966,-0.39340004037698934,9.494075999620124,-0.4153778023966732,-0.042981005346809154,-0.07207037444156301,phone_A
2060,15,19,Walking Upstairs,-1.431296917380039,-0.005724556387941029,9.644342372052005,-0.08405469799864931,-0.16596978752701838,0.08114954472772838,phone_A
2061,15,20,Walking Upstairs,-1.232266120110059,0.6870468283853937,9.916465143455362,0.32110125547981916,-0.22279692318795016,0.21514408444020355,phone_A
2062,15,21,Walking Upstairs,-0.6912298514426116,1.2481562090978113,10.187328910318419,0.6724577104154544,-0.05714079104853578,0.21268963938766333,phone_A
2063,15,22,Walking Upstairs,0.5698856027652133,1.4144855792746813,10.395338176011485,0.7398252135161868,0.1839443146829572,0.25404666031654166,phone_A
2064,15,23,Walking Upstairs,1.3638665416133628,1.105391950876251,10.77022375468112,0.6633078378705042,0.4537174172346746,0.19179014607898245,phone_A
2065,15,0,Walking Downstairs,1.5893734355544924,0.5944885858741029,9.991791906451146,0.37532388195744615,0.26104696285499457,0.0458966999914933,phone_A
2066,15,1,Walking Downstairs,2.0324810077796083,-0.5001627610829797,9.880594717163424,-0.20394589649131967,0.3432855386310254,-0.16596290115082235,phone_A
2067,15,2,Walking Downstairs,1.2978372561180695,-1.1714439350829382,9.517200628960548,-0.6806943792894656,0.1536242054424671,-0.30455956815851953,phone_A
2068,15,3,Walking Downstairs,-0.09478494625475388,-1.3590107440734314,8.925383639925919,-0.8875030021886201,-0.12944933269958422,-0.2983657889295657,phone_A
2069,15,4,Walking Downstairs,-1.492947303438601,-1.0752833263064425,8.819376364154936,-0.6874058364816454,-0.4303065468676904,-0.1758844803023096,phone_A
2070,15,5,Walking Downstairs,-2.1009307354630096,-0.2927943307160118,8.873617820378975,-0.19329594350944093,-0.6329853406867166,0.06705858501500425,phone_A
2071,15,6,Walking Downstairs,-2.072072436946083,0.5010226607643508,8.847442884201055,0.367546419894242,-0.5803540844370256,0.17684298629373574,phone_A
2072,15,7,Walking Downstairs,-0.25293265141419,1.2318420332114401,9.45192977772265,0.6967190005099642,-0.23593070574848135,0.20517814261136463,phone_A
2073,15,8,Walking Downstairs,0.9823822824022622,0.9003627582139692,9.8410643978763,0.5595280204583748,0.10402962238833181,0.11156538273259026,phone_A
2074,15,9,Walking Downstairs,1.8528215387196536,0.032431008412072915,10.030766624474627,0.152395029286104,0.31982453618692835,-0.03633963681556239,phone_A
2075,15,10,Walking Downstairs,1.7346329025847753,-0.7845077045662482,9.678547624932145,-0.43071327529991105,0.27498841607191493,-0.19930306563333236,phone_A
2076,15,11,Walking Downstairs,0.46130032383441827,-1.2460911274017725,9.21890972623851,-0.8280742231381505,0.06562815477285663,-0.2923909400917925,phone_A
2077,15,12,Walking Downstairs,-1.0107174996214483,-1.397542091913212,8.9938945953953,-0.8749004119512729,-0.27552154713591553,-0.23175067642714,phone_A
2078,15,13,Walking Downstairs,-2.1691592987547974,-0.95852074273072,8.607574809177164,-0.5211528023674025,-0.6102401200599814,-0.07446532451893013,phone_A
2079,15,14,Walking Downstairs,-2.425137916666812,0.1705390517453003,8.846096493667996,0.0854488430229263,-0.648682427766806,0.1251999144929722,phone_A
2080,15,15,Walking Downstairs,-1.3582056884101568,0.7573090601360029,9.37488894356706,0.5681558491451214,-0.45785022017173876,0.20810986915784366,phone_A
2081,15,16,Walking Downstairs,0.2561188332618118,1.1031279123335986,9.81531983842989,0.7051391451474692,-0.10077375781820189,0.15383075914933347,phone_A
2082,15,17,Walking Downstairs,1.5253992476812075,0.7391153550527269,10.089682682100753,0.3889886631600233,0.27345394383320343,0.015514393824465641,phone_A
2083,15,18,Walking Downstairs,2.2951657026813033,-0.3977358752207052,9.801634248675365,-0.15954120657485166,0.3357706306754151,-0.188827899033371,phone_A
2084,15,19,Walking Downstairs,1.66767801112422,-1.148190079750538,9.534048041697083,-0.6900327496517946,0.174929504290945,-0.2711448568897316,phone_A
2085,15,20,Walking Downstairs,-0.3105160375413175,-1.6852166988815998,8.937878636771865,-0.8672620125691829,-0.15291353690915307,-0.28462311887820635,phone_A
2086,15,21,Walking Downstairs,-1.6014373021981319,-1.0774503452967996,8.466511354589429,-0.6887488952415628,-0.4883752946680622,-0.1411569592689202,phone_A
2087,15,22,Walking Downstairs,-2.450236749804279,-0.4023529764017884,8.695290355257463,-0.22284196361678868,-0.685221817963521,0.012864085457625903,phone_A
2088,15,23,Walking Downstairs,-1.9462242488639554,0.41323547087372925,9.05417361433059,0.31467096319680776,-0.5738170786681025,0.20572186990785554,phone_A
2089,15,0,Sitting,0.14925804412831117,-0.08545319455033538,9.774735254366691,-0.0070589512893703375,-0.0021016355011091656,-0.001720049386377669,phone_A
2090,15,1,Sitting,0.21224303371882322,-0.10641607189045571,9.763265261383697,-0.02029544588718122,-0.0168139533148185,0.011759064433174208,phone_A
2091,15,2,Sitting,0.1367047213800096,-0.10851788168671267,9.771347103990482,-0.00833896124559122,-0.010448748297546164,-0.004400988289480313,phone_A
2092,15,3,Sitting,0.09333299673065719,-0.11261897706688483,9.836276382777964,-0.010102201360268681,-0.01691631551719368,0.010375800313635235,phone_A
2093,15,4,Sitting,0.18593736111183712,-0.08245912654565664,9.792416555315578,-0.016703668057327696,-0.01982880233071355,-0.009082536531584834,phone_A
2094,15,5,Sitting,0.09674888157492498,-0.12157998336677181,9.819751089129847,-0.02148283635523065,-0.00716407464157149,-0.003856697250039191,phone_A
2095,15,6,Sitting,0.1747676724932457,-0.08440790900127727,9.753452375810145,-0.0032482435921482623,-0.011121308706970106,-0.004207289451060888,phone_A
2096,15,7,Sitting,0.1206805390570814,-0.09452957738282057,9.78973604494852,-0.009081068369992,-0.02223132060287819,-0.008971932670282217,phone_A
2097,15,8,Sitting,0.11241488380041474,-0.05075587101487082,9.787845800564146,-0.010417985028580639,-0.026216426279458298,-0.0010019328411291864,phone_A
2098,15,9,Sitting,0.1604652366776818,-0.09317529570352195,9.811582885742844,-0.00685233864249832,-0.019586736196678417,-0.0010186624143568072,phone_A
2099,15,10,Sitting,0.11510186586685447,-0.06106133947633209,9.78121154999211,-0.0037915667915831746,-0.01864727457743851,0.017124533977476514,phone_A
2100,15,11,Sitting,0.1298642092413987,-0.1048855158017575,9.824137407902661,-0.005621384464650853,-0.00956706687423406,0.013617984215217045,phone_A
2101,15,12,Sitting,0.10965540909427632,-0.035140306017975714,9.781209409875576,-0.0029810490886942095,-0.01773830137079994,0.012161565023917978,phone_A
2102,15,13,Sitting,0.14441318836546094,-0.04739286562366867,9.859296751795645,-0.0037760195767692433,-0.03150092680805959,-0.002330783696522754,phone_A
2103,15,14,Sitting,0.15899906493828164,-0.04725913459335769,9.802489857705512,-0.0034281142804040857,-0.024544980633179406,0.0020872526970050365,phone_A
2104,15,15,Sitting,0.13441263702151166,-0.04387218674549585,9.810832191993297,0.0032695035154897637,-0.024262789408422553,-0.001315594960558067,phone_A
2105,15,16,Sitting,0.08484004759695912,0.038089975360658807,9.83848750178238,0.010664063380058323,-0.025542365146375638,0.008091487840375241,phone_A
2106,15,17,Sitting,0.10431306655061615,-0.06658454750734467,9.788512689384833,0.01194585270855587,-0.01614722738709736,0.002778777139260685,phone_A
2107,15,18,Sitting,0.11839228903152392,-0.011351541755671577,9.790768883788363,0.00579929506365485,-0.01838922642493596,0.011472798068992377,phone_A
2108,15,19,Sitting,0.13452568280444757,-0.0428329510039442,9.793181058517074,-0.00018804573237160907,-0.02969099146165606,0.008927129596492821,phone_A
2109,15,20,Sitting,0.1508199253853017,-0.05754438478919717,9.815781332423212,0.012564791477704375,-0.030783027536462632,0.008437789220948528,phone_A
2110,15,21,Sitting,0.174128290120422,-0.005942795544160991,9.764274133892007,0.012993602392884813,-0.023609145666819344,0.014609270060160488,phone_A
2111,15,22,Sitting,0.11858302242649535,-0.017948641888288347,9.799739722864745,0.010185168430484379,-0.021810898074277427,0.009472383496621765,phone_A
2112,15,23,Sitting,0.10959175888469908,-0.001434590948829008,9.819754109277318,0.00151885902920019,-0.011663012694361968,0.010057930128524727,phone_A
2113,15,0,Standing,0.06132303316127088,0.16578220392488313,9.813072123329512,-0.017040273086897435,0.004392840478807508,-0.011373078455617578,phone_A
2114,15,1,Standing,0.045772686403453486,0.1627694528233263,9.810205304586864,-0.012788559848248525,-0.006753193862852564,-0.016267649255713636,phone_A
2115,15,2,Standing,0.022094206378952923,0.1296095872638953,9.748154496697312,-0.03141032398508088,-0.015827045208456365,-0.000634636418915549,phone_A
2116,15,3,Standing,-0.0033172006736798022,0.193011971483564,9.779894777347874,-0.020135554537674658,-0.018095787987851282,-0.012462161320020043,phone_A
2117,15,4,Standing,0.04978189436111007,0.18209815295023202,9.7721689278081,-0.02757960271762132,-0.017489650703458866,-0.017365585617710306,phone_A
2118,15,5,Standing,0.02356616232734631,0.18262784115857608,9.765902157160957,-0.023001976670563806,-0.0051706484129044345,-0.017700995856370118,phone_A
2119,15,6,Standing,-0.018072915802458022,0.15304837380927866,9.73537355544792,-0.025134206798984617,-0.021490533901932448,-0.0027334523132726603,phone_A
2120,15,7,Standing,0.017526744643471585,0.14494958373668348,9.746472752164728,-0.02469068792304252,-0.019938615118726966,-0.013771336994867394,phone_A
2121,15,8,Standing,-0.04357285836362112,0.1539749769648782,9.7396214296359,-0.02164252513288833,-0.02376548616530902,-0.011452739659219524,phone_A
2122,15,9,Standing,-0.06271807049561975,0.16520340182869797,9.702444633935325,-0.010120193716134538,-0.024473275292025674,-0.004816909505053077,phone_A
2123,15,10,Standing,-0.043682566594771904,0.13186103505123384,9.72123232940709,-0.024479228341794976,-0.029300769651035015,-0.003076673778543184,phone_A
2124,15,11,Standing,-0.08600174323585917,0.1690432943585544,9.682722664315207,-0.018993082357436512,-0.0232150826243553,-0.00697240314826902,phone_A
2125,15,12,Standing,-0.10108908107947066,0.14252314982081768,9.664526891690889,-0.020838280835496215,-0.026112657987443666,-0.008012659432721968,phone_A
2126,15,13,Standing,-0.10017338024680647,0.10650330151833265,9.69826108251805,-0.0054317830089317095,-0.030802161993914622,-0.010785204390196187,phone_A
2127,15,14,Standing,-0.11167081381239881,0.17060811256636485,9.708445654708607,-0.022144885776452496,-0.03729787200909373,0.0020201777567984166,phone_A
2128,15,15,Standing,-0.08751552116735146,0.20036263346461441,9.699347237723938,-0.007093506884636879,-0.03955468040421485,-0.00030422212614515535,phone_A
2129,15,16,Standing,-0.11299329685280485,0.16963394551087668,9.663101194606558,0.002403849979826957,-0.03731073168882736,-0.007022324667299313,phone_A
2130,15,17,Standing,-0.10017355597963384,0.18305259471998128,9.728949554646888,-0.006143837426673739,-0.03714486266888963,-0.0012415805415605281,phone_A
2131,15,18,Standing,-0.14259012207037763,0.23094780117384292,9.73633725037635,0.0007388440974353432,-0.03700351268655821,0.00121520419167233,phone_A
2132,15,19,Standing,-0.12886655193776225,0.21894324478860466,9.704151051826724,0.006192675019313144,-0.04619093308917577,0.011986249887636052,phone_A
2133,15,20,Standing,-0.10429158996311752,0.23043304087178187,9.704855854160417,0.0075340717058630805,-0.048919126324767005,0.008214527503637176,phone_A
2134,15,21,Standing,-0.17542799085652175,0.190334368517308,9.777539796291101,0.013663454362676467,-0.04387537849713761,0.004496043107251297,phone_A
2135,15,22,Standing,-0.14303752623771573,0.24255567056274085,9.742413464196986,0.02399024395360525,-0.042457360573261736,0.011725842013958203,phone_A
2136,15,23,Standing,-0.14784580187453814,0.23703661736729667,9.758987020181813,0.01566201707812152,-0.043563058673423895,0.014655005256149422,phone_A
2137,15,0,Laying,7.427248917933646,0.21917874443111526,6.374934964535029,0.01691677393542567,-0.01261813229978235,0.008913535128761531,phone_A
2138,15,1,Laying,7.420406894091,0.20458338722518324,6.380144133700269,0.011266701524129025,-0.003236685874405891,0.006697909579656751,phone_A
2139,15,2,Laying,7.449476765266463,0.2165864502249813,6.378190391038605,0.011400810436120184,-0.0037504620732642,0.004620247294192811,phone_A
2140,15,3,Laying,7.434177876343249,0.19888053501401,6.328912480469232,0.013496264929784233,-0.01505419109922005,0.007306925112930995,phone_A
2141,15,4,Laying,7.432095570928432,0.1731873314594434,6.365087840653618,0.01107449174932891,-0.012011686778212197,0.013156471509241846,phone_A
2142,15,5,Laying,7.413882415372933,0.2486542821734283,6.361134925077864,0.0036471394557106122,-0.012525452287075668,0.016492605771520376,phone_A
2143,15,6,Laying,7.424640186833297,0.15727122490378942,6.386035026081967,0.008154580187325615,-0.0022282220929094043,0.015063639904750667,phone_A
2144,15,7,Laying,7.443606905824675,0.25108481679124367,6.322364541295505,0.00568686660223477,-0.007215354367698716,0.022845376541522522,phone_A
2145,15,8,Laying,7.483561241600325,0.2231380255109895,6.346389729800286,0.006449565193352425,-0.010184548927590433,0.00439121819186151,phone_A
2146,15,9,Laying,7.477780038056742,0.18447259922167314,6.364182240609147,0.01505478139764388,-0.014731545804183224,0.009206865329765255,phone_A
2147,15,10,Laying,7.4148731429963854,0.18276561524282978,6.353001571663595,0.006448339484981296,-0.0029387587851497244,0.010003694232416285,phone_A
2148,15,11,Laying,7.438609136494139,0.19886647391349727,6.346603110371117,0.014207752299984597,-0.005077015005388667,0.005546544808688234,phone_A
2149,15,12,Laying,7.426018579597715,0.18295314127526802,6.415703373447454,0.0095549681995975,-0.010260517422978496,0.013720747860766262,phone_A
2150,15,13,Laying,7.43584146283342,0.1953874579214829,6.354375955500429,0.017411112224792885,-0.006500623786512514,0.016342017923180678,phone_A
2151,15,14,Laying,7.423125617972458,0.1801944629475841,6.405057312327961,0.010502609609961881,0.011102095118563065,0.006075354903092549,phone_A
2152,15,15,Laying,7.45746218459854,0.2342894526353977,6.332707958044827,-0.0005898564647035271,-0.006880004423316046,0.012294639876345846,phone_A
2153,15,16,Laying,7.412426608454447,0.2006524053839047,6.38417989190976,0.02104262257430052,0.004575147883820388,0.009312402230994284,phone_A
2154,15,17,Laying,7.488242146204879,0.1981881704420189,6.359923211719884,0.0017854643960835258,-0.00471622159433511,0.006591481214853041,phone_A
2155,15,18,Laying,7.460180845500105,0.13025125351527977,6.3663043293215935,0.00849926114166381,0.0023705873321799233,0.01628733758847836,phone_A
2156,15,19,Laying,7.46193549139046,0.15973622942590693,6.326664545901136,0.012103083632436779,-0.005756969584472643,0.011413624209875003,phone_A
2157,15,20,Laying,7.493662324107548,0.1426487426172103,6.386241137875143,0.015369345476175487,0.005929957348862565,-0.006687444995939311,phone_A
2158,15,21,Laying,7.438758905264311,0.14795528124455823,6.3857114211576365,0.009706325391541148,-0.016028283350295734,0.0037569448127913285,phone_A
2159,15,22,Laying,7.481429257744312,0.18230511341608296,6.3764650262113385,0.0046301794544642335,-0.005866813828692307,0.005124306383046345,phone_A
2160,15,23,Laying,7.463959412517956,0.19257274041328126,6.390357166875154,0.00691100922059919,0.0073677355680882685,0.002636148408386129,phone_A
2161,16,0,Walking,0.4302732124732819,0.7996391487156174,10.18618896908593,0.4541457547361264,0.2244487198876728,0.13261250676217762,phone_B
2162,16,1,Walking,1.3042373049190121,0.6281343377546141,10.316845404134023,0.31615572359129035,0.3040163315400733,0.09515129045531204,phone_B
2163,16,2,Walking,1.4663156452497028,0.3676685583491314,10.026933426817509,0.10338224040329903,0.39670293140775725,-0.027559848717507923,phone_B
2164,16,3,Walking,1.3108005061232113,-0.22937529627308878,9.969449355490294,-0.14336664177567862,0.3147638217973526,-0.08700563870616981,phone_B
2165,16,4,Walking,0.725929663900657,-0.5414431962446971,9.937628903349916,-0.3036291482715899,0.22738660192841031,-0.1337572448083249,phone_B
2166,16,5,Walking,-0.14656964304037742,-0.40417556032256974,9.4376870523644,-0.3889846163265356,0.06711266468248805,-0.10963745242643066,phone_B
2167,16,6,Walking,-0.9113967449715624,-0.5981687999800861,9.368245891614452,-0.33247685780073055,-0.06802777646306062,-0.04623652013293326,phone_B
2168,16,7,Walking,-1.3531872201237598,-0.14779654643384285,9.492847453120152,-0.130220827198938,-0.18564242421970745,0.0036933904365178127,phone_B
2169,16,8,Walking,-1.2493041965144152,0.28104199193564866,9.49629044886561,0.1101149360693804,-0.2602159693724418,0.0755516755732362,phone_B
2170,16,9,Walking,-1.150266185347593,0.7569360042358358,9.558729181083374,0.31614724613146555,-0.18129042446024407,0.16415877153161837,phone_B
2171,16,10,Walking,-0.44150294837725784,0.9109220634904839,9.999136748411427,0.5210751837546455,0.03272066739168572,0.1469227913378225,phone_B
2172,16,11,Walking,0.27842451283118086,1.0111419765376368,9.988368174095479,0.5118891662296926,0.15515623728039118,0.193710265563992,phone_B
2173,16,12,Walking,1.1666993406371324,0.8162498833998131,10.075351821765878,0.35383530675303126,0.28387052730840856,0.04655888711920702,phone_B
2174,16,13,Walking,1.5522729711792964,0.37487124021430557,10.054087504416211,0.16191613274270383,0.34733279834061836,-0.04667824303870082,phone_B
2175,16,14,Walking,1.4002606026342772,-0.31098450837339686,9.94061981506444,-0.11472300342253745,0.3520962456493115,-0.052910237048237566,phone_B
2176,16,15,Walking,0.852399886788645,-0.4361112718872369,9.676656272712917,-0.3063243562652416,0.19838975206876838,-0.07407529041800796,phone_B
2177,16,16,Walking,-0.12804471819872384,-0.6825004476074574,9.419481114553745,-0.4100260790272084,0.07727107135359076,-0.11882418335113525,phone_B
2178,16,17,Walking,-0.5794654958277654,-0.5035933463932711,9.387500953791923,-0.33317673339048043,-0.05479457920539135,-0.03117038372282704,phone_B
2179,16,18,Walking,-1.389369728713303,-0.2877389055449708,9.466370339951009,-0.13832508823137224,-0.226391380872376,0.044638093749453336,phone_B
2180,16,19,Walking,-1.5076058997714916,0.3887014862041879,9.550794393431033,0.07108805827098405,-0.24506957019920728,0.09529359602680304,phone_B
2181,16,20,Walking,-1.0954673002801498,0.6231471573084995,9.514943459317273,0.2981821287288841,-0.15682096299281237,0.1765436812946501,phone_B
2182,16,21,Walking,-0.4709667518225494,0.9432466683284688,9.779134285155017,0.48565155018188577,0.02813493166097844,0.21775670045346113,phone_B
2183,16,22,Walking,0.26128895388011336,0.8769156696616669,9.68443419082042,0.5240599017212133,0.15137940352698073,0.14645667873422788,phone_B
2184,16,23,Walking,0.809428387566721,0.5868596210277375,10.174315093923259,0.37460546168442044,0.2958616433049387,0.09535194289583607,phone_B
2185,16,0,Walking Upstairs,1.9537424069608424,0.12603418674965616,10.277835303563766,-0.09909128838478541,0.5391166784235585,-0.04587646451783407,phone_B
2186,16,1,Walking Upstairs,1.4419353460254882,-0.5661999386693509,10.103663890557147,-0.45573936349574395,0.4157875395578198,-0.16136871436101138,phone_B
2187,16,2,Walking Upstairs,0.4488438901330384,-0.8284228658331758,10.074167926872132,-0.5023212270450401,0.11906338012022324,-0.12257311429767918,phone_B
2188,16,3,Walking Upstairs,-0.8942532938222663,-0.4989745162733117,9.711807074505197,-0.34241548949872563,-0.08046881111930751,-0.02363947262483772,phone_B
2189,16,4,Walking Upstairs,-1.7131657959916087,0.13517248635623041,9.655578787771681,-0.045520108458408544,-0.22122506368249967,0.12128321933557094,phone_B
2190,16,5,Walking Upstairs,-1.57214626584892,0.810669855776436,9.843981394313564,0.4669594623912566,-0.18537035505670516,0.2766516690805908,phone_B
2191,16,6,Walking Upstairs,-0.5994041792885078,1.125513957310432,10.32914270605192,0.6975612088472116,-0.014533362604149194,0.2782694682040852,phone_B
2192,16,7,Walking Upstairs,0.5815316473386107,1.5617266277173896,10.693504917343592,0.8030241013677425,0.2944035929649964,0.21148857394402445,phone_B
2193,16,8,Walking Upstairs,1.428383308167507,0.8491584422053708,10.816773702114064,0.5287273506537802,0.46093471417803544,0.1370701289746468,phone_B
2194,16,9,Walking Upstairs,2.037902939479913,0.2232008124786684,10.508611004026346,0.15330829069628754,0.5965499111957776,-0.006066376749648472,phone_B
2195,16,10,Walking Upstairs,1.5625025041678042,-0.5390172923010534,10.486202241639878,-0.26851925368810403,0.4635636092369285,-0.16191814535743201,phone_B
2196,16,11,Walking Upstairs,0.5358305841220706,-0.8107086193014779,9.969683885308555,-0.5250530781825503,0.2860080136306254,-0.15680856705578836,phone_B
2197,16,12,Walking Upstairs,-0.19002646304780996,-0.8716793349243741,9.715214916474247,-0.47381087562992397,-0.003329337785935294,-0.08461981820951468,phone_B
2198,16,13,Walking Upstairs,-1.2566938498448919,-0.1968453049865248,9.757451392592458,-0.2615402628615464,-0.19692782379986784,0.0820684315595286,phone_B
2199,16,14,Walking Upstairs,-1.4846502793685004,0.5531431530457166,9.876633609039699,0.15667790778847224,-0.21043689203316587,0.2170612126468525,phone_B
2200,16,15,Walking Upstairs,-1.1680100538285232,1.4460798482186563,10.073758174532335,0.5293074197348171,-0.10854482410339752,0.2698180200533309,phone_B
2201,16,16,Walking Upstairs,0.09413956717578248,1.5146354144565275,10.34926011530248,0.8097806516137491,0.13725547375144698,0.2757196260099306,phone_B
2202,16,17,Walking Upstairs,1.0797145156424601,1.371652146647243,10.641752450424303,0.6815693693327118,0.36882504814313666,0.18600567180009614,phone_B
2203,16,18,Walking Upstairs,1.5939957367189574,0.7999336068745154,10.493899749183223,0.34696696827339,0.49338795280468395,0.030458607372544626,phone_B
2204,16,19,Walking Upstairs,1.9767761463390958,0.03300569048592898,10.511544861578084,-0.08156878102586171,0.535433717467787,-0.057945470904653774,phone_B
2205,16,20,Walking Upstairs,1.2560389437824018,-0.4276888435067878,10.310977920802554,-0.40130406082919534,0.3581183548017167,-0.16499713435777702,phone_B
2206,16,21,Walking Upstairs,0.13862301340119176,-0.8342411208991749,9.70964916430089,-0.52009513316484,0.21808356707066834,-0.1436677273733127,phone_B
2207,16,22,Walking Upstairs,-0.9438826232840425,-0.6516327777734099,9.765525706492237,-0.3540901538235113,-0.06561768992011448,0.004356981366696967,phone_B
2208,16,23,Walking Upstairs,-1.6115711325050674,0.07431210945455619,9.83297698930341,-0.0027641925863016482,-0.2782958664862911,0.12802986953352902,phone_B
2209,16,0,Walking Downstairs,0.8385078560918848,-1.3541132354469578,9.070547921414466,-0.8002079855767718,0.0665520622418154,-0.2906508936864755,phone_B
2210,16,1,Walking Downstairs,-0.7804229455277257,-1.3137704766885743,8.87036151258744,-0.8618580014594837,-0.2691539068325893,-0.18524705287054094,phone_B
2211,16,2,Walking Downstairs,-2.0111747897482046,-0.9068152869988204,8.698665508459912,-0.5103516030470714,-0.5863666972352465,-0.020637406348454942,phone_B
2212,16,3,Walking Downstairs,-2.511533288400809,0.12815955699036954,8.833084730942634,0.0130865959096036,-0.6598702383054835,0.0995115235455226,phone_B
2213,16,4,Walking Downstairs,-1.5256010329427037,0.8013945971842552,9.197438785791784,0.5797139424550724,-0.44001426907437907,0.26430718710109474,phone_B
2214,16,5,Walking Downstairs,-0.04285079572756649,1.0497130492517084,9.90113915644079,0.6906941441595235,-0.11773800401439395,0.19721682903040474,phone_B
2215,16,6,Walking Downstairs,1.180491767773938,0.6583059276724608,10.026547243498388,0.4461504461337073,0.2124465946798746,0.08785463679612457,phone_B
2216,16,7,Walking Downstairs,1.8413984017743072,-0.2688997638619813,9.879701627778308,-0.10486275377664406,0.3219956853572306,-0.14115537793796343,phone_B
2217,16,8,Walking Downstairs,1.455423246493359,-1.068282103530212,9.42224844296718,-0.5921990416040074,0.23362199729858124,-0.29764685932980084,phone_B
2218,16,9,Walking Downstairs,0.11895321925301491,-1.4951007485819787,9.013348448988012,-0.8787381333832701,-0.1117822928552079,-0.274634544274219,phone_B
2219,16,10,Walking Downstairs,-1.53761441956271,-1.3291308701125335,8.446762219968889,-0.7233145006695085,-0.4686958127790376,-0.14938360321319408,phone_B
2220,16,11,Walking Downstairs,-2.355687350094218,-0.5393164125100703,8.823273487280678,-0.244577307766457,-0.6492170130960205,0.01752641928326437,phone_B
2221,16,12,Walking Downstairs,-1.941706024681338,0.34127772585618754,9.019814894346572,0.28827069699540775,-0.5738317056616348,0.16777712757567478,phone_B
2222,16,13,Walking Downstairs,-0.9477015749767371,0.941322552164405,9.585015827090594,0.6426952181139906,-0.363436704024455,0.2426434179807315,phone_B
2223,16,14,Walking Downstairs,0.4380004626202488,1.0341578227205197,10.174159673933305,0.6257394376289966,0.0848873632357211,0.14153423070531576,phone_B
2224,16,15,Walking Downstairs,1.9726615686891091,0.1943762121334952,9.79037270405943,0.20782327958246138,0.3426275835473115,-0.025098466237717006,phone_B
2225,16,16,Walking Downstairs,1.7470909406072876,-0.6493698845375435,9.90977497140228,-0.36952572501160974,0.3719921418528899,-0.22952239494805574,phone_B
2226,16,17,Walking Downstairs,0.8817870887753875,-1.3023559469036192,9.206686362138344,-0.81181194560227,0.09372941820135745,-0.29583164204636947,phone_B
2227,16,18,Walking Downstairs,-0.7755668847816792,-1.6949505768454403,8.906864806743261,-0.8585391818900413,-0.2918710926696031,-0.23489293426774738,phone_B
2228,16,19,Walking Downstairs,-2.1515132214036186,-1.0198072450439204,8.617503680651467,-0.5389540364051313,-0.5280945586592571,-0.056101604099704105,phone_B
2229,16,20,Walking Downstairs,-2.543735023947194,0.21380317960420378,8.78845159840253,0.03844995272300625,-0.6340613806579363,0.060419005208745206,phone_B
2230,16,21,Walking Downstairs,-1.6506156311509281,0.7090899443719023,9.333395371903213,0.5444677934826875,-0.4753950620389421,0.22050084600263756,phone_B
2231,16,22,Walking Downstairs,0.02207311004629045,1.0917399111239947,9.812765960843139,0.7097881426465995,-0.08292319959282132,0.20786423127614048,phone_B
2232,16,23,Walking Downstairs,1.2703746787658354,0.4287884504396193,9.905496542145391,0.44968141761481656,0.19525450755908835,0.04608224787567554,phone_B
2233,16,0,Sitting,0.0558518077813496,-0.01816096204152593,9.858326238236993,0.03277991694354328,-0.025582120601032383,0.02692741722978169,phone_B
2234,16,1,Sitting,0.026849490640780627,-0.030781203886237292,9.830496949428282,0.03187016523776784,-0.02250882664264375,0.02053591789148115,phone_B
2235,16,2,Sitting,0.07990331298095946,0.00809771863391931,9.827746699115867,0.03736984847744739,-0.018297139743360107,0.02602528687174746,phone_B
2236,16,3,Sitting,0.07357168444352341,0.018958985467040605,9.880347443486999,0.0357185657565071,-0.020124793068079586,0.03180420895164388,phone_B
2237,16,4,Sitting,0.10203330017316475,0.03280800392573801,9.84920173092463,0.024788900154437566,-0.008768134442686135,0.03072854842465183,phone_B
2238,16,5,Sitting,0.13214064183641885,0.013586004547235703,9.85076525890423,0.01121600502399089,-0.022873398531071502,0.02238236100513669,phone_B
2239,16,6,Sitting,0.07017972757079471,0.028845045718423497,9.822529258895376,0.02292030826563718,-0.014800850983910829,0.031671885024740984,phone_B
2240,16,7,Sitting,0.08718200037613796,0.019364094191292577,9.861904986513187,0.03119018862512278,-0.005756959649961275,0.0238882973746064,phone_B
2241,16,8,Sitting,0.06460670501562382,0.001517522823442436,9.858126202903323,0.027219124461172275,-0.01412705615169145,0.030531997468439254,phone_B
2242,16,9,Sitting,0.11189646106034846,-0.01674431158661734,9.848652425834867,0.036698872748933534,-0.004579980979770017,0.029529604581083026,phone_B
2243,16,10,Sitting,0.08994601580205483,-0.012289289740826482,9.844416715678971,0.025752778214494072,-0.008502830713358233,0.019811555430063386,phone_B
2244,16,11,Sitting,0.11117416068289943,-0.016541602299813198,9.858153279270757,0.030741726221151025,-0.015465103223494503,0.024297460439334714,phone_B
2245,16,12,Sitting,0.15890247375218336,-0.0031680796960526737,9.850469805596857,0.028924656978220338,-0.011260534404232293,0.021516169132180386,phone_B
2246,16,13,Sitting,0.10233692778038456,-0.0475024106579994,9.860773574333415,0.015020763379742497,-0.004442007745535502,0.02774339428202646,phone_B
2247,16,14,Sitting,0.17840665991651386,-0.000823616792084736,9.890768646541826,0.02412660316600608,-0.005741355233936959,0.008876314047397332,phone_B
2248,16,15,Sitting,0.1761912798875303,-0.03203697386299088,9.900401779835365,0.02400054775443256,-0.008429076021932241,0.02164344872386913,phone_B
2249,16,16,Sitting,0.19207045038147474,0.02971504054424618,9.853384767951262,0.015475749685052258,-0.001167075551835615,0.018103622436611816,phone_B
2250,16,17,Sitting,0.17167997143817088,0.006744990094178241,9.824090190907032,0.021395038604657062,-0.002108153803995972,0.018627519840778414,phone_B
2251,16,18,Sitting,0.15055101684293318,0.014972331086913853,9.890857047076455,0.012974114565681462,-0.0007250536726012623,0.015009094223697332,phone_B
2252,16,19,Sitting,0.1046079566390192,-0.021143959397092273,9.912369332575029,0.005971341688963778,6.391346539320964e-05,0.016650274998639785,phone_B
2253,16,20,Sitting,0.15584557205744498,-0.046033223008790355,9.830284210119315,0.006692071258618756,0.008693406627755694,0.010373795663192175,phone_B
2254,16,21,Sitting,0.1378203060761059,0.026975634057574954,9.847042427524721,0.01569502532692144,0.007504968038544426,0.02164738834691325,phone_B
2255,16,22,Sitting,0.1183260067092208,-0.04724609529943031,9.872273267233858,0.023856775331823996,-0.003120452281086385,0.011879312696842576,phone_B
2256,16,23,Sitting,0.16305165784004363,-0.01776669671708859,9.880868592748959,0.005820022812709583,-0.0015069567334192206,0.01543107902676244,phone_B
2257,16,0,Standing,-0.07782304001320345,0.3030710134835092,9.806957157624737,0.057281815924484475,-0.013494899045277852,0.033831999855865984,phone_B
2258,16,1,Standing,-0.061035224712293834,0.3022539824760914,9.797673951636394,0.03188303803725116,-0.004389474695547628,0.026615528831719772,phone_B
2259,16,2,Standing,-0.047085477608764914,0.26452613457272744,9.814727251945675,0.04952273596199082,0.0009240752161236068,0.021082627202904766,phone_B
2260,16,3,Standing,-0.026579615444863633,0.2953224810662956,9.835933060590644,0.05231794534057001,-0.01001612652768894,0.030815169515891187,phone_B
2261,16,4,Standing,-0.02571587008656171,0.2842207828979294,9.87438954895163,0.04072368253796115,-0.005846670670694338,0.030123084739562864,phone_B
2262,16,5,Standing,0.00323309293708603,0.3080866451093325,9.743523451180288,0.03914689009814183,-0.0021821549314504194,0.02004611837243489,phone_B
2263,16,6,Standing,-0.006450840243038382,0.27734919919257434,9.857772187377149,0.03219720273448475,0.007110008769902698,0.023290375286101637,phone_B
2264,16,7,Standing,-0.002855021098816732,0.2754657825344101,9.86934516920788,0.03704305316954417,-0.0012364210247670822,0.022892321711125443,phone_B
2265,16,8,Standing,-0.007879459544392332,0.3029175025444588,9.866925157430128,0.024110963436015594,0.014471330512273312,0.002664431877684144,phone_B
2266,16,9,Standing,0.006750222337468206,0.22914081793875313,9.885099232992985,0.02621370639588297,-0.003513926573404611,0.01201659243147305,phone_B
2267,16,10,Standing,-0.025161917608942267,0.23023876010470842,9.82790259568545,0.01694100356468311,0.0033367328458527032,0.014334536876976774,phone_B
2268,16,11,Standing,-0.031550966424691865,0.18765080621189884,9.841501316421962,0.021348589853246017,0.006265231673001811,0.01371827834196227,phone_B
2269,16,12,Standing,0.03213715047367227,0.24525271369989768,9.897895170980492,0.033467883942007975,-0.008799049993873822,-0.004276116031641951,phone_B
2270,16,13,Standing,-0.009104308902086322,0.22425053287698182,9.825771999812947,0.01582999803861601,-0.00030657630443728617,0.0033281101080459372,phone_B
2271,16,14,Standing,-0.025410849879139594,0.19816428631860286,9.845163206970463,0.005509486212987285,-0.001148699051283523,0.009604919216079484,phone_B
2272,16,15,Standing,-0.020872578069986398,0.2229174771582881,9.79717403560771,-0.00145154545320613,0.0013968649332034698,0.007423657433527176,phone_B
2273,16,16,Standing,-0.04268669661543268,0.2208269239825941,9.864098694517502,-0.0013114911074868373,0.007202884482482885,-0.01034373193162685,phone_B
2274,16,17,Standing,-0.0003535716743865852,0.1585301612122562,9.835968527916432,-0.006035574918285734,-0.003680262031412496,-0.0018110038144489903,phone_B
2275,16,18,Standing,-0.039755885125950456,0.219047109586197,9.80429080330197,0.00989068263068525,-0.007372334524974048,0.011261263563168655,phone_B
2276,16,19,Standing,-0.08307610403990119,0.16012927160387191,9.788895423690844,0.004202477413934641,-0.005952196741121255,-0.010787555308872774,phone_B
2277,16,20,Standing,-0.08398745758433555,0.13670919484466,9.820901402761928,-0.0021685538798536805,-0.011066192889895764,-0.0019436826214501083,phone_B
2278,16,21,Standing,-0.04279415133221387,0.129325797023929,9.804244236025157,-0.0064366945797263205,-0.013278744134834309,0.0035207939684897675,phone_B
2279,16,22,Standing,-0.06817597829256782,0.16639574606881524,9.7547600564582,-0.006336146540835358,-0.007977718540912518,0.0030312707514657256,phone_B
2280,16,23,Standing,-0.06615618267967754,0.14851044603010438,9.805820412345803,-0.010644861806585929,-0.02363953467141134,0.0061815334639336,phone_B
2281,16,0,Laying,7.3898557387168164,0.15575967758575945,6.376144711808364,0.011029993226548615,-0.0075144101055738596,0.01762238086354837,phone_B
2282,16,1,Laying,7.38447998426808,0.1480681156408816,6.420366129983231,0.010667321065564154,0.0005945804756117678,0.02270180313314788,phone_B
2283,16,2,Laying,7.418250207837234,0.1761194876599022,6.3788660559684525,0.0002977187447371823,-0.0019036619245953563,0.0204276186571267,phone_B
2284,16,3,Laying,7.392200731316844,0.07362797258482544,6.407663083994352,0.013900253153272518,-0.004926860192422562,0.019453600524737713,phone_B
2285,16,4,Laying,7.399050337358602,0.14072014129244007,6.417132382735314,0.00014096786712176033,-0.003460909764609144,0.01225095753140921,phone_B
2286,16,5,Laying,7.362634795618449,0.16356959446071895,6.41750795466118,0.014667361637927982,0.0012044304061760774,0.002693934227180622,phone_B
2287,16,6,Laying,7.3497028742081225,0.15825179270450587,6.383253620765174,0.0036292765240823048,0.00825211737917393,0.01318880322915545,phone_B
2288,16,7,Laying,7.396404692821742,0.1769277767621568,6.384807529195311,0.021603988004919115,-0.008886382479689064,0.00860976220850388,phone_B
2289,16,8,Laying,7.358928755438727,0.18944394552046823,6.4027745932420865,0.002236821107535341,-0.0085136508888487,0.020257143202432288,phone_B
2290,16,9,Laying,7.391109712857739,0.18380330378320198,6.380473977189799,0.008020554380850867,-0.0016369963130366339,0.007914462160587825,phone_B
2291,16,10,Laying,7.377946093935277,0.11712301810082694,6.393553685763721,0.008975159066478035,0.002373149438939734,0.015380091930601837,phone_B
2292,16,11,Laying,7.377741828471404,0.1837440195627355,6.4027017956723515,0.012203189916597097,0.004989248459749376,0.010359897393665548,phone_B
2293,16,12,Laying,7.3899579962903,0.16255340436756918,6.350830162786845,-0.0034165705243219234,-0.01168585964704584,0.010209141430844587,phone_B
2294,16,13,Laying,7.371160078628626,0.10557629763548752,6.382430697594919,0.0022551915784721948,0.00301145005962326,0.022692004792166515,phone_B
2295,16,14,Laying,7.3900560312798005,0.12236917760968817,6.393978209973659,0.0023797858089872645,-0.005734800568395506,0.005213594543423969,phone_B
2296,16,15,Laying,7.366112695156922,0.13369886835451386,6.397003161757485,0.004897732649266271,0.0064277636538712,0.014211495984669859,phone_B
2297,16,16,Laying,7.387322705558893,0.1288920572734063,6.350034140577653,-0.0020665296521414594,-0.008975441103430633,-0.0054040283536263296,phone_B
2298,16,17,Laying,7.350422613735368,0.1750562461350969,6.384237060289713,-0.0013703564258751074,-0.0026547612302968114,-0.0019489377936511704,phone_B
2299,16,18,Laying,7.381542257654613,0.1654439416018152,6.371028979064657,-0.01019146057464178,-0.007816431760964783,0.017271691608755687,phone_B
2300,16,19,Laying,7.379737843362196,0.09661028067554125,6.432268055866679,-0.007513955107945468,-0.007094764242808465,0.0032113767490852783,phone_B
2301,16,20,Laying,7.346087923143932,0.11938461233047618,6.387989329746435,0.007338191814385343,-0.008275257891069383,0.0032297035658456546,phone_B
2302,16,21,Laying,7.382606263476831,0.14206985918386117,6.377093236154756,0.0008541558665410549,-0.0069705707760458376,0.009749963400209099,phone_B
2303,16,22,Laying,7.364690737070244,0.15487419012868245,6.425785794082677,-9.816592801932273e-05,-0.006686671904437454,0.010582628629973386,phone_B
2304,16,23,Laying,7.351318259369767,0.14605761247463023,6.380088663764167,-0.004054389213242029,-0.001601265225225663,0.009063962205511355,phone_B
2305,17,0,Walking,-1.38877876936151,0.3467833822675927,9.559410169232692,0.13951930348714964,-0.21149909178476328,0.12633885736210992,phone_A
2306,17,1,Walking,-1.131094211036016,1.0029299406126158,9.766084042421785,0.3300429186307557,-0.1319971594337823,0.17660275140234685,phone_A
2307,17,2,Walking,-0.42887955020545354,0.7618466339283592,9.750912677747003,0.5044549735406285,-0.03837414890674461,0.13390413685707875,phone_A
2308,17,3,Walking,0.4586098135847641,0.9106332144193034,9.958513697364804,0.4763266467008159,0.13610911076402413,0.14808460841965732,phone_A
2309,17,4,Walking,0.9532665995416816,0.6305588298799074,10.163540949588906,0.3458786210163639,0.29580501952807703,0.015693177831508365,phone_A
2310,17,5,Walking,1.4205235375613738,0.2987708420533358,10.028389588878342,0.09823329084062321,0.3836791163595866,-0.007519354027799579,phone_A
2311,17,6,Walking,1.283445846209701,0.04350269009904112,10.042020311907908,-0.12733954155850058,0.3793775256657087,-0.09123914175773638,phone_A
2312,17,7,Walking,0.7739252192367819,-0.3389326075936888,9.656491362399969,-0.3161297117527098,0.28283201573880873,-0.12291511745441985,phone_A
2313,17,8,Walking,-0.020819670178213116,-0.8334381861971054,9.29861554395157,-0.34029697069323656,0.10115161821211968,-0.13679710272681372,phone_A
2314,17,9,Walking,-0.6894941819573005,-0.6276110808717081,9.398251867663861,-0.3511450433438237,-0.10365638051588928,-0.1223756799156227,phone_A
2315,17,10,Walking,-1.452871530254488,-0.06326029886533541,9.288076816640405,-0.12970684424659765,-0.15792056355582057,0.010779064244604859,phone_A
2316,17,11,Walking,-1.4366059268178444,0.26934545550759675,9.43638790229418,0.13406719827468175,-0.1648430910524003,0.1294533745213735,phone_A
2317,17,12,Walking,-1.3650207565585708,0.6145176284508639,9.653264125038314,0.34818361637309236,-0.19195115285851244,0.10940053108708027,phone_A
2318,17,13,Walking,-0.3140217546507733,0.8590601223185566,9.675359663125297,0.45481254775313423,-0.0027214282374582403,0.15052481159716666,phone_A
2319,17,14,Walking,0.33819331324058394,0.8328178134873849,9.817722378452265,0.5315753162884362,0.16462175934431472,0.13353403593274657,phone_A
2320,17,15,Walking,0.9278484485817504,0.907574141379909,10.189364596149925,0.4017417005403745,0.286049041554513,0.07571577659519357,phone_A
2321,17,16,Walking,1.4089763278353094,0.2727313059612928,10.088005642259956,0.1373924611206903,0.3899679675861945,-0.043238903989026856,phone_A
2322,17,17,Walking,1.373445520654346,-0.06921608537029415,9.951782867703983,-0.08722756536127474,0.35888868900438053,-0.10247868303097718,phone_A
2323,17,18,Walking,0.9053541527298761,-0.39487276437745844,9.726025246287326,-0.31512398748045684,0.2638588411773796,-0.14240198705077708,phone_A
2324,17,19,Walking,0.29430271969871846,-0.5880073832564082,9.59230678534149,-0.41399269299620417,0.1307325028096524,-0.14077414009515887,phone_A
2325,17,20,Walking,-0.7330629189702369,-0.4457743100212981,9.494760083358582,-0.40404403423717855,-0.05583400277894813,-0.0742046571295283,phone_A
2326,17,21,Walking,-1.2602131646148946,-0.2108230990073535,9.187210903962567,-0.23874636047335618,-0.19728966484709218,0.007889908314121664,phone_A
2327,17,22,Walking,-1.7940665955338648,0.10202881833351322,9.241770228861489,0.06970666067384435,-0.16415766790826827,0.07927595842337341,phone_A
2328,17,23,Walking,-1.1720529046800698,0.7272709146388845,9.63401110698198,0.30850870186229346,-0.13681344020975533,0.1599564745288717,phone_A
2329,17,0,Walking Upstairs,-1.2528899029267,-0.3400715595094774,9.698666905173024,-0.27642462040440774,-0.09990694381775461,-0.02349120089602555,phone_A
2330,17,1,Walking Upstairs,-1.436124676694364,0.4334974986788142,9.56967652747654,0.14380933311345373,-0.22959971972990992,0.15105961164761703,phone_A
2331,17,2,Walking Upstairs,-1.283084862991053,1.033883800063176,10.096912351544256,0.5417179959925059,-0.1562564721325527,0.23282515103121354,phone_A
2332,17,3,Walking Upstairs,-0.21422232693032034,1.4791371742309154,10.27670844133074,0.7978825904077349,0.1095426375092947,0.2690853575661161,phone_A
2333,17,4,Walking Upstairs,0.8286272595155837,1.3509887951717563,10.610343096561005,0.7542687135665244,0.3720435156414632,0.21611724782396396,phone_A
2334,17,5,Walking Upstairs,1.8550136214019768,0.9947306881396938,10.745734003837804,0.44790363602986744,0.5530333649870688,0.09242678100157242,phone_A
2335,17,6,Walking Upstairs,1.874681261693047,0.11200998965523375,10.551566834179603,0.004976084535803081,0.5445673322666196,-0.04672827877369739,phone_A
2336,17,7,Walking Upstairs,1.4586669029073953,-0.5954227748034635,10.227643458915988,-0.35307542211963805,0.4634901698670311,-0.18302053906851354,phone_A
2337,17,8,Walking Upstairs,0.18933214275924992,-0.6621816867232154,9.70408167546107,-0.5255597698231456,0.21405930137598578,-0.16112523154665093,phone_A
2338,17,9,Walking Upstairs,-0.7503055391632678,-0.36273881469586966,9.443682341258846,-0.3973851253656148,-0.09224673991849623,-0.03412720703416188,phone_A
2339,17,10,Walking Upstairs,-1.7501006889139956,0.29627311986592847,9.558160896527664,-0.05703328488029427,-0.16329993931214615,0.06295160536035792,phone_A
2340,17,11,Walking Upstairs,-1.5603407767033208,0.6160259131542601,9.903456030049306,0.3211899782935062,-0.21359276198119098,0.22394431019267164,phone_A
2341,17,12,Walking Upstairs,-0.919810029847276,1.2446301549589447,10.174956887071152,0.6511295589450576,-0.048735332215760374,0.32200028802214387,phone_A
2342,17,13,Walking Upstairs,0.28971077738767465,1.4253939517167118,10.495109538217974,0.7875396272518062,0.18801076125160882,0.2731991936842093,phone_A
2343,17,14,Walking Upstairs,1.4199058286167754,0.9777617088226835,10.937764596032013,0.6495197362979923,0.4327295920860065,0.12798940254217864,phone_A
2344,17,15,Walking Upstairs,1.9890206790976994,0.4004548359502015,10.858211876540823,0.23442691672687146,0.6204993038667932,-0.011706740346878429,phone_A
2345,17,16,Walking Upstairs,1.7778457255258866,0.018650058308974843,10.405200666239,-0.1636349237823545,0.5694162609587392,-0.13106653966936038,phone_A
2346,17,17,Walking Upstairs,0.7982570328805365,-0.8016960992220298,10.146076212498103,-0.45217502365965045,0.38160931538423093,-0.17609737546960777,phone_A
2347,17,18,Walking Upstairs,-0.38173707229027337,-0.9834720242545896,10.089292547550858,-0.49273876959223717,0.10077323548715707,-0.1185155410177859,phone_A
2348,17,19,Walking Upstairs,-1.372873196960455,-0.42100976060083267,9.799294146546355,-0.26755697492746316,-0.14197292692101088,-0.03490918448230183,phone_A
2349,17,20,Walking Upstairs,-1.6694697419024727,0.3044468087207656,9.921904058268431,0.1059597905700877,-0.2429493191184293,0.14213252472624913,phone_A
2350,17,21,Walking Upstairs,-1.227156730344525,0.8686426448670219,10.015076509581181,0.5427133156519323,-0.1322528308162261,0.23605554266620546,phone_A
2351,17,22,Walking Upstairs,-0.3647993833478014,1.2299505302664888,10.32441454904611,0.7605841872544942,0.05465177597209052,0.3342407806258541,phone_A
2352,17,23,Walking Upstairs,0.958243385007467,1.1765840358743558,10.427488849979493,0.706177006814757,0.3751760649610899,0.24267640671004043,phone_A
2353,17,0,Walking Downstairs,1.5250301185596873,-1.0163944339813271,9.465950863046544,-0.5527142375397219,0.25675008108235947,-0.2854650436892158,phone_A
2354,17,1,Walking Downstairs,0.38571512020080534,-1.5166099546459855,9.255044843269536,-0.9151229822997515,0.026071639963746215,-0.3214967696455417,phone_A
2355,17,2,Walking Downstairs,-1.2900479718239246,-1.2450263347549608,8.655341812235566,-0.7611180416035893,-0.375369512327676,-0.22649618385526998,phone_A
2356,17,3,Walking Downstairs,-2.4440137767437036,-0.6078072819388632,8.658923242362635,-0.2940055516548213,-0.6034296360333682,-0.024761546416120685,phone_A
2357,17,4,Walking Downstairs,-2.177665205537633,0.0770330746127024,8.91676050238297,0.2542851332832743,-0.5682342055507471,0.15314544166317298,phone_A
2358,17,5,Walking Downstairs,-0.9285334282967219,1.07545455126805,9.444372553441738,0.6427705799921273,-0.3252549708765229,0.2044476324442103,phone_A
2359,17,6,Walking Downstairs,0.6672945791705415,0.8619325720527784,9.98102543273391,0.6792285563966887,0.017394190893392284,0.13090978440443238,phone_A
2360,17,7,Walking Downstairs,1.6752181616243003,0.47877508652053247,10.021790358530302,0.25649200673365047,0.3269059303678705,-0.01859749480207039,phone_A
2361,17,8,Walking Downstairs,1.9945390503020775,-0.4589638900002363,10.108381541911788,-0.2620915628503094,0.323050285860955,-0.201392160547249,phone_A
2362,17,9,Walking Downstairs,0.8858371208258954,-1.3687472488197705,9.191022291793068,-0.7673761772298452,0.14549167955478065,-0.31486560177489,phone_A
2363,17,10,Walking Downstairs,-0.7306306415515406,-1.69600090407069,9.129596644287709,-0.8745475442511512,-0.2413364070151336,-0.2651256648439138,phone_A
2364,17,11,Walking Downstairs,-1.7101334996553912,-0.9689678584130267,8.311522961433242,-0.5272521985058486,-0.5792679751984013,-0.1276949981197225,phone_A
2365,17,12,Walking Downstairs,-2.590099803843949,-0.23825719510244697,8.823915363650155,-0.09520190940095039,-0.6446691934756282,0.0975861546329185,phone_A
2366,17,13,Walking Downstairs,-1.8930537349442802,0.5363043024137559,9.216013848973635,0.47278926507540797,-0.5067877474498792,0.16826913302795243,phone_A
2367,17,14,Walking Downstairs,-0.2687008247536261,1.141815946066857,9.61626845311324,0.6840638858805429,-0.15648068277368948,0.17334224943935156,phone_A
2368,17,15,Walking Downstairs,1.189207876801388,0.9372073052935718,10.050540840178037,0.48654013914245275,0.19053947148505967,0.0631937178097937,phone_A
2369,17,16,Walking Downstairs,1.9059635560735078,-0.006764164597528113,10.093085873567766,0.010171406340572758,0.35108668561035034,-0.07231989486854248,phone_A
2370,17,17,Walking Downstairs,1.687916188120325,-0.8745962478682086,9.641981585460176,-0.5763636503508933,0.29439455946711035,-0.27381270779100475,phone_A
2371,17,18,Walking Downstairs,0.15605954598085914,-1.52629392553821,8.989928124404479,-0.8463224058845079,-0.01638005506042529,-0.3084196807270789,phone_A
2372,17,19,Walking Downstairs,-1.3501331475922482,-1.4408859892390888,8.464426837651827,-0.8232102830596076,-0.4089127307166455,-0.23434663799365363,phone_A
2373,17,20,Walking Downstairs,-2.3146588117468583,-0.5353241444724903,8.654239334162227,-0.30558583005902773,-0.638187951114595,-0.030556688429447903,phone_A
2374,17,21,Walking Downstairs,-2.270927945556116,0.4351350471772829,8.993662539774093,0.2390080578739306,-0.6407655399414951,0.12284391379858367,phone_A
2375,17,22,Walking Downstairs,-1.0038069498372901,0.7142667230402346,9.652999032685269,0.6538435899752141,-0.36138061769316276,0.19487342529095034,phone_A
2376,17,23,Walking Downstairs,0.678430089675832,1.1710819782335433,9.921934097312763,0.66835091670097,0.0016612170329550618,0.15057545580813003,phone_A
2377,17,0,Sitting,0.06306770690277363,0.06110394014332736,9.83544289182206,0.017505011893822475,-0.00823718648341339,0.00901272078942499,phone_A
2378,17,1,Sitting,0.050304612806130855,0.023622822229670194,9.799579801492024,0.028514977680042797,-0.005326016135930955,0.008540877640413653,phone_A
2379,17,2,Sitting,0.06530365301146974,0.06174367184579509,9.846552690182373,0.03652374204041303,0.005507987939956199,0.01677227740214777,phone_A
2380,17,3,Sitting,0.07308671410850763,0.02845371772327869,9.874880026883856,0.03065225977422078,0.006465852164092,0.006152915263378975,phone_A
2381,17,4,Sitting,0.07896586266476639,0.04898950974440009,9.880147342902882,0.021928778715624847,-2.5509915931794767e-05,0.0025409508567064715,phone_A
2382,17,5,Sitting,0.10836102916972427,-0.002261981268229688,9.868949561007023,0.028913793148475125,0.002337302555637336,0.017139639942718086,phone_A
2383,17,6,Sitting,0.05577103914182734,0.06258262428109285,9.858403434490986,0.013241842351163293,0.016336380953733607,0.013327280921494813,phone_A
2384,17,7,Sitting,0.08632794458928203,-0.0032125443985400078,9.813026480563506,0.040107335222309574,0.002421243101395352,-0.00040159401082417046,phone_A
2385,17,8,Sitting,0.10840465401758316,-0.02053779679094656,9.829425117338628,0.031405938668821146,0.011915157723838053,0.004497995033150323,phone_A
2386,17,9,Sitting,0.10677668306335164,0.00854781404135389,9.854002830171858,0.02057726867907858,0.006801543320566646,0.00274101183270956,phone_A
2387,17,10,Sitting,0.09269529976002651,0.04460828893305581,9.876263131885365,0.01915829458555512,0.004247317686564092,0.00500540988023395,phone_A
2388,17,11,Sitting,0.16912939571944968,-0.00857350394490498,9.85429649710471,0.02478389704315817,0.011863173573996277,0.002701734248330588,phone_A
2389,17,12,Sitting,0.14838500900075255,0.02680545761346885,9.880640518599929,0.027184805980104743,0.01894391753249752,0.01442035772539603,phone_A
2390,17,13,Sitting,0.15687406275375032,0.07161553844847507,9.890941362270764,0.018930366693671815,0.019686588324559884,0.008603779734504742,phone_A
2391,17,14,Sitting,0.17549922413200672,-0.012893481038691156,9.875306976011558,0.018065040555305105,0.018651458677615734,0.0024477825244685805,phone_A
2392,17,15,Sitting,0.14315238643818262,-0.02643071022986811,9.881871910962579,0.022503034230845962,0.017407799051698453,0.01480430352860221,phone_A
2393,17,16,Sitting,0.1250346728338636,0.014694015478428234,9.86505953632235,0.02148638085847979,0.03068323805321089,0.00282792954998128,phone_A
2394,17,17,Sitting,0.12358197706565474,0.05000354506744831,9.8551973859184,0.009620771329751133,0.013699155952356644,-0.00571274681037711,phone_A
2395,17,18,Sitting,0.09564864553332286,-0.008948925769302018,9.86129428170863,0.025217378400886985,0.022641580397882853,0.004575195053003094,phone_A
2396,17,19,Sitting,0.12090015842711771,0.01896627431830393,9.897812830194162,0.019319573893938402,0.02204593253476715,-0.007222551279799021,phone_A
2397,17,20,Sitting,0.1718568235902681,0.037921463098087534,9.870910509312745,0.012146797254002892,0.0191052381418211,-0.002871149851804161,phone_A
2398,17,21,Sitting,0.13841913270820513,0.006020518336968126,9.869451557940145,0.020447847811639268,0.02278623395568687,-0.006250619426407532,phone_A
2399,17,22,Sitting,0.1365045183714376,-0.02794528655759512,9.857257316730703,0.023862237790593065,0.03268807746951828,0.0032372350752509086,phone_A
2400,17,23,Sitting,0.15322954632514957,-0.05170342841018488,9.866702613044975,0.006990281116999739,0.03105146940818722,-0.012129685227395364,phone_A
2401,17,0,Standing,-0.04240236112096514,0.27936030649333404,9.8539783585696,0.038253377078468806,0.018202489802198452,0.005171903254216253,phone_A
2402,17,1,Standing,-0.03235626680129661,0.27780894463882366,9.86171419928323,0.031141273898018258,0.016578534415476073,-0.0027421096872885763,phone_A
2403,17,2,Standing,0.013232626838122579,0.23607739035295905,9.811870908058848,0.029646842371799938,0.01802866992906966,-0.011456320404213982,phone_A
2404,17,3,Standing,0.024087396040674884,0.22731745285790855,9.828814475832138,0.019107918805335657,0.019496356605629876,-0.009693288218656,phone_A
2405,17,4,Standing,0.00945967710239055,0.24884639742676293,9.85623494687101,0.015895664372276873,0.03440202983742319,-0.017418649072265056,phone_A
2406,17,5,Standing,-0.047945376643256335,0.2811111364171123,9.840886018410542,0.018302067354280426,0.024211626035322745,-0.0041068946986290225,phone_A
2407,17,6,Standing,-0.0019489478095656397,0.20439065355194858,9.846460615261636,0.01693816410706388,0.0299130268530498,0.0015883702126037735,phone_A
2408,17,7,Standing,-0.0035002108930047796,0.18925546767359663,9.866905864153495,0.0036424179547512106,0.022790482118727123,-0.011902304210938661,phone_A
2409,17,8,Standing,-0.02601154513965316,0.23071310005401813,9.824948534565198,0.009703792975376,0.014997629590475865,-0.012656576851872107,phone_A
2410,17,9,Standing,-0.03909083319060813,0.1986464021536888,9.811814910381592,0.014696767131019223,0.01718377941725432,-0.025486245071690408,phone_A
2411,17,10,Standing,0.009351171909061963,0.20732487417794113,9.807207247713121,-0.0018160258690642092,0.011640142110383682,-0.002081662426746662,phone_A
2412,17,11,Standing,-0.03090223571190646,0.14566335797088398,9.814178126522673,0.005424451568297771,0.01659224370573356,-0.01994177168031021,phone_A
2413,17,12,Standing,-0.0645654521324455,0.1598158394414258,9.83938609310043,-0.004626934446650046,0.003683729944185374,-0.012884699755481229,phone_A
2414,17,13,Standing,-0.04467923248554129,0.16587282778747361,9.771108434248081,-0.012700418829435012,0.018171740039292426,-0.014188812427733077,phone_A
2415,17,14,Standing,-0.045380281814014,0.1783335969353075,9.800055804773928,-0.010957637822774362,0.008131655693190114,-0.008990048310329365,phone_A
2416,17,15,Standing,-0.03173709621806872,0.13761369782297606,9.781930555855912,-0.004629793630305931,0.018220240967622172,-0.005410943142211917,phone_A
2417,17,16,Standing,-0.09724770092739385,0.1968743795821114,9.783961917118814,-0.004586920034765011,0.009094458374209302,-0.023625730482924615,phone_A
2418,17,17,Standing,-0.07422891651181202,0.1878919894240496,9.777492709041244,-0.013174562925164812,-0.007721324649796962,-0.011696284632680794,phone_A
2419,17,18,Standing,-0.09362834706268991,0.13839260312174445,9.765547113699437,-0.01125803498730373,-0.0043603536211110246,-0.01535771490677541,phone_A
2420,17,19,Standing,-0.1535771700015083,0.19484237826733938,9.77003528907965,-0.018908812449808278,-0.01851224136796719,-0.008599624071936162,phone_A
2421,17,20,Standing,-0.10683873017021872,0.1669997330117009,9.787470103825708,-0.006912643159735841,-0.005327901149041823,-0.01553248210410668,phone_A
2422,17,21,Standing,-0.14202968971658111,0.17384045665739598,9.797388335856875,-0.012101334108615181,-0.000338197824585159,-0.010842418834233428,phone_A
2423,17,22,Standing,-0.13261140617475037,0.22596838467511118,9.800746718440896,-0.0004658563897978543,-0.01661462686940345,0.0011450680143209133,phone_A
2424,17,23,Standing,-0.15430187829778916,0.16358605449797772,9.702835958399481,-0.007292509658877901,-0.02085851318209898,-0.008350717293941878,phone_A
2425,17,0,Laying,7.396530978651494,0.14610264187591657,6.413987793878074,-0.010089691196483858,0.018395421322618326,-0.019211496659599932,phone_A
2426,17,1,Laying,7.3549525711567965,0.11610450799545707,6.344839619752319,-0.007175987557979499,0.003152599126841232,-0.01588870330442943,phone_A
2427,17,2,Laying,7.336834555557573,0.1344646255406856,6.384196584602246,-0.0024042577864478044,0.015176272818195714,-0.017118430125173036,phone_A
2428,17,3,Laying,7.335201991603576,0.14909563990700647,6.362769925434348,-0.009416430458104582,0.013314195217283203,-0.011339427830288483,phone_A
2429,17,4,Laying,7.324713747901535,0.14333912437260976,6.3534525892879365,-0.007433379750843067,0.00389897326032618,-0.014456830451141192,phone_A
2430,17,5,Laying,7.332370520644759,0.1585992361214461,6.358544563128439,0.0014357297062138575,0.009865693102820233,-0.011581881405658521,phone_A
2431,17,6,Laying,7.2991510465418035,0.10795001492470507,6.33480852664554,-0.008800619857788253,0.012184239341724997,-0.0019396093174608338,phone_A
2432,17,7,Laying,7.39379506717955,0.11213947282905015,6.390712291987107,0.005271819017914439,0.004434161672639516,-0.004761247657361476,phone_A
2433,17,8,Laying,7.3676422287139225,0.12995902213528496,6.346582800173766,-0.007979918064880544,-0.0088010315629159,-0.007004250709757085,phone_A
2434,17,9,Laying,7.317014470308722,0.10483612198988385,6.3597954835256285,-0.012837457019563504,0.009730005399162352,-0.004335434989118706,phone_A
2435,17,10,Laying,7.322909299555672,0.13051220665746044,6.318766519396515,0.0004849856650355564,0.005555943086047812,-0.005461753684926247,phone_A
2436,17,11,Laying,7.343634037001764,0.1164962956771565,6.309861796738937,0.0018653797080823873,0.008107230036872737,-0.01002715414869795,phone_A
2437,17,12,Laying,7.339510958637973,0.1645533025563598,6.375658351125651,-0.00710169789079693,-0.005408540179960694,-0.014487249154193563,phone_A
2438,17,13,Laying,7.319714262358562,0.1702935328918203,6.32837008119661,-0.0071028205988920064,-0.0006213882403855995,-0.009530622126083594,phone_A
2439,17,14,Laying,7.325482676175977,0.10244893818009285,6.373119762371658,-0.004179403553620134,0.01751886944560189,-0.01312580553708641,phone_A
2440,17,15,Laying,7.363801534003798,0.1700297789267831,6.335188638265827,-0.005442055336663211,-0.003310841792021222,-0.011275881528660152,phone_A
2441,17,16,Laying,7.32237065445342,0.13663909125427268,6.304933436685065,0.010952004585661,0.00024257483418380944,-0.00514487773321717,phone_A
2442,17,17,Laying,7.305103887678904,0.13039965314478602,6.33559963471208,-0.002540649917055284,0.001305641593705556,-0.00042059483356306215,phone_A
2443,17,18,Laying,7.324861049166505,0.1557107030666984,6.343899264979597,-0.0008269312510796861,-0.0004494712336262775,0.0010673517279167462,phone_A
2444,17,19,Laying,7.325717051990578,0.13525374403814092,6.339089301745366,-0.002539286275921231,0.0007987615329465213,-0.004981957951201757,phone_A
2445,17,20,Laying,7.302204998569328,0.1595009223479512,6.364176839756057,0.00917112871854961,-0.0033745430987511737,-0.0003292613588212964,phone_A
2446,17,21,Laying,7.267029039793634,0.1623454794842094,6.306794330122888,-0.007065700612563334,0.0018859453269844217,-0.007733321359926379,phone_A
2447,17,22,Laying,7.294440101329915,0.13080544269786315,6.361230124787208,-0.006365124249138206,-0.0007719692376239603,-0.00594574776278462,phone_A
2448,17,23,Laying,7.332600724655074,0.16549287289889336,6.296935158120629,0.005913570377904296,-0.004435446418076564,-0.001919323073220483,phone_A
2449,18,0,Walking,1.2477393397746501,-0.33920771861574994,9.880000232937167,-0.2679653770885243,0.298745764135674,-0.09414471166930477,phone_B
2450,18,1,Walking,0.2761963461365202,-0.48234743906123045,9.79373939326503,-0.40036511802432845,0.1453395989390664,-0.08732488256145256,phone_B
2451,18,2,Walking,-0.5334455612766458,-0.7038043377464422,9.751645630474254,-0.37170920772084287,-0.030143824297952346,-0.07344357490742874,phone_B
2452,18,3,Walking,-0.9049717593085924,-0.3370422593139399,9.482299887882736,-0.25404622483609557,-0.14458603500854583,-0.06023919817504374,phone_B
2453,18,4,Walking,-1.1997538959000855,0.23110909007665337,9.557166002366161,-0.006496106357906298,-0.19333806435845086,0.10638538439725953,phone_B
2454,18,5,Walking,-1.07437892618269,0.26168796664058536,9.679303700777105,0.24623200132295328,-0.2143661060248426,0.17537302573501384,phone_B
2455,18,6,Walking,-0.5677797272169967,0.7160001433989028,9.890367379404639,0.40845304344093125,-0.10019346931460685,0.16402184141620602,phone_B
2456,18,7,Walking,0.09413671483478467,0.845256403016327,9.789534925424059,0.4646810460916724,0.03817659711719505,0.14556855170027708,phone_B
2457,18,8,Walking,0.7587287123488003,0.711305242469758,10.092602469849728,0.4191256337199593,0.19813036295082875,0.09624744369086669,phone_B
2458,18,9,Walking,1.1993707566032463,0.5981802250849376,10.152439408416067,0.25039165740512603,0.32699131594669245,0.05047013449133968,phone_B
2459,18,10,Walking,1.3989447983153087,0.20310182823251985,10.05465394581086,0.011455115989301379,0.3575938362317446,-0.08341114558342201,phone_B
2460,18,11,Walking,1.1218208094883602,-0.13007703122515737,9.92521276959276,-0.22396079664214766,0.2775704260896364,-0.14955086055492373,phone_B
2461,18,12,Walking,0.4034891398401367,-0.6544219798849646,9.777872365167719,-0.3740226041284784,0.13374731876644833,-0.14755394503422806,phone_B
2462,18,13,Walking,-0.2214609231770165,-0.7914628038474494,9.60984863982823,-0.3768286590965322,-0.011664900983718248,-0.0948630482059631,phone_B
2463,18,14,Walking,-1.1487734350534786,-0.3068295340027389,9.603426901794009,-0.26180379231290274,-0.11068056474872712,-0.04466609243578757,phone_B
2464,18,15,Walking,-1.4167466137209797,0.1424227275708242,9.79756316299975,-0.060503365922094474,-0.2222943674836989,0.07427680869749792,phone_B
2465,18,16,Walking,-1.3029669092595,0.49457425829132673,9.792199333910373,0.19337221320896886,-0.19846584043170928,0.12385890100398801,phone_B
2466,18,17,Walking,-0.9804797368691505,0.665611114854739,9.808933177947257,0.4337873336585979,-0.08652789509167362,0.1862848839084263,phone_B
2467,18,18,Walking,-0.05533727125030023,0.9982533256232229,10.117253421910203,0.5132081779643691,0.056958990446324936,0.13005948066555903,phone_B
2468,18,19,Walking,0.5643648869281982,0.7416194792426152,10.36032863811118,0.49733220096492436,0.15527982071949004,0.15676996497832196,phone_B
2469,18,20,Walking,1.2390779522411532,0.6810593995370329,10.333888784573526,0.32011373243519176,0.33678033162998816,0.005684603533023712,phone_B
2470,18,21,Walking,1.4102957041833954,0.18905513608794225,10.18074509177253,0.057346555639899974,0.37153118668407054,-0.059106544964832336,phone_B
2471,18,22,Walking,1.0512972277490273,-0.3443859027562923,10.073352464392459,-0.24688779543698736,0.3019512704558271,-0.15808730676734264,phone_B
2472,18,23,Walking,0.505682899548426,-0.4382431769538842,9.706356803198242,-0.3403850063055891,0.26369893353780616,-0.09583333273061855,phone_B
2473,18,0,Walking Upstairs,1.718323395901104,0.8855697073289736,10.698333395812107,0.5379905216247387,0.49254110137410023,0.1511108453713535,phone_B
2474,18,1,Walking Upstairs,1.9547437832383256,0.40549097127769734,10.820727358059985,0.13946886643688075,0.5713604051620303,-0.045461170885540386,phone_B
2475,18,2,Walking Upstairs,1.7090834438321858,-0.27455579769750765,10.458282565640406,-0.2425650610993829,0.5216510255805228,-0.11965033008731787,phone_B
2476,18,3,Walking Upstairs,0.5936204881435709,-0.6933546531038705,10.028062305194469,-0.49750257397807174,0.260643514383077,-0.1345822956021167,phone_B
2477,18,4,Walking Upstairs,-0.3518581768523847,-0.5304479613960291,9.963708078556461,-0.4851100230534312,0.013897990512472806,-0.05777047579880077,phone_B
2478,18,5,Walking Upstairs,-1.349251679616666,-0.3663160497264992,9.858060723332024,-0.19995409445320858,-0.1341641335690249,0.037720060797662464,phone_B
2479,18,6,Walking Upstairs,-1.563595194034704,0.6777705138814414,9.693918306371849,0.19450977726868646,-0.245498520733129,0.12168807434189335,phone_B
2480,18,7,Walking Upstairs,-0.9390834828035981,1.0663977991145988,10.310922866200093,0.5962562651433971,-0.09317358224049942,0.261238034908975,phone_B
2481,18,8,Walking Upstairs,-0.08627438127773944,1.4549250695888432,10.682825904316228,0.7689629538622124,0.10727723695379163,0.24952966596553333,phone_B
2482,18,9,Walking Upstairs,1.170823984701362,1.2302779386021054,10.82527749751139,0.6771602897614392,0.36724576551071564,0.20166809995230664,phone_B
2483,18,10,Walking Upstairs,1.9665232290726633,0.988815466144966,10.967626321085433,0.4016448789142112,0.5253711563956452,0.012803157221865168,phone_B
2484,18,11,Walking Upstairs,1.9483758736173244,0.14398559832828045,10.767060667042648,-0.02861607768876349,0.493561368445697,-0.05427461157596495,phone_B
2485,18,12,Walking Upstairs,1.315917372499173,-0.7255922162309432,10.420777511734164,-0.3981784739398443,0.41662892444563904,-0.13788076666658822,phone_B
2486,18,13,Walking Upstairs,0.21133691914462185,-0.9237762417544123,9.959063450775623,-0.5650133038404593,0.17533407624078673,-0.11157733042481252,phone_B
2487,18,14,Walking Upstairs,-1.078384300376853,-0.572972079615996,9.65398922476504,-0.3854502417941336,-0.0726072117745494,-0.05453437358763237,phone_B
2488,18,15,Walking Upstairs,-1.4562861389199695,0.24458717063611235,9.907907192269956,-0.042111939855901406,-0.18275394373398718,0.13974313321784054,phone_B
2489,18,16,Walking Upstairs,-1.2155257665180743,0.8057899481351586,9.926832558766348,0.3795919971761435,-0.21544835309299395,0.23190745431878146,phone_B
2490,18,17,Walking Upstairs,-0.4851512931082582,1.4912142887374302,10.324384058763387,0.7044169176102141,-0.009407690901565149,0.2722917733835691,phone_B
2491,18,18,Walking Upstairs,0.6565337531287088,1.4754662445374207,10.736069129604838,0.7719537297492968,0.265280462564529,0.2641659366689335,phone_B
2492,18,19,Walking Upstairs,1.4781462678078974,1.1838601010282603,10.915712426364847,0.5419893644891717,0.4803102020928763,0.13922407295923622,phone_B
2493,18,20,Walking Upstairs,2.1503786434743284,0.29126899643692195,10.970027315523033,0.16373351721635487,0.5599783042873656,-0.030800003224408012,phone_B
2494,18,21,Walking Upstairs,1.5880594627991973,-0.4786817388383938,10.609293988388961,-0.19302962351518116,0.462782638587557,-0.15659899012277037,phone_B
2495,18,22,Walking Upstairs,0.8630184069911415,-0.7007640421171365,10.254911226048197,-0.49653586859339444,0.2808417416031029,-0.17294939438936033,phone_B
2496,18,23,Walking Upstairs,-0.6788956602379876,-0.8183727735550309,9.961786287688005,-0.4558440642742225,0.07142861293740937,-0.09528982953204287,phone_B
2497,18,0,Walking Downstairs,-1.7290591618444098,-1.0784409579031313,9.014282342545252,-0.6699427682431874,-0.4867950601601783,-0.20095189369584196,phone_B
2498,18,1,Walking Downstairs,-2.4134880725959915,-0.41063094942811335,9.055112556747208,-0.190626888562561,-0.6522339698550552,0.02509918713022856,phone_B
2499,18,2,Walking Downstairs,-1.979988585406395,0.5735098169386477,9.164340537709231,0.33769615643920875,-0.5318778006503533,0.13570920240071788,phone_B
2500,18,3,Walking Downstairs,-0.512620744400738,0.7912940601850196,9.701507372817938,0.7098105523350982,-0.26640112430564883,0.17930144594994685,phone_B
2501,18,4,Walking Downstairs,0.9122626467361804,0.890398889757944,10.13144590335519,0.584859447269507,0.08959829387603199,0.09667335758658335,phone_B
2502,18,5,Walking Downstairs,2.1572131703934145,0.1268584313019464,10.162733692936248,0.1397179059960838,0.3630640290012642,-0.11462700533076114,phone_B
2503,18,6,Walking Downstairs,1.823106101173177,-0.8098138682467267,9.725335065648052,-0.44368552080423307,0.30722432605380323,-0.2677419577739882,phone_B
2504,18,7,Walking Downstairs,0.681266025428321,-1.2326158048348324,9.405698769873425,-0.8650941911280823,0.021345147727409988,-0.32354133565355436,phone_B
2505,18,8,Walking Downstairs,-0.9784078692782902,-1.4599691203177467,8.97838199348476,-0.8089372353358985,-0.3180911212265348,-0.27668302660223304,phone_B
2506,18,9,Walking Downstairs,-2.014318559156703,-0.723987556208607,8.822406222946135,-0.4874924317498926,-0.5789425694873381,-0.08151017693954918,phone_B
2507,18,10,Walking Downstairs,-2.612925458091199,0.12165555812238872,9.129392907221735,0.1267494701747516,-0.6612899842274629,0.11480085922402546,phone_B
2508,18,11,Walking Downstairs,-1.4356396391594146,0.8367303562008696,9.519471486993263,0.5670019543355197,-0.432985287992231,0.23024425691588654,phone_B
2509,18,12,Walking Downstairs,0.2271392463961566,0.9487852819014799,9.972228017164825,0.6866226422451686,-0.10103893888275495,0.13768999984470173,phone_B
2510,18,13,Walking Downstairs,1.4698048117489506,0.639790484073513,10.211645522333429,0.4155650469668095,0.23860774179055574,0.06103115033427405,phone_B
2511,18,14,Walking Downstairs,1.9209894894925539,-0.4478089929625455,10.083297038900069,-0.08449894571320389,0.31377501281137304,-0.14970429594817364,phone_B
2512,18,15,Walking Downstairs,1.4703506606591012,-1.4495918569208899,9.704684366818649,-0.6448179183559173,0.19066865585339757,-0.3133716314184897,phone_B
2513,18,16,Walking Downstairs,-0.1906103927516003,-1.5856330449963327,9.106373002731008,-0.906312348750236,-0.14106256897316946,-0.2698875947354033,phone_B
2514,18,17,Walking Downstairs,-1.7721068799957587,-1.4604049759744129,8.967516261965322,-0.7168822218590246,-0.48457570316753984,-0.17480418410624013,phone_B
2515,18,18,Walking Downstairs,-2.378852505178265,-0.49552864501543087,8.922997697277953,-0.2328303622695969,-0.6591406145621193,-0.03614083004032026,phone_B
2516,18,19,Walking Downstairs,-1.9069126415549131,0.46039237339105,9.321175916033978,0.3657038865219326,-0.5568531129854261,0.17430793927788504,phone_B
2517,18,20,Walking Downstairs,-0.6962172469403998,0.9005836038495421,9.620505486278223,0.6801325421221185,-0.2910527388979066,0.24858214716281812,phone_B
2518,18,21,Walking Downstairs,0.8759348228930978,0.8063342330252375,10.11962028919774,0.6099079805335921,0.08190569340038856,0.1213310374163608,phone_B
2519,18,22,Walking Downstairs,1.862326962786459,0.008143480331817693,9.952438683861224,0.15583353774375913,0.330156931766738,-0.07853651931755608,phone_B
2520,18,23,Walking Downstairs,1.9422921504201314,-0.7680379270363474,10.068555778911355,-0.38291099677923,0.32874861289603224,-0.27336288665988084,phone_B
2521,18,0,Sitting,0.15466487155674585,0.009075409886116475,10.01311154735278,0.0146895382772348,0.004941472540648995,0.003768444401211217,phone_B
2522,18,1,Sitting,0.0789410049148668,-0.006693599385762264,9.939889573809017,0.01644050206455313,0.009956328727860696,0.0059234625914217865,phone_B
2523,18,2,Sitting,0.09778138722677467,0.0022276084264729284,9.980344747163088,0.027962190324227722,-0.009563402705170289,0.009465427229205734,phone_B
2524,18,3,Sitting,0.10941353791716744,0.06577736420197927,10.01697209253702,0.0216163800964517,-0.0048303966794643865,0.004109280109878462,phone_B
2525,18,4,Sitting,0.12359219218146966,-0.02000098393942032,10.047800054495484,0.018780349642860877,-0.01471790678108753,-2.000526583926642e-05,phone_B
2526,18,5,Sitting,0.17021632971500686,-0.007984382232360131,10.003809798435414,0.028616242685935885,-0.005502346616698122,0.01027310016443202,phone_B
2527,18,6,Sitting,0.1345903122827697,0.011051471714272875,9.99855499561073,0.019547162108982035,0.005147499066511133,0.010430472619986659,phone_B
2528,18,7,Sitting,0.15124556991080496,-0.017078856748302798,10.04932791524535,0.023833026541300817,-0.0010966841008888256,0.0014517909896707131,phone_B
2529,18,8,Sitting,0.18490204732154303,-0.004607762911692978,10.006114296775314,0.020193272702436604,0.0042515330243979264,0.004425905867849499,phone_B
2530,18,9,Sitting,0.1930505484416854,0.02153810898296668,10.024187003367581,0.026868803962682836,0.0031954241660605573,0.008275265994740306,phone_B
2531,18,10,Sitting,0.1915062980629559,0.012845049443769851,10.034305006926234,0.02144082551584671,0.01574634058119645,0.00023774127532237305,phone_B
2532,18,11,Sitting,0.165687442673247,-0.020895633544854467,10.00254395001909,0.004676351024962926,0.013046028789391144,-0.0033582410677165985,phone_B
2533,18,12,Sitting,0.17670340325684272,-0.05417988300656769,10.027427394957005,0.010780433572817369,-0.0012964145455281817,0.0032697774176311607,phone_B
2534,18,13,Sitting,0.15752891187555587,-0.03626721526493708,10.016190377433388,0.019111988162955458,0.0012562655342537258,-0.0045498135262517685,phone_B
2535,18,14,Sitting,0.17790682801592975,-0.011870988439025877,10.04827300000795,0.0066460104216146815,0.004826980844174525,0.0077379469365800495,phone_B
2536,18,15,Sitting,0.2285887633540813,-0.05375662081567487,9.99286583393297,0.014072853139543939,0.0037537404990733987,-0.004589602762131937,phone_B
2537,18,16,Sitting,0.18697206135029226,0.006113185977171205,9.978056883596157,0.01944678908654966,0.00417130810084866,0.0013241870564439017,phone_B
2538,18,17,Sitting,0.2218778353707788,-0.02827534586822994,10.0026436139305,0.013402833964635597,0.006892493986392018,0.001666696925343439,phone_B
2539,18,18,Sitting,0.1778755047715756,-0.018735549130474635,9.974345583295426,0.0016245135673146763,-0.00030058875187380894,-0.002500940918411815,phone_B
2540,18,19,Sitting,0.1452742656314587,-0.0614621367543219,9.98047310478005,0.015178989393027382,0.0023389475269492985,-0.010568381981186481,phone_B
2541,18,20,Sitting,0.18987239764664068,-0.005919777300609649,10.004063961381606,0.004655991013612145,0.01606537770667356,0.0017519703973886856,phone_B
2542,18,21,Sitting,0.19408061166903243,-0.0665705736154341,10.01702214736336,-0.0046882274463217076,0.004524105331656779,0.004425638236296464,phone_B
2543,18,22,Sitting,0.21540779481520983,-0.04497029872841798,9.955907937470917,-0.005175181932398808,0.00404250921706463,-0.005812516911514821,phone_B
2544,18,23,Sitting,0.15064549811790726,-0.06591021547861606,10.046712895156046,0.003094978272839291,0.009194253358483898,-0.011476475826405244,phone_B
2545,18,0,Standing,-0.20254969911269155,0.1565813379482972,9.903462520860922,0.008432385749250218,-0.046348087470866384,0.0026129903402963297,phone_B
2546,18,1,Standing,-0.13779430693598063,0.25603624012147436,9.922442449055293,0.008277930366607619,-0.0367963132576108,0.01148915051982696,phone_B
2547,18,2,Standing,-0.22618833697098742,0.25285654860127127,9.89164497137341,0.009383826695820524,-0.04372662685249278,0.00691253213785417,phone_B
2548,18,3,Standing,-0.20407361036153815,0.21747355163431173,9.920925832626828,0.01720093686304866,-0.03938332705401983,0.004603381233397303,phone_B
2549,18,4,Standing,-0.15802682733708848,0.2597652938591521,9.935665345794044,0.021740541379774207,-0.03580418902024306,0.01325136929395988,phone_B
2550,18,5,Standing,-0.10633804643339757,0.2724336483327729,9.911886663343173,0.016939959548312115,-0.042474678189101375,0.007416905867965432,phone_B
2551,18,6,Standing,-0.15717578512370478,0.232864540039123,9.947610570545368,0.017218522707259157,-0.04988063878253278,0.009867625819771778,phone_B
2552,18,7,Standing,-0.18660509763084135,0.22696464543893807,9.905885538117868,0.02400556537554116,-0.038919624998254486,0.008098953945930184,phone_B
2553,18,8,Standing,-0.17352180721562405,0.2659117423559672,9.95143135664923,0.04025378821405519,-0.036719407325360075,0.014177433366460943,phone_B
2554,18,9,Standing,-0.15811440671049326,0.2851488930329941,9.940299227174712,0.04204101110215956,-0.0473110612298783,0.012266416311191176,phone_B
2555,18,10,Standing,-0.13761383659249657,0.27893070479747556,9.911684268483727,0.028716022254877883,-0.029280611909420155,0.009817650879430805,phone_B
2556,18,11,Standing,-0.18168239152274235,0.30677993866456094,9.951353644296578,0.03798365778117827,-0.037534930000763155,0.014192652426401107,phone_B
2557,18,12,Standing,-0.09839398032429898,0.25001385072032245,9.905533781282172,0.036793203818476596,-0.029950930340500417,0.012231727414129572,phone_B
2558,18,13,Standing,-0.10305356160325213,0.3217952192062699,9.9563378423508,0.04549477896499472,-0.025743547318886277,0.01542072728733636,phone_B
2559,18,14,Standing,-0.14128643431491184,0.27219429376311705,9.92025511911739,0.04248604957948718,-0.02343834915278129,0.006638464158554472,phone_B
2560,18,15,Standing,-0.09656217945537039,0.2784199764150152,9.931825334930952,0.04052734366301604,-0.02891227353372183,0.018760870683260107,phone_B
2561,18,16,Standing,-0.09174052324180518,0.32214455304111045,9.951808246238429,0.042394255164165805,-0.00823995798818617,0.0049885225489895955,phone_B
2562,18,17,Standing,-0.04445639314471867,0.3436309582669541,9.986142105042173,0.04303441961026216,-0.008175844262535745,0.012226137655252232,phone_B
2563,18,18,Standing,-0.08323825024989877,0.29209855994636336,9.956553980429584,0.03916403288647576,-0.007333506282550299,0.00877657384591234,phone_B
2564,18,19,Standing,-0.055489701421056914,0.2642877252459224,9.975056347337478,0.037374498094308393,-0.018365197247478454,0.011861763404224127,phone_B
2565,18,20,Standing,-0.017739853763002012,0.309025651401349,9.990114447835134,0.042643033802381394,-0.01065003232445586,0.01621509789465449,phone_B
2566,18,21,Standing,-0.04804777966785448,0.31559456796699364,10.010971124646321,0.03714361802113094,-0.010253911261679259,0.007008053295380736,phone_B
2567,18,22,Standing,-0.06095830889268144,0.2788418042818862,10.01484792079349,0.034359669890072775,0.004284965204290758,0.0063730658762035895,phone_B
2568,18,23,Standing,0.037622087106548865,0.26854966467813035,9.980477522432952,0.03330381927978677,-0.005528556232191356,0.015587652038602436,phone_B
2569,18,0,Laying,7.392101300569305,0.08004725772697333,6.514374244003745,-0.01261066118330142,-0.01652384769115135,-0.0047612866171489795,phone_B
2570,18,1,Laying,7.370249653403823,0.11465744990125462,6.515228440028506,-0.0014245588795610154,-0.00014272583312492822,-0.013129899239896405,phone_B
2571,18,2,Laying,7.400262209469205,0.16085487349868657,6.487454737324254,-0.016534922580045745,-0.017718193280598916,-0.008539295978303316,phone_B
2572,18,3,Laying,7.4112652712466796,0.1147827824921635,6.4805384613562165,-0.01046877716251441,-0.017803551713207785,-0.0002879542859343543,phone_B
2573,18,4,Laying,7.356838257528343,0.16749439123484833,6.51106887058258,-0.0011838844149159571,-0.011762785583297563,-0.011836208416708972,phone_B
2574,18,5,Laying,7.335560946536632,0.08149309833578577,6.517558411904383,-0.008255307902067311,-0.005030029636653617,-0.004217093863823882,phone_B
2575,18,6,Laying,7.348376619426692,0.08729095588514459,6.501814861955142,-0.007015588429369108,-0.0057577774874506054,-0.009056107784019257,phone_B
2576,18,7,Laying,7.369436274269845,0.15843833717792294,6.500605197226629,-0.0007262116103366927,-0.008155414175251166,0.0069047350597547285,phone_B
2577,18,8,Laying,7.361702679804029,0.1358795759017829,6.492444482196216,-0.00979524819007385,-0.019240787434087643,0.003407832468081077,phone_B
2578,18,9,Laying,7.3256319586319725,0.13806593360031222,6.503355686762141,0.000669410042596478,-0.01547318704203693,-0.008638361549644164,phone_B
2579,18,10,Laying,7.358778188692259,0.11322242822378334,6.461828134692768,0.007127345911737597,-0.017513876446255468,-0.00954708600552938,phone_B
2580,18,11,Laying,7.3417975038619065,0.1530345475434154,6.438129503404965,0.0028701283232971187,-0.018601267127561546,-0.001681168871879848,phone_B
2581,18,12,Laying,7.3295400441676035,0.17276095765020907,6.49515356160976,-0.008022736770495576,-0.01529164401377305,-0.002405955101446302,phone_B
2582,18,13,Laying,7.349531900428799,0.13524711589086685,6.491789844663265,-0.011642656717297984,-0.015864260352145484,0.0010275682343534147,phone_B
2583,18,14,Laying,7.32705612683392,0.14247474814724131,6.492452007176247,-0.004272974452660213,-0.006979488031835107,-0.012703658151305372,phone_B
2584,18,15,Laying,7.325699688021727,0.15790218345315585,6.537291938866288,0.011180296262890303,-0.014147339833805842,0.000815394953693277,phone_B
2585,18,16,Laying,7.361866931155757,0.16046049544281776,6.499297488781055,0.0034688792738387653,-0.011978698964037918,0.001548840840054081,phone_B
2586,18,17,Laying,7.317392097622925,0.12189800401184904,6.478378422351212,-0.008757966981090578,-0.0249169498443303,-0.003774946445697199,phone_B
2587,18,18,Laying,7.332748329192562,0.1343481629897101,6.505366591515608,-1.7694070156679467e-05,-0.016800270862237843,-0.006369563168175781,phone_B
2588,18,19,Laying,7.360342372777529,0.1308161866525246,6.480701868512093,-0.0017733014275475624,-0.01988770538455004,-0.0037062046137154763,phone_B
2589,18,20,Laying,7.32350270893254,0.12785978942016776,6.508061766784502,0.002292541513801653,-0.006423684500538289,0.007106333860012047,phone_B
2590,18,21,Laying,7.3857033864540895,0.15074191312476212,6.505414345213526,-0.0025587076844212323,-0.010940850719642157,-0.003741940828808808,phone_B
2591,18,22,Laying,7.299341995839348,0.1766751874570235,6.46082316406527,0.003525143174326645,-0.021351292885199914,0.0073134523668978,phone_B
2592,18,23,Laying,7.367071072655611,0.15353122995423285,6.523474498881444,0.0014714595270868673,-0.002815771797629452,0.0053882119720391735,phone_B
2593,19,0,Walking,1.0924191763565065,0.1342492972736634,9.955374375140254,0.038470106288753886,0.28905858961694275,-0.0544177329384664,phone_A
2594,19,1,Walking,1.176791857885706,-0.3324005356175457,9.942210497948512,-0.14808101300410997,0.33715106688686824,-0.07457875666550515,phone_A
2595,19,2,Walking,0.7587544910759143,-0.6825982833989475,9.749849874915297,-0.3290371176883842,0.19077795606034909,-0.14869706019038884,phone_A
2596,19,3,Walking,-0.07871256873476162,-0.8197044426362708,9.381626215408975,-0.4164703277144358,0.048363973591506945,-0.10481885861846688,phone_A
2597,19,4,Walking,-0.7434297790929822,-0.5862508458818162,9.281353584748178,-0.29316969180786523,-0.1382126130819731,-0.06521041353009163,phone_A
2598,19,5,Walking,-1.5463014583725827,-0.07835695068377116,9.57620532011089,-0.1281677316501639,-0.19045522011982322,0.031356988307566634,phone_A
2599,19,6,Walking,-1.5807097399856525,0.22500655803976063,9.37816023808133,0.14031943813613237,-0.2152321615689605,0.1589951094613057,phone_A
2600,19,7,Walking,-1.1610369179494493,0.6643520335872449,9.564290906683528,0.33599338776007603,-0.14199942072548513,0.16481867671999909,phone_A
2601,19,8,Walking,-0.5206382366607323,0.937902814650357,9.727528976163672,0.48791324669526526,0.034419828199808634,0.18425467047902036,phone_A
2602,19,9,Walking,0.49771354272279145,0.8421417849400495,10.039680725919713,0.4847501793220776,0.1812994558123085,0.131521987875317,phone_A
2603,19,10,Walking,1.1323064862237084,0.483525810457315,10.012475333665723,0.3398125661611137,0.32570537158868873,0.06313649341012663,phone_A
2604,19,11,Walking,1.5678358335789695,0.286665642401124,10.029554812122928,0.05773667552586007,0.40150972579165195,-0.004889639655717898,phone_A
2605,19,12,Walking,1.4561598202074262,0.04764560575615348,9.761435106548747,-0.19029751249947358,0.2618190761554052,-0.07142395377734236,phone_A
2606,19,13,Walking,0.7817076045948438,-0.524598036712989,9.572578934247364,-0.34263993927528613,0.22285254691066042,-0.10847423251343469,phone_A
2607,19,14,Walking,-0.021853379291240017,-0.5656451886582025,9.51524644122418,-0.3721725775716273,0.07169784194510967,-0.14431935683022976,phone_A
2608,19,15,Walking,-0.62969946891275,-0.3582898700096546,9.462028957461117,-0.3159738059266317,-0.06158600019853783,-0.09919766985231458,phone_A
2609,19,16,Walking,-1.1425524329882981,-0.2172180469985793,9.517823128651758,-0.12575942199132206,-0.24021589632940707,0.010865359492353429,phone_A
2610,19,17,Walking,-1.263140255916411,0.25782680914874917,9.402408755802492,0.10478469180277135,-0.21328263922140006,0.148630320966792,phone_A
2611,19,18,Walking,-1.3067133457856712,1.0221342997510412,9.674173885133696,0.36168232790914345,-0.16825813915871365,0.16090419318590368,phone_A
2612,19,19,Walking,-0.36516968326458976,0.7975646511795517,9.75415130109655,0.5103306654059131,-0.05440253163065299,0.1852122026267678,phone_A
2613,19,20,Walking,0.3484331229237431,0.8060645618876978,10.254331007622481,0.4556688657322794,0.12354638881747317,0.13566466626824927,phone_A
2614,19,21,Walking,0.9582532258774366,0.6811535180249075,10.11701780080773,0.34985699229513567,0.28961276261295515,0.052434445670454286,phone_A
2615,19,22,Walking,1.4569571737251519,0.26219027462672023,10.008254745325651,0.15329351480638195,0.3602347804915316,0.012337618442509753,phone_A
2616,19,23,Walking,1.4254055701601185,-0.012482759529757886,10.018254850556426,-0.13268292493623993,0.33990285464290493,-0.09416677165647212,phone_A
2617,19,0,Walking Upstairs,0.6351564313259459,-0.6951358015576912,10.02023964917861,-0.522311382919352,0.2617930059397831,-0.1949131184723017,phone_A
2618,19,1,Walking Upstairs,-0.7472914375187888,-0.9274606373614953,9.624211345735429,-0.4830615968417168,-0.034274209775782785,-0.07633985616574007,phone_A
2619,19,2,Walking Upstairs,-1.476931022286119,-0.29494846673455827,9.874923585684183,-0.16488326387770189,-0.2207444269032487,0.03634785658157863,phone_A
2620,19,3,Walking Upstairs,-1.5848691520014013,0.5635873668995538,9.894797781121756,0.2521802330460119,-0.17800111000268187,0.1842804703783993,phone_A
2621,19,4,Walking Upstairs,-0.9124624305505469,1.3181353746955438,10.21978907393483,0.647937846380502,-0.0977466655239331,0.2815536618105509,phone_A
2622,19,5,Walking Upstairs,-0.17403503028990316,1.429763279674278,10.57221525166735,0.7898904769453531,0.14847599065714528,0.3190266885688171,phone_A
2623,19,6,Walking Upstairs,1.1949609248455981,1.163849794715581,10.623898184887645,0.6191591739094671,0.41454157364592736,0.1890333525870861,phone_A
2624,19,7,Walking Upstairs,1.9931776187416612,0.6206855141276738,10.685613212162501,0.2504014779860042,0.5592625646827641,0.03973717239914294,phone_A
2625,19,8,Walking Upstairs,1.7433042436879067,-0.054245465401458616,10.442588002280043,-0.07181461831887298,0.513414857894621,-0.08816330060128487,phone_A
2626,19,9,Walking Upstairs,0.9950352186162829,-0.6545882711552027,10.14807366402093,-0.44381738474309906,0.3732510068859358,-0.15488703001186105,phone_A
2627,19,10,Walking Upstairs,-0.0730505750546156,-0.6322304161082885,9.730432917820485,-0.5300130624854185,0.1291590607229767,-0.12931036432345014,phone_A
2628,19,11,Walking Upstairs,-0.988195370541531,-0.39246366875267996,9.632472333560075,-0.3538097686362392,-0.14030297525516536,-0.05932431835022352,phone_A
2629,19,12,Walking Upstairs,-1.788256677265515,0.4181769794036312,9.35673666726129,0.060664868632794786,-0.25016514265474554,0.15377868428237426,phone_A
2630,19,13,Walking Upstairs,-1.6257278902956704,0.8775031226349147,10.060476223347287,0.4617356579089966,-0.18777541553344018,0.19768359944085961,phone_A
2631,19,14,Walking Upstairs,-0.6401523692320774,1.5400016953593065,10.21488892244655,0.7184127929570685,0.023293340906251223,0.2589557076890785,phone_A
2632,19,15,Walking Upstairs,0.7316970724677299,1.3628221844728121,10.61399492699068,0.7293178488449719,0.2356050612229063,0.23024049431155194,phone_A
2633,19,16,Walking Upstairs,1.7196632549328519,1.055883718679289,10.720752482982784,0.5271526934509461,0.4831648212981592,0.11709641989009265,phone_A
2634,19,17,Walking Upstairs,1.9379368755886082,0.444157573172441,10.648492846051177,0.08941043544570598,0.5294153635645616,-0.003995176215867632,phone_A
2635,19,18,Walking Upstairs,1.5037103200548814,-0.33080819205093526,10.59391955228389,-0.27183929571354487,0.5174730080695833,-0.15263047998634865,phone_A
2636,19,19,Walking Upstairs,0.7326845208119548,-0.7139644356065318,9.981962490908552,-0.4645475553101618,0.2504879509666085,-0.16136250339557323,phone_A
2637,19,20,Walking Upstairs,-0.6643668133927096,-0.5386261614665269,9.582315182356835,-0.4470012811221146,-0.04160449189666665,-0.07638986653692309,phone_A
2638,19,21,Walking Upstairs,-1.4777876389380438,-0.0662118973386582,9.565689933224983,-0.19559847513821377,-0.19770140394132812,0.024669333119902007,phone_A
2639,19,22,Walking Upstairs,-1.4745334901787481,0.42488154488861785,9.693700206431332,0.24276582956302653,-0.18648306785138732,0.18893578051520202,phone_A
2640,19,23,Walking Upstairs,-1.0354072650309183,1.2056597020758426,9.80957995380894,0.5717764879508908,-0.10981303208824023,0.2616715092814273,phone_A
2641,19,0,Walking Downstairs,-2.300931992428716,-0.4906907857171367,8.686429030077457,-0.28922270711630754,-0.6498705481137395,0.01653924174690177,phone_A
2642,19,1,Walking Downstairs,-2.190295354562763,0.458323915319044,8.926166218465449,0.30092533671758115,-0.567529823685711,0.1974413453867933,phone_A
2643,19,2,Walking Downstairs,-0.7621075664917927,1.027184731488882,9.543780232661183,0.6490784963899187,-0.36012267126074965,0.184779764637636,phone_A
2644,19,3,Walking Downstairs,0.6430374560823207,0.9228043659295888,10.12404840486809,0.6580189410286446,0.02804372043409019,0.15246624059485148,phone_A
2645,19,4,Walking Downstairs,1.7129380019213394,0.3452798459730332,10.146305517907082,0.2423963015518406,0.28447665668170036,-0.0221953276831488,phone_A
2646,19,5,Walking Downstairs,1.5983432381069014,-0.5186755443186164,9.772518795920393,-0.36572602541894567,0.2578783408115621,-0.23649323181061227,phone_A
2647,19,6,Walking Downstairs,0.9570013032554933,-1.4399300169166835,9.36072416092639,-0.8044639403897218,0.10157708486663712,-0.3075468337540564,phone_A
2648,19,7,Walking Downstairs,-0.8921402303692055,-1.5013036873568069,9.00107643894308,-0.8663340633401828,-0.2857795790191743,-0.20327947667172885,phone_A
2649,19,8,Walking Downstairs,-1.941824610812955,-0.8721182051520213,8.657823866065863,-0.5294712712291758,-0.5593927668897317,-0.15078583367314888,phone_A
2650,19,9,Walking Downstairs,-2.3828112460113533,-0.07429969407904882,8.746089713523185,0.01053874108005852,-0.6967375350786272,0.047804691786721545,phone_A
2651,19,10,Walking Downstairs,-1.4966821384932427,0.816211726698888,8.981305324631743,0.5030186160338666,-0.45765907844501696,0.20224280043209747,phone_A
2652,19,11,Walking Downstairs,0.012065783822807014,1.178316400752556,9.609308193846031,0.6932872172549464,-0.14793701241058735,0.15744934257916307,phone_A
2653,19,12,Walking Downstairs,1.1363106800421987,0.5712109062896189,9.971873954749235,0.46738940692603076,0.21849747132586067,0.06345776493618087,phone_A
2654,19,13,Walking Downstairs,2.034146630379875,-0.22430120533897568,10.029167905525428,-0.0727795173378301,0.3252822254872135,-0.09430274347806203,phone_A
2655,19,14,Walking Downstairs,1.1530711744984918,-1.3052122220450575,9.590002108645635,-0.6222230951148572,0.18417313716390898,-0.3110633907990155,phone_A
2656,19,15,Walking Downstairs,-0.0679345071772924,-1.42684029445427,9.171009007188356,-0.8536894553734299,-0.13547619391853097,-0.33801623170880635,phone_A
2657,19,16,Walking Downstairs,-1.6736884256959164,-1.1620019574506184,8.721232624976066,-0.7589776124666308,-0.4410118862902874,-0.1906028678379618,phone_A
2658,19,17,Walking Downstairs,-2.530799721348164,-0.48020068086260953,8.643204882222078,-0.31413931840383524,-0.6357703372533244,-0.01108366477323621,phone_A
2659,19,18,Walking Downstairs,-2.14827414295973,0.37222089360809074,9.11854137259755,0.29306498369696404,-0.6220630426953578,0.17215888351809433,phone_A
2660,19,19,Walking Downstairs,-0.9117009540857135,1.0479292586827385,9.653380647580054,0.6409926682251774,-0.3057020192902848,0.17565323959645995,phone_A
2661,19,20,Walking Downstairs,0.6172832824732164,0.9112074449754586,10.122300659122464,0.626389900963611,0.0532413678777408,0.09104509995331775,phone_A
2662,19,21,Walking Downstairs,1.7141905087622669,0.18052787078673554,10.348646824897884,0.20619724389930588,0.29549180801659675,-0.040201639483411364,phone_A
2663,19,22,Walking Downstairs,1.6434747848090498,-0.718013890616399,9.833076823078695,-0.3515932856639299,0.25383381035362385,-0.23783933739846302,phone_A
2664,19,23,Walking Downstairs,0.9470932238417937,-1.3082674304528714,9.432560281321328,-0.8238941662138971,0.11390878775096189,-0.3130278811547262,phone_A
2665,19,0,Sitting,0.13502011371332587,-0.058992829782532445,9.859835130888653,0.009021881268494597,-0.005771842381741277,-0.0015749319753963782,phone_A
2666,19,1,Sitting,0.17895175399393837,-0.023498665682852367,9.878510504402415,0.008136034572466967,-0.008216120012037104,0.01440551326506587,phone_A
2667,19,2,Sitting,0.13976106725448395,-0.014943590073566042,9.807450420170195,0.006939818135160403,0.0007219435078201553,-0.00198297170602847,phone_A
2668,19,3,Sitting,0.13103360419348506,-0.02694878845518558,9.84133196498074,0.017452914590255206,-0.0029208600897910435,0.0009761219260594079,phone_A
2669,19,4,Sitting,0.21578713369158464,-0.03053177326499825,9.834906675560722,0.005253254214790613,-0.0021274880627540566,0.004880192797677859,phone_A
2670,19,5,Sitting,0.17244942683378842,-0.01302800572712559,9.866424998473054,0.012431303100044047,0.0013598509283461425,0.005957942643601321,phone_A
2671,19,6,Sitting,0.17911996404431346,-0.05447343415350149,9.901600746456072,0.0018080448972214776,-0.0015042431738526477,-0.004288658799714825,phone_A
2672,19,7,Sitting,0.1234780361884825,-0.006025766724214659,9.895373703643303,0.00015407931805031883,0.0030930103367624627,0.0035871144087889404,phone_A
2673,19,8,Sitting,0.1793163556132184,0.02131257491110334,9.87594540737625,0.000765243725081444,0.004501325773619407,0.0053229395141391475,phone_A
2674,19,9,Sitting,0.1547267048768604,-0.06540429731064926,9.817086963777086,0.0076998966988374475,0.009066250210106763,-0.00039283749913951514,phone_A
2675,19,10,Sitting,0.16230871427816912,-0.011973104453130053,9.793423373024373,-0.0032707039565014378,0.013803970216724337,0.0019602120506710006,phone_A
2676,19,11,Sitting,0.12773650410623033,-0.042895609966353665,9.860384465808586,-0.017284055230396927,0.002800601030262342,-0.0027402546915794466,phone_A
2677,19,12,Sitting,0.11473160990924253,-0.04770242815490674,9.83010709143362,-0.003561658321499728,-0.0003930133827652793,-0.0072817263807449795,phone_A
2678,19,13,Sitting,0.11885737182793601,-0.07091658893229759,9.853531158033096,-0.0034222381671697244,0.0011429802614552436,-0.008014049529213575,phone_A
2679,19,14,Sitting,0.14496008803218247,-0.039070884051158314,9.8430695022905,-0.009070026878642884,-0.014340262999260629,-0.006416238611115179,phone_A
2680,19,15,Sitting,0.14096142509489862,-0.08395596622415369,9.818399725995642,-0.0026677910085738474,0.0007845778622137988,0.003012986734775022,phone_A
2681,19,16,Sitting,0.11368850710051354,-0.0725881305120503,9.778422548675495,-0.011452513018139394,-0.005673332850212139,0.004241406680219153,phone_A
2682,19,17,Sitting,0.15966788064569515,-0.04315601124269647,9.81423444405579,-0.016294835466782395,-0.0062019482711670165,-0.002334067798853502,phone_A
2683,19,18,Sitting,0.1923768016925703,-0.06164243842490689,9.813581940920947,-0.012542240968285061,-0.0006559513349153711,0.007795849335695932,phone_A
2684,19,19,Sitting,0.17534526944663806,-0.06871717745077147,9.823602819548187,-0.010788591953786451,0.0018430774120516986,-0.00723450954829921,phone_A
2685,19,20,Sitting,0.12048611875097498,-0.052493587993690985,9.819255762046213,-0.008002203784207412,0.008025135172668117,-0.0019745499020351436,phone_A
2686,19,21,Sitting,0.14735357177691474,-0.00117573970926578,9.821679933621136,-0.02127563134344204,-0.0043387268749544355,0.003919467010646613,phone_A
2687,19,22,Sitting,0.10257589176837464,-0.10265802887660225,9.841928475002252,-0.01732137518965288,-0.004177796269353275,0.000809508992196035,phone_A
2688,19,23,Sitting,0.11330954097765242,-0.12299190053440495,9.777287957367381,-0.013075876844604175,-0.0028865302736031315,-0.00997241717844197,phone_A
2689,19,0,Standing,-0.016123720456864575,0.2778499594157237,9.791765149451548,0.013680737676338425,-0.006731817914952252,-0.0002818737254296974,phone_A
2690,19,1,Standing,0.002054374251391322,0.29434952391724,9.81663136148947,0.01415974857601949,0.00632937907794174,0.004440511264515258,phone_A
2691,19,2,Standing,-0.019056579247571044,0.29034618738469825,9.808616272015083,0.012646715588745234,0.004905486372777546,0.0007132680091364919,phone_A
2692,19,3,Standing,0.03410164458148906,0.20926726523831352,9.826385935723323,0.00892348615177649,0.0076391744567249655,-0.004223232421899721,phone_A
2693,19,4,Standing,-0.013419725746488016,0.23353906870057428,9.812892509175942,-0.0002773474100995427,0.009659997828982296,-3.680742458902261e-05,phone_A
2694,19,5,Standing,-0.008340736333969898,0.19486166962385026,9.809787550638784,0.005356160711339338,-0.008434698765555372,-0.003585412973482544,phone_A
2695,19,6,Standing,0.006823759323286199,0.13929913084870219,9.801970277615235,0.0023894910850902297,0.0038639023974859792,-0.0023245325546211145,phone_A
2696,19,7,Standing,-0.021825648302733557,0.16397041156653577,9.748136550732644,0.0017218231916972448,0.0035604316583584678,-0.0013044044299547449,phone_A
2697,19,8,Standing,-0.03700321104849522,0.20233488084303167,9.75135865489401,-0.012946890912479195,-0.0012116463991391374,-0.005374393498764479,phone_A
2698,19,9,Standing,0.016833889603699623,0.1690147905292859,9.762859134188377,-0.015941289619640735,-0.007661271497415508,0.0030845750023062533,phone_A
2699,19,10,Standing,-0.01343918722434866,0.19620086929493658,9.773940533957862,-0.012934095620183737,-0.001143510081264643,-0.014003245349155967,phone_A
2700,19,11,Standing,-0.04772899068370867,0.1455649684536803,9.764030661104512,-0.01486345560412086,-0.012290674565832455,-0.009809587351883893,phone_A
2701,19,12,Standing,-0.04218502368461374,0.15274211104642152,9.749781528867413,-0.01648101745134846,-0.01260315963739692,-0.011626318413251803,phone_A
2702,19,13,Standing,-0.03136073084794205,0.12149924015736407,9.820059842393507,-0.019196156308109016,-0.009481284168659712,-0.01662162515051155,phone_A
2703,19,14,Standing,-0.04031914024094724,0.14614331317142137,9.751186311652283,-0.023541142951514812,-0.016078399828445535,-0.009610694415578897,phone_A
2704,19,15,Standing,-0.07503932264347127,0.14565327081555163,9.738688812784495,-0.025690922704053612,-0.01985398360162555,-0.009191001308313677,phone_A
2705,19,16,Standing,-0.07358626272018072,0.1648780319465694,9.752046383665139,-0.019411199134692882,-0.020795234561745923,-0.022056574840394028,phone_A
2706,19,17,Standing,-0.10649186774922055,0.13482780454416102,9.721942301016412,-0.025394794651971937,-0.02171171644577629,-0.017874878753209048,phone_A
2707,19,18,Standing,-0.12984977547394985,0.1831333933368819,9.703963116167104,-0.02300519526636307,-0.03226673129556142,-0.014886679650643268,phone_A
2708,19,19,Standing,-0.12791281717906583,0.1209344262349276,9.754815306414025,-0.013353703707867384,-0.02294111822187511,-0.0033679276806558986,phone_A
2709,19,20,Standing,-0.16812331193218671,0.14168380508537137,9.748955801046336,-0.015432180192988556,-0.020136202462295895,-0.002087805343350721,phone_A
2710,19,21,Standing,-0.12152076477669593,0.21666017857922804,9.736886812184803,-0.02124628564403982,-0.03216793809901132,-0.012838726826414093,phone_A
2711,19,22,Standing,-0.15206328174909478,0.11159469432982771,9.71888920969407,-0.01872429701628868,-0.02998956028204248,0.000597901004500823,phone_A
2712,19,23,Standing,-0.18706516397283485,0.21145089016728913,9.733952319166558,-0.014798003248735052,-0.04769868567728267,-0.008398540294703067,phone_A
2713,19,0,Laying,7.366179720964199,0.12019736948198184,6.342712621169993,-0.021664938657714086,-0.009844676900154356,0.0039292518044759805,phone_A
2714,19,1,Laying,7.387357622207171,0.11366051601152162,6.375126186502893,-0.02077375364618268,-0.015531543504092514,0.00666739114547848,phone_A
2715,19,2,Laying,7.372862353199554,0.10893982529894575,6.333663349642939,-0.018247497248207813,-0.008486028507533626,-0.0033067307708284305,phone_A
2716,19,3,Laying,7.357105603078459,0.0866240117187624,6.340689946085328,-0.016748006689716044,-0.016512582658800554,0.003149517937091886,phone_A
2717,19,4,Laying,7.409023352401442,0.16372493804726587,6.349363892626633,-0.015301993251338443,-0.011475894310575975,-0.0019604453132801335,phone_A
2718,19,5,Laying,7.342426389788963,0.14775783148306887,6.281274599035552,-0.015594392554817703,-0.006709265576311301,-0.009391511261786667,phone_A
2719,19,6,Laying,7.345065660920694,0.12934426357557366,6.369200753346397,-0.021668989467045173,-0.020189941555332373,-0.009906764791960577,phone_A
2720,19,7,Laying,7.310756457762631,0.07764739945308358,6.306025062400086,-0.006563293683908741,-0.01432258783091711,-0.003936098872818056,phone_A
2721,19,8,Laying,7.323426551580765,0.13003749073682305,6.376356590733252,-0.019322373371069766,-0.0025720607024851544,-0.0018155404800002462,phone_A
2722,19,9,Laying,7.345850060440954,0.12418312237938811,6.338371833056525,-0.002859678739139202,-0.01027039779822378,-0.0006174238996618231,phone_A
2723,19,10,Laying,7.33300748787573,0.1352267196506684,6.303860855329341,-0.01332735191570074,0.003437106749545029,-0.018735735908724443,phone_A
2724,19,11,Laying,7.347495545974067,0.12119877599057559,6.3212821765874985,-0.01516096790071943,-0.013783664023449087,-0.0050540355677801165,phone_A
2725,19,12,Laying,7.345347799130923,0.10246464240081463,6.376777380921768,-0.015371922670808773,-0.011381595505490678,-0.007372916388819992,phone_A
2726,19,13,Laying,7.361272012350898,0.13332605940433562,6.335964711574903,-0.019923515946041238,-0.019777399524502005,0.006955982891686115,phone_A
2727,19,14,Laying,7.317019538688079,0.13143337867384508,6.301166185471948,-0.007582766485725429,-0.019840629228611063,-0.008728647760132664,phone_A
2728,19,15,Laying,7.316482657084874,0.10207328847772579,6.3342352382219556,-0.01306450496979368,-0.02274697215774114,-0.0028922477685435614,phone_A
2729,19,16,Laying,7.3039144443873525,0.1325997589314864,6.344163560499623,-0.013446749814253386,-0.014993425118474256,0.008026054432822666,phone_A
2730,19,17,Laying,7.3268025608320295,0.09358047446919386,6.33738199368295,-0.019896158853348028,-0.018326595298017792,-0.005830362490629369,phone_A
2731,19,18,Laying,7.311471597572173,0.11169295763759605,6.3448503692245835,-0.006238756236338024,-0.011937331899695702,4.3807242542574006e-05,phone_A
2732,19,19,Laying,7.320886269951912,0.0598381893986131,6.331036651690528,-0.0262971592883655,-0.029456748091025574,-0.0026709633386572023,phone_A
2733,19,20,Laying,7.332297086091231,0.10842393883951787,6.359767641663925,-0.009573384849209934,-0.0198246241257428,0.006900910194526917,phone_A
2734,19,21,Laying,7.3632089957642535,0.1335088198024294,6.30157538695909,-0.015349480071357386,-0.027408982188010463,-0.0013774253575383568,phone_A
2735,19,22,Laying,7.296277224964274,0.11353611168002825,6.3270934690790765,-0.02362967080393706,-0.02669922278986905,-0.0038606223493736296,phone_A
2736,19,23,Laying,7.319714215361824,0.11055580526267249,6.313482153882675,-0.015622513824811578,-0.02818838958471423,-0.003715957567593416,phone_A
2737,20,0,Walking,0.3804211088425774,-0.6370874204804743,9.487887389763477,-0.3827348243511922,0.1435721759577971,-0.08579825983934068,phone_B
2738,20,1,Walking,-0.5123053688071567,-0.4816447372361581,9.310883949478091,-0.34864867894585894,-0.056547611512720246,-0.07441075568499786,phone_B
2739,20,2,Walking,-0.9294516667979914,-0.28005837778994974,9.29382840721802,-0.2112845135572812,-0.13140272309194667,0.007027838215493394,phone_B
2740,20,3,Walking,-1.2789404741815267,0.0786744170926744,9.501004682988496,0.03748405324964807,-0.2078491150756743,0.049051894897051196,phone_B
2741,20,4,Walking,-1.1498832062204718,0.4700816752773406,9.23321988541501,0.2938488367751913,-0.19158466822239753,0.13825935508708656,phone_B
2742,20,5,Walking,-0.5151088825513581,1.0509873049011182,9.860310659895179,0.47489959124072306,-0.02998273868578031,0.19099748864117203,phone_B
2743,20,6,Walking,0.3120167983419781,0.9377575880131549,10.090978395046148,0.4425089761485065,0.17545725126326991,0.18722010953777987,phone_B
2744,20,7,Walking,0.997131707575388,0.5527440811993533,10.258367342860582,0.3836513911611226,0.289485305696995,0.053034304934119085,phone_B
2745,20,8,Walking,1.6704031548158835,0.17738273429817591,10.121045072650862,0.13877456168278093,0.367714199603464,-0.009121100436860347,phone_B
2746,20,9,Walking,1.555891851972319,-0.1468866112399915,10.141299585946788,-0.08481179881924861,0.3651661889246451,-0.08383158578492557,phone_B
2747,20,10,Walking,1.0740901816257724,-0.43340996335077125,9.90914326645256,-0.2672857905245292,0.3020030452902814,-0.14919178831644314,phone_B
2748,20,11,Walking,0.3614947096633257,-0.483024944605145,9.421325413720725,-0.37332841000824185,0.15243665736363973,-0.09494401156169578,phone_B
2749,20,12,Walking,-0.3749140540775584,-0.617218402380141,9.51974768815974,-0.3776308007380632,-0.040656015117319984,-0.12338961216592301,phone_B
2750,20,13,Walking,-0.8956959416580179,-0.2978923738652582,9.296377433004478,-0.19646433270131278,-0.13313736283857683,0.009591001496467848,phone_B
2751,20,14,Walking,-1.4422034653700786,-0.3063848866160126,9.504136725343052,0.011722703114919006,-0.201580156884091,0.09330913995760419,phone_B
2752,20,15,Walking,-1.018708973267208,0.713614960127706,9.751954783351371,0.32207897554839676,-0.1444028605562996,0.1746058323615993,phone_B
2753,20,16,Walking,-0.5990059758476967,0.6617796379401208,10.09915109229117,0.45555622639041643,-0.028538135936073426,0.15491303979369053,phone_B
2754,20,17,Walking,0.28570756605652486,0.6158202423120323,9.938948713901015,0.503675456216421,0.11605338283284583,0.1789472077872385,phone_B
2755,20,18,Walking,0.7708638144719951,0.8327264740572639,10.253364304560025,0.4772104010344661,0.27903759724613697,0.08203722329243576,phone_B
2756,20,19,Walking,1.2217161659453062,0.6174182206957914,10.20691984725405,0.21797902580648612,0.32205507452265275,-0.012223313414688127,phone_B
2757,20,20,Walking,1.5152897665345613,-0.004454166342870415,9.787644168020163,-0.015872061223304694,0.3373117793334259,-0.03573283264256555,phone_B
2758,20,21,Walking,1.1024971968163835,-0.49806988682471875,9.963551713100806,-0.24534405877666948,0.3320614139971432,-0.12127468282594571,phone_B
2759,20,22,Walking,0.4175292398310824,-0.699800979550262,9.675525723481071,-0.33723305224141964,0.14138349714040763,-0.11713510251505144,phone_B
2760,20,23,Walking,-0.48526529387991174,-0.8947923315519335,9.506314974935133,-0.3598543104074192,-0.016045033154418596,-0.13399670616916634,phone_B
2761,20,0,Walking Upstairs,-1.1838333108946102,-0.41870283057374263,9.427461659303367,-0.24734648399890966,-0.13077870023661028,0.0224803604659264,phone_B
2762,20,1,Walking Upstairs,-1.6355489763704507,0.3906689793725553,9.812234289315896,0.13517987201493858,-0.21531362268031193,0.19227634710519945,phone_B
2763,20,2,Walking Upstairs,-1.242690578939607,1.1728059590284388,10.209427214907873,0.5488851427138632,-0.12765665206212723,0.28858702438360867,phone_B
2764,20,3,Walking Upstairs,-0.10240360853637337,1.1083347020324028,10.376232849233622,0.7768991221467773,0.12378305014650998,0.25833429824419746,phone_B
2765,20,4,Walking Upstairs,1.0429356920277715,1.4115205086896998,10.660940692314718,0.6699461413375689,0.3929729684690834,0.19882113820313324,phone_B
2766,20,5,Walking Upstairs,2.022485587224614,0.6178989742076716,10.723228135894228,0.4201719840222971,0.5412372872684635,0.03662651928030236,phone_B
2767,20,6,Walking Upstairs,1.73963565997984,0.26028426138112826,10.597457892712331,0.018316913644593688,0.596524352476269,-0.06073995450777199,phone_B
2768,20,7,Walking Upstairs,1.3838358709428815,-0.473438022692312,10.401254887964717,-0.36905658923772816,0.4867044392710082,-0.19936163708590066,phone_B
2769,20,8,Walking Upstairs,0.14109143804146265,-0.6692986684049826,9.766467935026622,-0.4711188632937587,0.2307119180712802,-0.11657037585548455,phone_B
2770,20,9,Walking Upstairs,-0.676420816989873,-0.692773561372128,9.427705184261962,-0.36327927507461516,-0.08831607581517359,-0.021546861624908036,phone_B
2771,20,10,Walking Upstairs,-1.3780980139025527,-0.010631452596196994,9.668563873732053,-0.0458870456398949,-0.20608682181822752,0.11912947344924452,phone_B
2772,20,11,Walking Upstairs,-1.2431393882371293,0.7292036265623106,9.763539551598326,0.3958601401867382,-0.2408473952467983,0.22809574338061495,phone_B
2773,20,12,Walking Upstairs,-0.5690608952011594,1.1556095554303418,10.311402120729309,0.6842941174700231,-0.036748648053646096,0.30741170135312706,phone_B
2774,20,13,Walking Upstairs,0.35242707927036193,1.5077680151494801,10.30399108694941,0.7798186255828299,0.2314386469893796,0.24115380249324186,phone_B
2775,20,14,Walking Upstairs,1.5795404085567284,1.084030959964146,10.858307940111613,0.6035656659275476,0.4750101736161134,0.15027896857141856,phone_B
2776,20,15,Walking Upstairs,1.9950522979807637,0.4191948441246373,10.714261955177122,0.2081285690404526,0.6067962159676042,-0.00245974203951761,phone_B
2777,20,16,Walking Upstairs,1.8668173525796707,-0.41152881705958744,10.533093111828178,-0.21488651982736093,0.501830019399194,-0.0855133310521064,phone_B
2778,20,17,Walking Upstairs,1.0230005421613533,-0.591820206114858,10.103609899419258,-0.4779697824315843,0.32481394760604687,-0.15200731022753206,phone_B
2779,20,18,Walking Upstairs,-0.08929074522177022,-0.7548467735594294,9.976311616035073,-0.5027880403014863,0.03818072784969135,-0.16347603535494964,phone_B
2780,20,19,Walking Upstairs,-1.3855484953944655,-0.38986583595130053,9.56258683107185,-0.24061136113697115,-0.1405336887890883,0.02613363337714036,phone_B
2781,20,20,Walking Upstairs,-1.5268056953468752,0.341334151919199,9.625808149218422,0.1796592694830447,-0.25570056954723114,0.15984389338120344,phone_B
2782,20,21,Walking Upstairs,-1.147976990084625,1.1015502241182478,9.995216224289477,0.5390545229425204,-0.13385414144899146,0.2943744868628422,phone_B
2783,20,22,Walking Upstairs,-0.1350850071689279,1.6198693062090652,10.403915469982438,0.7614292149207212,0.08935761317873583,0.29584718142631267,phone_B
2784,20,23,Walking Upstairs,0.9537846050821838,1.326807607197098,10.65990975417687,0.7251753050397154,0.35946721715546537,0.21963855503693203,phone_B
2785,20,0,Walking Downstairs,1.6193204868944064,0.6455935246004653,10.391412399238046,0.4522950866240667,0.24320786469662084,0.018263710100951243,phone_B
2786,20,1,Walking Downstairs,2.185216033121629,-0.36147270801389925,10.024978123102809,-0.09208120309658646,0.3637338761022069,-0.1617357249753103,phone_B
2787,20,2,Walking Downstairs,1.3629079674666513,-1.1874678997411485,9.732541972808908,-0.6140459636460555,0.19305265593933493,-0.2672315114910403,phone_B
2788,20,3,Walking Downstairs,-0.06308908610145551,-1.492500991541441,9.09703915017539,-0.8729830509442493,-0.04969765943206845,-0.3282993561989153,phone_B
2789,20,4,Walking Downstairs,-1.4145799774051637,-1.1840247418891683,8.611558422507203,-0.7553246639734914,-0.4513361602486295,-0.17989671584242417,phone_B
2790,20,5,Walking Downstairs,-2.5092932401520693,-0.4774992252319177,8.530886439797513,-0.21726576227934485,-0.6249851957964229,0.04965356161440547,phone_B
2791,20,6,Walking Downstairs,-1.9885832276170465,0.34408027716162887,8.962420748707062,0.3251849330234545,-0.576949538395488,0.19273354109993088,phone_B
2792,20,7,Walking Downstairs,-0.9269366568798304,1.1989620015057396,9.730223758538504,0.6684643997561713,-0.24639891488512025,0.19220018136095562,phone_B
2793,20,8,Walking Downstairs,0.7919804667844867,0.7307207077912616,10.2081897757074,0.5877176494343127,0.032374540929182495,0.10669313692930577,phone_B
2794,20,9,Walking Downstairs,2.014047732875998,0.3153462624326635,10.087796386844492,0.2339863317319515,0.31278642201800305,-0.047552589228722686,phone_B
2795,20,10,Walking Downstairs,2.08028876495874,-0.7668047289534251,9.699863093766266,-0.3569431247026664,0.3402497009969677,-0.2333993173649772,phone_B
2796,20,11,Walking Downstairs,0.95394334574218,-1.4657406586173147,9.30443474073801,-0.7928021058662117,0.09062140385548997,-0.278532940814459,phone_B
2797,20,12,Walking Downstairs,-0.6998999702570698,-1.5820438454037895,8.890186511799351,-0.8409366081198161,-0.255794078865332,-0.2451885668943129,phone_B
2798,20,13,Walking Downstairs,-2.2094253609529613,-1.2941206030757284,8.798695373174306,-0.5163824428739769,-0.567828632926449,-0.08069296660141209,phone_B
2799,20,14,Walking Downstairs,-2.12206013549585,0.09300809191002118,8.955439957619088,0.01564932849672512,-0.6597721457772421,0.030821083521364326,phone_B
2800,20,15,Walking Downstairs,-1.470707690953981,0.8644226010370573,9.451395163047735,0.5519358374583933,-0.46138404262331695,0.19015454875280066,phone_B
2801,20,16,Walking Downstairs,-0.12891035327002032,0.9886211799546091,9.690107505440817,0.7493149731556674,-0.14535013043040082,0.1791140337126913,phone_B
2802,20,17,Walking Downstairs,1.175016876657745,0.6453418412639392,10.076524059148017,0.45127980641484167,0.19053268220198288,0.04040928901964521,phone_B
2803,20,18,Walking Downstairs,1.9512045496395127,-0.27296553090746617,10.211288010735515,-0.06860163024940165,0.36562321000021486,-0.1636018200438195,phone_B
2804,20,19,Walking Downstairs,1.3863100943870275,-1.1422992737841022,9.858965902064863,-0.6234781923955564,0.23949713377288873,-0.313525788954581,phone_B
2805,20,20,Walking Downstairs,-0.25239582243388237,-1.6742203641562532,9.326407539643666,-0.8721131310576665,-0.04719878205163899,-0.31748896123789033,phone_B
2806,20,21,Walking Downstairs,-1.742715037451717,-1.480204619985778,8.740345884395248,-0.7381153482075007,-0.43805796544135045,-0.2048652323321708,phone_B
2807,20,22,Walking Downstairs,-2.2202245880996667,-0.6238202877623598,8.732601259609634,-0.2570181197201491,-0.6454406510462087,-0.02431118113233236,phone_B
2808,20,23,Walking Downstairs,-2.137674620328553,0.5878980494679644,9.181555554655766,0.3338989313139186,-0.5998452597691923,0.12466113643723128,phone_B
2809,20,0,Sitting,0.16497601593528963,-0.13070107670893902,9.802940189935063,-0.01781571352907466,0.0014449489614092002,-0.0021059070943047157,phone_B
2810,20,1,Sitting,0.12117143329258323,-0.1514320456183103,9.842111877650577,-0.01224774399159945,0.0058628849374820005,-0.009327981657745,phone_B
2811,20,2,Sitting,0.12445578253366842,-0.12920441589861328,9.800459149341123,-0.0009067046146387144,-0.0005038451720860817,-0.0015614283613676243,phone_B
2812,20,3,Sitting,0.1349079111669578,-0.13944889065085433,9.809101847567698,-0.009393008097257387,0.002024646180627254,-0.0014618585821224075,phone_B
2813,20,4,Sitting,0.12440952649323953,-0.1486667977947804,9.847221747546158,-0.005106084980217155,-0.00845526628088503,0.002464151787860554,phone_B
2814,20,5,Sitting,0.11060134005610162,-0.13071560527037274,9.802476761686298,-0.01283110801352287,-0.00661673502067805,-0.010742881920831716,phone_B
2815,20,6,Sitting,0.10600488473385217,-0.1373804734395836,9.793289438183955,-0.008894955106033456,-0.007797145234744677,-0.006418305891264393,phone_B
2816,20,7,Sitting,0.11868538111728485,-0.05776001170206753,9.803974822896347,0.0009075716342096161,-0.005664870299335703,-0.00516292342248886,phone_B
2817,20,8,Sitting,0.12184897494864547,-0.11274987195131511,9.813003303725628,-0.005039755549227552,-0.013562931003346133,-0.003974698296315081,phone_B
2818,20,9,Sitting,0.06354709124512214,-0.07237618209322783,9.862213652513935,0.0007576036997948884,-0.007144676662016786,0.0031258796416532802,phone_B
2819,20,10,Sitting,0.07790380410757689,-0.0829513032181153,9.797959873301238,0.014782957514516292,-0.01272308283160583,0.0028061930428807565,phone_B
2820,20,11,Sitting,0.10508251556521137,-0.04751307480056904,9.796413943832242,0.009371173790482005,-0.008202885310106716,0.0004979021679593673,phone_B
2821,20,12,Sitting,0.11414585161503202,-0.11529272384067588,9.745342577102626,0.010199667529094684,-0.015176530325709599,0.005797554706361453,phone_B
2822,20,13,Sitting,0.11645339365401006,-0.06473639219996785,9.830977282748387,-0.00964000050234817,-0.008744051249354477,-0.002585583380422355,phone_B
2823,20,14,Sitting,0.13639365101629153,-0.07605029700439503,9.827099109195828,0.0049231516496336366,-0.018007206629872034,-0.0024400265397005435,phone_B
2824,20,15,Sitting,0.06224804606070977,-0.1016631430330012,9.776667997372273,-0.0006564999018109398,-0.011838451077768937,0.004022527007147226,phone_B
2825,20,16,Sitting,0.10679719816308665,-0.09545897471150544,9.790978351797394,0.007476308427411934,-0.01738399176637178,0.0010782246450232434,phone_B
2826,20,17,Sitting,0.07026798727474677,-0.061575672110802004,9.802015268613046,0.013034024039650304,-0.006948759930405059,0.004031520521414803,phone_B
2827,20,18,Sitting,0.12936185814976034,-0.12695265429820696,9.805523613214087,0.01877084062076318,-0.008947362978522666,0.01373251614111937,phone_B
2828,20,19,Sitting,0.15342712494481722,-0.064057155923376,9.813315842450406,0.007748045180823512,-0.014499110467673104,0.0007344914830162124,phone_B
2829,20,20,Sitting,0.09776798480308535,-0.09087097150978381,9.831530381347255,0.024986910856697197,-0.005599318048333458,0.001753140970999843,phone_B
2830,20,21,Sitting,0.14006823043406566,-0.05573951412930401,9.822442833183462,0.015450763559712732,-0.011868925827789669,0.008056093037845127,phone_B
2831,20,22,Sitting,0.1206511889060043,-0.07925892340676044,9.806090288617936,0.019113599441145705,-0.007486895804498973,0.0026884334111520357,phone_B
2832,20,23,Sitting,0.09160980156340119,-0.026586802577100388,9.853596884045,0.006501388814333221,-0.0013336792379765611,0.003683831233878819,phone_B
2833,20,0,Standing,0.0950590585752376,0.21389320738211293,9.85492202411886,0.015498518532290492,0.009048364089790418,-0.022728863053950707,phone_B
2834,20,1,Standing,0.08675056703511522,0.19745811095185192,9.806232074984134,0.009181511222099781,0.013506890748690856,-0.015484126686536795,phone_B
2835,20,2,Standing,0.08868507372475981,0.1609052902738026,9.817255523818675,0.023572289751114972,0.007497573326947738,-0.009994870102529274,phone_B
2836,20,3,Standing,0.03145843638051293,0.14336184228320434,9.822770347631211,0.009639169743900347,0.013504969695616249,-0.016662270768809172,phone_B
2837,20,4,Standing,0.045484874432171654,0.11256235619482388,9.830661634865095,0.0033583801267660866,0.01637785018639557,-0.01591849007716184,phone_B
2838,20,5,Standing,0.0413894786275454,0.16171964145070716,9.835978882728526,0.007447349785149443,0.014439760704302584,-0.008275732601416187,phone_B
2839,20,6,Standing,0.02860459975135821,0.12066919154596713,9.835726281501065,0.0015293954493162424,0.008660301683730692,-0.02339883156184243,phone_B
2840,20,7,Standing,0.025835630817271506,0.10260221014059538,9.844265485502316,-0.0012083518042438623,0.0037894862228281664,-0.02395106100429847,phone_B
2841,20,8,Standing,0.002635300010001583,0.10053137165629515,9.79223583553931,-0.001039536178039955,0.00037551930466377635,-0.004327231270030384,phone_B
2842,20,9,Standing,-0.010993862906283756,0.07486160805595302,9.833865089649471,-0.001454607006041858,0.0027044056561983717,-0.01597867674276277,phone_B
2843,20,10,Standing,0.012700293512048403,0.10995244315357917,9.754560601992347,-0.025606382037934024,-0.0037830030211880583,-0.007388394073695528,phone_B
2844,20,11,Standing,0.038442152909361295,0.09733948730116695,9.758456188514973,-0.010039309506628551,0.0012994286972288051,-0.014515862093323898,phone_B
2845,20,12,Standing,-0.08189825531898937,0.18111604039191648,9.806322610801871,-0.013537697403888055,-0.008340162653849547,-0.011849407062263725,phone_B
2846,20,13,Standing,-0.017286935864391895,0.1037191858798307,9.785300384129412,-0.013310571725792555,-0.004355439026632116,-0.012890519837018886,phone_B
2847,20,14,Standing,-0.032075805609486585,0.10889768625007566,9.804770970212926,-0.022138469274558193,-0.014300637847606969,-0.0163935177337914,phone_B
2848,20,15,Standing,-0.06979730541140394,0.09289621666645045,9.798573649038467,-0.013010005652848317,-0.023211582436699144,-0.018234250440243842,phone_B
2849,20,16,Standing,-0.06076308381864823,0.10591075073500202,9.777077978150013,-0.008474292497677303,-0.015735597195026742,-0.021841261370998594,phone_B
2850,20,17,Standing,-0.08355428434257728,0.09239404832738321,9.753251371638324,-0.006031756552412458,-0.01505549657639911,-0.008587528927913783,phone_B
2851,20,18,Standing,-0.0919578417987016,0.14960412161247885,9.774840636452613,-0.008030994611995898,-0.016317523231762193,-0.016308291150304813,phone_B
2852,20,19,Standing,-0.1443059174255794,0.10149853698399616,9.774814082595904,-0.006434040037896322,-0.023066434653581526,-0.01595199340216724,phone_B
2853,20,20,Standing,-0.14900385318570986,0.15783951150292416,9.749528405167062,-0.007410404877983081,-0.028405591797872422,-0.0018548750460000343,phone_B
2854,20,21,Standing,-0.08578250877819944,0.10430432743447049,9.782944524997637,-0.00335349585368132,-0.02996598521071645,-0.009584484904543618,phone_B
2855,20,22,Standing,-0.13420060916421517,0.10236915511702614,9.772857272030148,-0.0012176392520919343,-0.02429994958433613,-0.004482907155111244,phone_B
2856,20,23,Standing,-0.10671822225509152,0.09170259829644317,9.731930461412743,0.006320723089210885,-0.03710558398541851,-0.002313274805232315,phone_B
2857,20,0,Laying,7.387002050432441,0.17736505322286908,6.380015845941731,0.003968320756409937,-0.000110696173706612,0.014665715429116943,phone_B
2858,20,1,Laying,7.457762800732057,0.15040596311394316,6.327525380186957,0.0181049672000284,0.004686889398679962,0.0027636841207498517,phone_B
2859,20,2,Laying,7.415226787451791,0.11889248572137402,6.371941005672861,0.000965469545688151,-0.010263408506960692,0.003987975450747809,phone_B
2860,20,3,Laying,7.3814391120639264,0.10865732397731345,6.351146114261708,0.018267937119784163,-0.004735270251449103,0.004513062419674284,phone_B
2861,20,4,Laying,7.410255467852986,0.13381773951349635,6.398629127850793,0.010721594141653829,0.007708414951445598,0.010932385471935334,phone_B
2862,20,5,Laying,7.38454559010829,0.1363190124928472,6.370834801565191,0.020595798037533176,0.0030800109958024815,-0.0036989350258252937,phone_B
2863,20,6,Laying,7.405923649826396,0.09172285944993985,6.362252942672072,0.026052368179891122,-0.011607420435466894,-0.005176814236952856,phone_B
2864,20,7,Laying,7.402098850489989,0.18033133696060527,6.375839433650418,0.006204153404311807,-0.012802689538827348,0.005062468038918706,phone_B
2865,20,8,Laying,7.368735107037035,0.14999657151761273,6.373621304632225,0.014973457615759187,0.008593905332677997,0.008059419186981692,phone_B
2866,20,9,Laying,7.430185304817884,0.17044960537580273,6.365981996324388,0.017002013346381614,-0.0036604993198374124,0.00862701534131452,phone_B
2867,20,10,Laying,7.385354210941795,0.1913364734034071,6.352092792699012,0.01968822381825909,-0.0028198120891247684,0.0018425343512570593,phone_B
2868,20,11,Laying,7.457674447452913,0.13792809893497343,6.364118234145687,0.014624714079064217,-0.0007609745814079112,0.003929439684232637,phone_B
2869,20,12,Laying,7.377167621030472,0.13890569723713106,6.3879640010733,0.024954582678992514,-0.0004174213085592753,0.004864343761170325,phone_B
2870,20,13,Laying,7.397934023961895,0.13747971099778644,6.350704732822992,0.009610507767300392,-0.004323617166504668,0.009890962559607568,phone_B
2871,20,14,Laying,7.398181188402871,0.14183025205163866,6.365513638302784,0.026550640166907363,-0.00522105474148488,0.006068506024353706,phone_B
2872,20,15,Laying,7.408931360524436,0.1525320344313095,6.381698602723572,0.019531327211504558,0.005570222474955915,0.004153587199723349,phone_B
2873,20,16,Laying,7.456118405696642,0.1522114019312983,6.3339225242753985,0.023097861614714593,0.003631167485936361,0.004430922147581991,phone_B
2874,20,17,Laying,7.407896132125027,0.09841127187762047,6.328735686927911,0.029206318313433476,-0.0017653241755792473,0.009919678475079765,phone_B
2875,20,18,Laying,7.376192273376581,0.12519404791526575,6.395246649771119,0.01873282380436397,0.00544436702296224,0.003918491182847522,phone_B
2876,20,19,Laying,7.4129610872938985,0.1343643809716228,6.349278702647695,0.027764029169907556,0.012093413924423126,-0.002373294748132633,phone_B
2877,20,20,Laying,7.392433596339225,0.14258233417168206,6.388460209607296,0.01823026800064434,0.006157351552963847,0.003406685292356053,phone_B
2878,20,21,Laying,7.419046209120311,0.21142622907660244,6.367610418518585,0.029107637982868043,0.012310513009348519,0.006554963621892633,phone_B
2879,20,22,Laying,7.375624665676447,0.1516101015874034,6.368633140243886,0.0193088218758557,-0.0022819726682782975,0.007881522874269745,phone_B
2880,20,23,Laying,7.4502539784318405,0.17973107098709856,6.37267320702616,0.01272576684706092,0.006668764376468551,0.013679756619125166,phone_B
2881,21,0,Walking,-0.5921813541239427,0.9092532032265712,9.823897951969974,0.4130046085506184,-0.08913714534426294,0.16921878702354917,phone_A
2882,21,1,Walking,0.10218730616086186,0.9139435746008122,9.97546388380168,0.5183876989839333,0.12572213718740163,0.19221417162459956,phone_A
2883,21,2,Walking,0.6884898625786562,0.6972187984881857,10.035793636018994,0.4190273530966581,0.24904204685570552,0.08682536509719885,phone_A
2884,21,3,Walking,1.3049707347863464,0.549557295357587,9.930813397978179,0.28141843663567684,0.3616490915648476,0.0452748586350445,phone_A
2885,21,4,Walking,1.3663301850942022,0.11736920577423436,10.01183589245117,-0.00499599770365719,0.3763930476517703,-0.02379889741588076,phone_A
2886,21,5,Walking,0.9211087261474747,-0.24067321154468413,9.841358143349204,-0.2785873707950245,0.35820900778196546,-0.07251310353756707,phone_A
2887,21,6,Walking,0.18985208923116892,-0.5708764103915732,9.710681266561927,-0.3756760950866072,0.205558704972905,-0.09925353125923189,phone_A
2888,21,7,Walking,-0.3106281768315657,-0.3168358193254564,9.571530934119501,-0.3943777928912522,-0.013531204718966983,-0.06703181573972818,phone_A
2889,21,8,Walking,-1.0952889449357806,-0.3983832119549605,9.349646894841058,-0.24120967633276377,-0.1454912120999763,-0.060700292071426944,phone_A
2890,21,9,Walking,-1.1901191910981648,0.007007931741193366,9.651382282095788,-0.014829167724536938,-0.17956763489551036,0.07294544989370817,phone_A
2891,21,10,Walking,-1.070379424126064,0.5665869256705025,9.569587768254607,0.2538703274347719,-0.12737367993586368,0.1235408541246752,phone_A
2892,21,11,Walking,-0.6321603243700451,0.8401832382990617,9.795040032170235,0.42034327944862115,-0.1361877091283224,0.16379195748758618,phone_A
2893,21,12,Walking,0.13641203269873087,0.8850229500799348,10.03826751331736,0.5003992972969009,0.07240081121281536,0.18336171304675786,phone_A
2894,21,13,Walking,0.8539432334910284,0.9143635048934862,10.183371783273586,0.4373522138829837,0.1980187145812186,0.09910761791058376,phone_A
2895,21,14,Walking,1.087882625727734,0.6160130294992021,10.201356617055776,0.272009971074095,0.36540376178626094,0.05276605614448759,phone_A
2896,21,15,Walking,1.2581527281945952,0.08537138982246498,9.844939019988544,-0.007343854627345735,0.4242114474878432,-0.027025614723546865,phone_A
2897,21,16,Walking,1.2359946033175107,-0.3378127339991706,9.729603538279534,-0.22675239365282882,0.34925245540377253,-0.10414794038052426,phone_A
2898,21,17,Walking,0.3322002908654419,-0.5642214497612551,9.418181309015957,-0.35799899352182424,0.16829525826947753,-0.16343211997932539,phone_A
2899,21,18,Walking,-0.15921093579871354,-0.5356795963598298,9.502051208224614,-0.33795286658699647,0.034385633400222756,-0.12011132673190364,phone_A
2900,21,19,Walking,-0.8779121568162456,-0.42033378193931675,9.534048642044834,-0.2637708897942945,-0.11831713867642077,-0.07284136575477185,phone_A
2901,21,20,Walking,-1.3061140375974027,-0.0006248989329395117,9.277180642507448,-0.055758885950044065,-0.19690561211896968,0.047728958243299265,phone_A
2902,21,21,Walking,-1.430381215437993,0.4187157066222596,9.466527030238218,0.2051397709881448,-0.19440104212767215,0.11323593479712082,phone_A
2903,21,22,Walking,-0.8530154902672716,0.8195215647822423,9.827234077866965,0.40974158026531277,-0.06196404260174221,0.1950481170659464,phone_A
2904,21,23,Walking,0.10826685947863555,1.1381524044531577,10.095760832349923,0.46533200244296447,0.07455934628303884,0.1944243540048596,phone_A
2905,21,0,Walking Upstairs,1.9498223584198557,0.5820615187115022,10.658433300037201,0.23662576223207182,0.5479495253222454,-0.025426229736672294,phone_A
2906,21,1,Walking Upstairs,1.5762076746838627,-0.17567614557264294,10.652183820939506,-0.22205371244610772,0.5298632307058384,-0.11290882291553114,phone_A
2907,21,2,Walking Upstairs,0.8846666712337606,-0.6060191710479139,10.056038557028064,-0.51207765707019,0.32612796224405505,-0.15060205026025975,phone_A
2908,21,3,Walking Upstairs,-0.15528416641463705,-0.5199790584138605,9.730947504263293,-0.4973232129665412,0.08827045614386372,-0.1306892167249689,phone_A
2909,21,4,Walking Upstairs,-1.2897348961793094,-0.27472482586880037,9.406265001043723,-0.25019750624198567,-0.11464113892416225,-0.006806886499316579,phone_A
2910,21,5,Walking Upstairs,-1.4920125995349913,0.3481004158473817,9.547858978271833,0.19481390618855438,-0.23943270542449194,0.1259574919532456,phone_A
2911,21,6,Walking Upstairs,-1.0944858639036807,1.119665854461168,10.056096072896574,0.5857288885282611,-0.13958761334372544,0.2490150674793176,phone_A
2912,21,7,Walking Upstairs,0.07361197384434881,1.5658771864739054,10.445316666756806,0.7370700038198923,0.13038939881707873,0.3033381186374265,phone_A
2913,21,8,Walking Upstairs,1.0609063711544686,1.2971249614165195,10.645826251571764,0.7422898721654414,0.3321389072278179,0.18899063532393628,phone_A
2914,21,9,Walking Upstairs,1.791395871751408,0.8165837449290777,10.706214739871008,0.4287400577072349,0.5551501794544006,0.07334981308566593,phone_A
2915,21,10,Walking Upstairs,2.0517626921153096,0.23420603421568925,10.341232791044547,0.014055516758969943,0.5566859054986439,-0.08173634217947257,phone_A
2916,21,11,Walking Upstairs,1.470682779404185,-0.4648637751748003,10.265533918376576,-0.3726815051745619,0.4392922698262827,-0.12043121913683444,phone_A
2917,21,12,Walking Upstairs,0.4326897479112554,-0.6851212091884868,9.924388457919116,-0.5507823841389141,0.26042628016385916,-0.18243352929091644,phone_A
2918,21,13,Walking Upstairs,-0.7600721007290685,-0.5602717126681585,9.560188601320172,-0.42899777133729977,-0.06243003536081291,-0.032147430150415914,phone_A
2919,21,14,Walking Upstairs,-1.608226945704454,0.1665979947764648,9.660058918952208,-0.08770356162188404,-0.18315771893661098,0.07836876745063423,phone_A
2920,21,15,Walking Upstairs,-1.5648392950396874,0.6300856597429594,9.876373270743244,0.3578523305712162,-0.18354615435437852,0.20697853287410514,phone_A
2921,21,16,Walking Upstairs,-0.7166588144158137,1.2731617315556636,9.945505452903614,0.6700569199834259,-0.012332511729127204,0.28675744252832597,phone_A
2922,21,17,Walking Upstairs,0.6552560515623839,1.3505230464764082,10.425152381051284,0.7657124779249547,0.23331477172881737,0.21102320479778588,phone_A
2923,21,18,Walking Upstairs,1.5728118186636681,1.2005983392005772,10.4448143225584,0.5820368890276804,0.442013709594099,0.13701953530545297,phone_A
2924,21,19,Walking Upstairs,1.8743758979222591,0.5873805823291821,10.868826416921184,0.21732062336077984,0.527011519188476,0.007854885459307468,phone_A
2925,21,20,Walking Upstairs,1.7986738198490946,-0.2953222924472545,10.439247930683724,-0.18132464229695247,0.5169687808695446,-0.16349076272639154,phone_A
2926,21,21,Walking Upstairs,0.7096941859329181,-0.7169470293701431,10.008051801734307,-0.496229462692021,0.32305781665922095,-0.15511812442183534,phone_A
2927,21,22,Walking Upstairs,-0.15679679418411005,-0.661326957405381,9.800416844541155,-0.5282267128190169,0.054235716010497786,-0.13340678209510928,phone_A
2928,21,23,Walking Upstairs,-1.2509379479765894,-0.5337609071329921,9.494617619559472,-0.249209769061382,-0.1134113441594039,0.01708263969362895,phone_A
2929,21,0,Walking Downstairs,-2.216895161397589,-0.2618442146144204,8.648659244854095,-0.021620005895408856,-0.6428905706637066,0.053759346819619566,phone_A
2930,21,1,Walking Downstairs,-1.6525431700823288,0.6626839746144176,9.108720229608423,0.4516690183236181,-0.4828172183223129,0.20378999553029975,phone_A
2931,21,2,Walking Downstairs,-0.07172451371599434,1.0418768560681666,9.683117889697973,0.7316859938428506,-0.13325114624820616,0.2004523568097646,phone_A
2932,21,3,Walking Downstairs,1.0541337664852728,0.6639278615234186,9.904236570985448,0.5025528313788139,0.16921493308125599,0.10611228765811581,phone_A
2933,21,4,Walking Downstairs,1.7996200021810316,-0.20586418016307317,10.009014732546751,0.00522891541215436,0.28695804940850833,-0.1690039275355664,phone_A
2934,21,5,Walking Downstairs,1.5659906740260812,-0.8130539465140845,9.819894511345305,-0.5777237419529381,0.258604519238358,-0.2992630177250658,phone_A
2935,21,6,Walking Downstairs,0.3491162376058907,-1.309559046703574,9.223721186639999,-0.8863653443540571,-0.05911342795073917,-0.31239502579975686,phone_A
2936,21,7,Walking Downstairs,-1.1298751904017301,-1.3968483361471287,8.471687747725685,-0.8059043680645708,-0.40164874837622966,-0.25608712251001664,phone_A
2937,21,8,Walking Downstairs,-2.2637536396499103,-0.5575581571957946,8.865853761213852,-0.38067044215480905,-0.6027801879740631,-0.001173459623274739,phone_A
2938,21,9,Walking Downstairs,-2.1339298797186546,0.1973209989427384,8.828998071675189,0.23132484621673383,-0.5971265713376666,0.13259911004117633,phone_A
2939,21,10,Walking Downstairs,-0.9042654311496772,0.9247440896343463,9.241087491428072,0.626184028177393,-0.32895997034194857,0.22425222041271875,phone_A
2940,21,11,Walking Downstairs,0.5674855306038711,1.184165692782738,9.77713928002773,0.6409174901937352,0.0582597043841564,0.0968341184612551,phone_A
2941,21,12,Walking Downstairs,1.730970553910693,0.5450748540710872,10.199749450028891,0.29430068310532637,0.31177730584792684,-0.05220881630620358,phone_A
2942,21,13,Walking Downstairs,2.10551356849429,-0.6767861397796973,9.686396709603668,-0.28504879119399734,0.3285246951945369,-0.2060610767946689,phone_A
2943,21,14,Walking Downstairs,1.0831505677829878,-1.0884033498303864,9.39069475570899,-0.7834384076955451,0.151109120143614,-0.33355169609969276,phone_A
2944,21,15,Walking Downstairs,-0.4073356025389527,-1.5011874597635593,8.900686102582046,-0.9399783481695536,-0.2739746240845397,-0.3154367147993375,phone_A
2945,21,16,Walking Downstairs,-1.6885972775625258,-1.1841768668565331,8.70613518096132,-0.6268669109470772,-0.5376102627723618,-0.12592752266497959,phone_A
2946,21,17,Walking Downstairs,-2.1955843018876164,-0.08486671030151803,8.803804854533409,-0.029853500329441576,-0.6598821439265236,0.09350493070945391,phone_A
2947,21,18,Walking Downstairs,-1.6353677978385044,0.8078369033224919,9.179486356694115,0.4536000764608855,-0.5182265398327548,0.176960527133107,phone_A
2948,21,19,Walking Downstairs,-0.3983126906320122,1.120011593579078,9.68294160974566,0.7060508045214331,-0.15354458076843597,0.17185286377113088,phone_A
2949,21,20,Walking Downstairs,1.0843437945924421,0.7471301332923763,9.934597388616673,0.4877659681609523,0.21832943736496627,0.03145416028919382,phone_A
2950,21,21,Walking Downstairs,2.226534492649762,-0.011586260763472057,10.103032242199575,0.026364096057912022,0.36605459223584796,-0.0800449309826615,phone_A
2951,21,22,Walking Downstairs,1.4875256091087692,-0.9778055323179853,9.501570007227132,-0.5994623358622385,0.250837959919692,-0.22931765300572504,phone_A
2952,21,23,Walking Downstairs,0.2860194611798001,-1.2504512469975104,9.333877483932318,-0.8079870150250801,0.017147189075637698,-0.2544053934781622,phone_A
2953,21,0,Sitting,0.10322325890027406,0.0009862195033270007,9.788519589652847,0.0028020848740773615,-0.004382778354919699,0.0025236631620766275,phone_A
2954,21,1,Sitting,0.0648004382485744,0.006358724684893855,9.773057276300985,-0.0003164479836064451,-0.009320895343804004,0.0035958587463146056,phone_A
2955,21,2,Sitting,0.12905671209431255,-0.003371375262266158,9.821343731054741,0.005725697547759733,-0.008479398576632229,0.007247021270662208,phone_A
2956,21,3,Sitting,0.07140539424039952,0.012632133756159002,9.815600991993449,0.011652597300870864,-0.015463646312404756,-0.0023912614707673127,phone_A
2957,21,4,Sitting,0.09297731607303819,0.042013078504657526,9.80200552074008,0.0022171968940641277,-0.01539282901193452,0.002996926624374962,phone_A
2958,21,5,Sitting,0.090605130147122,0.03381672314347132,9.823962717198407,0.0016566709235092862,-0.001407163550890181,0.011334635878136564,phone_A
2959,21,6,Sitting,0.08317403581892936,0.01115533893447172,9.809382318191794,0.009952324110977623,-0.015371369424217688,0.008495380749775816,phone_A
2960,21,7,Sitting,0.1321006710905526,0.05534253831656684,9.786385836391588,0.006636868627795533,-0.005479325404412501,0.00968101744544315,phone_A
2961,21,8,Sitting,0.12238157915313551,0.03332357150447643,9.777237007370346,0.013141457278499528,-0.007738895551079906,0.007245008871090767,phone_A
2962,21,9,Sitting,0.16662946083063468,-0.01463027052079409,9.800644355215184,0.0038720345503569925,-0.0013739491257489986,0.014510498550597991,phone_A
2963,21,10,Sitting,0.13232988756103622,0.01925156303357517,9.843094827022705,0.01416664127355343,0.0036648867249862212,0.012572816837213278,phone_A
2964,21,11,Sitting,0.060502649161705696,0.02181876389567124,9.7851620948388,0.007771494180901548,0.008675044449990928,0.006036322408095542,phone_A
2965,21,12,Sitting,0.1841771389121192,-0.010177991863572489,9.78721309202868,0.017781843970075963,-0.0011071326246758178,0.010076690628533402,phone_A
2966,21,13,Sitting,0.13861620109967987,0.02243337341475383,9.80883807434472,0.014638782026264405,0.005931160654531308,0.017810841451323143,phone_A
2967,21,14,Sitting,0.14100053941007337,0.016839144828503162,9.80545657287919,0.02262616122199155,0.0073831505707268475,-0.0034336306355006157,phone_A
2968,21,15,Sitting,0.10217475560785692,0.006305533474935319,9.826268117083432,0.013742313423959877,0.00750222759513669,0.006689859591803252,phone_A
2969,21,16,Sitting,0.19039869035970647,0.046428874982523904,9.824360190535204,0.02084005046075963,-0.00430226908745011,0.006961055583595659,phone_A
2970,21,17,Sitting,0.16360346266157205,0.0419379187841264,9.781346091906936,0.012319502114278567,0.009169541519832541,0.010012164431702194,phone_A
2971,21,18,Sitting,0.19448432894462434,0.045378835122744904,9.824395604472032,0.017735296439032523,0.006724951903372521,0.0076582145644816,phone_A
2972,21,19,Sitting,0.1893007996141925,0.024359522331333094,9.836534629787034,0.019147609086686907,0.013356037369194412,0.013759763684599278,phone_A
2973,21,20,Sitting,0.23214747789309548,0.041917957016236906,9.817387656413933,0.016037674145364136,0.013022341099643665,0.009576921982922391,phone_A
2974,21,21,Sitting,0.21569529975237195,-0.019196350988690943,9.868059104930312,0.02355143972608853,0.014713760362113686,0.008944012162573116,phone_A
2975,21,22,Sitting,0.17651346356623426,0.021344031824990943,9.848805273706258,0.015630871198080876,0.016688267306583744,0.008608086912012543,phone_A
2976,21,23,Sitting,0.20907398205356995,0.03886007294627901,9.806734148394428,0.016106017784649432,0.024530440863133024,0.004110067285189927,phone_A
2977,21,0,Standing,0.030225135057258132,0.25771200262034516,9.788909002547163,0.01849190697133172,0.029857601704848073,-0.005402666712751437,phone_A
2978,21,1,Standing,0.08338872509386867,0.2909629394767262,9.801831027603946,0.00771054125327211,0.02465510196422549,-0.01145278705769031,phone_A
2979,21,2,Standing,0.05661210576105317,0.2944772438543669,9.787425841159996,0.008758848684295153,0.023333106136627344,-0.008903202178457584,phone_A
2980,21,3,Standing,0.05794438141078902,0.2760086063558397,9.810627372198297,0.00462688124576197,0.02943128778915708,-0.011094699783139568,phone_A
2981,21,4,Standing,0.0235869225943764,0.2678678386975785,9.796688746649732,0.002529341731638801,0.014591336710997455,-0.00836192881335285,phone_A
2982,21,5,Standing,0.018538644926685256,0.21700227304966282,9.773235290314252,-0.011192080697990978,0.016397118110495365,-0.025669376604101807,phone_A
2983,21,6,Standing,0.01205782130599765,0.22710198038141294,9.79399851488073,-0.01532145783837472,0.020276449969032377,-0.018260667593108397,phone_A
2984,21,7,Standing,0.05314840734538928,0.19726174547221428,9.772817919332848,-0.012193556961268105,0.03085736137589069,-0.0184798922064836,phone_A
2985,21,8,Standing,0.033829654172943424,0.2128655261381288,9.752343148388293,-0.02377075245881662,0.010160196010930937,-0.010148033932459664,phone_A
2986,21,9,Standing,0.011788171668057937,0.1813821261119554,9.79450337605656,-0.021357589163164624,0.01127739561307254,-0.024398232064559388,phone_A
2987,21,10,Standing,0.019729538829650235,0.1874503374959848,9.786882797665264,-0.025433735137801214,0.00850192808287482,-0.023421651149158146,phone_A
2988,21,11,Standing,-0.003762872588282928,0.21410045971955624,9.754222664083738,-0.028504055842585665,0.003243536041187098,-0.02567219191185226,phone_A
2989,21,12,Standing,-0.03990877810528758,0.19001998617549828,9.721375738193151,-0.019863482359516602,0.005001205011151651,-0.019268223299313006,phone_A
2990,21,13,Standing,-0.012197815866878282,0.14688580976020923,9.773946380325656,-0.027021732565913354,-6.322968408901258e-05,-0.018999777157131675,phone_A
2991,21,14,Standing,-0.011349479154919719,0.1819482041297408,9.682931957753478,-0.022052573607512407,-0.010888773567598969,-0.017721608434404196,phone_A
2992,21,15,Standing,-0.0422037724099781,0.1584971714547465,9.756754706427923,-0.019647001490820232,-0.007790287233860409,-0.02005940780250211,phone_A
2993,21,16,Standing,-0.05138830557568615,0.12863115102588432,9.728331252097355,-0.015906809194349877,-0.014934707085224614,-0.016594931728090623,phone_A
2994,21,17,Standing,-0.07623003928277458,0.21824717674972766,9.72314043651175,-0.026540006503701696,-0.014814856317057815,-0.013686359949173551,phone_A
2995,21,18,Standing,-0.06541354695613118,0.1478154491279772,9.757990402803577,-0.021342710084532143,-0.006205172230706765,-0.01474343519468363,phone_A
2996,21,19,Standing,-0.076515290043001,0.16741114778051616,9.766793872978896,-0.021229901203323895,-0.013870837899298107,-0.014412360926823239,phone_A
2997,21,20,Standing,-0.1054771943236041,0.18235782780791226,9.748350431572673,-0.024656253695655165,-0.015659687237760244,-0.009315561909426165,phone_A
2998,21,21,Standing,-0.09303767311951243,0.1382577809650308,9.702710835429693,-0.027045066576088968,-0.018576520707682214,-0.014468476988865924,phone_A
2999,21,22,Standing,-0.12314313929326859,0.15641807352041398,9.714200682065933,-0.023595910210181533,-0.016411464191319284,-0.004730116201367391,phone_A
3000,21,23,Standing,-0.11493785570639017,0.18479153956123615,9.672294595185246,-0.017326152911438547,-0.027516773208303508,-0.004583074924522371,phone_A
3001,21,0,Laying,7.398775861189807,0.2463656086906759,6.3269157850739886,0.003609130803645594,0.008117643519918491,0.0077505837514801786,phone_A
3002,21,1,Laying,7.386273710378461,0.2615469754618841,6.356550078800326,0.006302809811065967,-0.0017781361692467295,0.014682215622389964,phone_A
3003,21,2,Laying,7.39943824824055,0.2165062497504256,6.359983129500702,0.012879415972529423,0.0060904135761555185,0.01198003624613531,phone_A
3004,21,3,Laying,7.407384306115831,0.2301889243648064,6.325738753339595,0.018588012026236667,-0.004151710178495343,0.00846878492544688,phone_A
3005,21,4,Laying,7.3645352979468965,0.21419978751470967,6.33068279989209,0.00864132782656256,0.005764527678119361,0.000794288062284718,phone_A
3006,21,5,Laying,7.399087425604529,0.25174347417035475,6.313073837847888,0.0027770537705280153,0.009345587621704532,0.006901002925543438,phone_A
3007,21,6,Laying,7.405479609998605,0.24261950438418056,6.326921923256447,0.004833463122292237,0.0007946959790796769,0.004233666764087899,phone_A
3008,21,7,Laying,7.437072206330942,0.17460662880510713,6.317787214040973,-0.000223118242976994,0.013531565245561325,0.002507774097944079,phone_A
3009,21,8,Laying,7.397302016531225,0.1767506615801717,6.341926015424315,0.013164975936326432,0.007110319700108216,0.005402641483764082,phone_A
3010,21,9,Laying,7.36822852453196,0.208811835989045,6.352973584312881,0.001983133112139564,0.009992375604563725,0.011200573072679566,phone_A
3011,21,10,Laying,7.396009173367949,0.234962037543479,6.347342531423088,0.014758588502044895,0.018736614721056772,-0.000846456687691525,phone_A
3012,21,11,Laying,7.43032599065425,0.24915784539335478,6.32657283268,0.004340286165290115,0.0034793205416536895,0.004729649306112571,phone_A
3013,21,12,Laying,7.404027856043923,0.21120664631455566,6.372510209238978,-0.0036948512237210225,0.0016162508846444285,0.009342551920462443,phone_A
3014,21,13,Laying,7.428585030928063,0.18924358860470658,6.366238949602394,0.015504235580397156,0.007622610705975024,-0.0009418382557311849,phone_A
3015,21,14,Laying,7.438444577489048,0.2582410281375575,6.33074251017203,0.007615870955501996,0.014908977069253104,0.005567804185137635,phone_A
3016,21,15,Laying,7.374665859220392,0.2256236546418394,6.3290376935516,-0.00043198128948965155,-0.0015540580698831796,0.011775110548581456,phone_A
3017,21,16,Laying,7.399226537032639,0.22216189727631658,6.3685545781616515,0.007950352572743237,0.011028367671495528,0.006663800571435257,phone_A
3018,21,17,Laying,7.425257443961656,0.19403332355260744,6.333379740739844,0.006112194960912949,0.008919629150219061,0.006686672569607228,phone_A
3019,21,18,Laying,7.451017766445693,0.22076405822807024,6.3348319914936715,-0.006606116821417708,0.005480868445997859,-0.004233956726357702,phone_A
3020,21,19,Laying,7.406845842685382,0.21727468948908957,6.357662134173682,0.01734528593468315,0.013400139238226472,0.014999826266236405,phone_A
3021,21,20,Laying,7.444565769856291,0.23733610791522086,6.346984478712195,-0.0005581330973811558,0.008203424833963299,0.0031756881552683787,phone_A
3022,21,21,Laying,7.412515440963039,0.18406716155609343,6.366738120401799,-0.00047277554400800784,0.002079264566712905,-0.0037926214708736564,phone_A
3023,21,22,Laying,7.423839243749698,0.1831540727857738,6.350929752053826,0.008811671778457424,0.015096554009882673,-0.00134048162940361,phone_A
3024,21,23,Laying,7.398521615636396,0.19229943238333552,6.373291921401272,0.010173073880703222,0.014122741343925455,0.009509957797529242,phone_A
3025,22,0,Walking,0.10409666756036867,-0.845279385677552,9.44319217498761,-0.37595029909974487,0.14465489950774382,-0.1202815485841206,phone_B
3026,22,1,Walking,-0.43301231823332165,-0.40718605575590444,9.548478906444554,-0.33478764552165985,-0.07511124688428242,-0.048177678725160294,phone_B
3027,22,2,Walking,-0.9621644709044225,-0.2028505104803116,9.54262531901101,-0.1514557694249812,-0.22271076299563058,0.040847778242158087,phone_B
3028,22,3,Walking,-1.3634452770863825,0.25499085082090944,9.661287672050847,0.06821256654173807,-0.22854531373914044,0.1543474538997611,phone_B
3029,22,4,Walking,-0.9272750396994283,0.44836947580596453,9.832713081070024,0.3103549195013932,-0.1988877320544715,0.1742825413603124,phone_B
3030,22,5,Walking,-0.3932359692541534,0.8937300096133509,9.840146127753226,0.49382256857227497,-0.010323886279058324,0.11493408156089027,phone_B
3031,22,6,Walking,0.5424908499263654,0.8460020729637369,10.281190193146015,0.5004127733445872,0.17111213950004572,0.13295379286928316,phone_B
3032,22,7,Walking,1.0843136733263752,0.6604995306408058,10.159856143590895,0.401812088545331,0.2946193151630049,0.052839282648960276,phone_B
3033,22,8,Walking,1.4523820273769763,0.3870379700228822,10.164809209211693,0.1421496621357195,0.4047933952033368,-0.024037018028748403,phone_B
3034,22,9,Walking,1.2301405210991423,-0.27645648647095344,10.091166828931067,-0.10907651661125259,0.3278500954473824,-0.051416133554679014,phone_B
3035,22,10,Walking,1.055355258807687,-0.4871184215450126,9.923413291557562,-0.33762616375044,0.27529865493890154,-0.097249793274585,phone_B
3036,22,11,Walking,0.4446867241144863,-0.6092929895204601,9.738148919481567,-0.43974856625485576,0.11137771667853918,-0.14101314741650062,phone_B
3037,22,12,Walking,-0.3048134763390945,-0.4741485837151117,9.419767565599658,-0.34905910225981396,-0.04629113490920321,-0.04666918494310232,phone_B
3038,22,13,Walking,-1.226255432574999,-0.5675947744269938,9.493852860605825,-0.23830842858249196,-0.16993405084120367,0.023682080533094223,phone_B
3039,22,14,Walking,-1.0669649428065497,0.05581642175290104,9.576119452034034,0.08480738659533207,-0.2440299232715023,0.1156771175495104,phone_B
3040,22,15,Walking,-0.9369017505468121,0.481645414759062,9.73228799284958,0.3034093574031587,-0.14253399525528554,0.14742221798663924,phone_B
3041,22,16,Walking,-0.3379414549241203,0.7624315284041713,9.803005952455178,0.47016848515847876,-0.05489135380597212,0.19999825207462993,phone_B
3042,22,17,Walking,0.4814167451009326,0.7986442575189843,10.12076680278366,0.47673966955732816,0.09360740816072047,0.1411807047120737,phone_B
3043,22,18,Walking,1.1093024159911409,0.760750551230603,10.216051247947826,0.410518507919294,0.26025570136267406,0.08283156332510785,phone_B
3044,22,19,Walking,1.7276114649094374,0.08824841165117764,10.138245487705685,0.1482998328419395,0.36881711522608196,-0.0025812181911080527,phone_B
3045,22,20,Walking,1.5982572409540148,-0.0957385447283545,9.923292091254533,-0.09070508134128052,0.3727801050369474,-0.05116803241674596,phone_B
3046,22,21,Walking,1.3957638880234746,-0.41764262375428374,9.774102766948973,-0.28960927659321756,0.28683826731493733,-0.13026948406111163,phone_B
3047,22,22,Walking,0.451596250278673,-0.9623847854253746,9.763168110671028,-0.4048336274874646,0.1277189844405564,-0.08314343725359852,phone_B
3048,22,23,Walking,-0.5306828264048217,-0.5987156336585439,9.640698125617245,-0.35582813737349434,-0.07585020931183392,-0.04261911381326831,phone_B
3049,22,0,Walking Upstairs,2.0857813806481547,0.048905386260167584,10.611592223567417,-0.03479156518761627,0.5815790332256481,-0.07654443354945947,phone_B
3050,22,1,Walking Upstairs,1.643671975294233,-0.46785500112984935,10.517046788746343,-0.3744045975136823,0.4271693803484248,-0.18668590029506202,phone_B
3051,22,2,Walking Upstairs,0.7454577689524469,-0.71789234583582,9.872850780046695,-0.4847814819569189,0.2409527237188551,-0.18072389071458134,phone_B
3052,22,3,Walking Upstairs,-0.7304105664737307,-0.6196359635954274,9.584580857102958,-0.41513174566407557,-0.024541208125550676,-0.08820319660624021,phone_B
3053,22,4,Walking Upstairs,-1.2974278486735609,0.10977118782329501,9.743106304432287,-0.07583451485543406,-0.21295265254634724,0.110978876228991,phone_B
3054,22,5,Walking Upstairs,-1.4460819512624707,0.7111031571165345,9.912786627950853,0.375169679541072,-0.20465518833616822,0.21238444156475414,phone_B
3055,22,6,Walking Upstairs,-0.7174489153127465,1.2869731068444317,10.215983462482747,0.6519730591538291,-0.04560656331421557,0.30691731698150926,phone_B
3056,22,7,Walking Upstairs,0.4352652660242393,1.2735524168112209,10.724114850822755,0.7643625034313478,0.24990456090854252,0.2583927751007575,phone_B
3057,22,8,Walking Upstairs,1.6263633511442095,1.1155175038196472,10.97855961040813,0.6247814458241931,0.4901555670650317,0.14172770599150636,phone_B
3058,22,9,Walking Upstairs,2.0453886665534404,0.5555953170743713,10.9365902969956,0.24747799138812734,0.5810530405008082,0.028035301359681863,phone_B
3059,22,10,Walking Upstairs,2.043492793668347,-0.21882063524239548,10.534601890694631,-0.1933613867808993,0.5144106313841011,-0.13064927482213973,phone_B
3060,22,11,Walking Upstairs,1.001068780177739,-0.9039289557764681,10.158703727313762,-0.4777055154587433,0.3600957810550026,-0.1292843012167787,phone_B
3061,22,12,Walking Upstairs,0.08095366808777571,-0.5919742392351721,9.725926892955648,-0.5421358072559865,0.10582431616950072,-0.07766625687419212,phone_B
3062,22,13,Walking Upstairs,-0.8606751951761963,-0.30794722215564035,9.433869377871575,-0.2631709864533304,-0.11898772561720866,0.043162185861322526,phone_B
3063,22,14,Walking Upstairs,-1.244633674795099,0.419050032514766,9.701321508044968,0.10143949357675273,-0.20147912501545615,0.1395520069396395,phone_B
3064,22,15,Walking Upstairs,-0.8525501978155965,0.7776576645460214,10.138501992281459,0.5324303129889695,-0.134081216624386,0.2452535814827875,phone_B
3065,22,16,Walking Upstairs,-0.29720161661433875,1.3048518626470698,10.382496475442169,0.7805735997878923,0.06924504584366988,0.3044826616809829,phone_B
3066,22,17,Walking Upstairs,0.9568735920177682,1.3646035120236646,10.46749888041574,0.768733292712764,0.3434521550200501,0.1534448722389941,phone_B
3067,22,18,Walking Upstairs,1.8819291157875353,0.7180502494586348,10.744867907896536,0.42132702850766024,0.5206615664510647,0.06772103386107997,phone_B
3068,22,19,Walking Upstairs,2.020216048614966,0.21877048306233676,10.814187227055223,0.008685011089840426,0.5792747345889769,-0.08379100385348924,phone_B
3069,22,20,Walking Upstairs,1.6138174196383681,-0.479321389452225,10.313578459348543,-0.3455917829901818,0.4643304666095416,-0.17400196058984363,phone_B
3070,22,21,Walking Upstairs,0.6818282993366473,-0.8198300480380972,10.172759098295478,-0.5151622757590393,0.2688566668400453,-0.11991608040343274,phone_B
3071,22,22,Walking Upstairs,-0.5657213566176912,-0.7097346338691067,9.63575197120908,-0.41073970924316827,-0.028315555920870344,-0.07461418071841247,phone_B
3072,22,23,Walking Upstairs,-1.2147372199227258,-0.058578399880786995,9.7909932917426,-0.11770227010044604,-0.1672892055690693,0.09558008729144127,phone_B
3073,22,0,Walking Downstairs,1.7162639834935494,-1.1587504978419783,9.622095993256671,-0.5763162607787953,0.2263537133504466,-0.26320683581071463,phone_B
3074,22,1,Walking Downstairs,0.152030095626953,-1.8130225324004416,8.976816633997293,-0.8821535353347241,-0.06730282531530107,-0.28793221011462095,phone_B
3075,22,2,Walking Downstairs,-1.2033632203830578,-1.311620096121383,8.682515572156824,-0.7352746195136172,-0.4302894858821796,-0.1955754227098334,phone_B
3076,22,3,Walking Downstairs,-2.1591008757066787,-0.5662595074576472,8.705185138099273,-0.27286350308508167,-0.5980373318196988,0.042618871441228216,phone_B
3077,22,4,Walking Downstairs,-1.9487971970896167,0.358010668443738,8.957688992361593,0.3449811379355372,-0.5519159861875483,0.1899187975059416,phone_B
3078,22,5,Walking Downstairs,-1.0078420173094031,0.9444234020275996,9.632664559646646,0.6811437495675968,-0.30807753949594824,0.21719835560400202,phone_B
3079,22,6,Walking Downstairs,0.924134461662052,0.790120264908644,9.99381612536345,0.6340985203797254,0.09681474620962102,0.15691048333648827,phone_B
3080,22,7,Walking Downstairs,2.086509318021897,0.21850208182935377,10.337415325885296,0.17216926831115828,0.3656485660773949,0.010972569644454179,phone_B
3081,22,8,Walking Downstairs,2.066089074514639,-0.6267930551749885,9.879645399021715,-0.3665056950766925,0.3120558905105743,-0.223311696335232,phone_B
3082,22,9,Walking Downstairs,1.0499862279797942,-1.391142740967022,9.62227018957751,-0.7986760721759537,0.05646582184671552,-0.26663840921275406,phone_B
3083,22,10,Walking Downstairs,-0.7377870356202337,-1.6285587047475727,8.950171933608253,-0.8645400148015381,-0.30030095235114324,-0.2738562614598159,phone_B
3084,22,11,Walking Downstairs,-2.0701129645676635,-0.9493299562670948,8.870093661269786,-0.5747484076897462,-0.5349886198666595,-0.06852743690838724,phone_B
3085,22,12,Walking Downstairs,-2.321697721417795,-0.34684410792023046,8.785569684773138,0.003993580820441874,-0.6009270196620482,0.09440162861212238,phone_B
3086,22,13,Walking Downstairs,-1.5803050959182547,0.724837168673239,9.223343962907709,0.533905808329919,-0.48592778144384546,0.19296001396563042,phone_B
3087,22,14,Walking Downstairs,0.0942084300387328,1.2092447578904078,10.143849632937316,0.6748176687380472,-0.13352971926031534,0.20971201817171503,phone_B
3088,22,15,Walking Downstairs,1.637947514129241,0.35562081076035923,10.16752795634562,0.4523859704648965,0.16249931986483043,0.021908000789577844,phone_B
3089,22,16,Walking Downstairs,2.063700228270895,-0.237650144781582,10.186346085800539,-0.05581909113033154,0.37841114738241866,-0.1363409530370385,phone_B
3090,22,17,Walking Downstairs,1.5367561157772527,-1.1550453737142914,9.736293832392407,-0.5855021595098109,0.23500680933801388,-0.30328097218595806,phone_B
3091,22,18,Walking Downstairs,0.27234924698381385,-1.5296288749742528,9.282174066183515,-0.9076644925734302,-0.0937365643539746,-0.2804024528498681,phone_B
3092,22,19,Walking Downstairs,-1.3614466575076842,-1.4242332940619056,8.930164885849706,-0.7916072387557578,-0.3766876674192938,-0.20005909199496436,phone_B
3093,22,20,Walking Downstairs,-2.104173066636202,-0.6087570452109359,8.806299244753344,-0.2872432341016821,-0.6102296582459702,-0.004703850613782713,phone_B
3094,22,21,Walking Downstairs,-2.0571746050768582,0.5509768066398689,9.12306589588888,0.2741736537147878,-0.6189559105407643,0.2152254348683509,phone_B
3095,22,22,Walking Downstairs,-0.8339443875260838,1.180574560054167,9.684869905952393,0.6637324397623359,-0.30001908546113226,0.27875882819259556,phone_B
3096,22,23,Walking Downstairs,0.5552077078449853,0.9170272702619185,10.024848725620348,0.6290805545043062,0.05991926974488405,0.13312217477312088,phone_B
3097,22,0,Sitting,0.3185992805204205,-0.17218049336942526,9.929991265910665,-0.008313300217869909,0.010765543347315634,0.00997131980275618,phone_B
3098,22,1,Sitting,0.3486699832995974,-0.12043528810445911,9.938987804465514,-0.013218365613222639,0.019889162826695204,0.00805460313038234,phone_B
3099,22,2,Sitting,0.33137887848998665,-0.15772145996319314,9.9149415954454,-0.010651828231317847,0.017041796750488777,-0.0019129303200896139,phone_B
3100,22,3,Sitting,0.2927365616627145,-0.10551530590957409,9.886887084071509,-0.020338036466380806,0.0029846847618792607,-0.007131307282407279,phone_B
3101,22,4,Sitting,0.33367613833344156,-0.1144713787663595,9.909639285531627,-0.012205977709903712,0.009780859419413042,-0.008587456254592087,phone_B
3102,22,5,Sitting,0.35341539193099825,-0.11320257145467143,9.918193749831255,-0.02070759786240127,0.007361830705555583,-0.005499611274989277,phone_B
3103,22,6,Sitting,0.29578486008586985,-0.14060236832552606,9.898708761607253,-0.024579310604761675,0.020349437713749752,0.00022621192078045842,phone_B
3104,22,7,Sitting,0.30008354626548545,-0.15938575853928424,9.86616397356546,-0.016523664703590624,0.004448612295024711,0.0032590383911526412,phone_B
3105,22,8,Sitting,0.30661381520140435,-0.1298676331766534,9.927984600878936,-0.005262291334856107,0.007550337187753288,0.005851341079939355,phone_B
3106,22,9,Sitting,0.2916002266488473,-0.19635383670774884,9.897576453895745,-0.02124000457514717,0.005422785843754612,-0.0051839346854961384,phone_B
3107,22,10,Sitting,0.28971530521324074,-0.12387943177716601,9.929799841970098,-0.0061569518726266505,-0.007192065980014853,-0.007275814842622555,phone_B
3108,22,11,Sitting,0.3431448239046974,-0.12241458568362805,9.9037130403865,-0.015409412181706762,0.001366957963437777,-0.011280451122846806,phone_B
3109,22,12,Sitting,0.24610247604978008,-0.14939641405798565,9.878726633425531,-0.018733569572365535,0.015925822232015482,-0.000738753238584989,phone_B
3110,22,13,Sitting,0.26793804426362605,-0.13919085238319548,9.91002006263412,-0.017601902936940625,0.006948906286261456,0.003924199816387955,phone_B
3111,22,14,Sitting,0.22452064174369094,-0.14631068291948998,9.88978772646594,-0.015459975508669618,0.0014514763688303197,0.005602333031714472,phone_B
3112,22,15,Sitting,0.265497572081432,-0.13324386728078477,9.895195000889778,-0.026371945387190572,0.0020334248101895437,0.005291480558433795,phone_B
3113,22,16,Sitting,0.2240358858725001,-0.1325324605991835,9.908376304112219,-0.0056561168486616055,-0.0005537041098464747,0.004891061719170096,phone_B
3114,22,17,Sitting,0.26861428447188124,-0.14479075955233675,9.90176826879684,-0.015539165341053273,0.0021187821631084057,-0.0060676999020216,phone_B
3115,22,18,Sitting,0.26189272362160226,-0.13402967026755214,9.915064155383305,-0.01554000109403477,-0.0048707671763512685,0.004608605533164112,phone_B
3116,22,19,Sitting,0.24911135790127903,-0.15778784024802,9.906470392076345,-0.020897602620625663,-0.01022022733390985,-0.004456188250224615,phone_B
3117,22,20,Sitting,0.2560401762968582,-0.11852089783099119,9.901778029756779,0.00012376324201705986,-0.008841219405001505,0.009270017404605918,phone_B
3118,22,21,Sitting,0.2343541819814142,-0.12742334162184743,9.923032422829543,0.004948311269828503,-0.01019213636788999,0.01131980878369443,phone_B
3119,22,22,Sitting,0.23836520911719783,-0.1135709909536153,9.896713661849901,-0.008310709412858577,-0.0296923040064834,0.01623966501058753,phone_B
3120,22,23,Sitting,0.2110316465978546,-0.12432814444756102,9.88537103354021,-0.009733610974822903,-0.0072378110418202125,0.007482184347247405,phone_B
3121,22,0,Standing,0.05209477240427888,0.09535746690799267,9.867202586629208,-0.024185201672528054,-0.01852102264456203,0.00104978896170817,phone_B
3122,22,1,Standing,0.022319099178241365,0.07715722471909132,9.826699105216544,-0.015414284602536476,-0.0167841476415006,-0.003336011132633216,phone_B
3123,22,2,Standing,0.00309781660826405,0.12349063497542173,9.872517425071424,-0.024613716728958672,-0.027897499590881166,0.005284316568817591,phone_B
3124,22,3,Standing,0.059219698801235295,0.05615892380189116,9.858134488624879,-0.001363839179285807,-0.025960018239808997,0.010190089836134814,phone_B
3125,22,4,Standing,0.007458086586579584,0.12322528846164024,9.818654967356348,-0.0029458361782991483,-0.01779554360837235,0.012589268352765682,phone_B
3126,22,5,Standing,0.04072402160903712,0.12177368217275392,9.913746508982006,0.0016439005867419244,-0.021358936660615765,-0.00214743017974434,phone_B
3127,22,6,Standing,-0.03978639518061469,0.09311168229378908,9.812617900902868,0.0045160651721863915,-0.023240602973665897,0.0017960374182800398,phone_B
3128,22,7,Standing,-0.010146604064848934,0.13053315313606392,9.856405486522338,-0.006118249404561648,-0.025368593597620438,0.008944050320218647,phone_B
3129,22,8,Standing,-0.032092789597869556,0.18482740989485394,9.829976437584186,-0.00374554634403379,-0.023379734675100614,0.0091441098027467,phone_B
3130,22,9,Standing,-0.003638724440094396,0.12397327976955057,9.859142825272727,0.01841915544410489,-0.03681860265905955,0.01260211748221263,phone_B
3131,22,10,Standing,-0.03528167722271658,0.2295037944719277,9.871777420468069,0.01032974239300691,-0.03705868078116817,0.006186337788900751,phone_B
3132,22,11,Standing,0.00240900010331864,0.1369803011306948,9.80992683735134,0.011982197085199708,-0.029040707833630153,0.015955116883746817,phone_B
3133,22,12,Standing,-0.026627113899162086,0.20282479460420363,9.824512070299265,0.018981022444516504,-0.02840426350763489,0.018778531942779265,phone_B
3134,22,13,Standing,0.01572030559415817,0.17710988118070875,9.832783478355323,0.008342815857794967,-0.04135066621774217,0.015527842635651717,phone_B
3135,22,14,Standing,-0.013529780629583179,0.16980196264777886,9.83114683679012,0.030786720640246443,-0.023234630686353914,0.01031541902412825,phone_B
3136,22,15,Standing,-0.017769960013735854,0.21525156014506405,9.841194251263952,0.019849120144268068,-0.02948653160284608,0.02560700271090196,phone_B
3137,22,16,Standing,0.02804684853369172,0.19445097003295703,9.872570305420389,0.027563689378475337,-0.032200701178445576,0.018320944171236888,phone_B
3138,22,17,Standing,-0.02684142394995126,0.24914393270636118,9.904288393831381,0.027850125643711053,-0.02848261040397853,0.027321122967332367,phone_B
3139,22,18,Standing,0.04237478948818958,0.19884511215381792,9.866361218350194,0.03244912583977706,-0.027411133367217313,0.024038671342273107,phone_B
3140,22,19,Standing,0.002546045852574983,0.2191639856262558,9.872224799716598,0.026105297620790217,-0.033106792028651494,0.02779189231695032,phone_B
3141,22,20,Standing,0.010379679499845678,0.29126242793577484,9.92880392046883,0.033958420183821905,-0.004522985060803859,0.02829067692356487,phone_B
3142,22,21,Standing,0.02226064590616941,0.17775731699641362,9.901457660501976,0.038839748900262476,-0.01359269995681131,0.021494053443611487,phone_B
3143,22,22,Standing,0.019850647615856164,0.235178997161864,9.906604408959184,0.03785747892698266,-0.015829981640058784,0.01376902000434517,phone_B
3144,22,23,Standing,0.06120708044162801,0.22070369360366643,9.916468629419434,0.03657187386801982,-0.012821699659891841,0.035703726540657406,phone_B
3145,22,0,Laying,7.560749457405686,0.10319253274570743,6.417931213103682,0.0056841574001389545,0.02062535499677665,0.005784902958792701,phone_B
3146,22,1,Laying,7.486707512920978,0.08028992021014962,6.429925076483325,0.0043909110453680044,0.020819861871797248,0.004702482820280289,phone_B
3147,22,2,Laying,7.54034529356247,0.1223873941356787,6.4543463069730125,0.007954944603167584,0.01591884855770809,0.005163256937403727,phone_B
3148,22,3,Laying,7.558122168438648,0.11849422586657467,6.475243788873466,0.005267157621694119,0.015193449488249852,0.0016004760973963666,phone_B
3149,22,4,Laying,7.583635079329838,0.11771341401474207,6.48455734014883,-0.003061980230838248,0.0027666530523643047,0.006518169600260554,phone_B
3150,22,5,Laying,7.531838533342099,0.08089758615639572,6.45532878768261,-0.012886171682619945,0.015907314642645037,0.014368254872592119,phone_B
3151,22,6,Laying,7.558964734565991,0.09758856424377987,6.516179101269855,0.00032185765908628386,0.009546666149215614,0.002664756065958223,phone_B
3152,22,7,Laying,7.577699767135429,0.11275613083768513,6.486684058134463,-0.021932354419159035,0.008003596110036827,0.0006370929440418312,phone_B
3153,22,8,Laying,7.539127587261454,-0.017068758564922223,6.437222431366937,-0.0057778979812252666,0.009696490643145381,-0.005095141462135784,phone_B
3154,22,9,Laying,7.564307591066612,0.08259024069775615,6.442664362712741,0.0020480803697754566,0.012884788140814365,-0.0044982412879249825,phone_B
3155,22,10,Laying,7.533853214785223,0.06732822898882114,6.481219690805105,-0.011532683493774941,0.01578769664876213,0.0011579083671179398,phone_B
3156,22,11,Laying,7.610430501186906,0.08111115105379299,6.434924098696015,-0.002561616948730705,0.016490808966488045,-0.0019160580310434794,phone_B
3157,22,12,Laying,7.530073205171937,0.08352396829092122,6.452956140689083,-0.016448667457350682,0.013041158222780303,-0.0034645166993169637,phone_B
3158,22,13,Laying,7.519800026652608,0.060156972480165896,6.482424908355057,-0.00044996014001206716,0.01682378982062651,0.0018805032324971957,phone_B
3159,22,14,Laying,7.571048839465563,0.0703339392744974,6.4217067767034575,-0.013458957431852846,0.00711614957586496,0.008597363118291707,phone_B
3160,22,15,Laying,7.581485271783569,0.03985240508325183,6.449648623428629,-0.010747133066592076,0.009432155424375095,-0.003086339414476896,phone_B
3161,22,16,Laying,7.5880781717485855,0.06543403721122339,6.45270051755104,-0.007268734033283229,0.00378810702863074,0.0007386862424766484,phone_B
3162,22,17,Laying,7.5778190866646895,0.10185926167886707,6.417588187389374,-0.01798530477177999,0.009908856794043554,0.006716768260761822,phone_B
3163,22,18,Laying,7.558537487973656,0.08126452517518971,6.4112707616525455,-0.01254108138366404,-0.004069021896826586,-0.0008021174358796519,phone_B
3164,22,19,Laying,7.493693431244209,0.09687039446695375,6.483149645759184,-0.008476276931349312,-0.00040495154595515497,0.002315163747776443,phone_B
3165,22,20,Laying,7.592497384488779,0.0748271219155376,6.472916742542344,-0.012417165003170439,0.00299826512860333,-0.0003393162874019177,phone_B
3166,22,21,Laying,7.496044354233796,0.11900036162923221,6.445809530805016,-0.004466211454885328,0.00500470364024108,-0.0091308589648018,phone_B
3167,22,22,Laying,7.578027052947369,0.033845773544776844,6.450080650959192,-0.00714330041907794,0.007759886150949872,-0.004521299946668655,phone_B
3168,22,23,Laying,7.536791410557572,0.03783386153051677,6.460647920101696,-0.006481472240540277,0.0067253973060093985,-0.003148744401607073,phone_B
3169,23,0,Walking,1.5610663872421982,0.0008534581343286468,9.978363918280484,0.028209799552445118,0.38021632961069696,-0.07037165978221936,phone_A
3170,23,1,Walking,1.2434496101030652,-0.7758954014161386,9.743563801940725,-0.22344212943553604,0.3165310252456416,-0.1018313551626519,phone_A
3171,23,2,Walking,0.6348531094947447,-0.565618428477475,9.717416737284882,-0.37253017360293805,0.15156969341876497,-0.1800947022761694,phone_A
3172,23,3,Walking,-0.10682795551685881,-0.6328409474610012,9.398153891478168,-0.3990368783072817,0.01621131273993795,-0.09462437599821366,phone_A
3173,23,4,Walking,-0.8847532366436417,-0.4593817320812851,9.353657392535583,-0.2744251831149687,-0.134513794344536,-0.035733277713316886,phone_A
3174,23,5,Walking,-1.2902228825764512,0.05888008224654426,9.21146382526934,0.0043660147664456445,-0.21617996300958897,0.026039336668274668,phone_A
3175,23,6,Walking,-0.9404790878307505,0.43231607187072574,9.51099455603394,0.25633033328926724,-0.159009988001803,0.14525321380354556,phone_A
3176,23,7,Walking,-0.5277069402765424,0.7814329088883031,9.615671164273644,0.38382866504826646,-0.08345286134131741,0.21298393861251713,phone_A
3177,23,8,Walking,0.21294770479189504,0.7435564331463161,9.981791846217208,0.49147842442695505,0.01845826211835519,0.19562353217465922,phone_A
3178,23,9,Walking,0.7846585704808134,0.9710872011038849,10.121079467860145,0.4292560152815482,0.2440621542566656,0.17841675264665213,phone_A
3179,23,10,Walking,1.5485753574505208,0.4583026066590937,10.361797041118743,0.2535698515343436,0.3607957287715097,0.014334810028607418,phone_A
3180,23,11,Walking,1.3682334739175654,-0.04391101483871481,9.940068172825507,0.011871910157634195,0.3408900588899404,-0.028611132654638653,phone_A
3181,23,12,Walking,1.1765508161560754,-0.35012296765385537,9.881415008881104,-0.23900785412808143,0.2895025777352561,-0.06639386239037427,phone_A
3182,23,13,Walking,0.7455406514244174,-0.6646002164298426,9.744360188525404,-0.3731008694894476,0.16192696815862212,-0.14823756640790303,phone_A
3183,23,14,Walking,-0.15212389260852008,-0.614921560830727,9.561608903027956,-0.3884831431425287,0.04062937236732385,-0.0994449330341962,phone_A
3184,23,15,Walking,-0.9146903134602375,-0.6463133171008797,9.242501240836605,-0.2981779215863091,-0.08554179323462423,-0.015744469352104662,phone_A
3185,23,16,Walking,-1.2035676537945157,0.10985530555284896,9.165628803390117,-0.04895646879459138,-0.1653295936418177,0.05431537225337932,phone_A
3186,23,17,Walking,-0.8435868137510263,0.44277013421954203,9.601694626856766,0.23831585611021122,-0.20351936163775713,0.12128312064418138,phone_A
3187,23,18,Walking,-0.6871726704076837,0.5892236604136126,9.626261324051109,0.40685971341285376,-0.06192469787436327,0.19129218623175562,phone_A
3188,23,19,Walking,0.33864637349303084,0.6097220801825831,9.684531457074524,0.48876787518968634,0.08925366711029184,0.17071355474353556,phone_A
3189,23,20,Walking,0.645213309587283,0.7525257002830275,9.82932328175068,0.4139145733331637,0.2661020573741757,0.1166125724252077,phone_A
3190,23,21,Walking,1.4075611056120163,0.46278471298001583,9.987018929420994,0.2544880403655648,0.3295291180164545,0.05570075417111876,phone_A
3191,23,22,Walking,1.7456158061730211,0.1544505327654752,9.80302867353902,0.056553441356745844,0.38959453483385104,-0.05223759128801651,phone_A
3192,23,23,Walking,1.3502760890870333,-0.3140601223641356,9.796170888095519,-0.1943685086846255,0.30321585244099286,-0.05032622096689471,phone_A
3193,23,0,Walking Upstairs,-1.1130960868704909,0.8658543474872462,9.878766081255108,0.4266149399200284,-0.13925163238352728,0.2490186260970927,phone_A
3194,23,1,Walking Upstairs,-0.44607861588368686,1.1589419722535503,10.187182994017006,0.681238175623268,0.07179896048855643,0.32344232485919505,phone_A
3195,23,2,Walking Upstairs,1.0796552324746083,1.5379361826495843,10.452374769984274,0.7236725174357357,0.21854571321900979,0.23669118511316017,phone_A
3196,23,3,Walking Upstairs,2.033351211426584,0.8284124327306918,10.608276014846577,0.4930441759458234,0.5084291212808143,0.15389422670452252,phone_A
3197,23,4,Walking Upstairs,1.991340351830734,0.08714497269535343,10.708922351684878,0.12408085517913114,0.5713636744527335,0.01708686038768776,phone_A
3198,23,5,Walking Upstairs,1.6115380875286105,-0.3086006521337154,10.220801504060523,-0.2745329798900068,0.42912403634174046,-0.13983360353707686,phone_A
3199,23,6,Walking Upstairs,0.875947740614663,-0.8066514435379122,10.006041078555995,-0.4829320006709283,0.2453255442465574,-0.13562406385368253,phone_A
3200,23,7,Walking Upstairs,-0.49192843985366563,-0.7218177739982713,9.64529890961031,-0.4925510866255997,0.031109221588053893,-0.09733348465910693,phone_A
3201,23,8,Walking Upstairs,-1.2883818074869595,-0.15298556690591464,9.383371864360493,-0.20398957071088536,-0.1505104060972372,0.05395274951818668,phone_A
3202,23,9,Walking Upstairs,-1.569618544014709,0.5693083505349161,9.592770257285265,0.19935125120538938,-0.2784279824616604,0.21712472381254475,phone_A
3203,23,10,Walking Upstairs,-0.9312331243601323,0.9400482673665521,10.050655176005542,0.6225176160713536,-0.10940462700269184,0.3078762600208952,phone_A
3204,23,11,Walking Upstairs,0.49113447579012204,1.5305188506256109,10.484218742734535,0.7754499195090905,0.13753338875357093,0.28341359614162454,phone_A
3205,23,12,Walking Upstairs,1.4253802441395114,1.0372094509138083,10.497152310276853,0.6250616270613547,0.4051602153253978,0.19597193724457532,phone_A
3206,23,13,Walking Upstairs,2.004077024476456,0.7212278893330746,10.488972255854744,0.30944325229314373,0.5765516702537495,0.07369134372381664,phone_A
3207,23,14,Walking Upstairs,1.9808501674470622,-0.061995584877559816,10.311945819629573,-0.09933131607573542,0.559286720193489,-0.0712601338610859,phone_A
3208,23,15,Walking Upstairs,1.394949391489488,-0.6178609594186614,9.920975810859044,-0.4160725779753264,0.4095796409192055,-0.13913294457122988,phone_A
3209,23,16,Walking Upstairs,0.13953947663042876,-0.7143989396421028,9.54022779616725,-0.5391487684242235,0.13759049414785957,-0.1645158250764721,phone_A
3210,23,17,Walking Upstairs,-0.8767764975236261,-0.5112790521821657,9.277783817235216,-0.36900180269140626,-0.1365144575035883,0.026150265594082893,phone_A
3211,23,18,Walking Upstairs,-1.372844311899266,0.10349199418514232,9.558519664325255,0.02603479295772757,-0.1920065811263185,0.08340222533346403,phone_A
3212,23,19,Walking Upstairs,-1.0527156750739637,0.941147018850218,9.777534353117568,0.4235136301417831,-0.2521614120286348,0.2162288497795483,phone_A
3213,23,20,Walking Upstairs,-0.2934826727753808,1.4208345595484946,10.241864647850205,0.7112463453235459,0.06337495892078149,0.32236078025173176,phone_A
3214,23,21,Walking Upstairs,0.7584787867685711,1.6019863536955954,10.351028496057642,0.713790668923131,0.2628077384940099,0.23228966746540577,phone_A
3215,23,22,Walking Upstairs,1.7432562686308937,1.0509398528388025,10.628184152225723,0.5229004652244037,0.4928746558776333,0.07088888177852032,phone_A
3216,23,23,Walking Upstairs,1.9945084553508234,0.23719636936693556,10.439507462029209,0.12037873247812572,0.6130167513918728,-0.020869166565762053,phone_A
3217,23,0,Walking Downstairs,1.1485068726908654,0.9183665561746619,10.120845482018698,0.5549924488245312,0.10824622034180063,0.0998126866024356,phone_A
3218,23,1,Walking Downstairs,2.132647222418852,-0.07879142219277661,9.853832302980136,0.04182746342413665,0.3228892251927212,-0.126532980126975,phone_A
3219,23,2,Walking Downstairs,1.9685675048778986,-0.8991731326179941,9.527085527129072,-0.5084220201988192,0.2845440278823752,-0.1998637813062414,phone_A
3220,23,3,Walking Downstairs,0.6493476951826851,-1.4755715176918196,9.046597952246666,-0.8792828208175814,0.023003463950763907,-0.2895459463259041,phone_A
3221,23,4,Walking Downstairs,-1.1368354039437296,-1.4422900457058982,8.735395721100595,-0.8722088636338712,-0.3941534673917572,-0.206395885804624,phone_A
3222,23,5,Walking Downstairs,-2.348305188993814,-1.0211500049377777,8.519437552947517,-0.3844230880521689,-0.603121810149422,0.00521903174215823,phone_A
3223,23,6,Walking Downstairs,-2.123289054936961,0.08412913454443662,8.67933758753026,0.1709413793620842,-0.6024670085196085,0.1620193131431209,phone_A
3224,23,7,Walking Downstairs,-1.0446858425676886,0.8946007687729767,9.492998522354085,0.6132693271294737,-0.3458084979783633,0.20654252365761003,phone_A
3225,23,8,Walking Downstairs,0.49372266636039114,0.8688159658966926,9.895603166133933,0.6460678672358161,-0.02918157965507974,0.12124543637772614,phone_A
3226,23,9,Walking Downstairs,1.8528145713246562,0.5203613854926908,10.087568039288398,0.3497337296146945,0.2905229874390568,0.019446699738412183,phone_A
3227,23,10,Walking Downstairs,2.168193899441276,-0.4674814709656606,9.70197470002649,-0.24155457421726378,0.3424251917127878,-0.19470344412860716,phone_A
3228,23,11,Walking Downstairs,1.0905124373563426,-1.50185670574457,9.33810770176413,-0.7091081351411899,0.15544883268315324,-0.22990082170022583,phone_A
3229,23,12,Walking Downstairs,-0.3519521409343773,-1.570933934216116,8.967612227459464,-0.8716775980280691,-0.17387400781880769,-0.25072830806076635,phone_A
3230,23,13,Walking Downstairs,-1.6674893478364679,-1.0204705550398416,8.700353180313721,-0.6708186764776234,-0.5077923946131423,-0.17159807851822828,phone_A
3231,23,14,Walking Downstairs,-2.0905977055069345,-0.3243558042570618,8.812151093465783,-0.11762982424063208,-0.6983918516003682,0.12533726249842891,phone_A
3232,23,15,Walking Downstairs,-1.711115787170802,0.4095139117455125,9.207814888696104,0.4780328677078855,-0.5328720345240361,0.19684285477392183,phone_A
3233,23,16,Walking Downstairs,-0.2909866314236734,0.8304075537095261,9.504846248432958,0.7388754025579343,-0.211276642645506,0.19304586362221074,phone_A
3234,23,17,Walking Downstairs,1.1615939727683853,0.8539339248804104,9.695968243054034,0.5539064590165111,0.2025365278191891,0.14652778783079462,phone_A
3235,23,18,Walking Downstairs,2.1485752200370154,0.09613626001610573,10.083354592593576,0.06006656651699649,0.36045360564241635,-0.049093519068082715,phone_A
3236,23,19,Walking Downstairs,1.6707595961549184,-0.9183363854034793,9.614887953238428,-0.5038681058942509,0.2792041793342703,-0.2501907092284563,phone_A
3237,23,20,Walking Downstairs,0.6155956053884429,-1.4356182344720945,9.110058712930009,-0.869243412217457,-0.02504244512721034,-0.3181326096524603,phone_A
3238,23,21,Walking Downstairs,-0.9747674676038052,-1.5902832976849648,8.754211156007619,-0.8144775739250554,-0.33541857355118965,-0.23458237302651663,phone_A
3239,23,22,Walking Downstairs,-2.2040576527022147,-0.6917978567317078,8.565225279213868,-0.41341182819964994,-0.5961361859783814,-0.021990998212274744,phone_A
3240,23,23,Walking Downstairs,-2.2957453172704985,0.2758321418675015,8.777829065905726,0.2112589056662902,-0.6561968991447098,0.14809052212539958,phone_A
3241,23,0,Sitting,0.17622179039887365,-0.13822647413722136,9.650391714834667,-0.011966869401778938,-0.008147829915568325,0.0041889125924518475,phone_A
3242,23,1,Sitting,0.20066557082102474,-0.13126707681539673,9.69240451536263,-0.011421179800851966,-0.007709461094053386,0.0010782350888666288,phone_A
3243,23,2,Sitting,0.20975288382644625,-0.1260663875936516,9.668172935206742,0.002938694580962524,-0.01716446571639644,0.014046158871131226,phone_A
3244,23,3,Sitting,0.24137838701668984,-0.14786547178488793,9.687500265778546,-0.00665023164273511,-0.012006164732823682,0.003597419560724246,phone_A
3245,23,4,Sitting,0.18816111731946733,-0.1031856753698859,9.681779831289608,-0.0029116300808832447,-0.017826726853255898,0.00928121557456473,phone_A
3246,23,5,Sitting,0.2530362002692187,-0.1385774298249901,9.692073718774152,-0.005271111608940205,-0.019875783315130652,0.006911379845837291,phone_A
3247,23,6,Sitting,0.20418891806425815,-0.09097408157270137,9.719787082652724,-0.004322205419440191,-0.011115440892295783,0.0020990126927764013,phone_A
3248,23,7,Sitting,0.2508341456697323,-0.09625425893675274,9.759069829210675,0.005229907744686532,-0.014440193126896341,0.02004175041962688,phone_A
3249,23,8,Sitting,0.20093394909220913,-0.13459424417223298,9.702865940415512,0.008786643964605706,-0.02216462100685364,0.007173604023878936,phone_A
3250,23,9,Sitting,0.22299869095323152,-0.10286730280558111,9.688346513454054,0.006001038488827487,-0.008692441307481064,0.020774129919637473,phone_A
3251,23,10,Sitting,0.22678954846262847,-0.11921236189989357,9.750897521901825,0.0034598876788756957,-0.011042712079250672,0.025916897923975647,phone_A
3252,23,11,Sitting,0.2400714815115306,-0.13808545829748575,9.678236938611391,0.00294581384457752,-0.012119707488352595,0.017398563671724942,phone_A
3253,23,12,Sitting,0.27595234236643984,-0.09858479785885,9.702843713383974,-0.0007375521818101327,-0.008897700159451433,0.01521944178975085,phone_A
3254,23,13,Sitting,0.18505049346696162,-0.10532277890336089,9.688053981346265,0.004798163362341638,-0.015460998332446532,0.010310780119290448,phone_A
3255,23,14,Sitting,0.21277337506765903,-0.12103752377060947,9.697021526002658,0.0025439811026989733,-0.017829739674024257,0.0108167789593517,phone_A
3256,23,15,Sitting,0.24220593488575493,-0.094128143667481,9.7469042201452,0.021095422396447717,-0.010224864029177194,0.019279962925330237,phone_A
3257,23,16,Sitting,0.24892858732810463,-0.0843756864585599,9.720437328768925,0.010718032939702488,-0.019699128013486625,0.021965328695813916,phone_A
3258,23,17,Sitting,0.23280033074383485,-0.05689249943308791,9.744256939500561,0.008185853957704579,-0.005298325580331701,0.001866475662457432,phone_A
3259,23,18,Sitting,0.28526511387451364,-0.12389741837487107,9.735989194049262,0.015475968137566442,-0.005179478375604923,0.015505763878385629,phone_A
3260,23,19,Sitting,0.18704137433300055,-0.09615665315143204,9.720388064299641,0.001502578224093526,-0.010732083423145099,0.011216231456273311,phone_A
3261,23,20,Sitting,0.26079680026108204,-0.09191215200053568,9.777159203585658,0.013057805217090762,-0.007449381340313916,0.01653149301227555,phone_A
3262,23,21,Sitting,0.20807478998311466,-0.08892487314929731,9.749226891668187,0.018909935802368077,-0.010769629862608501,0.009152298606998201,phone_A
3263,23,22,Sitting,0.2690260702388183,-0.07164000055451777,9.753717633831082,0.01425808161568234,-0.018051744479783312,0.021122130071301308,phone_A
3264,23,23,Sitting,0.2570891834401314,-0.04593877281686843,9.735558762477073,0.016132620746077214,-0.004341182136359505,0.014308371809336681,phone_A
3265,23,0,Standing,0.11197829327811132,0.1928693247718486,9.71747200038791,0.04873256591759228,0.0036880739852006668,0.021300272517819283,phone_A
3266,23,1,Standing,0.16313908308452935,0.19147542388381678,9.787897618512847,0.032914061613311105,0.01193547615392167,0.030191384733345865,phone_A
3267,23,2,Standing,0.08985924498577377,0.24414533023594293,9.720513375245773,0.03053309109604153,0.00539617915061839,0.010776689239034132,phone_A
3268,23,3,Standing,0.15489127428270824,0.17852614052436364,9.733525967010431,0.039919818286142814,0.006730297274497542,0.013197496034900875,phone_A
3269,23,4,Standing,0.16373200825916068,0.16073523574690735,9.709110775213782,0.027020237154269974,0.011096136989464427,0.016243681939976377,phone_A
3270,23,5,Standing,0.1705404237078919,0.18841144586086725,9.71084666547317,0.03598009705670241,0.003929407750236133,0.014715035566508675,phone_A
3271,23,6,Standing,0.16034820809115635,0.1957992810060567,9.71535675701365,0.030603124245069536,0.017883226490718142,0.016499344031921867,phone_A
3272,23,7,Standing,0.1720337073971336,0.16299347171539985,9.800470081489909,0.015392495650351041,0.016136498762971394,0.010877331307351133,phone_A
3273,23,8,Standing,0.17036488284054394,0.17026138359975634,9.71607080455391,0.0208148413927996,0.013708879530215896,0.023274550404331712,phone_A
3274,23,9,Standing,0.2013807913122231,0.17000315776060257,9.741622784110437,0.02609240094794124,0.006655852486043136,0.004459230793234396,phone_A
3275,23,10,Standing,0.12842796224323405,0.16236526443982302,9.746363734439829,0.005815260924682675,0.021462941232507273,-0.0003717042824897942,phone_A
3276,23,11,Standing,0.16783713596915473,0.1425961499920175,9.762482890933313,0.0033438307230092452,0.014673045316538794,0.007034997506706178,phone_A
3277,23,12,Standing,0.18969567560240405,0.14598051874521634,9.738707664477479,0.0018791153402509275,0.022823511989288676,0.00024070551294680257,phone_A
3278,23,13,Standing,0.16727652675944624,0.15590785065818702,9.700557475029738,0.0038935159096236942,0.007832028105232664,0.014639739211425123,phone_A
3279,23,14,Standing,0.22780713172050368,0.1110703513180191,9.725619318166348,-0.0011435183810650637,0.009256948160835603,-0.0010293654272062684,phone_A
3280,23,15,Standing,0.1646626363767237,0.06775764119861903,9.715194142270905,-0.0044479929974931874,0.01211847369482502,-0.003356583952890483,phone_A
3281,23,16,Standing,0.15117825988512867,0.12003106959453888,9.717685382652775,0.00132604492590741,0.011840917470559566,-0.005080462352017874,phone_A
3282,23,17,Standing,0.1691035170223796,0.04155500880935907,9.752481747251583,-0.008061950622533716,0.0203536642223992,-0.009961143544981232,phone_A
3283,23,18,Standing,0.11830775442984284,0.09374182706658346,9.704334066336244,-0.010106641478711615,0.006503032359003991,-0.009200661292163927,phone_A
3284,23,19,Standing,0.10083641010565594,0.0858922505748786,9.658490855078684,-0.022566588446027193,0.0010346383392978195,-0.0033632282883694895,phone_A
3285,23,20,Standing,0.1786425221619914,0.0982741377454748,9.721632010374293,-0.01226539234476696,0.003264110512010914,0.0087502200008846,phone_A
3286,23,21,Standing,0.08622117313282085,0.05926338440676943,9.672686370612091,-0.012400462659689613,-0.007223666785381356,-0.0018593253260784188,phone_A
3287,23,22,Standing,0.12361024326001142,0.08660234400198433,9.696286312001117,-0.009778943538660646,-0.004189654520477665,-0.0032305012866818464,phone_A
3288,23,23,Standing,0.08013698828512905,0.03973649283679994,9.715998188699666,-0.02478618284565815,-0.0026885945415297307,-0.0030132460801862663,phone_A
3289,23,0,Laying,7.465356330252282,0.05930303863522033,6.236583947541351,-0.014711491658568823,-0.00847621556304522,0.01037403694763981,phone_A
3290,23,1,Laying,7.52347233351451,0.034788061468043384,6.20911703468034,-0.017234319300279702,-0.00285813600440361,-0.0032229656701843173,phone_A
3291,23,2,Laying,7.500664607815516,0.10605147950304053,6.2486875180095405,-0.006057997974731223,-0.014135741235089566,-0.00262061479124726,phone_A
3292,23,3,Laying,7.521991837835505,0.03307734350752056,6.266187491762353,-0.009319253699549416,0.013188101331391595,0.002217946696798683,phone_A
3293,23,4,Laying,7.510356439102079,0.0214644393530469,6.26484287507918,-0.006580397455698326,-0.013684248511697734,0.004065105522161265,phone_A
3294,23,5,Laying,7.536013190876654,0.07636059281913789,6.203421045911415,-0.011644354401209416,0.002658563813269531,0.0052902725294049,phone_A
3295,23,6,Laying,7.504952494167614,0.07205601911405847,6.205263675433548,-0.014092264719573557,-0.010549608782626957,0.013852460122576942,phone_A
3296,23,7,Laying,7.524574112076895,0.0657538888264389,6.234922693089018,-0.001263558774157533,-0.009845023901680504,0.010430024426287807,phone_A
3297,23,8,Laying,7.5206602944814716,0.09161633491709334,6.23687511204272,-0.009785807451144483,-0.0014638649084156609,0.015536199321646002,phone_A
3298,23,9,Laying,7.4831233043388075,0.02306200013955868,6.268688447321852,-0.017012907304986787,-0.01967903901840627,0.0060427889554984906,phone_A
3299,23,10,Laying,7.4956885678783465,0.023233643474570603,6.241236534137177,-0.005700341272995075,-0.013274580727343896,0.019604657328300124,phone_A
3300,23,11,Laying,7.502865473430045,0.07953844232079547,6.199309972281525,-0.01561008204664215,-0.007883410650438422,0.018887387811052547,phone_A
3301,23,12,Laying,7.465943110622708,0.05655002736220152,6.204911237181146,-0.01064094832965121,-0.009717602922194089,0.005159213839153505,phone_A
3302,23,13,Laying,7.457701727852438,0.021449049875480262,6.188759599244898,-0.002965295632723121,-0.0075037045987906975,0.012028319378220347,phone_A
3303,23,14,Laying,7.466838900179063,0.08151540840946922,6.2537479699828635,-0.005265141810859747,-0.01222304578742958,0.004937106668416387,phone_A
3304,23,15,Laying,7.493682673017497,0.09855189032789992,6.264740788820068,-0.006319950077553611,-0.008222761546331728,0.0025819063659539747,phone_A
3305,23,16,Laying,7.506524032232897,0.03913387625177548,6.253813321881454,0.013567128494105142,-0.015026133503818534,0.0270850837804815,phone_A
3306,23,17,Laying,7.500016705286454,0.04297585190429233,6.216979194438732,0.01048578537357854,-0.008778510478109241,0.006507419776550425,phone_A
3307,23,18,Laying,7.482228665713011,0.07431963209985704,6.237001668506897,-0.0010784299194791479,-0.0012036864821008512,0.003490091070105124,phone_A
3308,23,19,Laying,7.5030821669067915,0.06358002809293171,6.225142273377235,0.003834889375471019,-0.02070109873923239,-0.0035903868239300727,phone_A
3309,23,20,Laying,7.492318600993435,0.06381457848254808,6.204239697007778,-0.01230148947756319,-0.00041402793718957505,0.01373254305398355,phone_A
3310,23,21,Laying,7.487023504581699,0.1240270273621148,6.26409767904028,0.009140535920415733,-0.01912078030177066,0.003991512699720802,phone_A
3311,23,22,Laying,7.5018749311447515,0.08139127960080125,6.270314595901096,-0.01069498960161813,-0.007840550046754918,0.01756730992314326,phone_A
3312,23,23,Laying,7.509856830772539,0.06274621548333599,6.252605872534969,-0.004998766141999032,-0.013818691324816768,0.005703579950574217,phone_A
3313,24,0,Walking,-0.21932487318827062,-0.8777689489226889,9.63503144784784,-0.38789826342199735,-0.007365239615916744,-0.09750649106621243,phone_B
3314,24,1,Walking,-0.8424161768375003,-0.8094562527442892,9.278721239953788,-0.2760251496300691,-0.1469246425930149,0.042514347449964685,phone_B
3315,24,2,Walking,-1.3695824018600409,0.05301134751641999,9.610413567787711,-0.03731893980311449,-0.2424317299807321,0.03227681044431254,phone_B
3316,24,3,Walking,-1.1974128761747458,0.5773208445161744,9.579008248877376,0.22747712333029171,-0.15174310729685758,0.16151784737354025,phone_B
3317,24,4,Walking,-0.9653388527652699,0.7494670358184563,9.865974068184503,0.39484625824098074,-0.08169905764203211,0.1830688877175654,phone_B
3318,24,5,Walking,-0.06937412210661704,0.8692116721050391,9.917775768243967,0.500854918514883,-0.004462296476396309,0.17207703728643917,phone_B
3319,24,6,Walking,0.5111123575732573,0.7826537149176307,9.947961822892076,0.475955222084121,0.22603478024313955,0.15022059383304517,phone_B
3320,24,7,Walking,1.0811016279427417,0.517025371322345,9.929068284396973,0.2767056812203059,0.3396614983594875,0.08343720001218893,phone_B
3321,24,8,Walking,1.4908625938675863,0.24844706887121404,10.057109723378327,0.03190278590720287,0.38836784290609366,-0.0028035138479695354,phone_B
3322,24,9,Walking,1.1363522139623683,-0.282823714727407,9.833859391891252,-0.25194736500430603,0.3272000490685942,-0.12226579393301512,phone_B
3323,24,10,Walking,0.6411261361483709,-0.8000822244240123,9.582892351238469,-0.37431589884766736,0.21820188029506749,-0.12795307016375404,phone_B
3324,24,11,Walking,-0.3013836951723479,-0.6319546508302174,9.462373690613639,-0.37736662307198116,-0.003022468784891555,-0.08663735408033567,phone_B
3325,24,12,Walking,-0.5857586730472939,-0.5178789334469537,9.405363069306302,-0.3337444297416836,-0.15113270395170772,-0.017359777839877973,phone_B
3326,24,13,Walking,-1.3460400055999973,-0.04065069072660396,9.436712568133458,-0.11435382723286115,-0.19535676208167801,0.02385331266629534,phone_B
3327,24,14,Walking,-1.4050970570438657,0.359524130513234,9.683886086636203,0.14458232985029765,-0.218516054636219,0.13722920000086528,phone_B
3328,24,15,Walking,-0.8216519467896247,0.8530497197937345,9.630550311767673,0.408151783350561,-0.10049913352433604,0.22655898966359878,phone_B
3329,24,16,Walking,-0.13642155207606443,0.9234568819675713,9.82132083406873,0.455279983392566,0.010126012919897402,0.1884817678574781,phone_B
3330,24,17,Walking,0.566053093461724,0.9242315677156153,9.857007813607517,0.4579220826061378,0.23319648563526013,0.1682024813794441,phone_B
3331,24,18,Walking,1.2593865736257233,0.6178790851903057,10.047190786200874,0.26027131584996116,0.3246665173172717,0.006855657086362807,phone_B
3332,24,19,Walking,1.394282828685942,0.14724665839092674,9.984674562949904,0.12029496417803458,0.4119695380586044,0.009182623325827352,phone_B
3333,24,20,Walking,1.134686267800927,-0.05506352960223901,9.964078775264579,-0.20128111442690272,0.326973737112824,-0.06046311560212894,phone_B
3334,24,21,Walking,0.6091217907809345,-0.5771849073955913,9.729660448001024,-0.37873666585058335,0.19838815854969885,-0.13983368729499837,phone_B
3335,24,22,Walking,0.019202952893923528,-0.790503880995208,9.54067952453229,-0.43518144025483213,0.012656458954636275,-0.12622500620077304,phone_B
3336,24,23,Walking,-0.8485996868718512,-0.49921381593342107,9.433428807626674,-0.3543522620649626,-0.11939791629943523,-0.056088832738574484,phone_B
3337,24,0,Walking Upstairs,-0.5342084852329055,-0.6978433095345781,9.552749336119783,-0.4320412314887263,-0.02916896905227114,-0.08708872738589557,phone_B
3338,24,1,Walking Upstairs,-1.341249827003517,-0.23180211401635875,9.464781002061295,-0.23296944472842077,-0.20371598855326375,0.034401652917362656,phone_B
3339,24,2,Walking Upstairs,-1.337987211403832,0.773685114159343,9.705608447181142,0.1929440027478137,-0.20916216683441008,0.1774420757907855,phone_B
3340,24,3,Walking Upstairs,-1.0462080141269996,1.0517985750522534,9.98267599256878,0.5887133624983287,-0.13618711269183847,0.27584219745418836,phone_B
3341,24,4,Walking Upstairs,0.21110665112827343,1.4079025918876809,10.42565932544932,0.7099886078176473,0.15790521174455616,0.277149381643089,phone_B
3342,24,5,Walking Upstairs,1.3537872259386576,1.2549686016698678,10.593514371616292,0.6201610078074838,0.4397368043349115,0.22435913426826573,phone_B
3343,24,6,Walking Upstairs,2.0395217872320566,0.8927430429460766,10.715579650651877,0.36384144037321753,0.5327439094788371,0.07957977691233253,phone_B
3344,24,7,Walking Upstairs,1.8632920356435194,-0.09859537566215738,10.493809669316905,-0.12274482913511106,0.5535996256518988,-0.08285106079508091,phone_B
3345,24,8,Walking Upstairs,0.9880176539592194,-0.6572341090542587,10.086669601514094,-0.4031194317319312,0.39418758876248894,-0.11095390278371844,phone_B
3346,24,9,Walking Upstairs,0.16020808225858285,-0.847757016035641,9.768015247523959,-0.538894774410967,0.14842807266183208,-0.12337508651476516,phone_B
3347,24,10,Walking Upstairs,-1.0489968474820912,-0.49889062037611415,9.626512712086503,-0.3890965147115938,-0.09392705685335165,-0.05705549354304548,phone_B
3348,24,11,Walking Upstairs,-1.4052593837317107,0.18694049040288285,9.797600798958738,-0.0233591095129711,-0.19892892789665395,0.1530751878549566,phone_B
3349,24,12,Walking Upstairs,-1.380292173942915,0.7826062345523452,9.72457319902392,0.3869842121980314,-0.20615638651928334,0.22373491001034668,phone_B
3350,24,13,Walking Upstairs,-0.31890801190473306,1.1366909693981688,10.241092873139674,0.7205556702009307,0.010012978564543673,0.3172401174923831,phone_B
3351,24,14,Walking Upstairs,0.76381941868014,1.3322848864316845,10.56326863614779,0.7430130266836307,0.29155999099638524,0.3137179299787049,phone_B
3352,24,15,Walking Upstairs,1.4931303630645305,0.7617472155907308,10.7733945074327,0.5523790693468095,0.5270659582013901,0.1577551634088405,phone_B
3353,24,16,Walking Upstairs,2.201674403276012,0.5348107093014317,10.792073270395392,0.15181300365360098,0.5344814582854022,-0.008675453667621732,phone_B
3354,24,17,Walking Upstairs,1.7126472827738648,-0.3546690981622531,10.319061458018117,-0.23184620414277152,0.468163007545274,-0.10010594743303153,phone_B
3355,24,18,Walking Upstairs,0.7518164210808246,-0.8476368962778504,9.820738132442548,-0.551129504211656,0.28526784263254734,-0.15027671040374116,phone_B
3356,24,19,Walking Upstairs,-0.5492330887231558,-0.9269197901248134,9.703953427899384,-0.4875627257647536,-0.0033768584060522716,-0.1063986768247225,phone_B
3357,24,20,Walking Upstairs,-1.3554239506442605,-0.1754787969266323,9.515356200983147,-0.235259319802482,-0.18179989746512265,0.07738362648205818,phone_B
3358,24,21,Walking Upstairs,-1.5433664932267381,0.47598820280598203,9.660369123834482,0.18564518803845753,-0.2526200252519839,0.15433941553331199,phone_B
3359,24,22,Walking Upstairs,-0.8796828140860421,1.1590360791348193,10.034769055486693,0.5909551980910679,-0.10399964611006463,0.2725568409672561,phone_B
3360,24,23,Walking Upstairs,-0.0065998797298641165,1.351685322855167,10.696012718988017,0.789326780854219,0.12590062371335511,0.33061361583336213,phone_B
3361,24,0,Walking Downstairs,-1.5187659431278495,-1.423915800571478,8.675960884517162,-0.7715302356751155,-0.42753820469967385,-0.19018488004244974,phone_B
3362,24,1,Walking Downstairs,-2.379594738959129,-0.5291801072297969,8.468210310331356,-0.3408124082411748,-0.68874161626002,-0.02725192839323007,phone_B
3363,24,2,Walking Downstairs,-2.1592148809217946,0.32038988182523304,8.926176929190005,0.2734195166368163,-0.5799448481272385,0.16693015787344861,phone_B
3364,24,3,Walking Downstairs,-1.008292130444658,0.8668884917439197,9.552333453114365,0.6100175807709232,-0.3055063901492252,0.26267849820556705,phone_B
3365,24,4,Walking Downstairs,0.4051925032105678,0.8398257101520186,9.964682808453416,0.6396061089649091,0.02398721444693941,0.1519405121001088,phone_B
3366,24,5,Walking Downstairs,1.9213012211769882,0.3140573568310539,10.337728660726956,0.2807000939046954,0.24692351375430407,0.039208757232916475,phone_B
3367,24,6,Walking Downstairs,2.0419851117017154,-0.5739195256126627,9.88476485613562,-0.3379992704565721,0.27459918011452633,-0.19795670008107563,phone_B
3368,24,7,Walking Downstairs,1.1405025067359378,-1.330161372260311,9.523979534671,-0.7417713158106689,0.10770253438820208,-0.26556399327055163,phone_B
3369,24,8,Walking Downstairs,-0.3973068783436169,-1.576112776465853,8.811010324625945,-0.8875025771969052,-0.3065350132209812,-0.24951787179445414,phone_B
3370,24,9,Walking Downstairs,-1.8588260687335905,-1.070390954357859,8.652990958855769,-0.5974800382421077,-0.6064492970625204,-0.059576056932009486,phone_B
3371,24,10,Walking Downstairs,-2.4539276419911045,-0.2648106182712936,8.92392017884394,-0.019892335688253573,-0.6552674565049798,0.1093232837167236,phone_B
3372,24,11,Walking Downstairs,-1.8702578980412692,0.6478340039237802,9.36227120441971,0.4606928574442996,-0.5329322349509255,0.21954565524992545,phone_B
3373,24,12,Walking Downstairs,-0.2517724869615532,1.0929349805630744,9.551841188041887,0.634000829678628,-0.15138856562530933,0.18786941935320892,phone_B
3374,24,13,Walking Downstairs,1.15567726112021,0.43412843505771365,10.148934721983718,0.5101185441157902,0.1726299163252746,0.09113862543560261,phone_B
3375,24,14,Walking Downstairs,1.7224004437477034,-0.2518350440202756,9.91869688470289,-0.027962676643517936,0.32643812711228426,-0.1020189753473182,phone_B
3376,24,15,Walking Downstairs,1.6932513599126402,-1.219520879586965,9.58406151118074,-0.5503978359647869,0.21986448654290197,-0.2652164094210355,phone_B
3377,24,16,Walking Downstairs,0.3002453451738522,-1.5544056568351834,9.145674737850724,-0.8820370195728071,-0.06669810466455565,-0.32316280786229906,phone_B
3378,24,17,Walking Downstairs,-1.2937246803905322,-1.3955979878357356,8.563678352115508,-0.7786801552661277,-0.38348618044070854,-0.20760631056199047,phone_B
3379,24,18,Walking Downstairs,-2.4014375880851095,-0.7662766570384787,8.436721208350072,-0.2920328066065206,-0.6515738625238267,-0.027134869195945505,phone_B
3380,24,19,Walking Downstairs,-2.347250261301862,0.21503176707287008,8.870627981327287,0.26990956135096567,-0.648369156342388,0.12742233113845475,phone_B
3381,24,20,Walking Downstairs,-1.004076637967268,0.9005431853752703,9.439245173003409,0.6490687005424801,-0.3542450727762971,0.23306581853317648,phone_B
3382,24,21,Walking Downstairs,0.3478897339399102,0.7412826851069563,9.823356181479213,0.625227832791742,0.009716825348170293,0.1188175995181143,phone_B
3383,24,22,Walking Downstairs,1.6685405585711852,0.3103526098932202,10.043663199780312,0.28672182585146605,0.26883056271887723,-0.025467582959662165,phone_B
3384,24,23,Walking Downstairs,2.0681259712538074,-0.6381702734705254,9.985905486039753,-0.3042345811758018,0.32126654949177413,-0.19706817749901423,phone_B
3385,24,0,Sitting,0.0877401891532614,-0.04220746260308612,9.837067689802938,0.018567664186068495,-0.016123261909212237,0.018506082272558885,phone_B
3386,24,1,Sitting,0.07259674494737846,-0.03692019444478952,9.820330125278709,0.009968613128958033,-0.02567736378740514,0.03506639681645353,phone_B
3387,24,2,Sitting,0.12330964501864226,-0.0139269531656061,9.792286570770997,0.010678747958465054,-0.014782764761915226,0.0252170788987049,phone_B
3388,24,3,Sitting,0.09512887321780342,-0.06149095852389738,9.792784455204224,0.01966697891615981,-0.028474704879561115,0.030601710825824555,phone_B
3389,24,4,Sitting,0.09708086029776043,-0.0424853367500348,9.804123736940154,0.013607967841789971,-0.02004297394023376,0.024138879677181403,phone_B
3390,24,5,Sitting,0.10500814860730778,-0.0030914555904083332,9.810574539270167,0.014587879053957932,-0.02106126232249629,0.024278766911535864,phone_B
3391,24,6,Sitting,0.10786557489180712,-0.016108386479797225,9.79321877718045,0.002169862838697077,-0.015693228477344837,0.02491577922999554,phone_B
3392,24,7,Sitting,0.11391648811061471,-0.011912715750102349,9.745760218687238,0.0252993363887971,-0.008548425531960224,0.022634606811299855,phone_B
3393,24,8,Sitting,0.12199441692549999,-0.021858335964632852,9.829334495463408,0.01212268009268248,-0.023401445071136284,0.03884215921807003,phone_B
3394,24,9,Sitting,0.16187745239761223,-0.030621278354670003,9.82230873774158,0.019627019457192647,-0.00807682297376857,0.013346651335812072,phone_B
3395,24,10,Sitting,0.13389133560665026,-0.04629569068765753,9.815631655554085,0.02038623936567696,-0.022091487889392497,0.01742443731381855,phone_B
3396,24,11,Sitting,0.13025784171668586,-0.03175403751191078,9.842105923720732,0.025301835623423884,-0.011909548769131443,0.03010833951889886,phone_B
3397,24,12,Sitting,0.1696148138612396,-0.02305980691187215,9.82220303519626,0.012760710269995703,-0.015443998484811199,0.017896209645418958,phone_B
3398,24,13,Sitting,0.16498992399812332,-0.03924601787227362,9.813792370632129,0.01868454266484345,-0.00914150587720884,0.01872386586540442,phone_B
3399,24,14,Sitting,0.15396794658216156,-0.018940761982964516,9.799816494757293,0.015385772715029968,-0.007191745366728758,0.01911509333401081,phone_B
3400,24,15,Sitting,0.15745288797444992,-0.08059708398743884,9.829216328459093,0.0052762536916896256,0.0006145059886015604,0.022568192381863375,phone_B
3401,24,16,Sitting,0.1544607950872749,-0.014405577107321349,9.801590223546926,0.008217315602388078,-0.01580323632415767,0.03038365345615328,phone_B
3402,24,17,Sitting,0.2193358993346387,-0.08762697532683791,9.80773776082419,0.012269970923659066,-0.006982391069444207,0.021715487353566078,phone_B
3403,24,18,Sitting,0.17309793530050488,-0.038204312124432885,9.804683470777947,0.012068893543608754,-0.009704084053984026,0.018783007175675315,phone_B
3404,24,19,Sitting,0.13588650975240973,-0.061335146615310907,9.814791065568814,0.015556211830528039,-0.002546027676222028,0.021317969547051757,phone_B
3405,24,20,Sitting,0.18173503883446615,-0.10748240896788205,9.779411628550728,0.0068907013194744494,0.0002286543384222735,0.018484710862880224,phone_B
3406,24,21,Sitting,0.16339110849317814,-0.06348197372874928,9.821206417507959,0.0123177817737797,0.003569475130478948,0.0158707713291675,phone_B
3407,24,22,Sitting,0.18612929331612874,-0.05395498430637563,9.839870129834118,0.016340455367259622,-0.0003413263498044289,0.025491820432132464,phone_B
3408,24,23,Sitting,0.16043400980476102,-0.08033312091062286,9.7755518655288,0.006061434881734449,0.0042273749382712895,0.0024302598390127973,phone_B
3409,24,0,Standing,-0.0010645827420195948,0.12964358296375492,9.727539418809776,-0.013523968171626221,-0.011003423848736019,0.006097552863577816,phone_B
3410,24,1,Standing,-0.029158405365330282,0.12157645205379287,9.780450042256614,-0.020853867276502052,-0.011815151147502874,0.00995584441576947,phone_B
3411,24,2,Standing,-0.03966200985636569,0.08089112837637233,9.764997932598709,-0.012154651300326733,-0.008366903334469551,0.0068370317617421315,phone_B
3412,24,3,Standing,-0.10560703655474869,0.0910298987873187,9.729009884800583,-0.021282324944111284,-0.00863797570881418,-0.003663389385772908,phone_B
3413,24,4,Standing,-0.00184353407928204,0.0962167399450984,9.72018475461161,-0.016911848746936277,-0.015945611449947928,0.0071718851035443435,phone_B
3414,24,5,Standing,-0.08812251374054073,0.11813830109790388,9.709506626834738,-0.026836805125636024,-0.024807543229567675,-0.0010211102118750986,phone_B
3415,24,6,Standing,-0.053514304587711545,0.09191176801967244,9.72612679436198,-0.02704263522692938,-0.02074938430498383,0.000694935286562991,phone_B
3416,24,7,Standing,-0.06205674243167921,0.13481420281571097,9.717131429787626,-0.02093294236247834,-0.032510799336826705,0.008916034608732654,phone_B
3417,24,8,Standing,-0.1059398080573162,0.10033360056866439,9.72646587193749,-0.029602992300951377,-0.03274138626469837,0.010634885470837359,phone_B
3418,24,9,Standing,-0.10766819736498014,0.13813513385258852,9.713335920048847,-0.021525528538822374,-0.04150059371907881,0.00553052907018825,phone_B
3419,24,10,Standing,-0.07146301665520574,0.12566534870188323,9.706043201162426,-0.02314424406973411,-0.046760557901768765,0.004327866450487165,phone_B
3420,24,11,Standing,-0.11045588335313931,0.11334041470940881,9.695122006230863,-0.02023170346994867,-0.03547883594435622,0.010269075523820021,phone_B
3421,24,12,Standing,-0.15316923975660957,0.12228906139824296,9.773118919551598,-0.005581401721765853,-0.032577320849664596,0.001774183081830227,phone_B
3422,24,13,Standing,-0.14845084444615056,0.12053246397144929,9.7309775756371,-0.004045266091368718,-0.04122655507488101,0.008647384627878948,phone_B
3423,24,14,Standing,-0.16742675791159461,0.15941038252378992,9.735314446591445,-0.006841923344864802,-0.04396340107642299,0.01582431421467646,phone_B
3424,24,15,Standing,-0.14937090234890352,0.16954206057302829,9.733519956479972,-0.004641027979964565,-0.04633566605445457,0.016667314587073125,phone_B
3425,24,16,Standing,-0.1797094605754596,0.1399736956324957,9.732334593476715,-0.006001117712111286,-0.04218348588748272,0.018556584421060656,phone_B
3426,24,17,Standing,-0.142670622606272,0.1841906571944684,9.741283769593075,-0.0014068660303268306,-0.045353519791258,0.02495130255483228,phone_B
3427,24,18,Standing,-0.2037236697626742,0.219484966946212,9.7788213313664,0.010388537145130886,-0.04341663147398663,0.025681616234012588,phone_B
3428,24,19,Standing,-0.17360552366727927,0.182968186219389,9.748708063195572,0.002157933237799766,-0.054761014487397015,0.02133630766777786,phone_B
3429,24,20,Standing,-0.14848474275461085,0.17285167204322602,9.721822131967638,0.010648795719803395,-0.05431077394090086,0.010580044256953112,phone_B
3430,24,21,Standing,-0.18872505427300523,0.20969168013587008,9.742870331990579,0.017506067698360786,-0.04412491630516944,0.022867704684577505,phone_B
3431,24,22,Standing,-0.1810705130192486,0.2210025049477828,9.729042458936254,0.02315356313930346,-0.04474237031496142,0.03562847419534429,phone_B
3432,24,23,Standing,-0.16754493033740364,0.24645590630864592,9.789139111068977,0.021086607484711997,-0.042997581098015804,0.02351821702138945,phone_B
3433,24,0,Laying,7.375376148945748,0.11754909369186525,6.332709570628066,0.0039229537875058226,-0.020384655058779264,0.027875090391514912,phone_B
3434,24,1,Laying,7.360840456963615,0.1281782780171987,6.3397339788892895,0.00943401900498265,-0.025874964771807434,0.023243252910967863,phone_B
3435,24,2,Laying,7.304450211628042,0.14794970542519476,6.350351346713733,0.001731145272517803,-0.021549290590695165,0.022171592673532508,phone_B
3436,24,3,Laying,7.339949201441808,0.14083125768119925,6.3010630940894305,0.0023634214007287515,-0.02755744428630372,0.027253059675079724,phone_B
3437,24,4,Laying,7.356484196318782,0.12586998790809797,6.3225138006285135,0.0029379195845372717,-0.015027608625886365,0.02128497160563739,phone_B
3438,24,5,Laying,7.367411440742758,0.12059784750421516,6.342880353118404,0.010959232857477436,-0.015125923570036962,0.03295573276140001,phone_B
3439,24,6,Laying,7.359951660464484,0.17070342289160303,6.364084258115844,-0.001538897211921391,-0.02497608546229665,0.015339712743091469,phone_B
3440,24,7,Laying,7.380345049134601,0.10351441658443039,6.279954750920839,-0.0009490487382502379,-0.03149255103637043,0.026116441273444185,phone_B
3441,24,8,Laying,7.327946871318738,0.10038659023704433,6.324388554507235,0.006162761448203011,-0.031970379698914274,0.0203557761553006,phone_B
3442,24,9,Laying,7.354503779001815,0.13507884907689727,6.318194226852985,0.013542541512889042,-0.007545084773118091,0.022897253382539947,phone_B
3443,24,10,Laying,7.324694431748847,0.139427439289579,6.332293685885166,0.006534924124237299,-0.01641727625216284,0.03817182315216694,phone_B
3444,24,11,Laying,7.316344537246526,0.13384155902132133,6.366976887790976,0.004090282213933957,-0.014986689775514407,0.028793083629203485,phone_B
3445,24,12,Laying,7.391581832677468,0.19550980313228025,6.337791728596403,-0.0029050954876527826,-0.023554274470648368,0.038215058621357004,phone_B
3446,24,13,Laying,7.326845055451316,0.1611828869639326,6.267621178271917,-0.0002115559047075402,-0.013645166617459879,0.025389116922640904,phone_B
3447,24,14,Laying,7.354378586775089,0.12941647759691935,6.281589476299966,0.012360039145476521,-0.020268266592841037,0.016100152681825512,phone_B
3448,24,15,Laying,7.3661799305364895,0.16524322798002913,6.327503198691926,0.009176554744686339,-0.017931729072236714,0.021031820797290254,phone_B
3449,24,16,Laying,7.368459568561632,0.16995101458834086,6.359398746172522,0.013482543789487787,-0.0217916091074759,0.02911427289427935,phone_B
3450,24,17,Laying,7.380456196329704,0.134606443299918,6.322930813280356,0.01304989791557864,-0.00905045764893343,0.014434481956707133,phone_B
3451,24,18,Laying,7.411572294294714,0.18215000628578587,6.340513702066239,0.007736494942655525,-0.014531498948159242,0.021451728077427807,phone_B
3452,24,19,Laying,7.367910497634635,0.11678392416626812,6.2929836901136476,0.02335870956028712,-0.01605012088356926,0.026490973256287475,phone_B
3453,24,20,Laying,7.373393588482565,0.13349420100755363,6.32981796318864,0.010070687978561917,-0.017156143065072092,0.020712511995737124,phone_B
3454,24,21,Laying,7.387981072186697,0.15934081790264254,6.348274529780315,0.013886769420279735,-0.01654147086211,0.024152556011271684,phone_B
3455,24,22,Laying,7.414905951952976,0.13138768116175545,6.292550803507937,0.013096640994068959,-0.018831731572421597,0.018625332129901827,phone_B
3456,24,23,Laying,7.401841106152643,0.15163763302618485,6.308722613166351,0.021453719866485504,-0.024253369132395786,0.024476490398740607,phone_B
3457,25,0,Walking,0.09108019621621952,0.9697813071092364,9.949339864606255,0.4470326377653179,0.12782971460266665,0.1331378687511936,phone_A
3458,25,1,Walking,1.1430085908589496,0.7992794838868447,10.02535313703658,0.37665834459230485,0.24738566702055081,0.06890559486563336,phone_A
3459,25,2,Walking,1.359735490967388,0.33667554822764123,9.979095461688466,0.1403038750232014,0.38295061837960737,-0.0020030465925256653,phone_A
3460,25,3,Walking,1.3421002915701463,-0.0893665466381475,9.978448994524307,-0.06589772206549942,0.3795778007829932,-0.03290082474304978,phone_A
3461,25,4,Walking,0.6799013074786022,-0.6716530861782312,9.709546405217061,-0.31291235046999266,0.29289361370124917,-0.14594622898764242,phone_A
3462,25,5,Walking,0.016304175360313686,-0.5835162158392542,9.543049953682258,-0.39682123666832037,0.10792360390534884,-0.08575340964249323,phone_A
3463,25,6,Walking,-0.55245121231926,-0.5312051127634788,9.293990034839018,-0.2996095269502861,-0.09137651205351548,-0.018313107276767063,phone_A
3464,25,7,Walking,-1.128300556709578,-0.041047343155893645,9.434510951805452,-0.21339131681996196,-0.2088828677264125,0.023477647793459126,phone_A
3465,25,8,Walking,-1.541747862291401,0.17794141183297352,9.498029989206842,0.08016856194826137,-0.2500389524788031,0.12149991237698457,phone_A
3466,25,9,Walking,-1.1349098927662555,0.6060230903472162,9.671442279028229,0.3231158741789917,-0.12971397970018786,0.16534788721290075,phone_A
3467,25,10,Walking,-0.4209956271336712,0.6849650148771134,9.841849937147149,0.4648623218243044,-0.05229615307743868,0.2120272087297882,phone_A
3468,25,11,Walking,0.3044672958150077,0.7114226355503911,10.049840199666658,0.5135105933011075,0.11774128063182215,0.13627389191704403,phone_A
3469,25,12,Walking,0.7032491686907187,0.7093883456596487,10.041321315100545,0.40478375013613266,0.2917685899077801,0.06541174384926876,phone_A
3470,25,13,Walking,1.321020328833293,0.33538221134128454,9.939771092042456,0.12910736172504955,0.3859907100703432,0.01879777674876807,phone_A
3471,25,14,Walking,1.3353119034228986,-0.1676992439766584,9.955823472768111,-0.11651394602273521,0.3405941014389682,-0.06857753138741733,phone_A
3472,25,15,Walking,0.8614605504262696,-0.645183918104733,9.622065680389225,-0.29906108372996393,0.295252761506255,-0.13560240475344115,phone_A
3473,25,16,Walking,0.13019122649966935,-0.5979173312251126,9.521029216022137,-0.3831475179728181,0.08409773145011509,-0.13204245613608537,phone_A
3474,25,17,Walking,-0.4862185291002561,-0.3773473933676432,9.504147490188332,-0.3232752517751744,-0.09328367081409603,-0.09414094147249069,phone_A
3475,25,18,Walking,-1.2820926735797369,0.0268656826608899,9.313492716398578,-0.16627679291549546,-0.16383776439712508,0.015220646108455893,phone_A
3476,25,19,Walking,-1.4661797480217043,0.02153728323902715,9.087219354855069,0.0882074830432315,-0.23555142146969382,0.044004812048468483,phone_A
3477,25,20,Walking,-1.1935146960992464,0.6445659259710306,9.657259892764735,0.32523742392162636,-0.19655233863575122,0.13453058522703976,phone_A
3478,25,21,Walking,-0.6987974554443022,0.988400372952359,9.512137143635874,0.4667641388943822,-0.024806714781102805,0.20529411721409735,phone_A
3479,25,22,Walking,0.1959249049357888,1.0875785317589555,9.617656465868539,0.5433915893672676,0.1254612015873393,0.1956144309335255,phone_A
3480,25,23,Walking,0.6871389544291959,0.5726357268874444,10.271138027628997,0.3803723456485557,0.263115050182926,0.11373585995199148,phone_A
3481,25,0,Walking Upstairs,-0.3942971867929166,1.416349002892232,10.106611089589908,0.7488991595199963,0.051180246833816445,0.25380439441176406,phone_A
3482,25,1,Walking Upstairs,0.8114167563567107,1.1236956881362528,10.67737744435897,0.7346454710921255,0.30961668635255474,0.2599150729980724,phone_A
3483,25,2,Walking Upstairs,1.5898549078021378,1.0657244015781617,10.677610125437933,0.5257488164904364,0.5584185296650214,0.08759461943309246,phone_A
3484,25,3,Walking Upstairs,1.5530991927703677,0.280313517354836,10.522706761974375,0.09581563775785641,0.5564851258644185,-0.004217281991308636,phone_A
3485,25,4,Walking Upstairs,1.3562480901212106,-0.2819843811014677,10.353269446449394,-0.28053958751269537,0.4998982088758265,-0.1088103465243165,phone_A
3486,25,5,Walking Upstairs,0.5333428514497996,-0.749173453346028,9.961582478986161,-0.492974536377569,0.2888299620110825,-0.19652308731716792,phone_A
3487,25,6,Walking Upstairs,-0.6539944603973151,-0.7562774264525959,9.684526166330349,-0.4430392284624212,0.002197464897433254,-0.09888819961705093,phone_A
3488,25,7,Walking Upstairs,-1.3966411286063523,-0.14780751051121843,9.709841193141285,-0.12342893169369878,-0.15177023627605976,0.06178351872979768,phone_A
3489,25,8,Walking Upstairs,-1.411944944858435,0.6027127207336701,9.643043809445158,0.2323356100584826,-0.23053936897606966,0.19865869049771942,phone_A
3490,25,9,Walking Upstairs,-0.9963126328083685,1.0225300759356244,9.981044720349232,0.6200310370693385,-0.06816542197410036,0.2872949129838079,phone_A
3491,25,10,Walking Upstairs,0.05540143973662534,1.315539002860821,10.292025836590224,0.7738048603037689,0.16805070238219746,0.291719919674013,phone_A
3492,25,11,Walking Upstairs,1.0485555987989346,1.2468000955352299,10.827714295792177,0.6772663147688415,0.40108005653168327,0.16799683074454347,phone_A
3493,25,12,Walking Upstairs,1.76369447147735,0.7055278405742265,10.699827293920587,0.3407145364672218,0.5701506845248201,0.04053842316113421,phone_A
3494,25,13,Walking Upstairs,1.7680665065346537,0.2378611166387532,10.387353961568705,-0.1267484648813046,0.5150609055032564,-0.09406589870845376,phone_A
3495,25,14,Walking Upstairs,1.211864643634634,-0.6324346146677469,10.275063840629407,-0.4229135227291554,0.42147168094386955,-0.17372085389555836,phone_A
3496,25,15,Walking Upstairs,-0.12425129698328344,-0.7178115748748264,9.805080422088654,-0.52495133222207,0.14898839336721548,-0.11493253313291919,phone_A
3497,25,16,Walking Upstairs,-1.2677830702183341,-0.4755150379501121,9.48726180333307,-0.3584236961006656,-0.08418176613409473,-0.0330046100011263,phone_A
3498,25,17,Walking Upstairs,-1.8821857354334244,0.16725510809871516,9.459983088512342,0.03815213804038531,-0.19515662464903796,0.07277563043443558,phone_A
3499,25,18,Walking Upstairs,-1.5324372687998014,0.9398820106461251,9.676697603404662,0.46003393860945496,-0.14416680303092735,0.2469812287153704,phone_A
3500,25,19,Walking Upstairs,-0.6688478843891638,1.099093874550345,10.313037827331984,0.7735081885573273,0.0663917697665648,0.29440318592988196,phone_A
3501,25,20,Walking Upstairs,0.4555315990534567,1.5318233533718537,10.526149946462489,0.7678664179026966,0.28743176897428907,0.25396082906946643,phone_A
3502,25,21,Walking Upstairs,1.6838411497049772,1.1671363089221856,10.624271243260667,0.5011680415514249,0.43377770176032593,0.11944701941116397,phone_A
3503,25,22,Walking Upstairs,1.8054427142978147,0.41504912558763535,10.550794385278222,0.1199856648378873,0.6001596923722335,-0.009548905695657764,phone_A
3504,25,23,Walking Upstairs,1.5434199074764605,-0.10676705262316818,10.382512341876025,-0.2829291028648289,0.4863083152962299,-0.10946034042557617,phone_A
3505,25,0,Walking Downstairs,1.7432632586895012,-0.2428237065332798,10.02416594038536,-0.13555953598508472,0.38642032267931925,-0.11398556887638085,phone_A
3506,25,1,Walking Downstairs,1.382281984785769,-1.1503957189329546,9.3977322951648,-0.7284256142256521,0.18832431119051385,-0.2776916742470798,phone_A
3507,25,2,Walking Downstairs,-0.29808279128752413,-1.7603334681914073,8.879883305863094,-0.8773041571063178,-0.17350345183909127,-0.2805298397237877,phone_A
3508,25,3,Walking Downstairs,-1.7347420360479042,-1.0651105539429937,8.81819075888267,-0.6970490929793804,-0.48035894510536403,-0.1454682900871043,phone_A
3509,25,4,Walking Downstairs,-2.4246995535239675,-0.2975224572131066,8.84599943597046,-0.23065149451516398,-0.6372494573530015,0.0533076721313936,phone_A
3510,25,5,Walking Downstairs,-2.1069047175030504,0.27034863835270906,9.06146758294132,0.3661996030991059,-0.509399433821593,0.2006477203442796,phone_A
3511,25,6,Walking Downstairs,-0.8309188769614635,0.7957696929557319,9.659856794415253,0.7090949126739282,-0.2514662603627742,0.23649082780880976,phone_A
3512,25,7,Walking Downstairs,0.7857689109062042,1.005828127718322,10.083822123182225,0.5495950954172597,0.07428065390479881,0.16661329872723143,phone_A
3513,25,8,Walking Downstairs,1.9083278775422043,-0.01686017377024826,9.81184313409307,0.13844760957953134,0.3008077791194837,-0.07838221875864111,phone_A
3514,25,9,Walking Downstairs,1.6610302274837854,-0.8111963540819899,9.812401222210852,-0.3962435056219091,0.2879016754811759,-0.2687436459205086,phone_A
3515,25,10,Walking Downstairs,0.5525124000311917,-1.2444941115772241,9.115333656415503,-0.8146552718486922,0.0151160345334647,-0.30514285237547206,phone_A
3516,25,11,Walking Downstairs,-1.2210273840630057,-1.4506238457930367,8.71322006462721,-0.8278816133562701,-0.28028702898597824,-0.2418285412216231,phone_A
3517,25,12,Walking Downstairs,-2.5089565600735835,-0.8534844971766443,8.630875279110718,-0.45484231435170275,-0.598536583143328,-0.020888740289412136,phone_A
3518,25,13,Walking Downstairs,-2.4216663074784677,0.09096861790023067,8.742543311613614,0.07045853945198695,-0.6247845303579084,0.13191327775014325,phone_A
3519,25,14,Walking Downstairs,-1.6277662823978287,0.8553483886254293,9.307213732283516,0.5644392717142601,-0.43981049794546095,0.23385665401013697,phone_A
3520,25,15,Walking Downstairs,0.02788821225012482,0.976969798347516,9.702943507953579,0.6920119782094721,-0.043312860294391645,0.18993253754562325,phone_A
3521,25,16,Walking Downstairs,1.3903534859285307,0.6047204655661854,10.19427197326509,0.41202200822480994,0.2500397368707583,0.04514138538439792,phone_A
3522,25,17,Walking Downstairs,1.8616653215455656,-0.3077492910971869,9.821655853982238,-0.19133389520039223,0.3570644362235657,-0.15334779300416937,phone_A
3523,25,18,Walking Downstairs,1.1654300534442785,-1.0530470587629523,9.347328721561022,-0.7183981539440116,0.17636760706488017,-0.32777438117467644,phone_A
3524,25,19,Walking Downstairs,-0.22819027910830458,-1.6237426600827993,9.04194256566907,-0.8691864066436914,-0.16312663325694196,-0.3064761843981491,phone_A
3525,25,20,Walking Downstairs,-1.6965580630828359,-1.0952402536777486,8.374042100208797,-0.6889028121774821,-0.5340184502101814,-0.16834597783827335,phone_A
3526,25,21,Walking Downstairs,-2.367706534620693,-0.021142491318350887,8.641095913568867,-0.21604179158111333,-0.6597011102411506,0.03877200351352725,phone_A
3527,25,22,Walking Downstairs,-2.179510133710507,0.41457026531290525,9.006929409973253,0.3837110839624803,-0.5602208096748194,0.16709321392381538,phone_A
3528,25,23,Walking Downstairs,-0.8497302119911048,0.988348869523913,9.458562502920353,0.6715047437380063,-0.23767685142490064,0.21648904022562207,phone_A
3529,25,0,Sitting,0.12162373342281592,-0.016039953232428093,9.773034621185884,0.006990845093003707,0.009947471544455334,0.012531728756935378,phone_A
3530,25,1,Sitting,0.08721327608253017,-0.03218068252263178,9.801835822955024,-0.0011029122100992932,0.02325858297342749,0.011758229622971027,phone_A
3531,25,2,Sitting,0.07795549336373536,-0.02948915853099257,9.829717037623043,0.006699572387856994,0.024200606499758234,0.024623932192095025,phone_A
3532,25,3,Sitting,0.0932526421044189,-0.052770069476025305,9.779280341106107,-0.008327924391146204,0.022290352216502912,0.0043511801036617845,phone_A
3533,25,4,Sitting,0.11768672689806077,-0.015189227930983873,9.775504189724968,-0.002033096090197862,0.02511889017178405,0.005433780543795814,phone_A
3534,25,5,Sitting,0.07832805487417348,-0.07207215184393562,9.797375483073747,0.011215932187617638,0.018521499248368205,0.006357296653927128,phone_A
3535,25,6,Sitting,0.1332219048780219,-0.014815619601420374,9.807528890684889,0.017469099075397763,0.012592741920754547,0.01130158916511997,phone_A
3536,25,7,Sitting,0.08200700950644554,-0.030807633142960016,9.791121342660523,0.002259806707688582,0.027998857149674164,0.009908780374733176,phone_A
3537,25,8,Sitting,0.10173574014757385,-0.07629430560761699,9.800094529581447,-0.007833659227156845,0.018475596704258256,0.00889392232876328,phone_A
3538,25,9,Sitting,0.08297879501852645,-0.018743500370294625,9.831433580680978,-0.002113587753156874,0.01596054755377256,-0.00023943573937535182,phone_A
3539,25,10,Sitting,0.07800677585512782,-0.0905232362668916,9.77930219947204,-0.0048046481445168255,0.0019406793117095252,0.006367166058907703,phone_A
3540,25,11,Sitting,0.10740913257849259,-0.066828425958903,9.721669046931343,-0.0067969496460848905,0.00280372471188323,-0.0010877599732428906,phone_A
3541,25,12,Sitting,0.11492021981248193,-0.13034709449005374,9.766483858716407,-0.001329297928037326,0.006143956889154417,-0.0023861838817403587,phone_A
3542,25,13,Sitting,0.12593904208232376,-0.06266011238117325,9.808010262807139,-0.004287128019244923,0.010452466848630734,0.009635521100817602,phone_A
3543,25,14,Sitting,0.11903235267874207,-0.11660575234352344,9.78151031826285,-0.008377630341136349,0.005974069012145667,0.007758678057844108,phone_A
3544,25,15,Sitting,0.07387640138478573,-0.028527757177929373,9.807635161242391,-0.000703053065879795,0.0003686275427890913,-0.003088186494588377,phone_A
3545,25,16,Sitting,0.0452274857796935,-0.045468840417491045,9.753693004849426,-0.01519647719438854,-0.0001981289342897017,0.018198343669970175,phone_A
3546,25,17,Sitting,0.05546506849428758,-0.06690571928429898,9.747123461734793,-0.004391520020432482,-0.00518672266021558,-0.004205728109295094,phone_A
3547,25,18,Sitting,0.03629964827301822,-0.07600121580240718,9.753614661580658,-0.0014783122574401932,0.007365398698767277,-0.002424894173259645,phone_A
3548,25,19,Sitting,0.07497694243167735,-0.09233103969576686,9.756533516632267,-0.0056167385926199345,-0.011507758046833804,0.006222122845906677,phone_A
3549,25,20,Sitting,0.027579092344000942,-0.10108954059102813,9.81816369618664,-0.014440064839090784,0.007787163878664125,0.0036446193444511377,phone_A
3550,25,21,Sitting,0.050297157294968295,-0.08990838593500418,9.75963420216308,-0.0022362276037595583,0.00646341636629081,-0.0008185291601126832,phone_A
3551,25,22,Sitting,0.009866249287521188,-0.09836959087072755,9.78981964615533,-0.004372657793610628,0.003033010345538988,-0.007257485496245046,phone_A
3552,25,23,Sitting,0.050152286605021704,-0.050972960872989505,9.767801546864238,0.0005043292583345026,-0.009398811005248206,0.006867121510753493,phone_A
3553,25,0,Standing,-0.04371929894014899,0.28061159727023705,9.828825101502188,0.030446418258975944,0.01073031276095603,0.007351867190159255,phone_A
3554,25,1,Standing,-0.07301515118111526,0.24416705041008274,9.816194418562048,0.03196889971180357,0.0050304758236510115,0.008861009957127606,phone_A
3555,25,2,Standing,-0.06294299946069348,0.22879788096576878,9.791703433362764,0.029853341916972222,0.019924592590799494,0.015072077990537586,phone_A
3556,25,3,Standing,-0.0814054858328302,0.2404920355151091,9.759362854219866,0.01924322163292164,0.016815818575787986,0.011153594507518051,phone_A
3557,25,4,Standing,-0.03075175146507405,0.24801250950814152,9.754310128454513,0.00639688212857609,0.017922918763674172,0.01286793798066058,phone_A
3558,25,5,Standing,-0.06555910436675122,0.18387782322911367,9.824829555038749,0.014174313917843195,0.015492082768537651,-0.004588948173052333,phone_A
3559,25,6,Standing,-0.06707285440235325,0.23068057724713925,9.78180589449534,0.003950742939139153,0.01348810384082429,-0.002621807417936031,phone_A
3560,25,7,Standing,-0.02957120014801294,0.227600680862755,9.752307199519446,-0.002085617918350798,0.014573141095536054,-0.0031097900734727967,phone_A
3561,25,8,Standing,-0.08644326081892895,0.16894338580846852,9.736027097824442,0.0029368113566278385,0.010102391288611089,0.013731430707671289,phone_A
3562,25,9,Standing,-0.06699488778559183,0.16109629531728203,9.718579263998258,0.0015616696626268452,0.007856052063320289,0.005791995599523449,phone_A
3563,25,10,Standing,-0.08165468629252512,0.13345043213874322,9.726955971007177,-0.007457264119669838,0.01117696159895771,-0.009305531277501916,phone_A
3564,25,11,Standing,-0.09263259471394385,0.1433773284032245,9.747935873326607,-0.0035225531072753044,0.015355863795674876,-0.0021411230590695426,phone_A
3565,25,12,Standing,-0.12543122728022307,0.20859197925499018,9.738465985331226,-0.003169141600042889,0.0007694723617449311,-0.0035213056888705975,phone_A
3566,25,13,Standing,-0.1343090531877546,0.1745938744701304,9.758387075433355,-0.012552891547287408,-0.0011753256898923638,-0.0021968542850414685,phone_A
3567,25,14,Standing,-0.1447600382962464,0.12470117530468919,9.742406378764358,-0.011688131990731137,-0.001106755578077213,-0.0013002354721377372,phone_A
3568,25,15,Standing,-0.1179468908764977,0.1556259353733418,9.700890933893978,-0.01599801405943386,0.0005934316932320145,-0.0035131686849094483,phone_A
3569,25,16,Standing,-0.15888959202185982,0.13796757855563618,9.739936331745534,-0.014274060909344629,-0.0010700407645937021,0.0012223227672281027,phone_A
3570,25,17,Standing,-0.16386651388937523,0.18019477556461622,9.723689941261787,-0.011758966647143244,-0.021443814071478967,-0.009421864217199708,phone_A
3571,25,18,Standing,-0.18995109543588556,0.14832722940160656,9.719084717462565,-0.012494010740658383,-0.009343891871735692,-0.00707470942430692,phone_A
3572,25,19,Standing,-0.16069346574938267,0.20233141122958445,9.703694731626992,-0.017105420690844038,-0.017906315372149467,-0.0016546262383963929,phone_A
3573,25,20,Standing,-0.20188882815327264,0.11560245601300118,9.672761301056806,-0.006341721024704952,-0.008795362830242452,0.008386193549195318,phone_A
3574,25,21,Standing,-0.19354770974854504,0.13678408321502733,9.695272705201477,-0.020400167206217,-0.028280621584505033,0.001417876053542211,phone_A
3575,25,22,Standing,-0.19575761832375077,0.21411413956799163,9.701615262371321,-0.018249570350810426,-0.022339688535007576,-0.0005771362658922394,phone_A
3576,25,23,Standing,-0.23098718727441953,0.17820518688193746,9.671257326867996,-0.007646990256434784,-0.020067158712043537,0.010984368076452129,phone_A
3577,25,0,Laying,7.351749460335067,0.14637791143146117,6.3188595916610995,0.012012026292322793,0.001388416250492559,0.00392518447275883,phone_A
3578,25,1,Laying,7.353426431230394,0.15036877573205623,6.318572895585397,0.0017843281941564983,0.010206789571898708,0.012574712329293102,phone_A
3579,25,2,Laying,7.3477792467908625,0.15412777474359068,6.352237276472764,0.004885511205108288,0.0145231462473746,-0.0003872858186523033,phone_A
3580,25,3,Laying,7.367511026183719,0.15756897215920215,6.255404706289184,0.012258607095780943,0.009242192081491133,0.0031458389502677744,phone_A
3581,25,4,Laying,7.308195834411691,0.1613049685464765,6.301059666244028,-0.001683861912794341,0.005717269669726957,0.003512928520273125,phone_A
3582,25,5,Laying,7.309666936986214,0.16992690213404832,6.329176839424933,0.0036225353961636046,0.012500459620735272,0.004467749974054917,phone_A
3583,25,6,Laying,7.296168926886505,0.19206413738455413,6.344695413736253,0.010439760016948005,0.014826456086672844,0.002036821803029135,phone_A
3584,25,7,Laying,7.262028945928624,0.1145785525113901,6.3365047202855695,-0.0003363482578490093,0.005863059975470951,-0.0103882017479504,phone_A
3585,25,8,Laying,7.319376269827193,0.11667911481625978,6.301546614896515,0.004900048466447891,0.001951321666074833,-0.0012171381497433856,phone_A
3586,25,9,Laying,7.323246612848636,0.1640002372488931,6.308635007899828,0.008142998231000429,0.00017982163054874097,-0.0045252037958621455,phone_A
3587,25,10,Laying,7.278956640504213,0.0994075904943401,6.326146937916896,-0.0069707302216598915,-0.0009013960355051349,0.00630670848181189,phone_A
3588,25,11,Laying,7.336800833956649,0.1655613211842223,6.338632118943649,-0.007039312104559473,0.008907132013172551,0.0068530027666164305,phone_A
3589,25,12,Laying,7.303027706238691,0.1420461754398985,6.284464763117213,-0.005705038890586142,0.009155731207261989,0.012776267410832385,phone_A
3590,25,13,Laying,7.34232072602739,0.1531492063558049,6.316743558054466,-0.0027807094408229555,-0.0021018552674856583,-0.0014070838184407396,phone_A
3591,25,14,Laying,7.292038607153398,0.14976284436047266,6.3373634457608485,0.0017199492720405716,0.013323553790232812,0.003930427967677198,phone_A
3592,25,15,Laying,7.286055424589985,0.1329801411407701,6.29460262012262,0.0008980493286819061,0.0037027059023775804,0.0028128457709376163,phone_A
3593,25,16,Laying,7.3264346822009205,0.11460678088011905,6.3358041156870515,-0.011462986362490346,0.007312897954673033,0.002782225992406422,phone_A
3594,25,17,Laying,7.328193272432516,0.09775396581269519,6.2724156964717785,0.000816611086250139,0.002731959563438157,0.0027229932034175284,phone_A
3595,25,18,Laying,7.289385271082283,0.15398851974626424,6.317148536081589,-0.0025231870831878677,-0.0023479122505424147,0.0062337591449966225,phone_A
3596,25,19,Laying,7.27940024186216,0.11383724685930877,6.274521237018675,-0.005166576768809407,0.01063829130043222,0.004558645558925337,phone_A
3597,25,20,Laying,7.291447614482558,0.13224233508765162,6.310238466858037,-0.004067134442609598,0.004887351400055578,-0.003050852621102662,phone_A
3598,25,21,Laying,7.303408978065086,0.08492661298415019,6.321040523152954,-0.011291798173169429,0.010452027279290186,-0.011474757334086188,phone_A
3599,25,22,Laying,7.340827214301522,0.08720455805094324,6.275664225293856,-0.0030677849679417893,0.006653998123390108,0.0015207865451395042,phone_A
3600,25,23,Laying,7.31947545313924,0.10773296173203481,6.294695985269395,-0.006836071926318462,-0.0007402391586172853,-0.008342695635098998,phone_A
3601,26,0,Walking,-0.7079610379822677,0.812132631138534,9.85563226783393,0.44621302142303504,-0.10848529421387589,0.15393473777027708,phone_B
3602,26,1,Walking,0.030547160845542112,0.8519372146125539,9.983998379799782,0.5011803823856203,0.024644773488836397,0.16365595594616597,phone_B
3603,26,2,Walking,0.7775737123256778,0.7682023963158493,10.25679338235961,0.4189623796495478,0.18470775509452575,0.17618164069313974,phone_B
3604,26,3,Walking,1.103557161678596,0.5236031082908047,10.406795913205558,0.27008426403531643,0.364553513561241,0.0667890665026076,phone_B
3605,26,4,Walking,1.4767219832652572,0.07820836204965437,9.862869338936749,0.019301903416376578,0.37749011120263865,-0.02765288992009199,phone_B
3606,26,5,Walking,1.5283000491198901,-0.29622699833344657,10.034307381966704,-0.1819993407305717,0.3326566361067656,-0.09925743823006865,phone_B
3607,26,6,Walking,0.6182124455456517,-0.6547964320239107,9.811777984142994,-0.3744428973751617,0.2052442122280661,-0.1459145215288646,phone_B
3608,26,7,Walking,-0.1299286854664439,-0.4801532810347833,9.551917240013374,-0.3543067879910574,0.02753285405817179,-0.098258703109726,phone_B
3609,26,8,Walking,-0.8386759881705539,-0.511649119050277,9.238139008345629,-0.2703082529173104,-0.07283818330598858,-0.020994320275053407,phone_B
3610,26,9,Walking,-1.2029107855227672,-0.11807630809550501,9.620297480624625,-0.08060577137821516,-0.20994674404371358,0.011828583292681688,phone_B
3611,26,10,Walking,-1.327398994121217,0.3942971349257026,9.702678467913934,0.19483823055854782,-0.2552514841257956,0.09195993356711585,phone_B
3612,26,11,Walking,-0.7718424403532657,0.6362667091326535,9.885496928671616,0.3420243209622294,-0.12781669329076123,0.1757074719542785,phone_B
3613,26,12,Walking,-0.07576428053188997,0.7901401580780025,9.740958444848339,0.49280789380923334,0.03962971789641449,0.20428392263154982,phone_B
3614,26,13,Walking,0.5980584046180313,0.9487521366835426,10.186676073986902,0.4888436291706445,0.1910496064380454,0.09247041922016896,phone_B
3615,26,14,Walking,1.232319172333119,0.5799937890747383,10.247426812136057,0.25642795778662797,0.3130661261425181,0.08163304055649018,phone_B
3616,26,15,Walking,1.4655453268720602,0.10745422608503974,10.358607029959355,0.02879890440779786,0.4026098102690016,0.000862419682187289,phone_B
3617,26,16,Walking,1.2528818587315458,-0.2915934085410318,9.97506835922742,-0.18278354995084883,0.314460177067803,-0.10244413954186243,phone_B
3618,26,17,Walking,0.6650979311104793,-0.6303477613655548,9.74356693731179,-0.4142997045917657,0.20915558977897727,-0.13358872034683655,phone_B
3619,26,18,Walking,-0.2843686786466139,-0.7149610574619081,9.550204300935768,-0.3721871020269372,0.028645851533348442,-0.08503522614512808,phone_B
3620,26,19,Walking,-0.6192533566452246,-0.581879166268877,9.476507797706537,-0.26722616268270727,-0.10747173465546944,-0.03219398424948122,phone_B
3621,26,20,Walking,-1.2899894211090441,-0.06159526422860363,9.470368848606702,-0.15235690451792624,-0.2197758418511998,0.011854750465304154,phone_B
3622,26,21,Walking,-1.2727163292285981,0.1915802687414548,9.634254896047505,0.14523856185372358,-0.25175231674291354,0.10903958670789288,phone_B
3623,26,22,Walking,-0.8318910298067494,0.8294270857122523,9.647497106440653,0.3360961295340091,-0.09038603437331047,0.17309227236089855,phone_B
3624,26,23,Walking,-0.2089194230340401,0.8159875265533962,9.981974898569655,0.5262482079309871,0.014297657854115662,0.20782385850547966,phone_B
3625,26,0,Walking Upstairs,0.2023395199728386,1.3407374627520476,10.422956903639204,0.7689362819804823,0.21290772276829723,0.2832360628167459,phone_B
3626,26,1,Walking Upstairs,1.3815149031322074,1.0796454644644524,10.81897715218768,0.5858016266042696,0.3968497134193881,0.19965699189258657,phone_B
3627,26,2,Walking Upstairs,1.99971666548246,0.5331009092817474,10.743751503658624,0.277043127781966,0.5659167297783497,0.012230218687431876,phone_B
3628,26,3,Walking Upstairs,1.8264334479493602,-0.16334078886053816,10.561662429968155,-0.16078220438478344,0.5316090507472687,-0.09724928365500475,phone_B
3629,26,4,Walking Upstairs,1.0999223178627255,-0.7479685275376673,10.293395891667297,-0.47591297580096337,0.35861509305555217,-0.20776668896240175,phone_B
3630,26,5,Walking Upstairs,-0.07512562648494957,-0.89045408856642,9.705140302937053,-0.46486192831287076,0.1052729582726712,-0.08781811911574999,phone_B
3631,26,6,Walking Upstairs,-0.9626575051492824,-0.29075713344406406,9.629551379195814,-0.27858187097337395,-0.10557338971864905,0.00013597323624543376,phone_B
3632,26,7,Walking Upstairs,-1.4857031763303452,0.23175130711187875,9.730274056750641,0.06833947820738448,-0.2176475638727006,0.1906113715895546,phone_B
3633,26,8,Walking Upstairs,-1.3602408483626214,1.0735989686589171,9.960515324296361,0.5079276025346396,-0.16848142163170338,0.2737603768841888,phone_B
3634,26,9,Walking Upstairs,-0.30592015137607675,1.159757649552794,10.586405345162937,0.7072471832701621,0.048342075707434005,0.27295825152802056,phone_B
3635,26,10,Walking Upstairs,0.7187410950431232,1.3354537626920655,10.615303266773134,0.6972334620871639,0.3044792187530689,0.2025097997408219,phone_B
3636,26,11,Walking Upstairs,1.8081867504200513,0.9021889149747301,10.503845438151028,0.4518524840161087,0.5201749735744042,0.08277914867758375,phone_B
3637,26,12,Walking Upstairs,2.1328269600824052,0.27736070096936666,10.552258615877316,0.05569698368375177,0.5909299453223822,-0.05857147540308334,phone_B
3638,26,13,Walking Upstairs,1.5725378661410747,-0.28757396717149397,10.255628207558665,-0.3172235535165722,0.43795277637598873,-0.14126593812092103,phone_B
3639,26,14,Walking Upstairs,0.6232140434817599,-1.050964911969003,9.922407353991517,-0.5169986427554103,0.2422168134092695,-0.16322175132557454,phone_B
3640,26,15,Walking Upstairs,-0.7127375360466778,-0.5682425530810102,9.675774780303843,-0.44391991284799803,-0.009433607179381583,-0.08118501743993214,phone_B
3641,26,16,Walking Upstairs,-1.2408838179774413,-0.1904696907136804,9.79939284601648,-0.11458830241345658,-0.1681093257628108,0.06508878009070251,phone_B
3642,26,17,Walking Upstairs,-1.161649511517062,0.6091773070065458,9.86598787613991,0.2714396935340528,-0.24431919493023518,0.24243193201677946,phone_B
3643,26,18,Walking Upstairs,-0.9009924755647502,1.2990049981017002,10.319414570584055,0.6402580862150112,-0.09226427715991913,0.2838839407642678,phone_B
3644,26,19,Walking Upstairs,-0.05235654699140829,1.4091077180867868,10.638444309519098,0.7577655203767864,0.15499331603008923,0.2746626220176968,phone_B
3645,26,20,Walking Upstairs,1.5199736852515993,1.1893397466550943,10.99369851725531,0.6151683234648944,0.42078437888101883,0.17263098501817545,phone_B
3646,26,21,Walking Upstairs,2.26848886576326,0.6239177330225507,11.02557229670572,0.2682227023262967,0.5969698919377769,0.04083852467533446,phone_B
3647,26,22,Walking Upstairs,2.0346768388677168,-0.2547226602887058,10.582521418928486,-0.1679673789266225,0.5462584162056804,-0.13148877826164476,phone_B
3648,26,23,Walking Upstairs,1.1428107621699333,-0.506516195650535,10.244296042283654,-0.4850526584511524,0.3189985815051849,-0.14320816064206204,phone_B
3649,26,0,Walking Downstairs,1.905745845469173,0.07915044892215434,10.054086746536457,-0.09103188519785652,0.30124895837235555,-0.1041161525530786,phone_B
3650,26,1,Walking Downstairs,1.5848676637632189,-0.8939366785594957,9.511094033826225,-0.5924961178223203,0.2376900231361342,-0.2748396449260315,phone_B
3651,26,2,Walking Downstairs,0.16480662914053634,-1.6006563483508487,9.155967160983536,-0.8865581028998708,-0.06493740993800257,-0.26773821441654533,phone_B
3652,26,3,Walking Downstairs,-1.491059668521649,-1.5931984713227183,8.888034132562852,-0.8061193847083474,-0.43474447747986716,-0.20467430742827308,phone_B
3653,26,4,Walking Downstairs,-2.368464592061897,-0.7972154498078444,8.671649842208183,-0.30256094582552884,-0.640250610360165,0.010388224661122568,phone_B
3654,26,5,Walking Downstairs,-2.193044145101813,0.41951335337889845,9.009532594122788,0.20288913598105582,-0.5961165459098369,0.18528409782422128,phone_B
3655,26,6,Walking Downstairs,-1.0199887439618553,1.082240723530194,9.48341769440592,0.6583184000196511,-0.2920867778752284,0.2288656188226402,phone_B
3656,26,7,Walking Downstairs,0.6074807549485326,0.9199999653747104,10.212121202676247,0.6481395448060789,0.07870316044286502,0.15809390589549563,phone_B
3657,26,8,Walking Downstairs,1.7239549869444712,0.2271297704503205,10.147048727180577,0.19594155275086186,0.27862149779020634,-0.03571389090327566,phone_B
3658,26,9,Walking Downstairs,1.9710577440651262,-0.40429125183501124,9.89685468219483,-0.3761441919259572,0.299437731389012,-0.20062225303006104,phone_B
3659,26,10,Walking Downstairs,0.9925984176399104,-1.189156218466642,9.513658730184686,-0.7643826388947195,0.09848347557385162,-0.2745825431299302,phone_B
3660,26,11,Walking Downstairs,-0.6872842075141766,-1.4381210756557377,8.886396883996408,-0.928589521889304,-0.2360782975271839,-0.22469052662169184,phone_B
3661,26,12,Walking Downstairs,-1.9771643204426839,-0.8718117029965039,8.506074077843667,-0.6177105762779974,-0.5610770623396015,-0.11124985222391658,phone_B
3662,26,13,Walking Downstairs,-2.442146635726405,-0.14088101737440578,8.80073718888996,-0.04142925386557868,-0.6490206785176138,0.07210263213788634,phone_B
3663,26,14,Walking Downstairs,-1.6677975729550423,0.6055566146543446,9.170760128963172,0.5035260633117711,-0.45260116339111073,0.23995851643601188,phone_B
3664,26,15,Walking Downstairs,-0.13569002421250254,0.9461139917383803,9.789164798837763,0.7201366433176585,-0.2160651391420863,0.1977376853919246,phone_B
3665,26,16,Walking Downstairs,1.3942686425114572,0.5496218384699652,10.174837669621324,0.49582389247690767,0.14135705704466534,0.07478825780029452,phone_B
3666,26,17,Walking Downstairs,1.9442812844521504,-0.1022654667380613,10.140668910396329,-0.01957369959479245,0.3413938087414385,-0.11216434071724157,phone_B
3667,26,18,Walking Downstairs,1.4491067284792758,-1.0592379444157842,9.569996799381903,-0.5596666564146294,0.2593553687478207,-0.25218893615528265,phone_B
3668,26,19,Walking Downstairs,0.45032196484789316,-1.5930243582501764,9.079537113072252,-0.900682474464049,-0.10358412284607514,-0.3369011010546681,phone_B
3669,26,20,Walking Downstairs,-1.2430184468755112,-1.553987526846014,8.641699688939893,-0.7917045718920187,-0.42889158137944805,-0.17066209689440703,phone_B
3670,26,21,Walking Downstairs,-2.275746847265445,-0.7376833288239145,8.853119808309431,-0.31266263722840726,-0.6732812490489766,-7.038700362291348e-05,phone_B
3671,26,22,Walking Downstairs,-2.2347133787248574,0.20391593963082888,9.285054895223027,0.24745855491736377,-0.6129682980745266,0.16551206510717734,phone_B
3672,26,23,Walking Downstairs,-0.880177776363084,0.8467408736926155,9.510737446333847,0.6534115942229148,-0.3809355781075644,0.252858672847807,phone_B
3673,26,0,Sitting,0.2127133940402928,-0.07985699915500856,9.896264270179167,0.014823576508680544,0.008235885711747715,0.022334002626730652,phone_B
3674,26,1,Sitting,0.18599343552304276,-0.06891405944788065,9.93163113427759,0.010338948158001876,-0.0019877990526461376,0.01128865749933065,phone_B
3675,26,2,Sitting,0.19702561608864555,-0.004144242788884242,9.911548820672529,0.005168217996792241,0.004083941828433508,0.020712701751542464,phone_B
3676,26,3,Sitting,0.20430033596684147,-0.01954954900062713,9.891565952558427,0.010838735592753041,-0.006009050084895674,0.012753326822058385,phone_B
3677,26,4,Sitting,0.2712448721483318,-0.03465388128743766,9.933998455750308,-0.003644593893085639,0.0004981753414996055,0.020737911193001425,phone_B
3678,26,5,Sitting,0.244593224616052,-0.03331126057807038,9.925068255654798,-0.0002980867408434744,0.010050901521579347,0.013512095826221295,phone_B
3679,26,6,Sitting,0.23037697273786073,-0.0945314005795434,9.946651217575807,0.0027315163644211445,0.002273668301448213,0.018313912853056512,phone_B
3680,26,7,Sitting,0.24221660854502644,-0.05631923039296012,9.944307676164874,0.00276332642285831,0.00804711829694516,0.009391706558493064,phone_B
3681,26,8,Sitting,0.28685309193497754,-0.08505849049519065,9.940096693584865,-0.0031234049943786126,0.009298401189627485,0.01721538814399293,phone_B
3682,26,9,Sitting,0.23025005846020383,-0.055539636014777086,9.927158478174633,-0.007862005815844779,0.014313221180991032,0.013384784612615306,phone_B
3683,26,10,Sitting,0.22758684412631947,-0.046906708095499516,9.898646961675272,-0.005595765292485486,0.004292052501260985,0.01294381603891074,phone_B
3684,26,11,Sitting,0.2265000896263837,-0.05946030325995742,9.933054323761652,-0.00908695291636525,0.0178560963324857,0.003302502125948576,phone_B
3685,26,12,Sitting,0.20293865392349475,-0.06093634808485329,9.863073092199695,0.0007055226117662974,0.007406272182956526,-0.0014262731915087833,phone_B
3686,26,13,Sitting,0.21375650079417527,-0.1270739591793547,9.924859474396676,-0.017604713056538275,0.009634309928272966,0.004696116059024763,phone_B
3687,26,14,Sitting,0.22452468226301628,-0.07731353991512493,9.929227309810214,-0.004145571644578736,0.0025542738297658334,0.005767088785456936,phone_B
3688,26,15,Sitting,0.21910937610509665,-0.08971689484687437,9.892417586250142,-0.01491295061345118,0.003488882951038983,0.007162027141570239,phone_B
3689,26,16,Sitting,0.23330202502438085,-0.08477429466808252,9.90732927141374,-0.017157377338937144,0.006709482499493821,-0.0006069404853411798,phone_B
3690,26,17,Sitting,0.24535539857296876,-0.10808213464532948,9.913152117701014,-0.013623638556615619,0.01464563360600435,0.00672147066178588,phone_B
3691,26,18,Sitting,0.2305308929150221,-0.12162019968898996,9.926051411936898,-0.01777656843741957,-0.004723028698419372,0.0028416098908802673,phone_B
3692,26,19,Sitting,0.23075225073900463,-0.12797000103283268,9.90092025274481,-0.01773494691849236,0.0034105515093647925,0.01104711509621148,phone_B
3693,26,20,Sitting,0.19014813175547918,-0.05967002461351453,9.900880233529367,-0.014907564395472684,0.0037560345755712505,-0.007040500117265454,phone_B
3694,26,21,Sitting,0.19322086311003328,-0.1264224650481191,9.924327248238416,-0.027702932120733208,-0.0029708510360065745,0.0040323718130647525,phone_B
3695,26,22,Sitting,0.2279014522065531,-0.1048235166602273,9.872637708985692,-0.02991230285596553,0.0045091155173430045,0.01142256318099042,phone_B
3696,26,23,Sitting,0.20366066686415774,-0.14684427806189917,9.88422871050378,-0.01880078710727117,-0.0010708097234524453,0.011101814408691079,phone_B
3697,26,0,Standing,-0.11313547824269046,0.12257847291060618,9.79623046136202,-0.007699323799891104,-0.046660930959267266,0.01475766234892836,phone_B
3698,26,1,Standing,-0.11484800731338052,0.1381662603908195,9.835366033043657,-0.0010963525938492166,-0.040632918948693766,0.01972687816477578,phone_B
3699,26,2,Standing,-0.14050687953623514,0.2202303598027907,9.813896630410659,0.011159533080792625,-0.048442006344799914,0.02548874188811733,phone_B
3700,26,3,Standing,-0.1439247856250298,0.26126927650008996,9.796285915836032,0.011720780081018983,-0.045250914191045336,0.02268755414020249,phone_B
3701,26,4,Standing,-0.12112492140705894,0.17900726212325016,9.753219309642827,0.02370361347508191,-0.04233505592346935,0.002192634458553805,phone_B
3702,26,5,Standing,-0.11014190596632348,0.23210667381006644,9.808702422250988,0.007625106179066457,-0.042291083959156546,0.02842642242532991,phone_B
3703,26,6,Standing,-0.11164120507933593,0.2597637168561484,9.858638832906417,0.013621053579944094,-0.05070344716881704,0.021092130673680633,phone_B
3704,26,7,Standing,-0.09629207705356761,0.2326331466520215,9.850291777598056,0.023156554143029168,-0.03692363554029558,0.021910747083072682,phone_B
3705,26,8,Standing,-0.0907084200018973,0.2945162359428563,9.801501670779855,0.023709754242016365,-0.027679609603770125,0.01748159169179242,phone_B
3706,26,9,Standing,-0.07193624768606618,0.27394047160653145,9.806337561507243,0.02766397860382661,-0.038614085497450414,0.024977048284674192,phone_B
3707,26,10,Standing,-0.09743416205087713,0.2846994049129544,9.845103825192655,0.02297604103493475,-0.03775107915507954,0.023938762463265515,phone_B
3708,26,11,Standing,-0.10782596581363124,0.24567848176012805,9.855578665789714,0.03028208160233722,-0.025730412701715236,0.027902152354697937,phone_B
3709,26,12,Standing,-0.083509679127033,0.2370278742249474,9.864753980547755,0.028959833724503777,-0.03116314003079298,0.028323934697057962,phone_B
3710,26,13,Standing,-0.04886763441840804,0.2730334398041364,9.857851118283124,0.026350587008691452,-0.031885051570567896,0.031948164476487434,phone_B
3711,26,14,Standing,-0.062158822283272255,0.23574117328050545,9.895736043314683,0.026667925838586133,-0.02542606155292654,0.029731474510296774,phone_B
3712,26,15,Standing,-0.040842092467010864,0.20961950989628048,9.880995871659776,0.041098744116833584,-0.018256697190794802,0.013783360223578015,phone_B
3713,26,16,Standing,0.02313999927119187,0.23965957413488947,9.848560376445318,0.038293569793871746,-0.017538481090545132,0.02657220665162611,phone_B
3714,26,17,Standing,-0.033291420262127266,0.306347487085513,9.878573322520644,0.02430872940484583,-0.01011551894686339,0.026794101342831812,phone_B
3715,26,18,Standing,0.01977447368504798,0.286694027143531,9.94308231550916,0.031582900835852704,-0.014673866646290615,0.029018283504722978,phone_B
3716,26,19,Standing,-0.0049015276718735725,0.2907929371050354,9.81299625550183,0.03238602899183053,-0.012689887538605329,0.022927039446558658,phone_B
3717,26,20,Standing,-0.00872788808179831,0.2907891572369604,9.877073911340673,0.03305278438560082,-0.009669413025488034,0.025680986685732488,phone_B
3718,26,21,Standing,0.059052500282310336,0.26951647682353147,9.913300745929845,0.03140890682991681,-0.009961681681060767,0.02061245351825355,phone_B
3719,26,22,Standing,0.025732518250485927,0.27448166975553046,9.897059077222824,0.024138624308886573,-0.005871756733095274,0.010970521497086433,phone_B
3720,26,23,Standing,0.037092742001215935,0.2551376167489056,9.941251415069182,0.03505518176698443,-0.008522744751439323,0.01989822045055595,phone_B
3721,26,0,Laying,7.420037970621654,0.0790250178607515,6.402645538095876,-0.007023506342847579,-0.011292632005340622,0.006893848569303316,phone_B
3722,26,1,Laying,7.360696278692214,0.10395392272861519,6.440307803925344,-0.024520192790500085,-0.012336065086599969,0.007728196637012186,phone_B
3723,26,2,Laying,7.422541885575883,0.09528465638812084,6.402758619455178,-0.006950209249130779,-0.013749851333871476,0.021354246690299852,phone_B
3724,26,3,Laying,7.451251155375373,0.10477664478502972,6.3831986691549325,-0.012567203476685648,-0.0065708576504351635,-0.007312980150308325,phone_B
3725,26,4,Laying,7.383254204626272,0.09334967581467232,6.4051834511777,-0.020993602520001507,-0.004179254351496799,0.0003157075547525652,phone_B
3726,26,5,Laying,7.4051768808304415,0.0687543508000496,6.420611422464763,-0.028055147107765993,-0.014091807604571982,-0.004491164323052604,phone_B
3727,26,6,Laying,7.406951268414223,0.10361218437098783,6.425758225387163,-0.021922228817471856,-0.008352032053617002,0.004974328785397646,phone_B
3728,26,7,Laying,7.4470460518913955,0.08297615182840218,6.332327005741488,-0.011981773497140878,-0.01474511589925605,0.0046922979274685445,phone_B
3729,26,8,Laying,7.419697202843601,0.05137866004923102,6.407976954336709,-0.013911537226839051,-0.010236088448754753,0.0030078445380766127,phone_B
3730,26,9,Laying,7.434415838214435,0.06291025181699048,6.3899712523468635,-0.017679140007703133,-0.011068057657698117,0.0049292666200869365,phone_B
3731,26,10,Laying,7.438692602827187,0.09615936663877876,6.407041786525586,-0.015023446214617969,-0.008853334421123205,0.008606819678495152,phone_B
3732,26,11,Laying,7.361146009227596,0.11702069787132661,6.407726646993428,-0.012173416834470055,-0.016084931237048274,-0.0035025700646110214,phone_B
3733,26,12,Laying,7.347866336821353,0.06725351768000422,6.417295859823817,-0.008171267105011783,-0.012223655913721923,0.0014491825361090099,phone_B
3734,26,13,Laying,7.3837436985061276,0.12603359991080587,6.371267851298566,-0.0030025825365378716,-0.0031523269156776435,0.02088427930849885,phone_B
3735,26,14,Laying,7.411427954804632,0.08469622972619346,6.412665755016517,-0.009795611802823581,-0.018672303625291976,0.0017900136495851045,phone_B
3736,26,15,Laying,7.393434700661099,0.07521329170781069,6.434545464050434,-0.01855970779752192,-0.014538125542379723,0.014623935342106948,phone_B
3737,26,16,Laying,7.431214003999556,0.10108505577715415,6.412943909227975,-0.020558048204767,-0.009302426153159283,0.016641734507381774,phone_B
3738,26,17,Laying,7.351209010493299,0.14135526090148265,6.385680630116368,-0.010465156613742713,-0.015287922920090707,0.009038942937248256,phone_B
3739,26,18,Laying,7.391622612298007,0.07393539606222699,6.41620115224976,-0.015308850762671324,-0.023905396084144416,0.0035367167449577696,phone_B
3740,26,19,Laying,7.3633625879494575,0.08715664287230548,6.415189195128548,-0.017402712873618484,-0.01047416711907477,0.009381181561868748,phone_B
3741,26,20,Laying,7.387399731130437,0.10226315388748357,6.437944868497343,-0.020892253271611278,-0.006648337222297438,0.01621055288185561,phone_B
3742,26,21,Laying,7.3931297848795925,0.13303946439194347,6.395056469529935,-0.010464209625212946,-0.020075940326298728,0.016604183205646904,phone_B
3743,26,22,Laying,7.375103523207371,0.10384302796236797,6.42019695365157,-0.005390121903829449,-0.021975954510977884,0.015681727999428366,phone_B
3744,26,23,Laying,7.367428343168457,0.053072255569123816,6.384664758655508,-0.006160308839719966,-0.01732406131964448,0.008311509610131577,phone_B
3745,27,0,Walking,-0.1401954288567256,0.9074185624940581,9.982289388368146,0.48731724195088655,0.059265127657879196,0.1472342493473412,phone_A
3746,27,1,Walking,0.7322445503107062,0.8710772073756057,10.26328973254355,0.3662961197369144,0.2503998742661748,0.1067710554005656,phone_A
3747,27,2,Walking,1.3709828517164242,0.6486592511133985,10.054297189665233,0.26042960207388044,0.31666599300321924,0.03255078363398292,phone_A
3748,27,3,Walking,1.4164223907856068,0.07254427945489585,9.94586914027027,0.0005797111444145759,0.4171660087752929,-0.07772955024672148,phone_A
3749,27,4,Walking,1.172458104223651,-0.24344490270867378,9.862268455907486,-0.20872403876726658,0.30337581257012824,-0.11596190844304523,phone_A
3750,27,5,Walking,0.3933493872391524,-0.5892075154596147,9.697140908448247,-0.37210121378684297,0.16167585206352664,-0.14799054705775824,phone_A
3751,27,6,Walking,-0.21211478732173078,-0.4596882252695274,9.599347974915739,-0.35472434693858423,0.0242904615089036,-0.08854041638832383,phone_A
3752,27,7,Walking,-0.8663168458027724,-0.22928116698396228,9.5814864775886,-0.30456880663101216,-0.1153387102271293,-0.027325969090395832,phone_A
3753,27,8,Walking,-1.3396288200890867,-0.227018326436277,9.267590476461768,-0.06516143948957806,-0.2509350365638039,0.04211869131471759,phone_A
3754,27,9,Walking,-1.1726965210821032,0.36117519943180476,9.586127454552036,0.16760213419698336,-0.19443810670676226,0.1388358421208119,phone_A
3755,27,10,Walking,-0.9628379402327492,0.6987853840989227,9.613510164498857,0.40852480513673384,-0.09787891581251004,0.16757533242994366,phone_A
3756,27,11,Walking,-0.07793310492729952,0.9873396475222916,10.002941084318472,0.4731730541345299,0.03846239487146312,0.16400480817747126,phone_A
3757,27,12,Walking,0.6803138309383634,1.1072481091748374,10.057634971827637,0.44294797566315575,0.23006219268573205,0.15216965042390604,phone_A
3758,27,13,Walking,1.1690643124861695,0.7114654335085007,10.12941260758232,0.3242820402629082,0.34819146698731585,0.008170592791629426,phone_A
3759,27,14,Walking,1.428387203450568,0.27746191317331603,10.08826544210192,0.016358840990684895,0.39688129360449886,-0.05356677999209219,phone_A
3760,27,15,Walking,1.17691552008728,-0.4191907775673781,10.1266664099812,-0.2506192333021795,0.3296053003619336,-0.09625157756252853,phone_A
3761,27,16,Walking,0.5930271763439888,-0.7368944055825662,9.599019219407054,-0.36482910984543565,0.17568489605715082,-0.18311695171356432,phone_A
3762,27,17,Walking,-0.1349774675513965,-0.7420294664856326,9.615589532793257,-0.4115633375664809,0.022633675483432578,-0.10565733894502194,phone_A
3763,27,18,Walking,-1.0210282072198664,-0.5417345064085436,9.406673203649966,-0.3256408179209519,-0.1039171765300096,-0.05045571781611636,phone_A
3764,27,19,Walking,-1.4693763927630394,-0.130167795391799,9.456828424719875,-0.09466185853714534,-0.19984614791786776,0.055624718989093755,phone_A
3765,27,20,Walking,-0.9983424719403429,0.5213498002463954,9.36181548529146,0.15856029856206097,-0.21460097120819904,0.13338170452928097,phone_A
3766,27,21,Walking,-0.9725170327340076,0.693669464050362,9.593685837167616,0.36296728316470805,-0.13076054883439153,0.1583958452409076,phone_A
3767,27,22,Walking,-0.29229735268355617,1.0607119036057082,9.998308387168304,0.44611829569106876,0.036278101896799746,0.12909017180121468,phone_A
3768,27,23,Walking,0.7850047361244608,1.0755742847743173,10.085532337481393,0.42671742245389377,0.18484701806796394,0.11304017856547158,phone_A
3769,27,0,Walking Upstairs,1.7932386202982016,1.1755705416533564,10.877037879407174,0.5306528897558899,0.4559972306245547,0.10843049704191084,phone_A
3770,27,1,Walking Upstairs,2.05907637127366,0.252687829172607,10.716610840285378,0.1541065079747447,0.5924728378744837,-0.007617345849270797,phone_A
3771,27,2,Walking Upstairs,1.4960473557281297,-0.1263417099590374,10.204831011174344,-0.27352827416098097,0.5205720036762951,-0.12511498243691957,phone_A
3772,27,3,Walking Upstairs,0.6193245920934769,-0.833676303749748,10.0538605502543,-0.5024805414134418,0.2669091362143436,-0.15622728205936995,phone_A
3773,27,4,Walking Upstairs,-0.5744644073262173,-0.6004569582696029,9.610312410072032,-0.49758354494071455,0.03344950311073841,-0.07370297635370586,phone_A
3774,27,5,Walking Upstairs,-1.2577694696464587,-0.28987503003058684,9.654135026645491,-0.17575372305631223,-0.14457214451138528,0.027833071954448414,phone_A
3775,27,6,Walking Upstairs,-1.6346650143190513,0.40437981962880937,9.829073453903876,0.160015467713348,-0.21807608399835435,0.21058098252771817,phone_A
3776,27,7,Walking Upstairs,-1.014001801156314,0.9918977455445788,10.329902721832365,0.6061968253964447,-0.09392887363489064,0.30416644813773613,phone_A
3777,27,8,Walking Upstairs,-0.0220437926369752,1.528180769398196,10.388662294781794,0.7172540935859654,0.1899048126584921,0.2460697610735752,phone_A
3778,27,9,Walking Upstairs,1.1898686331234456,1.337983056839524,10.766499286760736,0.6676069578171984,0.3773850320395182,0.20122205778028307,phone_A
3779,27,10,Walking Upstairs,1.9778432016140268,0.7662065336793112,10.744376013709712,0.31935342279061657,0.5999521901863522,0.07028282677424053,phone_A
3780,27,11,Walking Upstairs,2.0118311918469285,-0.019970067604408295,10.442910144818113,-0.04652645658697062,0.5603921014028702,-0.06673210059428361,phone_A
3781,27,12,Walking Upstairs,1.1635030223755938,-0.3464830363291849,10.324457642835887,-0.41695864552524936,0.4291901093637346,-0.14276084940558462,phone_A
3782,27,13,Walking Upstairs,0.054232928484258036,-0.5470630760498278,9.91507021320124,-0.5603463131367221,0.14317569495638402,-0.1223469962433392,phone_A
3783,27,14,Walking Upstairs,-0.8548563266061595,-0.4452343896157156,9.639661509982993,-0.4228884633762354,-0.059997629947108895,-0.0503979542342863,phone_A
3784,27,15,Walking Upstairs,-1.501935676329659,0.3859707194742066,9.751320054960425,-0.017814402682778993,-0.14228606559316892,0.11039722521009751,phone_A
3785,27,16,Walking Upstairs,-1.3685307110458342,0.7282824151535452,9.830046534484516,0.32682704994513295,-0.16466364347989232,0.1986534058054807,phone_A
3786,27,17,Walking Upstairs,-0.4714232296624694,1.321277013097677,10.264190562122987,0.6822403047044041,0.028704093310371215,0.3190390099687171,phone_A
3787,27,18,Walking Upstairs,0.5695609799512302,1.3259744029629363,10.698346003933933,0.722407485081479,0.21135392167188632,0.2641291764851642,phone_A
3788,27,19,Walking Upstairs,1.7378516653808371,1.0383404512374945,10.806731822691084,0.5313911563517345,0.49463193791913357,0.1618887562087685,phone_A
3789,27,20,Walking Upstairs,2.017021128931413,0.3080073177512362,10.514465571610499,0.17750690922792592,0.5497084041103605,-0.004198897267547281,phone_A
3790,27,21,Walking Upstairs,1.8453432232517568,-0.31803250983609654,10.389801077684293,-0.22791138603880295,0.49202648180177583,-0.15299054264963236,phone_A
3791,27,22,Walking Upstairs,0.7984167071536757,-0.5380391081977309,10.230118570365445,-0.5115234323774559,0.2887592365973825,-0.14013079840401532,phone_A
3792,27,23,Walking Upstairs,-0.5398551074181914,-0.6575632459318314,9.72180190474777,-0.4742782957862909,0.08230812049663994,-0.1312076798796822,phone_A
3793,27,0,Walking Downstairs,1.5729531237751824,0.4304850181512626,10.182496635572189,0.3183280130655679,0.27177861853913965,0.02182434452883647,phone_A
3794,27,1,Walking Downstairs,2.1582555698044272,-0.41665741302561554,9.931759738025303,-0.2652793246339932,0.3827141975934226,-0.1785201612807682,phone_A
3795,27,2,Walking Downstairs,1.1961744744409097,-1.2525525808259599,9.49396955393558,-0.717661974299506,0.18441056689246282,-0.26555157741674634,phone_A
3796,27,3,Walking Downstairs,-0.3044535727798438,-1.3356322999866288,9.07767826165075,-0.9128464572658621,-0.2236179153227634,-0.28485778538002093,phone_A
3797,27,4,Walking Downstairs,-1.5886709562436419,-1.24689886476081,8.688041888274222,-0.665816295601407,-0.48613315709524635,-0.15393640438019957,phone_A
3798,27,5,Walking Downstairs,-2.499872591114872,-0.22182013972557668,8.685625183718471,-0.1843593921241457,-0.6045538984325473,0.07128301636153146,phone_A
3799,27,6,Walking Downstairs,-1.6443607781154725,0.6999521670694412,9.272103356815682,0.4155611153333786,-0.5358549879153229,0.20268785242880888,phone_A
3800,27,7,Walking Downstairs,-0.5400191857066771,0.9126937992998557,9.66872990979966,0.7130289014984452,-0.24457444241672682,0.17685064927908534,phone_A
3801,27,8,Walking Downstairs,1.138285373822802,0.7655491904320824,10.117689599625802,0.5666310053760284,0.14799211910808968,0.07538666501596851,phone_A
3802,27,9,Walking Downstairs,2.1040275226776637,0.12469803076279949,10.06348636268075,0.06152018316136352,0.34642798216060544,-0.10568425389616008,phone_A
3803,27,10,Walking Downstairs,1.5191858838740702,-0.8020984974160992,9.793560881205039,-0.5663965792138267,0.2964030226006227,-0.21759695808961318,phone_A
3804,27,11,Walking Downstairs,0.3490255186064197,-1.493598433582559,9.170853904068217,-0.8320895096863972,0.03198063008056244,-0.33643535069219793,phone_A
3805,27,12,Walking Downstairs,-1.0598214202251162,-1.1574601537914198,8.701093999181227,-0.8424800870919521,-0.34348212798512195,-0.2444523795188713,phone_A
3806,27,13,Walking Downstairs,-2.003655647732269,-0.8223390488919725,8.511045469193546,-0.444149204669208,-0.5932589390774898,-0.07004696615990516,phone_A
3807,27,14,Walking Downstairs,-2.242195412881661,0.2392512504201879,8.803835674305546,0.13172220653223626,-0.6152281973833094,0.1471420478368038,phone_A
3808,27,15,Walking Downstairs,-1.322266999153372,0.9084031160984906,9.414308144375108,0.6061311647132077,-0.37895657876433503,0.20692174829415877,phone_A
3809,27,16,Walking Downstairs,0.37311918192514326,0.9660834647512694,9.9709369859852,0.6768894774599867,0.024906707825932906,0.1563960377079554,phone_A
3810,27,17,Walking Downstairs,1.6052583462564451,0.40498886024699243,9.984453043394325,0.32573337559588716,0.27919093583553745,0.020444796858181707,phone_A
3811,27,18,Walking Downstairs,2.017036231711216,-0.4665959096704206,9.86603265933042,-0.24809019870331683,0.3303103388074478,-0.21972921777039955,phone_A
3812,27,19,Walking Downstairs,1.3695571219600158,-1.0293990956236858,9.229662664944783,-0.7217859372881164,0.1749269809395599,-0.2994484769940214,phone_A
3813,27,20,Walking Downstairs,-0.37019949896921817,-1.4245454002978992,9.009077743208046,-0.8861735929183632,-0.1925290958293412,-0.323432600874545,phone_A
3814,27,21,Walking Downstairs,-1.6992428533972768,-1.283964661311255,8.806838692205032,-0.7320625320050229,-0.5158869156537262,-0.16353787982092827,phone_A
3815,27,22,Walking Downstairs,-2.434055620283275,-0.2792924544860105,8.816477082242539,-0.13503459226221498,-0.6313757833367253,0.0399080725181066,phone_A
3816,27,23,Walking Downstairs,-1.639543925463336,0.7458828171174727,9.142148775096457,0.39327709163127855,-0.5445807339898122,0.19708092160993276,phone_A
3817,27,0,Sitting,0.1880058155766338,-0.08177566463354978,9.875854274347295,0.0010780997119283842,0.011872458396995075,0.0006911512303330003,phone_A
3818,27,1,Sitting,0.21651372870083377,-0.05627020839060351,9.886019847581405,-0.0012726734850352656,0.015078318018742118,0.006419557022312569,phone_A
3819,27,2,Sitting,0.2426318626396195,-0.01837982677283714,9.866947347174403,-0.010022370007250292,0.025195075856484297,0.0017207607171723072,phone_A
3820,27,3,Sitting,0.2166655557472574,-0.06025838820759173,9.881719477453512,-0.005032656507017805,0.013973486006674392,-0.0039881964256946005,phone_A
3821,27,4,Sitting,0.20570746160709488,-0.012839621554245794,9.899760444593584,-0.007521962593067048,0.016717323246845796,-0.008666278020148134,phone_A
3822,27,5,Sitting,0.22008408925918643,-0.019848037399338023,9.8754440339662,-0.006270304717234958,0.017439202326699786,0.0027175650753485723,phone_A
3823,27,6,Sitting,0.21456242955433966,-0.028309550383965824,9.844099185454194,-0.013349346200711966,0.01844934500702701,-0.001131056274677837,phone_A
3824,27,7,Sitting,0.24032358879128984,-0.05831641550722733,9.865634714216759,-0.024791982483377786,0.012444451838518571,-0.0004439214690510141,phone_A
3825,27,8,Sitting,0.23123470991819522,-0.09324799449103606,9.907173412850224,-0.022200645041214172,0.013174486913807622,-0.0075664003130611265,phone_A
3826,27,9,Sitting,0.22155422415609885,-0.05973663383966199,9.893082443585488,-0.006666545285575715,0.016016860596071502,-0.008190173321270864,phone_A
3827,27,10,Sitting,0.22120686179473484,-0.017197351719081155,9.89076865396021,-0.013400650517712762,0.0037075768200309066,-0.0029501250648181886,phone_A
3828,27,11,Sitting,0.20118942605727397,-0.08646042794029071,9.871924036142532,-0.01973033874463711,0.009075117532360727,-0.004643285667446306,phone_A
3829,27,12,Sitting,0.20142603830109118,-0.05539956117647844,9.876199646192491,-0.019387764073648606,0.01816613324159454,-0.0029052759034536605,phone_A
3830,27,13,Sitting,0.20316117564202196,-0.1284870380333849,9.881300420903377,-0.02832206128798032,0.011159895909069515,-0.004425101382525187,phone_A
3831,27,14,Sitting,0.23388090916867116,-0.033438705372526197,9.843305007573115,-0.03189152873790331,0.01294210040155239,-0.0055660513259904905,phone_A
3832,27,15,Sitting,0.1674590177631557,-0.08290456806780465,9.87909661120807,-0.03245464015267957,0.004257967817987809,-0.011205397889242907,phone_A
3833,27,16,Sitting,0.18887777240078976,-0.06792432837165073,9.85377649693199,-0.02574411314219352,0.02287213813086727,-0.01334673447142834,phone_A
3834,27,17,Sitting,0.17428591937623203,-0.07087975749687511,9.884391507554652,-0.024508219658184394,0.019355495482741788,-0.005919530747899842,phone_A
3835,27,18,Sitting,0.1374047816379126,-0.08772391768697879,9.843153099174566,-0.01952821339377203,0.01333858930966333,-0.017523435708103538,phone_A
3836,27,19,Sitting,0.2165555375722916,-0.06872562932253906,9.847052697078071,-0.029043700174064234,0.014901460235428607,-0.019920025575856266,phone_A
3837,27,20,Sitting,0.18974106288041806,-0.06666707264942892,9.850696238451306,-0.025330886323636066,0.006119456900912089,-0.012844839623275314,phone_A
3838,27,21,Sitting,0.15403304543202742,-0.07771699684700484,9.834798336524578,-0.03891048023427539,0.005148092610133657,-0.01121242323825225,phone_A
3839,27,22,Sitting,0.13980473484472256,-0.09494555510349963,9.867690696040953,-0.03008273868228943,-0.0031028341495069377,-0.00518016594750374,phone_A
3840,27,23,Sitting,0.19108354686627407,-0.042340950197810756,9.882426937758867,-0.03656971221464342,0.007298657250116981,-0.006413006401104525,phone_A
3841,27,0,Standing,-0.0018210601848196893,0.19523187933431496,9.838578742291189,-0.03675401016821287,-0.0012976803258238786,-0.011284885088951292,phone_A
3842,27,1,Standing,-0.06255279939883394,0.10201193754157496,9.807947572254184,-0.03074241612599757,-0.015010214447281603,-0.011785473428141473,phone_A
3843,27,2,Standing,-0.002850940735824814,0.1370026214953976,9.801136727653576,-0.029046640531891533,-0.00402307493009825,-0.023820962380437218,phone_A
3844,27,3,Standing,-0.06357389249257173,0.13157887466643164,9.773893763363537,-0.02404265708623928,-0.005580608549869786,-0.01998469525322112,phone_A
3845,27,4,Standing,-0.05729426335008309,0.16971472346903504,9.775295965272397,-0.027742573896175324,-0.0038358877149824583,-0.005373647470097538,phone_A
3846,27,5,Standing,-0.05835218657495166,0.17367516163534177,9.77474587315802,-0.017582557747183265,-0.013421473805820884,-0.004968835122813468,phone_A
3847,27,6,Standing,-0.08264337623442589,0.15678301471731115,9.798094733749236,-0.03735905481411333,-0.023299947416273826,-0.012100593490214301,phone_A
3848,27,7,Standing,-0.056365541179293405,0.10134064739909387,9.77253947036724,-0.022866059365377823,-0.02754348856152818,-0.002230811927051631,phone_A
3849,27,8,Standing,-0.12214853368108641,0.12793789254302435,9.77546393711571,-0.018087630292321164,-0.02647946900223882,-0.01890280984728729,phone_A
3850,27,9,Standing,-0.13838588380095843,0.17872664732055227,9.743270768930932,-0.020484406123992865,-0.02456662423393271,-0.007334744883972538,phone_A
3851,27,10,Standing,-0.10460423061723058,0.14077758361211837,9.779066101434555,-0.03275588801512788,-0.019066862120671137,-0.011842714001598014,phone_A
3852,27,11,Standing,-0.10897468427603937,0.1410357323373598,9.761272807282342,-0.025551480533037872,-0.011249585658796114,-0.004222845209811358,phone_A
3853,27,12,Standing,-0.14750978165410403,0.16255202249996387,9.73648559385164,-0.021749670269145975,-0.019787362702612783,-0.0005151923012056262,phone_A
3854,27,13,Standing,-0.11044147615790599,0.15825460464755287,9.769040251527525,-0.016798057860739977,-0.03675946446486812,0.0015159332221441287,phone_A
3855,27,14,Standing,-0.12265274690371028,0.20239891935397908,9.770889775899578,-0.008541809953217207,-0.035206317459009505,-0.001307023054897531,phone_A
3856,27,15,Standing,-0.1059083988298662,0.169370817343833,9.733150781818763,-0.01721270437208045,-0.03231426544881745,0.010159972693818483,phone_A
3857,27,16,Standing,-0.16121750657207115,0.2509266551506478,9.777965400237765,-0.009507455392701073,-0.04042676331884131,0.01582139771418232,phone_A
3858,27,17,Standing,-0.1500353814321126,0.18095745084558898,9.840771111787637,-0.003189219662524929,-0.030927555673825064,0.015819795976733317,phone_A
3859,27,18,Standing,-0.1312871500187581,0.24741641513407087,9.783190230951897,0.002146289639313976,-0.036018124039410813,0.007169137641377572,phone_A
3860,27,19,Standing,-0.14281881465213364,0.22189029708732438,9.797372811551519,0.004042402414938068,-0.030690432299044303,0.012611954928599482,phone_A
3861,27,20,Standing,-0.09377624927858794,0.2667664960809109,9.78290647834195,0.006989789205922085,-0.026619141214328325,0.004464425673519456,phone_A
3862,27,21,Standing,-0.09021401752375999,0.22949407030081337,9.814272066257864,0.007464451657274351,-0.03459910849444398,0.0036259798947346055,phone_A
3863,27,22,Standing,-0.11354117915136588,0.2247280634570097,9.759681911285226,0.017411927853901603,-0.022470535313378337,0.008592968029114884,phone_A
3864,27,23,Standing,-0.10572788808016532,0.28449724297933054,9.797709622173924,0.02133626080548889,-0.03283413625658721,0.016714500287698823,phone_A
3865,27,0,Laying,7.334727178871476,0.16911870266809506,6.380412021768511,-0.017183841200821625,0.0010468026050585826,0.013248550366430058,phone_A
3866,27,1,Laying,7.3754852311310115,0.1053193045367536,6.36416374814272,-0.020779159741906205,-0.009987409177911662,-0.0033976918371727716,phone_A
3867,27,2,Laying,7.334189690570283,0.08698484367402295,6.371502191757399,-0.029024399780232794,-0.012548607789311028,0.006739186084133819,phone_A
3868,27,3,Laying,7.345719361916928,0.11828625841425978,6.36603601085977,-0.019646415308786105,-0.009594112444829725,-0.003274966722113864,phone_A
3869,27,4,Laying,7.360923647669375,0.13861643131033094,6.367899046623186,-0.004302879138704689,-0.009568134301550898,0.006293605245481473,phone_A
3870,27,5,Laying,7.347768760207817,0.15473736777168878,6.361814369554723,-0.013372150075650093,-0.006910178255839911,0.000605419499468927,phone_A
3871,27,6,Laying,7.353378719920846,0.13887945646874678,6.3565801950778384,-0.011945515166026936,-0.013002426103713252,0.012928642116397045,phone_A
3872,27,7,Laying,7.430338999553452,0.13872580727755218,6.377152154158706,-0.006191518731204851,-0.012405509935785855,-0.001697903886222255,phone_A
3873,27,8,Laying,7.406933081172142,0.1719593291110518,6.3783871212108885,-0.003152120079144628,-0.006159912367718155,0.004301102150724318,phone_A
3874,27,9,Laying,7.339270270210403,0.14434545030400872,6.4011957262255565,-0.007200736406462099,-0.011849487759747219,0.015500380274328358,phone_A
3875,27,10,Laying,7.3600508197766406,0.18322819557244913,6.377267462603104,0.0008629186810807828,-0.006137387600570773,0.005481572700393197,phone_A
3876,27,11,Laying,7.359893986000629,0.16000145915665095,6.354357414146113,-0.018381360829976837,-0.008707580423936278,0.0022977713030055244,phone_A
3877,27,12,Laying,7.351428824887884,0.15999021586073045,6.374556698973614,-0.009589250907873046,-1.2925063936054804e-05,0.009757424279680368,phone_A
3878,27,13,Laying,7.418083246770155,0.15303778462547996,6.393634119113488,-0.01139358559185805,-0.013670825326616488,0.01893003569902803,phone_A
3879,27,14,Laying,7.346823040717445,0.10999238851015206,6.357161829284942,-0.020611093902975972,-0.01585225865039032,0.0011671773307165255,phone_A
3880,27,15,Laying,7.367630501375719,0.11628695331256748,6.405606476198194,-0.01929342839178113,-0.010730389129357256,0.004624812975408731,phone_A
3881,27,16,Laying,7.3881851433394905,0.17802065121128,6.4062523708703285,-0.009695972459946236,-0.01255163279956028,0.009284678280321482,phone_A
3882,27,17,Laying,7.394163793004181,0.19152428105412986,6.385522611222807,-0.005631632400476435,-0.009760296745847644,0.009492795986172224,phone_A
3883,27,18,Laying,7.420266944324921,0.16645528960393033,6.369283549736593,-0.009187321462570138,-0.006966366155071797,-0.005485382069187259,phone_A
3884,27,19,Laying,7.367052222275853,0.19611085069020268,6.366178382243825,-0.004948241908137711,0.0036122054863501254,0.00943268484373929,phone_A
3885,27,20,Laying,7.315556327045503,0.14037211326987428,6.374015136187836,-0.010434062228838617,-0.008146451127817464,0.0058593074102654425,phone_A
3886,27,21,Laying,7.401867594161444,0.149806582171233,6.37607439266237,-0.0038663620808616675,-0.006425240385864365,0.00867654713614745,phone_A
3887,27,22,Laying,7.313680751798963,0.18058565390796505,6.37847811467106,0.0004387905950993948,-0.0038225298098959384,0.009394633666215622,phone_A
3888,27,23,Laying,7.383103672247776,0.21366611244881287,6.412000723318048,-0.0026879210057184503,0.005040153478122589,0.004318797055613954,phone_A
3889,28,0,Walking,0.8819724558385625,-0.4444691890539483,9.814674415547799,-0.27347597955961206,0.2628022398948819,-0.09612380443204731,phone_B
3890,28,1,Walking,0.15101789839829388,-0.7156956456990111,9.80379519624659,-0.43267975059291,0.11381640823180067,-0.15559204641172678,phone_B
3891,28,2,Walking,-0.5956333713426173,-0.600135885331994,9.527569583401716,-0.38586384974742016,-0.044600896751789486,-0.11523335229366878,phone_B
3892,28,3,Walking,-1.2045716159006523,-0.5314223070114716,9.465820335972122,-0.21289774905737302,-0.17055653106176807,0.0008818618657224914,phone_B
3893,28,4,Walking,-1.2824901359074816,0.08505410878057774,9.591442065685905,-0.023065428878803734,-0.23618825751480305,0.06302849956356663,phone_B
3894,28,5,Walking,-1.1454958853322046,0.3371916108146249,9.74230495878506,0.26203723258184825,-0.14846979969237153,0.14302532278213229,phone_B
3895,28,6,Walking,-0.7411414021939141,0.9062290910238036,9.889179484967828,0.40905673388697106,-0.1247253519902945,0.13055998711374822,phone_B
3896,28,7,Walking,0.11727655635855483,1.1129603663013081,9.797675666618495,0.47678631603917193,0.07957763294480842,0.209248285294687,phone_B
3897,28,8,Walking,1.0939823030186715,0.8311352966210955,10.182486851441805,0.42213607500493927,0.21421549980784327,0.12122220903768582,phone_B
3898,28,9,Walking,1.184159984563066,0.4090412788838247,10.22747439286271,0.20520577322997957,0.3774089390332933,0.05416542766831467,phone_B
3899,28,10,Walking,1.175242247766806,-0.2757626565649456,10.136189809491803,-0.016543672317449208,0.37331029271876753,-0.049631830110403126,phone_B
3900,28,11,Walking,1.144018109801984,-0.308806646374946,9.785579179927064,-0.24731203196193363,0.283400333214527,-0.10825873410977709,phone_B
3901,28,12,Walking,0.3915779371352988,-0.7470787015968984,9.531953679224273,-0.3448488563148807,0.12634848733481302,-0.11670202526602513,phone_B
3902,28,13,Walking,-0.34380571558956013,-0.6399011579644557,9.53698074909241,-0.3865421677849258,-0.04045855595714247,-0.07721460371577456,phone_B
3903,28,14,Walking,-1.1282366136721858,-0.176487925431964,9.430727256971508,-0.27275541382597657,-0.14932150544348713,-0.042516380908145815,phone_B
3904,28,15,Walking,-1.347746964708789,-0.004170565426104014,9.314404758825784,-0.04657932485638331,-0.16467866170208822,0.06787368631398286,phone_B
3905,28,16,Walking,-1.3142909872654398,0.3917427312914084,9.605423787033965,0.20674294322689568,-0.22801786015749106,0.13704706185177795,phone_B
3906,28,17,Walking,-0.7552512526034135,0.7514134868703051,9.635930102603162,0.4025637096314784,-0.10267320389202714,0.15970111531534373,phone_B
3907,28,18,Walking,0.03116481874159971,1.1964728809175953,10.095043907493253,0.5328116456543346,0.05525539873104997,0.2070783071702989,phone_B
3908,28,19,Walking,0.7770877837982532,0.9264891949514282,10.120962977110567,0.40750700832057596,0.24854152376798008,0.1239030939770601,phone_B
3909,28,20,Walking,1.0587744512990822,0.46069782983894836,10.199267111811338,0.235974507471127,0.35396417444806166,0.01246632436872364,phone_B
3910,28,21,Walking,1.4299019617417075,0.023698048076485984,9.987552225319401,-0.03563008014568747,0.39257035712780636,-0.04266402082592958,phone_B
3911,28,22,Walking,1.1238457164493518,-0.12968571047358224,9.900779176212337,-0.21984570741175138,0.31123853919671585,-0.1190049421402509,phone_B
3912,28,23,Walking,0.324743318796721,-0.6005829438107911,9.323149162002561,-0.38579201037940525,0.17458728131914858,-0.13248219064309513,phone_B
3913,28,0,Walking Upstairs,0.17105981879353951,1.5934782394258993,10.446431408619953,0.7287080922550451,0.21035897958340044,0.27149195377147534,phone_B
3914,28,1,Walking Upstairs,1.3557112633272133,1.09906973704583,10.69430243834073,0.6256614086599789,0.4479280635502587,0.16197370436331623,phone_B
3915,28,2,Walking Upstairs,2.0791516882429577,0.5391917104573051,10.717304500118976,0.23010074151291196,0.5794112883353045,0.004675779508069081,phone_B
3916,28,3,Walking Upstairs,1.6762805766502322,-0.06083819272538023,10.600763899502224,-0.21788912005628974,0.532736202432252,-0.12194497518214477,phone_B
3917,28,4,Walking Upstairs,1.081912691078051,-0.6361809722960325,10.451918604317086,-0.4912888558270453,0.3806652251719034,-0.12271626055564247,phone_B
3918,28,5,Walking Upstairs,-0.11907194014185761,-0.7398016305908544,9.732104326681542,-0.5298684060157496,0.11300743549878152,-0.14242863120086127,phone_B
3919,28,6,Walking Upstairs,-1.1969237573783662,-0.4060073889037754,9.356629106631589,-0.2887695084738451,-0.10975252730585874,-0.01570455821912777,phone_B
3920,28,7,Walking Upstairs,-1.4666004544962157,0.10433288698562115,9.650513287715633,0.08045204507540585,-0.22582305383865056,0.15008919837621157,phone_B
3921,28,8,Walking Upstairs,-1.2570120795436863,0.9290358276827619,9.924080167625148,0.5202143983789624,-0.16638490766577,0.31733326093245456,phone_B
3922,28,9,Walking Upstairs,-0.3702001322938383,1.4143608710887636,10.379281197606893,0.7211039442148015,0.09459474239075469,0.30516062052459075,phone_B
3923,28,10,Walking Upstairs,0.846260704625375,1.516812475648512,10.489813318628888,0.6945875807564952,0.3329508974740495,0.24696956905779555,phone_B
3924,28,11,Walking Upstairs,1.796568487266175,0.8743990767874995,10.683459554135771,0.4636560047725012,0.5220086969880559,0.07246242729878163,phone_B
3925,28,12,Walking Upstairs,1.8831788851104132,0.37352145318335195,10.487574749864047,0.02987885934273546,0.6024188933172551,-0.037232561551836796,phone_B
3926,28,13,Walking Upstairs,1.3912416815118054,-0.570049544405391,10.475314322111103,-0.3811931017928088,0.44090152420982887,-0.13803786314065103,phone_B
3927,28,14,Walking Upstairs,0.4088998583521641,-0.6930663177679675,9.70432211086248,-0.5458256516755808,0.23901025192072958,-0.13787295660579435,phone_B
3928,28,15,Walking Upstairs,-0.7754950436940857,-0.7402886405992856,9.643536676615236,-0.4881447972002196,0.0004045930742756984,-0.06632963511111188,phone_B
3929,28,16,Walking Upstairs,-1.5480847371853947,-0.20252377571397143,9.497465255794157,-0.1742861545943452,-0.18770307229217661,0.05096273767332796,phone_B
3930,28,17,Walking Upstairs,-1.4718890913304312,0.7003360414180247,9.881656306401867,0.29167577147484963,-0.18424887970208015,0.2443475756430977,phone_B
3931,28,18,Walking Upstairs,-0.8187184751117472,1.2572409720956053,10.047199690879296,0.6052995986368382,-0.03140667465492053,0.3026668807134892,phone_B
3932,28,19,Walking Upstairs,0.34713505087455465,1.3579350905237622,10.667179199413786,0.7482490490814533,0.16414430250188317,0.25751363874026034,phone_B
3933,28,20,Walking Upstairs,1.5442420270187451,1.0438602315427263,10.599900138323997,0.6777341366711835,0.45015703459441964,0.1509406474710081,phone_B
3934,28,21,Walking Upstairs,1.8355976029971357,0.3689996216335039,10.687551393837179,0.26451670330525057,0.6000837693285229,-0.02453630310467582,phone_B
3935,28,22,Walking Upstairs,1.678813210112085,-0.15296782195098177,10.77035081325952,-0.15010376514242388,0.5430977427320371,-0.13666369571279924,phone_B
3936,28,23,Walking Upstairs,0.7722795424589886,-0.6459018922531936,10.058662466516154,-0.48145775773679256,0.34400441512581703,-0.18192479712534115,phone_B
3937,28,0,Walking Downstairs,0.18066411168409735,-1.668268018472816,8.97668979271599,-0.9113054323356788,-0.08259618301725982,-0.32206791756543324,phone_B
3938,28,1,Walking Downstairs,-1.4057596233378395,-1.396677853557841,8.64344010035875,-0.7247791795315722,-0.4738136482692793,-0.16514579114635497,phone_B
3939,28,2,Walking Downstairs,-2.272038946500734,-0.505020791696495,8.65314796278925,-0.2296928973230205,-0.6475346504727528,0.011355922133473122,phone_B
3940,28,3,Walking Downstairs,-2.1820904099346703,0.4022413042556489,9.136390556666177,0.28032495094509435,-0.6428824467805636,0.18169487389384012,phone_B
3941,28,4,Walking Downstairs,-1.0305180914387457,1.0584974578097692,9.538990967454655,0.6710073449150223,-0.3319256797733373,0.20658314586082355,phone_B
3942,28,5,Walking Downstairs,0.6423494186516608,0.7311805150845863,10.08600433565204,0.5696137949672783,0.07927750493689982,0.1435742190125337,phone_B
3943,28,6,Walking Downstairs,1.762253648164383,0.2757335908110506,10.083959580045459,0.18501729997368155,0.3099720430906819,-0.02855916731792039,phone_B
3944,28,7,Walking Downstairs,1.720057025571054,-0.6618286164181421,9.455052395133997,-0.43025302353361145,0.3273817416351545,-0.23626085316452533,phone_B
3945,28,8,Walking Downstairs,0.698013291085423,-1.4220921650126501,9.221785024027033,-0.8451018194349269,0.03752119601042699,-0.3599690313152699,phone_B
3946,28,9,Walking Downstairs,-0.686287865913422,-1.5825003108694038,8.920284864660086,-0.902631344073177,-0.2706666989534856,-0.2605871156218073,phone_B
3947,28,10,Walking Downstairs,-2.066999803392493,-0.9799786707249815,8.562976459801128,-0.5898434575808086,-0.5552491220155864,-0.05379932440595322,phone_B
3948,28,11,Walking Downstairs,-2.2170393889118576,-0.14169035397923996,8.716512417177741,-0.009362981971803226,-0.6569374023569683,0.09406126347077479,phone_B
3949,28,12,Walking Downstairs,-1.747094030904336,0.561251520013881,9.276111753171293,0.41722941247115086,-0.47578456456006857,0.1875365899718083,phone_B
3950,28,13,Walking Downstairs,-0.02306635111417084,1.1529845428766436,9.899419123757994,0.6743352593611116,-0.15831544401131598,0.17305235404997427,phone_B
3951,28,14,Walking Downstairs,1.3636846150170758,0.44233784745851445,10.213211759007372,0.436314204807325,0.2111711861313471,0.006859688930362581,phone_B
3952,28,15,Walking Downstairs,1.8461962175612763,-0.4503942259535657,10.074746577764039,-0.08961243239508332,0.35570917897821835,-0.13936870672511037,phone_B
3953,28,16,Walking Downstairs,1.496862626639122,-1.149243698287389,9.513934040305159,-0.6337701299460178,0.234142700951257,-0.27266444876755547,phone_B
3954,28,17,Walking Downstairs,0.385587229883424,-1.35756580222333,8.80650617235052,-0.9123513071750554,-0.10260703560290117,-0.2699293824936652,phone_B
3955,28,18,Walking Downstairs,-1.5327767700100794,-1.2831719090559466,8.386501260011721,-0.8109389316444221,-0.390857268823356,-0.18547809832762613,phone_B
3956,28,19,Walking Downstairs,-2.504923576013248,-0.5329995583309244,8.53679163378699,-0.3021878582319561,-0.6818030828499795,-0.01757831245291938,phone_B
3957,28,20,Walking Downstairs,-2.2088377542473427,0.500874200236253,9.06624647417932,0.29226533222535855,-0.5947158593610109,0.18690656702707492,phone_B
3958,28,21,Walking Downstairs,-1.038823308560957,0.875268806863383,9.577160835093869,0.6365870774963336,-0.3160366494513142,0.21624640609900342,phone_B
3959,28,22,Walking Downstairs,0.8020953115502235,1.0741539912298905,9.871505464913916,0.5714423326038168,0.02690440560888695,0.1136316941531752,phone_B
3960,28,23,Walking Downstairs,1.8722545170346112,0.3635331172239327,9.92414407009122,0.18770615851379666,0.2624355178442177,-0.03929234808692073,phone_B
3961,28,0,Sitting,0.08724626988517355,-0.02199596826005114,9.817876736455327,-0.011933371990325325,-0.02231579996578613,0.019009349407405576,phone_B
3962,28,1,Sitting,0.057592019580816105,-0.07252116129768531,9.82506619649317,-0.005211744693989367,-0.01129747226117585,0.013428681047910626,phone_B
3963,28,2,Sitting,0.06789728888780529,0.00460066651206905,9.774561538259512,0.00770421947506349,-0.020566592091725153,0.014682396046322167,phone_B
3964,28,3,Sitting,0.08310453494693129,-0.038058026667638765,9.790339317426383,-0.002364373849035929,-0.021822518445966527,0.025593709983546424,phone_B
3965,28,4,Sitting,0.07094736781648119,0.003425949493644359,9.837324439199332,0.0026917654346260648,-0.01550756354201493,0.015042466754525655,phone_B
3966,28,5,Sitting,0.10160616666013925,-0.021481793350624938,9.774704255267384,-0.009836159176052153,-0.004557989895965765,-0.0019269744346938414,phone_B
3967,28,6,Sitting,0.0966533271300631,-0.02860138276251271,9.820082022192985,-0.0053101256384256446,-0.010393035358579984,0.015062635215193729,phone_B
3968,28,7,Sitting,0.16535127027924362,-0.01850632214851349,9.851904537448874,-0.007112839971766828,-0.00523533380094796,0.015073436056319552,phone_B
3969,28,8,Sitting,0.10771158112685018,-0.013996951223297317,9.862928259752996,0.0036509779358473884,-0.014900103647110287,0.009854142385491482,phone_B
3970,28,9,Sitting,0.12608717760178795,-0.009535699107099683,9.784000819770295,0.0053392706136611845,-0.01551670643558023,0.015959031479493624,phone_B
3971,28,10,Sitting,0.09023083350952527,-0.027702873606322963,9.810544729266566,0.011385149486247984,-0.005433892238550045,0.02062297061600136,phone_B
3972,28,11,Sitting,0.18745146776836463,-0.019747612124912876,9.863514670113771,-0.0020157519628524762,0.0008596572214917336,0.007886829572162541,phone_B
3973,28,12,Sitting,0.11927403347351487,-0.0080543373004013,9.845007268864359,-0.005655399719374405,-0.010705928461178094,0.016026954092466836,phone_B
3974,28,13,Sitting,0.11513779409604583,-0.0572716985633764,9.827439842037409,0.0009558665332366819,-0.0032932329265859235,0.015113156964408537,phone_B
3975,28,14,Sitting,0.1404729892061621,-0.042701881686621354,9.820372885589094,0.0068189830761630175,-0.0064885827535213995,0.009102289358621223,phone_B
3976,28,15,Sitting,0.09560292577015225,-0.025664846794715666,9.840562448115072,-0.011122809452825769,-0.008556488953952161,0.002436151284095871,phone_B
3977,28,16,Sitting,0.15714636524220682,-0.07448866836994908,9.831100477706851,0.004413784250554474,4.8919865274247134e-05,0.0077821066734458395,phone_B
3978,28,17,Sitting,0.15015106806815012,-0.0027586976128393566,9.831357016054492,-0.014048143769663832,0.006821336494030862,0.01224381051612514,phone_B
3979,28,18,Sitting,0.14451316020981184,-0.08045421197624002,9.827406072207264,-0.0066816625846204125,-0.0064000581025597065,0.008412486557015743,phone_B
3980,28,19,Sitting,0.13556677907435138,-0.04520406825791771,9.85400266082718,-0.0007977720352871846,-0.0011690009942832823,0.004858220256708987,phone_B
3981,28,20,Sitting,0.14097318500002792,-0.04237372861148457,9.85058920759807,-0.00957153453394197,0.011399397761880741,0.011438765501506078,phone_B
3982,28,21,Sitting,0.08700713291536337,-0.03700239040923069,9.862307122951831,-0.0020453977351727274,0.0009523875549614764,0.0068815941382834945,phone_B
3983,28,22,Sitting,0.16273682179542087,-0.02303920858598639,9.801035037847798,-0.009139149028941827,0.013963774682658555,0.006748429393089832,phone_B
3984,28,23,Sitting,0.1989952661380239,0.029043198408904063,9.824057426703735,-0.013887102287974414,0.003168844055805701,0.012436193267666687,phone_B
3985,28,0,Standing,-0.13100933537763831,0.17799345819516643,9.738836397171116,-0.01765689465970793,-0.05743150268143824,0.006735374609295512,phone_B
3986,28,1,Standing,-0.21887194072650282,0.2036084233813828,9.681384468129847,-0.014593187677604216,-0.04133834573244245,0.010847529508569943,phone_B
3987,28,2,Standing,-0.19223883634365854,0.24296184575658372,9.76991309153753,-0.01098050906978891,-0.033544155641003714,0.020779953013479707,phone_B
3988,28,3,Standing,-0.1939682669061564,0.20620411577524103,9.732111281294424,-0.007447982510725912,-0.046429082824843974,0.0196501445995041,phone_B
3989,28,4,Standing,-0.17854943799423492,0.19993604173926952,9.713345212880824,-0.004855995056507907,-0.043791491583990566,0.018656321504620668,phone_B
3990,28,5,Standing,-0.20841103713692444,0.244880666911867,9.744910170207332,0.003754964850103337,-0.03600987494498995,0.019578745869327428,phone_B
3991,28,6,Standing,-0.21829025292487694,0.2035074281165063,9.738072651823062,0.008134875090572929,-0.03304427232983972,0.01613228822623988,phone_B
3992,28,7,Standing,-0.13574139906536659,0.22083301045909096,9.734482396314073,0.007124491516919668,-0.044924216645702696,0.02378882260091896,phone_B
3993,28,8,Standing,-0.24168278367528787,0.23332994471971996,9.78097567201948,0.009866901794443154,-0.03210933375750487,0.03096306503736422,phone_B
3994,28,9,Standing,-0.16354852450760315,0.28199932448040754,9.817282361304128,0.016724656830831783,-0.03711531415373676,0.023978959816409174,phone_B
3995,28,10,Standing,-0.1281748607066155,0.25801709817481794,9.74937131558899,0.026945801784641947,-0.036506156490096045,0.026346883600268885,phone_B
3996,28,11,Standing,-0.14262568732540132,0.3101528120395623,9.744978467498317,0.013594748428833655,-0.027609823736420725,0.012848460965661643,phone_B
3997,28,12,Standing,-0.13699736312119035,0.3078934830749309,9.726337528847148,0.022877679944993543,-0.023145196193444562,0.019741292748228022,phone_B
3998,28,13,Standing,-0.15321685341970898,0.2664791655724551,9.754708146844031,0.02232771119489252,-0.029607516385787108,0.016900457949073532,phone_B
3999,28,14,Standing,-0.10804231173301321,0.3154932793496219,9.788481643362791,0.031088888900624653,-0.015888449623613826,0.016359496135546638,phone_B
4000,28,15,Standing,-0.102135934073082,0.2674367459318196,9.747693435810271,0.025928353779880692,-0.029002146735038918,0.022501725048813297,phone_B
4001,28,16,Standing,-0.13699978279876202,0.28342963520376674,9.749733162430184,0.02824736710878341,-0.022323387980127413,0.016194388099575116,phone_B
4002,28,17,Standing,-0.058951383787150785,0.27124603619834053,9.795767923879614,0.023061411338808555,-0.014171546609529833,0.024754320771942784,phone_B
4003,28,18,Standing,-0.05528275730977254,0.2667835874058484,9.826910816496282,0.018441879617311478,-0.01893570227181447,0.016927302110516133,phone_B
4004,28,19,Standing,-0.039243874065395895,0.247406143522641,9.822308147103907,0.022940115488608186,-0.014393272342703387,0.023322044010482115,phone_B
4005,28,20,Standing,-0.0750314580211768,0.3310777006194967,9.79854947042098,0.023146098695533787,7.885841194433564e-05,0.016687108859106216,phone_B
4006,28,21,Standing,-0.015230533916872391,0.22148184557090528,9.794417567588429,0.023268080071388544,-0.0001869480421189196,0.019014591085918724,phone_B
4007,28,22,Standing,-0.018596719431054617,0.2923551894595868,9.819417069920082,0.006347799293773956,0.0043414391242052215,0.008018776542257307,phone_B
4008,28,23,Standing,-0.018874055992610654,0.2650688590007795,9.810301090775852,0.010588783062281455,-0.013748229735720131,0.005578647039684228,phone_B
4009,28,0,Laying,7.330394548137043,0.06808820600937689,6.339705234353326,-0.033663625323088545,-0.009555665321731147,-0.002206426394393799,phone_B
4010,28,1,Laying,7.371768490335537,0.0635960666781283,6.33184613368003,-0.025201503219796202,-0.014400997538404323,-0.0013247122746621947,phone_B
4011,28,2,Laying,7.3449172264135845,0.0926439419883493,6.345488563352225,-0.028721381734100253,-0.0017489555733581179,0.0022310456174573457,phone_B
4012,28,3,Laying,7.383648156214821,0.09948153212882613,6.3540423453906945,-0.025395939440811144,-0.017702861098259283,-0.007150205776017645,phone_B
4013,28,4,Laying,7.353786957966027,0.08716961852665656,6.334602756808435,-0.032564299174347,0.0038819485265264905,-0.00288060830463789,phone_B
4014,28,5,Laying,7.356991737642686,0.07261668715959145,6.299737431406693,-0.028469840923783185,-0.008476112377362748,-0.0026397856067948322,phone_B
4015,28,6,Laying,7.396682130103403,0.08635163188088518,6.321864488340963,-0.02278306378129094,-0.01013798695024134,0.0012804173556039225,phone_B
4016,28,7,Laying,7.321454338749045,0.057943159014052274,6.326285157782229,-0.02900082025272597,-0.01443393424600389,-0.0010468774628077957,phone_B
4017,28,8,Laying,7.35679726996632,0.07227474044200302,6.309516604841602,-0.02622129834371084,-0.016171428663464264,-0.00521006504422427,phone_B
4018,28,9,Laying,7.363073672450598,0.0898139689631366,6.309842728401418,-0.0328231013517642,-0.016585344485009177,-0.0021702164179589842,phone_B
4019,28,10,Laying,7.39854644445542,0.10502869931944109,6.287772569338879,-0.023019139369588628,-0.01551543666229166,-0.001189036976014394,phone_B
4020,28,11,Laying,7.331379814910544,0.1420124705703863,6.292099437106821,-0.025212892740381822,-0.015524010178380798,0.0035059850844013137,phone_B
4021,28,12,Laying,7.351666231391684,0.12345114445597316,6.337801048322545,-0.031062651074344763,0.005642287079195989,0.0026510841293739622,phone_B
4022,28,13,Laying,7.328824183305189,0.09795229800404799,6.3350542628507025,-0.023126743023276282,-0.009313548266356681,0.005374987269937579,phone_B
4023,28,14,Laying,7.36259200502657,0.07243221281218823,6.371460697409481,-0.014627909356026965,-0.007909678040467575,7.732610707758845e-05,phone_B
4024,28,15,Laying,7.340621807330556,0.08641416176104177,6.313417429298429,-0.03929587135187135,-0.00394965407536255,0.007189806181819782,phone_B
4025,28,16,Laying,7.295688046074129,0.11772223089293503,6.31764469817248,-0.027080163281289798,-0.010579046835913448,-0.01004143473233756,phone_B
4026,28,17,Laying,7.335751762669818,0.0984990396574979,6.319453130001393,-0.0337789796707275,-0.011247656016150638,0.00707400366744915,phone_B
4027,28,18,Laying,7.344694766613356,0.0918946976011018,6.384316956007134,-0.030787776451139476,-0.00966882205291036,0.0024835367411883335,phone_B
4028,28,19,Laying,7.38335188112442,0.10847596407492804,6.331814328865104,-0.02185117885925181,-0.021026320686033148,-0.003872337439105689,phone_B
4029,28,20,Laying,7.324742285468126,0.12399242440050975,6.32235352304404,-0.025750699482835898,-0.006795705455867508,-0.01022901648370113,phone_B
4030,28,21,Laying,7.2978888824802155,0.03895852964030057,6.346521249873169,-0.024695945864130688,-0.009568552752815703,0.0013414741785368882,phone_B
4031,28,22,Laying,7.354577855588867,0.09958250131510396,6.326395853452293,-0.022121172641051158,-0.013661590150281754,0.012443018960320601,phone_B
4032,28,23,Laying,7.287167859489385,0.10247856514785732,6.320979893926981,-0.02298147955417095,-0.01838009310175257,-0.0005307707313274425,phone_B
4033,29,0,Walking,0.24046271518910578,-0.7935754625302892,9.466966363694013,-0.38630237922275296,0.08520842231783038,-0.10561855272015247,phone_A
4034,29,1,Walking,-0.5795821813509916,-0.44688303981241084,9.382831415769564,-0.3075696689033413,-0.061272031255192,-0.051655669396857645,phone_A
4035,29,2,Walking,-1.30745325160131,-0.2023390672479981,9.609209545330387,-0.07415157615605145,-0.2480957138837917,0.034920431308278876,phone_A
4036,29,3,Walking,-1.3498271846411778,0.34221454473042323,9.705035649052643,0.12463345862185639,-0.20219079814825547,0.1357693781061844,phone_A
4037,29,4,Walking,-0.9158337061500674,0.5221949209625796,9.979165746399053,0.3769483691807057,-0.13062747248304205,0.145585140454045,phone_A
4038,29,5,Walking,-0.11281589278316075,1.161952220259815,9.994595137993606,0.49033474709853303,-0.02884752737356669,0.1573562554521307,phone_A
4039,29,6,Walking,0.42109098520904775,0.926687990882043,10.134171119912384,0.49398951714929257,0.14286489859225285,0.13665228087515763,phone_A
4040,29,7,Walking,1.089619826566974,0.6893753429718473,10.058298943833565,0.35114004324802633,0.2983380615571405,0.07461507365438223,phone_A
4041,29,8,Walking,1.3290538003039791,0.3390655454872866,10.186011574926837,0.12419691585959282,0.32782909646906594,-0.045946527949156865,phone_A
4042,29,9,Walking,1.3724138516031474,-0.016531947668604885,10.151447494446671,-0.1266605672486701,0.3283103666704869,-0.11526827840626659,phone_A
4043,29,10,Walking,0.9466167092643615,-0.43768277530432076,9.919819672128698,-0.27851612190454456,0.22596775675514355,-0.12098001913976694,phone_A
4044,29,11,Walking,-0.035815647803381256,-0.6287844160843088,9.87811301855886,-0.4217364921281645,0.10421413825805578,-0.08062485178316811,phone_A
4045,29,12,Walking,-0.6694123198933258,-0.48138771273955977,9.758942370252296,-0.3242991020796858,-0.058745298068029556,-0.10826412944108621,phone_A
4046,29,13,Walking,-1.042204590970345,-0.14595931734733528,9.37961480171417,-0.16888584321261496,-0.17628759665146987,0.00875541089492498,phone_A
4047,29,14,Walking,-1.1166995835691456,0.2688007745373445,9.626219290015614,0.09820317866715716,-0.21327156327858202,0.11915645587997481,phone_A
4048,29,15,Walking,-0.8889711061407196,0.5935940122475507,9.935051517120835,0.3511301090829949,-0.14729369765546305,0.16089002568477292,phone_A
4049,29,16,Walking,-0.25505805925164765,0.6821594187116211,10.016385325665318,0.5205956113254755,-0.014717195850790624,0.1784240148283764,phone_A
4050,29,17,Walking,0.3936412679322726,0.9832542654231462,10.13674896427316,0.5247919640752334,0.12538080003245866,0.13547089499285048,phone_A
4051,29,18,Walking,1.0725813668091804,0.9241015574572202,10.227957857310125,0.354509137639474,0.24032200347597105,0.05634049187946673,phone_A
4052,29,19,Walking,1.5753296330426163,0.3728513801635984,10.152800341941736,0.13171392792337555,0.41779008085630737,0.06184898743641322,phone_A
4053,29,20,Walking,1.5906545335760065,0.05200219050476357,10.31953385025167,-0.04839783485625036,0.35103761827156743,-0.10286780307144411,phone_A
4054,29,21,Walking,1.2052638678951881,-0.6084777161471737,9.793953514541434,-0.3300816995986669,0.25513589301407974,-0.17307642977864704,phone_A
4055,29,22,Walking,0.08323381302989477,-0.7262949200871156,9.577724304038984,-0.3677346919850434,0.10215026005439992,-0.10555320607637284,phone_A
4056,29,23,Walking,-0.4540358993419807,-0.5870220711542513,9.698159551969042,-0.332700997705868,-0.06997876567895368,-0.11363006907630838,phone_A
4057,29,0,Walking Upstairs,-0.2053751283282756,1.4644654254604852,10.512358715153226,0.7243065750233826,0.09618276987970441,0.2938551152137924,phone_A
4058,29,1,Walking Upstairs,1.1286640205929916,1.3595476682717036,10.711371530771348,0.7276512894085774,0.33015123641683375,0.18955752557948674,phone_A
4059,29,2,Walking Upstairs,2.0250949374973763,0.9592815821973928,10.942100715664548,0.4151822956383559,0.4852712270209703,0.11702148143574065,phone_A
4060,29,3,Walking Upstairs,1.8759105713450643,0.21191018541331333,10.961768201716206,0.007314637712729635,0.5780127782365441,-0.053510271564986625,phone_A
4061,29,4,Walking Upstairs,1.5583710820042933,-0.19598090965600173,10.273520190121813,-0.3867895304291225,0.43455970034101543,-0.10897034474623901,phone_A
4062,29,5,Walking Upstairs,0.3888324884274789,-0.7003107551130529,10.136467767621355,-0.5049420568923995,0.22896944644181522,-0.11550328542976238,phone_A
4063,29,6,Walking Upstairs,-0.6302796475017687,-0.6199893683058653,9.77986901104136,-0.4225093665247182,0.016484147907753433,-0.07234070481039387,phone_A
4064,29,7,Walking Upstairs,-1.3111198030201263,-0.17614863042034953,9.756542476778439,-0.08492500611940267,-0.185624577187281,0.10225712441168885,phone_A
4065,29,8,Walking Upstairs,-1.1828396051687586,0.8770129637827747,9.944259390763808,0.3196948561909138,-0.2195905257486864,0.2275030414459583,phone_A
4066,29,9,Walking Upstairs,-0.6064874528720029,1.3044060560367952,10.24401333082835,0.7083423945796761,-0.07407271026267137,0.2751269411960331,phone_A
4067,29,10,Walking Upstairs,0.37871665252215536,1.4159826984305974,10.808809921079742,0.7642567025196816,0.2171460502532992,0.28182232242815974,phone_A
4068,29,11,Walking Upstairs,1.5313835279994934,1.1948918343815313,10.887983581352442,0.5705858370319435,0.4393683398630304,0.1651369984655055,phone_A
4069,29,12,Walking Upstairs,2.2729931373886907,0.673541493639185,11.072317627235224,0.2392006201742422,0.5623119393811656,0.007180743509378087,phone_A
4070,29,13,Walking Upstairs,1.9070596652149678,-0.23138174845223403,10.609618146324088,-0.1771505489737098,0.49920783229155347,-0.08815666454592697,phone_A
4071,29,14,Walking Upstairs,0.8392234243414387,-0.6896830913348898,10.332166136408611,-0.4566638276991718,0.3282781826300829,-0.11482794691302801,phone_A
4072,29,15,Walking Upstairs,-0.15551037253883057,-0.9604096058733118,9.921982198544322,-0.5501056806118125,0.058118224132370166,-0.10128084297732333,phone_A
4073,29,16,Walking Upstairs,-1.1337926668717762,-0.26033151243818103,9.5819755741201,-0.2536253469897766,-0.18021104598299834,0.03939275997197444,phone_A
4074,29,17,Walking Upstairs,-1.5152389523105394,0.5275154857256037,9.714840016158139,0.17117517143742475,-0.2462581241985668,0.10919451603075163,phone_A
4075,29,18,Walking Upstairs,-1.077289536352786,1.1664673643576848,10.20704274549646,0.5507648127441798,-0.11855708598177758,0.2435394270728095,phone_A
4076,29,19,Walking Upstairs,-0.0170088047133089,1.421844086197443,10.400703954840798,0.7579970795300102,0.07610134118519528,0.32566834574084685,phone_A
4077,29,20,Walking Upstairs,0.9919067040499886,1.288677532695024,10.696187577905379,0.7686516784379961,0.3198136197222906,0.25412613252551647,phone_A
4078,29,21,Walking Upstairs,1.7938227513503273,0.9382151013804741,10.902653900205486,0.4692252115471191,0.5550674198763457,0.08917866020265304,phone_A
4079,29,22,Walking Upstairs,2.0556948171665343,0.3706303898577813,10.644577949829918,-0.03299337810713769,0.5264059633663875,-0.09735004249053358,phone_A
4080,29,23,Walking Upstairs,1.6478293210759942,-0.189015754700455,10.147818275558972,-0.3683654822154612,0.4542517284162433,-0.1114925133443367,phone_A
4081,29,0,Walking Downstairs,0.860555246108232,-1.4710622366542756,9.688834884682592,-0.8225038384760849,0.06063369936732316,-0.309992188280406,phone_A
4082,29,1,Walking Downstairs,-0.8455859757174663,-1.375127705570947,8.78969988186502,-0.905742176627666,-0.31235039807540427,-0.22509632647383251,phone_A
4083,29,2,Walking Downstairs,-2.09292761098745,-0.8717509959972843,8.630622705656657,-0.46298358412272805,-0.5712547907311274,-0.07427996334776452,phone_A
4084,29,3,Walking Downstairs,-2.233166336034677,-0.13316345491000633,8.838061427037653,0.07859724014187018,-0.6270226901458699,0.12525127674878078,phone_A
4085,29,4,Walking Downstairs,-1.4100509307263245,0.901573102443589,9.651713227903464,0.5582378006292704,-0.4305528889421159,0.2102502109373481,phone_A
4086,29,5,Walking Downstairs,0.1605034979992904,1.0552378604386554,10.17474113302897,0.7204209751662694,-0.06717413919331984,0.1724820903895511,phone_A
4087,29,6,Walking Downstairs,1.4622221684400531,0.6330963293809616,10.361862488522945,0.4646007509492696,0.16777644096269814,0.09390501017756636,phone_A
4088,29,7,Walking Downstairs,2.140481157163816,-0.19084412246184068,9.873060015553905,-0.129802600396387,0.367945281589279,-0.18848995194006843,phone_A
4089,29,8,Walking Downstairs,1.119368957118298,-1.1221395684418458,9.640187814045719,-0.6186061854691127,0.2014496668016219,-0.2940298175761744,phone_A
4090,29,9,Walking Downstairs,0.10548375532022077,-1.4279505440779636,9.047369590407309,-0.8707642425266426,-0.13582386853600356,-0.29594038235085546,phone_A
4091,29,10,Walking Downstairs,-1.409624949211323,-1.1643524825481437,8.846349160080305,-0.7452649623620287,-0.5131459299100096,-0.1749559489921721,phone_A
4092,29,11,Walking Downstairs,-2.1658258523806095,-0.39886138375915525,8.871260225804233,-0.21815365565994108,-0.6387217245190578,-0.004088156912934383,phone_A
4093,29,12,Walking Downstairs,-1.8488403260195698,0.565084522960354,9.174243344049732,0.35685662958821535,-0.6121094865091051,0.18173934417406276,phone_A
4094,29,13,Walking Downstairs,-0.6633527247804256,1.1572180158921022,9.713191984848978,0.7015448634213393,-0.28463714203124074,0.1605305636772827,phone_A
4095,29,14,Walking Downstairs,0.9014154681050645,0.9159896226151573,10.149914689019614,0.6139885116395142,0.07063025206866388,0.11294453189973244,phone_A
4096,29,15,Walking Downstairs,1.8293381605995338,-0.05803468116889535,10.182875828961043,0.15378151606255266,0.3457464955452735,-0.11692063338230213,phone_A
4097,29,16,Walking Downstairs,1.95610877322825,-0.5016224786642403,9.873355512113688,-0.404739539382856,0.3195654333608727,-0.22442234224340946,phone_A
4098,29,17,Walking Downstairs,0.772074899457736,-1.5535670991043156,9.465484801184193,-0.8686004354624125,0.07969184995695446,-0.3217958056187574,phone_A
4099,29,18,Walking Downstairs,-0.7625437305313469,-1.5584150093883056,9.107547563607268,-0.8533016398236589,-0.3091595188157045,-0.25697777763757895,phone_A
4100,29,19,Walking Downstairs,-2.0237677681330952,-0.6241926836828104,8.618314158420244,-0.4733677391564306,-0.5694304740075032,-0.04043590504898041,phone_A
4101,29,20,Walking Downstairs,-2.1853249596592557,0.014522550497070444,9.11417660349514,0.07511642404810669,-0.6226737652171597,0.14344126941167132,phone_A
4102,29,21,Walking Downstairs,-1.3835872169212338,0.7493909146089867,9.392638440971584,0.5644499425241415,-0.46665565772817097,0.20582106042788392,phone_A
4103,29,22,Walking Downstairs,0.025249738138240677,1.0983664669196493,9.871497295169158,0.6668942081722119,-0.12336910504966238,0.17165216783674897,phone_A
4104,29,23,Walking Downstairs,1.4898156715418907,0.6319990885867444,10.19182869901289,0.4402950690785613,0.23523236187934868,0.055250116092091704,phone_A
4105,29,0,Sitting,0.16861628714747,-0.007302993339740917,9.964142290673376,0.02199231501613059,-0.022832352270674525,0.00982618521446532,phone_A
4106,29,1,Sitting,0.19263949759263072,-0.014170526506079343,9.961963739183087,0.01996777846171737,-0.013443139123535758,0.02119321355873534,phone_A
4107,29,2,Sitting,0.24583876677464933,-0.04366288856472911,9.964436529075368,0.02288417195283394,-0.008365862762027068,0.010741579305958046,phone_A
4108,29,3,Sitting,0.21367547253910912,-0.05292031279053801,9.96509044483005,0.010191765403594089,-0.007893627971190387,0.006668285715275615,phone_A
4109,29,4,Sitting,0.2153376810194316,-0.0032245704790350247,9.969730195814924,0.015928452539862373,-0.011214210946153014,0.020570721645786088,phone_A
4110,29,5,Sitting,0.2047929261568541,-0.008804661425381196,9.95616888704236,0.02651378892528031,-0.008448445668059247,0.008964830267169023,phone_A
4111,29,6,Sitting,0.21989527215797802,-0.013779006004953798,10.007134667384713,0.020694495136213423,-0.01613467251398307,0.016548583926196195,phone_A
4112,29,7,Sitting,0.26881448466234903,0.023470641744964015,9.946941021507834,0.019818459560019822,-0.0069109887145036766,0.013397279051792641,phone_A
4113,29,8,Sitting,0.23824025110540417,-0.014049222366451198,9.953767228213971,0.027503766439707214,-0.012329809682006436,0.008591635403567053,phone_A
4114,29,9,Sitting,0.20510625641692665,0.010563699960665106,9.98139906520091,0.02734781718869739,-0.009140929381417091,0.005726635804435514,phone_A
4115,29,10,Sitting,0.22693993288582354,-0.008904151005434149,9.98596732557979,0.012096406822862225,-0.00038571498452231534,0.0076652634551797405,phone_A
4116,29,11,Sitting,0.22656194314976474,0.025093251903358836,9.928073462188854,0.024158972471637785,-0.000168258976288716,0.007850888419493756,phone_A
4117,29,12,Sitting,0.23627626879964014,0.02606068786807802,10.033538970233026,0.028534557018152926,0.010410609854828832,0.008297076891234082,phone_A
4118,29,13,Sitting,0.21261848038483588,-0.006303912293828215,10.00628770405909,0.010829459917476646,-0.0052960599417470455,0.007184699645156715,phone_A
4119,29,14,Sitting,0.2656402519308537,-0.00012445066483496477,9.96836495029228,0.02273926427675755,-0.005454754748154634,0.009103323528384999,phone_A
4120,29,15,Sitting,0.22961999304254,-0.010696027361111115,9.969177117343452,0.025397596124264427,0.0023853443082372263,0.009841578363578218,phone_A
4121,29,16,Sitting,0.3098365481295892,0.0012253409944715903,9.981289612377333,0.017242892486025202,-0.0034461402667756466,0.010305089352370872,phone_A
4122,29,17,Sitting,0.2775705563541147,-0.05791594993465113,9.957548688108497,0.017036800624132455,-0.0018864942040557756,0.010419583483746326,phone_A
4123,29,18,Sitting,0.2785076792983503,-0.01508634680431219,10.006401022495119,0.015913983200136737,0.005445576036287141,0.0035644225354314694,phone_A
4124,29,19,Sitting,0.28494479740878853,-0.012363338266157426,9.96351909889456,0.0176894439772775,0.0064629305846475565,0.010662810109765263,phone_A
4125,29,20,Sitting,0.2894355666682824,-0.034769573875454166,10.013241667125483,0.020865736332064802,0.0032557091023988965,0.001484906077950798,phone_A
4126,29,21,Sitting,0.26868746112101494,-0.05624122790285356,9.999846939559495,0.023853124425803132,0.016984625053529285,0.0011452235068998007,phone_A
4127,29,22,Sitting,0.3077043405341363,-0.020262122945920415,9.935069583795814,0.013704520350378042,0.006578995769628509,0.014266265048170124,phone_A
4128,29,23,Sitting,0.2691183090655363,-0.01141913253598864,9.992435308356436,0.005900454546297595,0.006642466738785777,0.015495325984469953,phone_A
4129,29,0,Standing,0.13094832464073777,0.17728617098118524,9.921086396262158,-0.015879430303043462,-0.002602962293298881,-0.0013143243081831391,phone_A
4130,29,1,Standing,0.10349812334056742,0.10718716698671106,9.948403964539098,-0.02095392249972145,-0.0027980378081959075,-0.009979238463423898,phone_A
4131,29,2,Standing,0.15341883756880909,0.16624338545215378,9.910741729059113,-0.011821430405549803,0.005352881085057188,-0.0021986792399653673,phone_A
4132,29,3,Standing,0.07433396019199677,0.13653301837015205,9.897338756084599,-0.009442207891064274,0.0035196045019449595,-0.02244182414691568,phone_A
4133,29,4,Standing,0.060253671557348794,0.10870823361937255,9.917250020128574,-0.021968608901951226,-0.013144855184682154,-0.003964491488355064,phone_A
4134,29,5,Standing,0.05534015188501986,0.13551921116703794,9.919811444708158,-0.009476337387343315,-0.01040902003560788,-0.012796681611733257,phone_A
4135,29,6,Standing,0.03877099539615092,0.16297809581699252,9.90306634594826,-0.017451525450386925,-0.008278921122284025,0.001034785948032406,phone_A
4136,29,7,Standing,0.039440600335618456,0.12909173015304856,9.949354859074113,-0.007768299224341154,-0.006262633886113341,-0.01231719253131497,phone_A
4137,29,8,Standing,0.011649627901051104,0.09082697422819572,9.921220944037175,-0.014965279378487645,-0.026911460993708246,-0.001296432601335844,phone_A
4138,29,9,Standing,0.007456399587314132,0.1331368350915996,9.855944338918173,-0.011796067682021134,-0.015784300841903184,-0.00783373274284007,phone_A
4139,29,10,Standing,-0.005007972150081939,0.20689179606061078,9.860747564632092,-0.01804990815802837,-0.01715592988104602,-0.012526194886667393,phone_A
4140,29,11,Standing,-0.03176032036029576,0.17315946951930683,9.903452846121247,-0.009450933994573746,-0.022815302124762647,-0.009355043530800775,phone_A
4141,29,12,Standing,-0.020315156463455466,0.14739218937668294,9.90742816543447,-0.008114034013739993,-0.031834119867823654,0.0008887964693582691,phone_A
4142,29,13,Standing,-0.06473031312794428,0.1466579061868188,9.856154423090203,-0.013824526629612453,-0.016899862159023067,-0.011218951080991977,phone_A
4143,29,14,Standing,-0.051236931697083515,0.17346571906072722,9.871890539599566,-0.00548460119033213,-0.02187943663557225,0.0030687399629076738,phone_A
4144,29,15,Standing,-0.04958719596590949,0.16406482176640935,9.896355698543747,-9.470873785630794e-05,-0.03211048222182528,0.002904283677694658,phone_A
4145,29,16,Standing,-0.03498135948658232,0.17238824150979545,9.867931155140365,0.00328321248149694,-0.03202192171190548,-0.010101134713930985,phone_A
4146,29,17,Standing,-0.06978102842577236,0.17045917222263962,9.878527309339901,0.008969579831513079,-0.01583729404328409,-0.010699469094071552,phone_A
4147,29,18,Standing,-0.04554086803221011,0.1923996407370457,9.880052836944891,0.008072557054460121,-0.035156488669650016,0.0035580105333467673,phone_A
4148,29,19,Standing,-0.05528900943187245,0.21306130034538115,9.897615149431655,0.009129393376759049,-0.04027316913097674,0.024298865176268204,phone_A
4149,29,20,Standing,-0.04871980204040076,0.2268964726472713,9.87538211280328,0.012392951034823215,-0.036104724601592676,-0.0024660796346243907,phone_A
4150,29,21,Standing,-0.0761098399214892,0.19823974709995867,9.875525939661172,0.008130263668495799,-0.03705265836777177,0.01895601376263978,phone_A
4151,29,22,Standing,-0.05420905065329202,0.19585960205392727,9.867656609991837,0.015576878780285516,-0.04562892048140182,0.013890562108547161,phone_A
4152,29,23,Standing,-0.021722725795006025,0.21965042274579777,9.898621140045488,0.018511670781410017,-0.040432780849823984,0.014600928084086359,phone_A
4153,29,0,Laying,7.464865008403663,0.06584396938430168,6.483035716677053,-0.0012008879656064389,0.00024514330286296883,0.006977496046843564,phone_A
4154,29,1,Laying,7.466362169894713,0.1279570927549573,6.453130893208376,-0.0032392112195294177,0.005403923382311326,0.001217678064161756,phone_A
4155,29,2,Laying,7.52293942370539,0.09216590715333906,6.476651221402211,-0.012854660554554777,-0.0047101919461877,6.103727276196851e-05,phone_A
4156,29,3,Laying,7.480237192445143,0.09581383412700695,6.4670855164026015,-0.005129604620287124,-0.006326606969636947,-0.008238944752422254,phone_A
4157,29,4,Laying,7.430373466712962,0.09339776439372048,6.444180678521882,-0.012028747476162501,-0.008355891397760643,-0.0019630773749398406,phone_A
4158,29,5,Laying,7.459405847027715,0.1637658697021834,6.446632749462665,0.0004502068320023549,-0.007228874209133343,-0.0047777673574345035,phone_A
4159,29,6,Laying,7.489030725634082,0.09844640922487996,6.457449359591091,0.004168543300384361,-0.019848893291403796,-0.0020363133520225687,phone_A
4160,29,7,Laying,7.477417213011369,0.14583132056273504,6.467167270780074,0.0096544981209148,-0.002546394364525823,-0.014494212933274964,phone_A
4161,29,8,Laying,7.434689936899015,0.11749450493390969,6.4480784682774175,-0.002742474572998941,-0.010231841776157123,-0.007179538594690885,phone_A
4162,29,9,Laying,7.445329965493305,0.1338852932580185,6.42569188820214,0.0005470643752174265,-0.0014590681600426501,-0.0016949209101301986,phone_A
4163,29,10,Laying,7.432795964798813,0.127574000675311,6.463741775528032,-0.014488307965155912,0.0031641347277640702,-0.004706894784547417,phone_A
4164,29,11,Laying,7.429618640048336,0.12196483241521748,6.473884844098046,0.0038678782763849106,-0.010944982953716584,-0.0013056023775978895,phone_A
4165,29,12,Laying,7.473374845911779,0.1210563224981939,6.481058194192656,-0.0030485991919795598,-0.008031231561277583,-0.0012624246670547377,phone_A
4166,29,13,Laying,7.4844423255811705,0.1083666675295867,6.495188787699401,0.00403498279438515,-0.013426363145903893,0.015992782645101872,phone_A
4167,29,14,Laying,7.4445038652295805,0.10108816500824902,6.488399642097909,-0.0012345852463522653,-0.009256776039566797,0.006811137699336906,phone_A
4168,29,15,Laying,7.467394197846293,0.17178520822855964,6.473436539024825,-0.008585284757284414,-0.013308108442611963,0.005070921085385019,phone_A
4169,29,16,Laying,7.472054709358022,0.12677921978082865,6.453444645060995,0.0036362638994457894,0.0013309588806695166,0.0027645070668551163,phone_A
4170,29,17,Laying,7.504069325970268,0.14480297512531623,6.53011241893836,0.0002790165926072055,-0.00974679530481585,0.007993810983850838,phone_A
4171,29,18,Laying,7.446936123482681,0.1349039663504272,6.507924183403116,0.0028340517154101085,-0.011009273189258699,0.004495436071917362,phone_A
4172,29,19,Laying,7.475764758372583,0.1444633467583621,6.49346691744198,0.0004414625715184867,-0.016009022483987084,-0.0003419302281052602,phone_A
4173,29,20,Laying,7.467476758330297,0.1488078998216799,6.492370620977153,-0.005145696513004254,-0.0121875712685253,-0.003038925565846293,phone_A
4174,29,21,Laying,7.420366225861861,0.13176700650881476,6.50893066653281,1.7010689341243512e-05,-3.0666071131568023e-05,0.0033808027620299613,phone_A
4175,29,22,Laying,7.455218096500669,0.10669904469749614,6.4664974912737785,-0.007198184824907824,-0.020930071488824795,-0.002313356602482208,phone_A
4176,29,23,Laying,7.455938222667728,0.11483246370044617,6.462930447147872,0.002933439115165107,-0.021108668237853852,0.005568579672581597,phone_A
4177,30,0,Walking,1.3654355271965302,-0.23711495549162406,10.01357142071982,-0.17600337098119434,0.33517985332347705,-0.1081452596304326,phone_B
4178,30,1,Walking,0.7109951623187918,-0.40885712325660317,9.513318629148053,-0.3363309469618768,0.19507051416186916,-0.1783139083113043,phone_B
4179,30,2,Walking,-0.12416199333988001,-0.6143506559772132,9.574555416346016,-0.37572286255721626,0.06261910423373593,-0.15072572759208244,phone_B
4180,30,3,Walking,-0.6869104191175158,-0.35638714860566995,9.474844229711376,-0.2881672931520345,-0.16125194039901988,-0.07665449205244929,phone_B
4181,30,4,Walking,-1.024567500797418,-0.11505340518754953,9.708152212917089,-0.12888162994846739,-0.17161939098107817,0.015794901017788722,phone_B
4182,30,5,Walking,-1.130502597721306,0.32869357821618495,9.556917709279187,0.1686331924922812,-0.23579790881506707,0.13102515532422182,phone_B
4183,30,6,Walking,-0.8864543115736723,0.775693559058557,9.404472528944217,0.364792033598698,-0.10756578748998954,0.1803853944283613,phone_B
4184,30,7,Walking,-0.06190942811308353,0.9739912300138135,10.123416970706458,0.5003982505558673,-0.008602290654112926,0.1923075466981761,phone_B
4185,30,8,Walking,0.721819225842644,1.0130880614423545,10.033412749143533,0.4833175902057928,0.20974811675573943,0.14420501893192983,phone_B
4186,30,9,Walking,1.0636636537860635,0.5980656968525079,10.069703975095909,0.30891157878873304,0.25710883099285375,0.10633205847924179,phone_B
4187,30,10,Walking,1.4201019300921947,0.16126100643030056,9.874698299225885,0.11555271064306254,0.3685324498262219,-0.034649790647679854,phone_B
4188,30,11,Walking,1.3396280287876525,-0.10982251407608426,9.90846264582009,-0.20225832819839915,0.30640104707280635,-0.12970723515539662,phone_B
4189,30,12,Walking,0.8710891450008854,-0.39276395169207867,9.945816420894312,-0.3756622094799559,0.23905251496439944,-0.1451697506506598,phone_B
4190,30,13,Walking,0.431356641067968,-0.4473825424473485,9.784563066023349,-0.3760654294249022,0.07076953921964065,-0.1264753497177345,phone_B
4191,30,14,Walking,-0.7332122047003167,-0.5695502180325829,9.530447829067024,-0.27843867527994703,-0.10666258580990107,-0.07819905053742289,phone_B
4192,30,15,Walking,-1.3345094371689117,-0.09893709627187623,9.584046942497524,-0.09126946218697331,-0.16939470438908472,0.03188405610351431,phone_B
4193,30,16,Walking,-1.2400454893914679,0.46868608757127755,9.393882379186687,0.11497893242398782,-0.18130856316901994,0.07622385586439455,phone_B
4194,30,17,Walking,-0.9191815955568907,0.7936082561953779,9.709733500468477,0.3814414249046456,-0.11397605961789053,0.17121898597247337,phone_B
4195,30,18,Walking,-0.08677304378914191,0.8438752559503669,9.882014622437318,0.5464113638360888,0.038197971420588006,0.1405122050171072,phone_B
4196,30,19,Walking,0.5260549472962226,0.9696137680962039,10.117787470594275,0.5169899328210389,0.20299661807845698,0.1395369915320964,phone_B
4197,30,20,Walking,1.3198809204868551,0.7901701124218596,10.145970461169748,0.3071796572830344,0.3234058076289736,0.08338897439184068,phone_B
4198,30,21,Walking,1.5613812960918687,0.18987196624996908,10.35299508547884,0.12576638567983933,0.3399927127952955,-0.04924897874915447,phone_B
4199,30,22,Walking,1.494493999921599,-0.05011284036773869,9.929950020760236,-0.11544604209154055,0.3634815586145944,-0.08630186800083,phone_B
4200,30,23,Walking,0.8283625177276153,-0.36226775424942637,9.893077826429618,-0.3055589783183369,0.21866084749777645,-0.16158170006383785,phone_B
4201,30,0,Walking Upstairs,2.239488457151075,0.4480246061931284,10.722038263584823,0.07515672298417043,0.5512505473391285,-0.04094029137239453,phone_B
4202,30,1,Walking Upstairs,1.6868722337440225,-0.20384161957614702,10.284994941759901,-0.3134372407554177,0.5249123744550657,-0.10570930443162957,phone_B
4203,30,2,Walking Upstairs,0.5721767246124285,-0.51701576293321,9.834972083507662,-0.5250604843991059,0.24116530169232667,-0.16401568739796624,phone_B
4204,30,3,Walking Upstairs,-0.40289400610803816,-0.5840501353241523,9.763320135673037,-0.4672683223974598,0.0017769227088017796,-0.08392187590606098,phone_B
4205,30,4,Walking Upstairs,-1.4600673629646674,-0.029913163418254445,9.63148428957413,-0.17432535464769622,-0.19957813775835603,0.042069751578411925,phone_B
4206,30,5,Walking Upstairs,-1.4573365901555282,0.8310643378030249,10.040851213436,0.19365454385535033,-0.20663686222528435,0.21781311071152018,phone_B
4207,30,6,Walking Upstairs,-0.8501905091495379,1.341051811552979,10.326868330880624,0.5877817927605412,-0.08134493555992153,0.3290694284101707,phone_B
4208,30,7,Walking Upstairs,0.11569506695006906,1.4714911762768625,10.439191489223179,0.7994340121907584,0.18697843237722733,0.27858815183374713,phone_B
4209,30,8,Walking Upstairs,1.3845557537412845,1.0733170600366182,10.901641889544356,0.6427550210657739,0.40174220946751266,0.20372596373937596,phone_B
4210,30,9,Walking Upstairs,2.0802732330706046,0.8193612822801429,10.814587829594045,0.313529346721074,0.5632548783408254,0.006709430872292081,phone_B
4211,30,10,Walking Upstairs,1.9903050596188963,0.11698111988558813,10.41431218620485,-0.1301773256935735,0.5227524036437239,-0.094895989889525,phone_B
4212,30,11,Walking Upstairs,1.4241623219990371,-0.49191905606759234,9.901901441166705,-0.4178142751194067,0.3665076893541317,-0.15232473990770548,phone_B
4213,30,12,Walking Upstairs,0.09739256799851997,-0.8092655604106567,9.807239651967723,-0.5327767770640115,0.13180253206261935,-0.158520228486779,phone_B
4214,30,13,Walking Upstairs,-1.0697010769709367,-0.3082566192975574,9.75901462855429,-0.3241132922465435,-0.12545661439266553,-0.04320523209577522,phone_B
4215,30,14,Walking Upstairs,-1.5355235046637508,0.3489183924722438,9.57422735094146,0.06059112770130585,-0.20862495953341625,0.15401837120162185,phone_B
4216,30,15,Walking Upstairs,-1.0960018559177596,1.0058035471086766,9.761569818584483,0.46656061491724476,-0.17053968782769025,0.2356133646567919,phone_B
4217,30,16,Walking Upstairs,-0.1776754712770947,1.3883736671958347,10.245114178601243,0.7546832603520408,0.01254345886813214,0.27527030790322415,phone_B
4218,30,17,Walking Upstairs,0.6880799271518542,1.3456849044542647,10.541979600699053,0.7643097275448288,0.25596747969686645,0.19226047803836677,phone_B
4219,30,18,Walking Upstairs,1.8175288336385733,0.9615583355256144,10.765321534633596,0.5406550309856706,0.49607798112936174,0.1509573425938581,phone_B
4220,30,19,Walking Upstairs,2.1221082594880007,0.47854098443159143,10.596890793506441,0.10951227553684725,0.548552857174472,-0.05439950304272924,phone_B
4221,30,20,Walking Upstairs,1.6972798275580914,-0.4697386660056369,10.379092982391954,-0.29548854571622674,0.48750909220700667,-0.1741032367174756,phone_B
4222,30,21,Walking Upstairs,0.8176243514732524,-0.4823546007434161,10.164824048414049,-0.46235813723416136,0.2625224077008462,-0.17227528204624756,phone_B
4223,30,22,Walking Upstairs,-0.3678354492463117,-0.6404411043123873,9.489907150066365,-0.4456198757370858,-0.002123291536642832,-0.12799477423762326,phone_B
4224,30,23,Walking Upstairs,-1.3292994540501952,-0.14421993757876161,9.61908489106257,-0.1741679583962117,-0.14913999718406806,0.012698213495467459,phone_B
4225,30,0,Walking Downstairs,0.17106114533291977,1.2156179346497202,9.825002905269857,0.681943211307211,-0.041826554246094355,0.20658249846719348,phone_B
4226,30,1,Walking Downstairs,1.806722746678684,0.3773966864496489,10.168591734436493,0.3955641968176412,0.23825747972912648,0.018125742377965447,phone_B
4227,30,2,Walking Downstairs,2.2269372237846543,-0.20170656017451669,10.061788339905327,-0.16042050282079914,0.39690209123198145,-0.18446627930276374,phone_B
4228,30,3,Walking Downstairs,1.1800331986706567,-1.2005375015264437,9.511342824633505,-0.6513958798470779,0.16856837418183573,-0.2875776378222715,phone_B
4229,30,4,Walking Downstairs,-0.2795114263993468,-1.3841180457351592,9.003805943335696,-0.9034078298271471,-0.10086374594061306,-0.2677093064078638,phone_B
4230,30,5,Walking Downstairs,-1.7120004178002275,-1.1952559394971765,9.02105192969508,-0.6427639591153808,-0.4685758143996722,-0.20723540927699868,phone_B
4231,30,6,Walking Downstairs,-2.1478414191861748,-0.422412231075582,8.912233149172971,-0.19587714322851416,-0.6431746220575567,0.014862610758115541,phone_B
4232,30,7,Walking Downstairs,-1.9320947205090755,0.6332871473072366,8.987874187082456,0.4383083659270688,-0.5858035409525455,0.1543062819274882,phone_B
4233,30,8,Walking Downstairs,-0.47290067550494014,1.2161740643668095,9.627532374041015,0.6614527704843638,-0.2785042143015376,0.18635734880442076,phone_B
4234,30,9,Walking Downstairs,1.052942209649514,0.8912844824862383,10.094309151954496,0.5980022759479962,0.12058974327884273,0.0967909535723456,phone_B
4235,30,10,Walking Downstairs,1.900176409985527,0.17708135327360544,10.073809847408157,0.13898480103112487,0.3032800954142812,-0.0630513540952668,phone_B
4236,30,11,Walking Downstairs,1.7225055421006663,-0.82972279522882,9.894088755857528,-0.4711312278701341,0.3189538489253975,-0.28462522980265575,phone_B
4237,30,12,Walking Downstairs,0.51619607031358,-1.598193351265747,9.25938737518441,-0.8197181487250154,0.06194736166875978,-0.2848346132980001,phone_B
4238,30,13,Walking Downstairs,-0.7774293431371025,-1.5333062808458948,8.707108654379702,-0.8272247031006172,-0.29560213187393736,-0.267918210090597,phone_B
4239,30,14,Walking Downstairs,-1.9163319059196957,-1.0434211066906898,8.720961665882102,-0.4676613659856318,-0.606843825884816,-0.0675884382063143,phone_B
4240,30,15,Walking Downstairs,-2.3479794275577137,0.17301057958738297,8.920929479495229,0.1321392599343899,-0.6015065901751462,0.11883662134519385,phone_B
4241,30,16,Walking Downstairs,-1.4103926038826908,0.7417771667886539,9.605489552744437,0.6149966312827017,-0.4069490132090147,0.21562498659284254,phone_B
4242,30,17,Walking Downstairs,0.3403151841877855,1.2249281121869893,9.810019909568055,0.693446622545396,-0.10346152896009496,0.17252364693376268,phone_B
4243,30,18,Walking Downstairs,1.7941454481568089,0.7201333754133337,10.126033125162428,0.3314111424373915,0.2183307494008365,0.023073604022287333,phone_B
4244,30,19,Walking Downstairs,2.049452410243059,-0.3020476592945891,9.990274386882517,-0.1664080546859182,0.3405667001842979,-0.17448000745017242,phone_B
4245,30,20,Walking Downstairs,1.3147596938690453,-0.9331718931108037,9.458411001983388,-0.7317302158750122,0.23165070983679886,-0.3195838970498941,phone_B
4246,30,21,Walking Downstairs,0.04029988849832884,-1.5952775807868915,9.07344206912581,-0.8974025444819175,-0.12129383104754224,-0.30138897037439255,phone_B
4247,30,22,Walking Downstairs,-1.639940280008903,-1.1647934479006692,8.649707016221786,-0.7487756407845049,-0.5007970696990505,-0.09312248493464476,phone_B
4248,30,23,Walking Downstairs,-2.5224784193095764,-0.3375612693454255,8.719050655471712,-0.14439054082675523,-0.6823109141100627,0.02939632895972556,phone_B
4249,30,0,Sitting,0.27533405873529687,-0.06205088023522207,9.870752479070866,-0.008691260026846516,0.0023692486539408,-0.0008716946266519457,phone_B
4250,30,1,Sitting,0.28701500893301685,-0.03217797688223696,9.877419494983446,-0.002194634344800981,0.011349832829739998,-0.008526234699666797,phone_B
4251,30,2,Sitting,0.2942688807356196,-0.08128937863556576,9.810640039538821,0.0019560053861702766,0.0007343461692885822,-0.005590875341395596,phone_B
4252,30,3,Sitting,0.23972817376317232,-0.08336525733853922,9.846910367828526,-0.006115956009420163,-0.0012206573500316946,-0.009368134581286876,phone_B
4253,30,4,Sitting,0.24807883166558256,-0.02490179847916602,9.88419168374583,-0.013765572911723778,0.005066557039320253,-0.009018888776593754,phone_B
4254,30,5,Sitting,0.2543651549023359,-0.0575067527188113,9.876294599157125,-0.017012174264707552,0.0030042965029862334,0.007300185347089988,phone_B
4255,30,6,Sitting,0.2632973994805224,-0.05732748860041072,9.85584968542911,-0.009494031922482027,-0.010693623408028482,0.0024361514414992062,phone_B
4256,30,7,Sitting,0.2789929166960162,-0.0760167079309136,9.856501428615443,-0.016313404379505736,-0.0002998218585460533,-0.007429687787961935,phone_B
4257,30,8,Sitting,0.25577758397576317,-0.0870117543105492,9.841465591698089,-0.006596933288560627,-0.006398354596452443,-0.023629854252125503,phone_B
4258,30,9,Sitting,0.2417762537526164,-0.002124245473330663,9.872563729780223,-0.017376966369078203,-0.004629150028587993,-0.0036046586129128465,phone_B
4259,30,10,Sitting,0.19702561895759757,-0.08462187907609323,9.859197578193456,-0.004596369239011671,-0.00811400345020883,0.001859003398708278,phone_B
4260,30,11,Sitting,0.21740177806172503,-0.14836318797497278,9.865803769619264,-0.011102683226028724,-0.0022289700244283025,-0.003164983371187536,phone_B
4261,30,12,Sitting,0.2363484330758862,-0.07039369120821387,9.839745873824471,-0.017178743765372564,-0.010224716864347788,-0.01796476392664087,phone_B
4262,30,13,Sitting,0.19648766508013066,-0.06789853688261244,9.787392979859986,-0.026423663701582632,-0.011005394813910444,-0.007567450193668105,phone_B
4263,30,14,Sitting,0.21432706482031966,-0.12289281319659677,9.880484488731177,-0.022843573944724443,-0.01507977199157841,-0.014016804774889473,phone_B
4264,30,15,Sitting,0.2500060887216985,-0.05213676136338819,9.828222594509839,-0.01722789373365198,-0.010250904020670169,-0.013526243384173303,phone_B
4265,30,16,Sitting,0.2225005039127715,-0.07536498557557349,9.85155282070032,-0.010683199370530857,-0.01602720770688029,-0.017918357632770384,phone_B
4266,30,17,Sitting,0.20237346452238777,-0.09656806642581292,9.839174178772547,-0.014662620838929516,-0.01710298811991654,-0.012887825890647547,phone_B
4267,30,18,Sitting,0.2339136377676694,-0.07006957203214767,9.894835200513407,-0.012336270789339708,-0.012540529468427316,-0.004351741920413163,phone_B
4268,30,19,Sitting,0.20864726261457617,-0.029530392218769717,9.862554292134442,-0.02246871663810588,-0.010551065971739472,-0.0010401924686539816,phone_B
4269,30,20,Sitting,0.1970590831329829,-0.011889240213061397,9.87787558775662,-0.005669450337508123,-0.019931802099964514,-0.010580869835725249,phone_B
4270,30,21,Sitting,0.21128966752707054,-0.01831871089849855,9.782613835987545,-0.003716712736876522,-0.019132819879889032,-0.0136535393632027,phone_B
4271,30,22,Sitting,0.2006695411862873,-0.0269397908067323,9.82399098249256,-0.015630875530166552,-0.008204837823751912,-0.006159367082818067,phone_B
4272,30,23,Sitting,0.21468505333816845,-0.08464772408310822,9.842793225540309,-0.005934627966141137,-0.0140459853217713,0.007483841228585483,phone_B
4273,30,0,Standing,-0.04883680403947991,0.25183369102787,9.762136789260051,0.021334149167835204,-0.03871912241001681,0.022203532446746735,phone_B
4274,30,1,Standing,-0.010717814470511157,0.28508634761855817,9.808290549929186,0.03344747264795496,-0.03541661013473802,0.012238834076763478,phone_B
4275,30,2,Standing,-0.049560319609601666,0.29870728385390366,9.799756055742058,0.028554668314321623,-0.039294730041192764,0.011790035338176125,phone_B
4276,30,3,Standing,-0.07312527831093167,0.3299812868480064,9.822378658759634,0.044470808162611175,-0.034678893790110805,0.01253689266315119,phone_B
4277,30,4,Standing,-0.0527642147508164,0.31592369837374973,9.827940066929964,0.03411401967278228,-0.04380842008526102,0.011252885497677183,phone_B
4278,30,5,Standing,-0.028195034917365018,0.33886083220423724,9.781701613185895,0.039278106758680834,-0.031545740608121486,0.013452512158292754,phone_B
4279,30,6,Standing,-0.03414203496073733,0.30678345955806036,9.827122313627902,0.04626269767534667,-0.023391580644421164,0.00971410536391128,phone_B
4280,30,7,Standing,-0.014358579035905698,0.27435680725436606,9.83105521137094,0.04458879792707397,-0.01870630672797391,0.0058526766891245936,phone_B
4281,30,8,Standing,-0.02661077583128764,0.3359178098338566,9.792500790501407,0.0432061223643891,-0.02182534688652228,0.008813175423172455,phone_B
4282,30,9,Standing,0.014546094469708382,0.3042081104661219,9.871836510283186,0.04423734878449204,-0.026743561830680117,0.00881843316461792,phone_B
4283,30,10,Standing,0.03183831203833238,0.369713362382374,9.822454862539544,0.040828950853917675,-0.02469649449073217,0.025146578726791134,phone_B
4284,30,11,Standing,-0.014622347836668284,0.36819387649445695,9.836353503294285,0.043145529791640845,-0.01948143463792483,0.01664277037968604,phone_B
4285,30,12,Standing,0.025806107039172414,0.3618366841136692,9.876999967836728,0.03742091368762504,-0.010693471940131151,0.012290292668427738,phone_B
4286,30,13,Standing,0.056140298428416925,0.37187110273151636,9.836071173642912,0.04826762378980013,-0.009255926343567936,0.012331098182052282,phone_B
4287,30,14,Standing,0.07454348500913985,0.3373797627666081,9.82697455182664,0.038103159483833124,-0.015642958066026724,0.010754766828723158,phone_B
4288,30,15,Standing,0.10907683439761814,0.34221527919756967,9.822708013756715,0.03879834122553384,-0.005446555547008061,0.015664477876806953,phone_B
4289,30,16,Standing,0.06873605496128764,0.29240892343032887,9.859250248968916,0.0422234009495205,-0.0030506560643933653,0.004558273978737814,phone_B
4290,30,17,Standing,0.13777130521600064,0.31571695845707853,9.867158584296433,0.032903403986742276,0.004404464060933413,0.01186084385185523,phone_B
4291,30,18,Standing,0.10991184809347332,0.283488388563385,9.890824500589138,0.03920128080684996,0.0058898732648479035,0.007129745142121118,phone_B
4292,30,19,Standing,0.10745367479193241,0.30114098592791294,9.921093537127675,0.028935266170982507,-0.005497210799955475,0.0030786065535218527,phone_B
4293,30,20,Standing,0.10232955703144155,0.3300037160865225,9.830342759806236,0.026127537641488174,0.004346529253523,0.011290440505546066,phone_B
4294,30,21,Standing,0.13879466928173623,0.33128469480416095,9.872489013741998,0.02538670929824044,0.009663886861733008,-0.0061879997230863595,phone_B
4295,30,22,Standing,0.08243984927511955,0.3070980259899489,9.868192435172835,0.029348264704866893,0.00047146638071780475,0.008049812540986198,phone_B
4296,30,23,Standing,0.14502756669892708,0.27347410870926436,9.866689550239267,0.02248106499547255,0.0012157129616703361,-0.003630755413907503,phone_B
4297,30,0,Laying,7.485532279023738,0.1123699931689261,6.394150056114003,-0.0024916844478189105,0.002240321793489184,-0.0030801324779625872,phone_B
4298,30,1,Laying,7.514859913625973,0.1731146281099865,6.387774385777253,-0.020424958686217753,0.0023482026771872175,-0.011620774659565715,phone_B
4299,30,2,Laying,7.4643419030415,0.12024673637782181,6.446914161782499,-0.005246666069689075,-0.011307284887361189,-0.010331354222799866,phone_B
4300,30,3,Laying,7.490781251463999,0.16088194452073754,6.390812497982523,-0.013614612623716285,-0.00360831948473106,-0.009851161503845783,phone_B
4301,30,4,Laying,7.515135788694558,0.14830523101046658,6.363893218644303,-0.004036459457426671,-0.0036708445986163765,-0.008969700113785343,phone_B
4302,30,5,Laying,7.5053608158107545,0.16228868955617845,6.411986530378913,-0.004010469268537079,-0.0077175953801135845,-0.016183589546169178,phone_B
4303,30,6,Laying,7.489906461794393,0.15485654158502965,6.382305403323413,-0.026411344627243143,-0.0028279887305717125,-0.011416227745199355,phone_B
4304,30,7,Laying,7.500505478779477,0.18866751012567048,6.373812177270301,-0.005763507207073181,-0.007173773871014575,-0.002677765778627467,phone_B
4305,30,8,Laying,7.484065146156454,0.13315347969444896,6.3566393145140365,0.0011266615620691943,-0.005209970168143647,-0.0007195942913083902,phone_B
4306,30,9,Laying,7.489570881238093,0.1704885859958096,6.356020487161576,-0.007912125390783245,-0.0052795488568667046,0.0021975562546054112,phone_B
4307,30,10,Laying,7.544539365887985,0.1563875081580217,6.361076868182828,-0.015553524739091334,-0.01421181526310062,-0.010043636685206515,phone_B
4308,30,11,Laying,7.403310600098019,0.12950185707901787,6.394737350029636,-0.007869160851690028,-0.010803375086828347,-0.014956130026145015,phone_B
4309,30,12,Laying,7.500234313204101,0.15947035469850535,6.375741459658405,-0.02145213754760701,-0.012662161804593208,-0.0024330207643306896,phone_B
4310,30,13,Laying,7.471411625045194,0.15184273880179636,6.392479969807771,-0.007197809019582195,-0.006281540144121281,-0.009893385230824807,phone_B
4311,30,14,Laying,7.439727707872263,0.15943422359355705,6.391717839675857,-0.004875624264989853,-0.009847275193587784,-0.006559389838301681,phone_B
4312,30,15,Laying,7.473766351219229,0.15752426695452407,6.3849901475787005,0.007815838885165053,-0.016612940164824022,0.01497098543200703,phone_B
4313,30,16,Laying,7.435293388170398,0.15830948870832484,6.343524443975297,-0.005801735172170996,-0.0056398268958535915,-0.003946592955342604,phone_B
4314,30,17,Laying,7.489294602917044,0.1387847675510663,6.321575775187262,-0.0036662273549004625,-0.011785314716182814,-0.006764714409780395,phone_B
4315,30,18,Laying,7.4529925701825235,0.16033189445814516,6.351926272090594,-0.004937854819998411,-0.005265068474367768,0.00874005644907611,phone_B
4316,30,19,Laying,7.496697926623822,0.15508123592950432,6.378239966334448,-0.009329740132241991,-0.015608712776256691,0.001889508350361343,phone_B
4317,30,20,Laying,7.452268016708075,0.16113812877287606,6.347286964687659,0.0015780382185503709,-0.015156840651858424,0.0034732737966587145,phone_B
4318,30,21,Laying,7.440777660797262,0.13409159680320232,6.404145475747061,-0.01009276635340987,-0.0230251341564518,-0.008996403612174797,phone_B
4319,30,22,Laying,7.478258410001318,0.17312200488903895,6.35152164753186,-0.009797893815843912,-0.00996277450965619,0.005445702056430933,phone_B
4320,30,23,Laying,7.453641540559258,0.1691305587901947,6.3921048096300375,0.007260869911388546,-0.021304956337192153,-0.006146805627642071,phone_B
