row_id,subject,time_step,activity,acc_x,acc_y,acc_z,gyro_x,gyro_y,gyro_z,acc_magnitude,gyro_magnitude
1,3,0,Walking,-0.1906637528107575,0.6875827192311839,1.129327648503792,0.0053861292480779,-0.1432397457548549,0.0140624443484013,1.3358531356763494,0.1440291202960164
2,24,1,Walking,0.0105932947655518,0.5426285047670114,0.998703837690642,0.3167337772349111,0.0855571128971843,0.0072633767317337,1.1366473804560888,0.32816621070784074
3,13,2,Walking,0.2217822236695293,0.3753648804122609,1.2774796627702274,0.1145229139088101,0.0966295331437999,-0.0054918502084878,1.349829780740611,0.1499430722123097
4,25,3,Walking,0.167558457680695,0.3869421089110503,1.4954530198696083,0.2030017569724317,-0.0471160604379417,-0.0387346905537052,1.5537630987463937,0.21196700860600287
5,11,4,Walking,0.3306821246990594,0.5583380544989696,1.472442110740745,0.4555812360957507,-0.0447056518023077,-0.0563467001978691,1.6090922348267793,0.46122424980565563
6,15,5,Walking,0.1726118332718099,0.5589592765333775,1.635699904591012,0.2074657796579637,-0.092417212465878,-0.0906929337260363,1.7371656500423955,0.2445571489793034
7,17,6,Walking,0.5111645827334649,0.5020071604032206,1.4346060885203469,0.2455377455373391,0.0128354390054801,0.0240557456401914,1.6035569989734795,0.2470469831354515
8,21,7,Walking,0.5819108688536497,0.3935407892651872,1.641443691402968,0.227433697643778,0.0318031338558982,0.0694417048422394,1.7854500844750822,0.23991597803892575
9,15,8,Walking,0.4042026519788378,0.210931281607131,1.4575699416153982,0.1897343523650647,0.1644435442357835,-0.0952414227262567,1.5272137781358142,0.2685362774582573
10,22,9,Walking,0.6737648750962739,-0.0713790405569644,1.472155137910563,0.2379028371615506,0.0644844564495206,0.078234923777214,1.62058471682933,0.25860531385014474
11,24,10,Walking,0.4580086107333588,0.0886628039955604,1.585647568073007,0.1989565242630223,-0.1403254955671714,-0.1246615935403828,1.6528494155409614,0.27352414181754126
12,10,11,Walking,0.3709249289291069,0.1981473758037997,1.4156943386146394,0.2959533889474545,-0.0469977910970187,0.0174393660184385,1.4768338247157453,0.3001688396296447
13,30,12,Walking,0.4919087103501863,0.122647587802762,1.2157112276686148,0.1800640768778421,-0.0419911683398162,-0.1315423610147943,1.3171827508708693,0.22691346972306137
14,20,13,Walking,0.6384705254409309,-0.1158545199686476,1.2052606743010543,0.27288213247965,0.0491184293632938,0.0731923619870064,1.3688389878545308,0.28676540966963765
15,5,14,Walking,0.4635875802392371,-0.1126503359400604,0.8591942449401311,0.0608176280334604,-0.1454969573589842,-0.109697151036163,0.9827605472737098,0.19209792665666428
16,12,15,Walking,0.598039121451295,-0.3307479218869436,0.9227624760195552,0.3629151127564672,-0.0391890368167568,0.0811267125313795,1.1482750392517067,0.3739314150480186
17,24,16,Walking,0.4624500324783928,-0.4030514701678682,0.8128353459489154,0.3124338951203135,-0.1900052465511583,0.0477866007900443,1.0183377729258791,0.36878244501614305
18,14,17,Walking,0.5112607448277329,-0.3983739759651134,0.5516347619510318,0.2279342458485256,-0.0582441979970182,0.0255943832490174,0.8511112057309741,0.23664631728541552
19,10,18,Walking,0.7215997216971912,-0.3893773575342276,0.5119777391661112,0.2397203198451948,0.0241996352368941,0.149510633276448,0.9666654490129686,0.2835575489296762
20,19,19,Walking,0.5346304959919723,0.010627271989901923,0.7717771703432661,0.0892360640244863,-0.0703726686024722,-0.1019233535546077,0.9389263585700577,0.15265568318484957
21,30,20,Walking,0.0767672188718528,-0.324184648301506,0.4772002321231977,0.0582113076047076,-0.1117136989328295,0.0344865232195214,0.5819870734184084,0.13060561682437455
22,18,21,Walking,0.4253127016828523,-0.1121616196627972,0.867739153738476,0.2655850376603596,-0.108849193203505,-0.234525090880444,0.9728526928928733,0.3706556047634908
23,25,22,Walking,0.0608743448218893,-0.5845151392807973,0.366221077706955,0.2045130024941976,0.1172578253866408,0.0172753424189879,0.6924460351989805,0.23637555554517242
24,9,23,Walking,0.1158122428927886,-0.7204406351614562,0.2281421332232712,0.1665061300019336,-0.0059160805900152,0.1944722904937871,0.7645233922826467,0.25608350807435504
25,29,24,Walking,0.2577849147871542,-0.6360333995290897,0.3278721568374062,0.1138371561544391,-0.0797748670989328,0.2341316705678681,0.7605864177314526,0.2722876543379873
26,24,25,Walking,-0.1414620171316628,-0.3962012691099311,0.4219474051246936,0.3224730314161668,0.0423446062716449,-0.0172301687423899,0.595841053156579,0.3256974061700891
27,28,26,Walking,-0.1795517348202812,-0.4649914182392523,0.5592570452235556,0.0851833659856027,-0.1405731331751581,0.0189846709494331,0.7491490420105374,0.16546126236184747
28,8,27,Walking,0.1622884668541344,-0.5057543744668985,0.6982350336831855,0.2514408753562797,0.1436601915877507,0.0241320751500241,0.8773010863032307,0.29059098660833893
29,11,28,Walking,0.009888821615022,-0.4364458309586422,1.0312863007210915,0.2401557880944096,-0.134691593489255,-0.1504975119170231,1.11988132684187,0.313793130908145
30,20,29,Walking,0.0470307874916774,-0.1709736022180568,0.9091002012678152,0.1778493946750413,0.1607588721466422,-0.1217750250247836,0.9262327156674438,0.2688921324247434
31,9,30,Walking,-0.1964154796152976,-0.5236519190610166,1.0497229049955878,0.2020212811623036,0.0371332003678826,0.1548230047445088,1.1894152135571365,0.25721904169430776
32,10,31,Walking,-0.3515654214987681,-0.2905383583973087,0.8829030207271655,0.214640975787687,-0.0927553297322158,-0.1340694366465991,0.9937446992577939,0.26953462397910766
33,13,32,Walking,-0.4774973365478427,-0.1915885253763841,1.0893833444370442,0.2233694641853859,-0.0532586376666936,-0.0360440403798156,1.2047680028134133,0.23244262273404231
34,6,33,Walking,-0.2739758483677156,-0.206149742786776,1.5503895825670475,0.2030043752825109,-0.0765536872837773,-0.0246244698568549,1.5878502258312297,0.21835202755256486
35,18,34,Walking,-0.4598723646425406,-0.4441525993620366,1.457187224796923,0.2451051163152795,0.2769221441287312,0.2064529072409837,1.5912726766312977,0.4235388941538128
36,17,35,Walking,-0.6754201533679798,-0.234750373606437,1.3017615897480117,0.1550222284640164,0.0347165503949374,0.1326438982977057,1.4852216528273676,0.20695780716099121
37,9,36,Walking,-0.6575684120615661,-0.5096073451390156,1.516230716402485,0.103134414695448,-0.0582383370102681,-0.0964546855984347,1.7294656539299065,0.15274788956377464
38,25,37,Walking,-0.5651826751471991,-0.3702529915956183,1.3482613241754724,0.4542171823231128,-0.1416164839401434,-0.1206464136300103,1.5080873092561478,0.49084013116584135
39,26,38,Walking,-0.0170153862423833,-0.1941060311962589,1.4859868565758114,0.257571110603456,0.1901567408846151,-0.1085542786271061,1.4987073138647857,0.3380628558857181
40,25,39,Walking,-0.5877119697323294,0.2315543206742983,1.5589017176914866,0.178622832164689,-0.0147205260967645,-0.151238538920698,1.6820217977811873,0.23451205878156386
41,17,40,Walking,-0.5762460575663679,0.198578681769588,1.362810419355305,0.2718692374799653,0.1113987399601811,0.0170972260435312,1.4928982720927477,0.2943040548328164
42,1,41,Walking,-0.4393536316912467,0.2302965698938621,1.3594693823526016,0.1406286163102867,0.0348143687840638,-0.0107015258254838,1.4471437818473085,0.14526861551681466
43,7,42,Walking,-0.1839655725974978,0.3523855471183709,1.158656501633897,0.097634738081824,0.1310257248397751,0.0289024147661852,1.2249505273673462,0.16593863995287966
44,8,43,Walking,-0.3455874835625077,0.0185068304189873,1.2833613265523456,0.2699862372035799,-0.1221473752855925,-0.0518677288194943,1.3292063444241529,0.3008368509032756
45,18,44,Walking,-0.3784282660317376,0.3362036584628746,1.0268599228551747,0.1922824883972426,0.0167818763312715,0.1618641170292472,1.1448502756525607,0.25190112961059075
46,24,45,Walking,-0.8069792850036488,0.3916844033854642,0.9487625631958412,0.2525593388655809,-0.0409106039453418,-0.1932393960726441,1.305673251469283,0.32062651380993457
47,5,46,Walking,0.0371273799721751,0.1924479052042112,0.9300678447559816,0.1838622254564816,-0.0067456780411732,-0.1158188361774344,0.9504950470203009,0.2174047491099047
48,13,47,Walking,-0.2796363739281966,0.7431549752268092,0.7866953269260726,0.4105542765950938,0.1295153077875463,0.0482995346822533,1.1177501313958276,0.43319957759945454
49,29,48,Walking,-0.0731964449073877,0.6798914900704955,0.5742904157125293,0.2273200397445125,-0.0767166205630304,0.1088542328054338,0.8929835605410822,0.2634560387231963
50,26,49,Walking,-0.3026618679588707,0.6865640203243881,0.5146598254674052,0.3488371802814051,0.0825955887604385,0.2002710773411481,0.9098621303639798,0.4106311167565716
51,18,50,Walking,-0.3064559493042504,0.5374224316588045,0.3261832746727284,0.1629892173397097,0.1662351276604393,0.0701287191987465,0.6993809030780411,0.24314119332961726
52,3,51,Walking,-0.077710083569839,0.3618352113417742,0.4613647982151018,0.0861783835680759,-0.0738254305136239,0.0343210418706368,0.5914567222436815,0.11855311847443883
53,4,52,Walking,0.2299222633561125,0.1170534509074279,0.4926648176798356,0.2279236930555835,0.0455279313909962,0.1777830649816328,0.5561334193659295,0.29262402599086523
54,17,53,Walking,-0.1939018070264892,0.4098124040273947,0.5507271269942822,0.0460246160600663,0.162354395285886,0.0405192273970724,0.7133333622299091,0.17354832969803513
55,22,54,Walking,0.1428512359670107,0.6403434994061309,0.6589218551545446,0.2456165822150885,0.0257840981968565,0.0297377563209898,0.9298517538023461,0.2487501946327943
56,13,55,Walking,0.1485474392477971,0.4294144032004791,0.5555178128023387,0.2621733250788844,0.1099806671601324,-0.116438969017625,0.7176789753948459,0.3072273312024724
57,23,56,Walking,0.6329428130328125,0.2783217312731808,0.5469652108922125,0.2422536811014313,0.0928823709533852,0.0012568661116725,0.8816181330911661,0.25945242445107136
58,12,57,Walking,0.6538619981781162,0.523439632778848,0.8746041063426897,0.2809528151456503,0.2560418410380694,-0.0225677857752648,1.2109735359026756,0.38079024889724816
59,4,58,Walking,0.7468077830678039,0.2284467329666974,0.8833650082143931,0.3640505753346579,-0.1762485495164817,-0.1376811935516753,1.1790858799898423,0.42726161033490123
60,4,59,Walking,0.1945379758361182,0.1078899547438947,1.0445734012058396,0.2776606627094048,0.0303901597261409,-0.1554042472281603,1.0679975921713447,0.319639618134169
61,12,60,Walking,0.5258648112143431,0.1041571519755693,1.163595067658158,0.2972148988843397,0.015206557526455,0.0836146393913439,1.2811463591095094,0.30912674331280066
62,30,61,Walking,0.5776660153119546,0.222020750553777,1.115325125586993,0.2002427444785395,0.0216453706322652,0.090258132295916,1.275516120904983,0.22070842582840575
63,1,62,Walking,0.642576658728701,0.0083497846194363,1.2982968775532917,0.311247094622648,-0.2192366408159571,-0.1426119560882237,1.4486370364969823,0.4065435137923295
64,28,63,Walking,0.2781445277208632,-0.4393888721507358,1.3092923592369168,0.3024377289700514,-0.0313372473020832,0.0217569090136037,1.4087843842217762,0.3048343255981196
65,26,64,Walking,0.7875561598919368,-0.092700306627863,1.6586570579868647,0.230133932427752,-0.0921138046210208,-0.0653840387418608,1.8384725420419732,0.25636234586736384
66,21,65,Walking,0.2584926275669005,-0.3100665632119873,1.4720390677471498,0.3083943521316462,0.1892846814282582,-0.1520399666914744,1.5263874767248424,0.392494482154386
67,16,66,Walking,0.3166659267860892,-0.125133566047135,1.5285193202998129,0.0186003591567716,0.1021126690725332,-0.0665500784089604,1.5659843648864338,0.1232959183514051
68,2,67,Walking,0.3791402877873355,-0.4698912760887737,1.457270022284466,0.2670679484764409,-0.0208168775030046,0.0361528202510729,1.577396933880869,0.2703065998167569
69,14,68,Walking,0.681289215456417,-0.3939506741351225,1.3202380752691534,0.3373944658229181,-0.036463698930698,0.1226051689035114,1.5370038074575925,0.3608277350059158
70,5,69,Walking,0.464746561431113,-0.4073181658886051,1.5237930135450588,0.4346113816138929,0.2284678581959128,0.0076319248646056,1.6443365235722376,0.4910629914115943
71,29,70,Walking,0.5409088701003099,-0.584502981990509,1.4527575575477392,0.2171550867250758,0.0345299032603308,-0.0916705686544346,1.6567228684125368,0.2382270745888687
72,9,71,Walking,-0.004046849919392,-0.8489992702274316,1.1661363625513217,0.1695457186566733,-0.0322510745313638,0.2130954278672468,1.44245975815806,0.2742180590354333
73,5,72,Walking,0.0502817955536677,-0.4373750944205635,1.1622340577236678,0.1887199778155895,0.020385821435692,0.0681088228672932,1.2428247008795406,0.20166711059241374
74,7,73,Walking,0.1002220537475294,-0.3304316977920994,0.9498050450577034,0.2206972968598495,0.2857441099255415,0.0245387716887802,1.0106231694257797,0.36188277731107704
75,25,74,Walking,0.1124179162909932,-0.4351450445965653,0.9828225614202836,0.2012551660719375,-0.0857430636397961,0.0473331494853308,1.0807077241219674,0.22382122748564742
76,23,75,Walking,-0.1287485778851309,-0.4272947732203999,1.0240874262518416,0.2603184547960953,-0.0314873606911261,0.0499362137239565,1.1170998505666525,0.2669284121853731
77,15,76,Walking,0.1301838567479489,-0.8842024680141143,0.7185742625086935,0.0010106805363602,-0.1644566913249925,0.15002484527953,1.1467828093147951,0.2226083533874175
78,6,77,Walking,0.0547294301761506,-0.6709170521488452,0.4585702934362785,-0.1060981721625816,-0.0597845058725898,0.2662456513472143,0.8145008995782246,0.29277594870476115
79,14,78,Walking,-0.2783238089346569,-0.4359041871128402,0.3660400918452494,0.1872944301032601,0.0109425220317312,-0.0094710717003153,0.6336102522848569,0.18785271766805084
80,24,79,Walking,-0.0943598795732112,-0.4320078172660721,0.6069381789802504,0.1442790489546164,0.0987596949251602,0.179183064238639,0.750938409029615,0.2503527347941451
81,29,80,Walking,-0.4619558145368226,-0.2165955460000061,0.4449215812956729,0.3744203531273212,-0.0486789283081402,0.1600550133897782,0.676957914965223,0.41009492341215226
82,17,81,Walking,-0.3303073898986761,-0.37324256881518,0.666355628146069,0.1802052474811411,-0.1035234305517454,-0.0493420628831189,0.8321314861002271,0.21360166446566614
83,29,82,Walking,-0.6911399666223985,-0.256246952274576,0.3817896902917242,0.3462593926806919,-0.2633686335390519,-0.0865222352614585,0.8301206669068478,0.44355912948159254
84,2,83,Walking,-0.7566353803877328,-0.4713017579022093,0.5190671692595443,0.2002850712005269,-0.0278715325842816,-0.0175103358518066,1.0315295303864636,0.20297178113235315
85,19,84,Walking,-0.668730942340655,-0.1319562095663032,0.6284395400527351,0.2623541731421711,0.0612186787026389,0.0326059800889525,0.9271190700166941,0.271367995026625
86,2,85,Walking,-0.1395689641781219,-0.2151502026604032,0.5682231459008681,0.1371119661606884,-0.113548893763562,-0.1368918966361182,0.6234153102098517,0.22457166763421454
87,18,86,Walking,-0.6276901846475748,-0.2966585565009015,0.6913773091075982,0.2567724641347486,0.0056256264407377,-0.0842088805172684,0.9797978621108379,0.2702866655398543
88,15,87,Walking,0.020277852053400276,0.0694037000783721,0.7832396679070239,0.1481792240868816,0.0603270712912779,0.0206770946234714,0.7865700491701761,0.16131949734499296
89,5,88,Walking,-0.5624576605333611,0.0504740327737311,0.7943425026601245,0.2408827732121187,-0.1600304733783568,0.1469804710013388,0.9746210850425181,0.32440333181987724
90,18,89,Walking,-0.3166090670170644,0.024690729162824,1.0845713591424404,-0.0450914162379862,-0.1271982426291866,-0.0323156812167342,1.1301088294921373,0.13876934819621492
91,14,90,Walking,-0.4013217101489064,0.5046003381765972,0.9878013424356448,0.1278790255506288,0.0258993205140923,0.1772227763349582,1.1795898051621339,0.2200721073437992
92,27,91,Walking,-0.7349845808899069,0.249369520671562,1.5082745802202338,0.0383064937002806,-0.1409176127530415,-0.0465967267106922,1.6962546098166982,0.1532854069498357
93,29,92,Walking,-0.3325217933238008,0.3101218992813069,1.1104492173047589,0.2766951443190892,-0.0635292776091215,0.1401891938635363,1.1999349147607437,0.3166215123446393
94,15,93,Walking,-0.5596588574688828,0.2070615394644235,1.509624573630987,0.303921913057063,0.0492909300329824,-0.1854157049123289,1.6232864415066406,0.3594121709791102
95,29,94,Walking,-0.5903888795119167,0.419812628902136,1.3005889548645462,0.269095436229737,-0.0887258794738109,-0.1410898115286573,1.4887354707780396,0.3165295727183571
96,2,95,Walking,-0.2198094906509562,0.4680065597544842,1.4507348925671708,0.379629673392317,-0.0484717663726716,0.0035318441368028,1.5401227485708213,0.38272793859117576
97,29,96,Walking,-0.4087205261571517,0.5504946644261911,1.4765363973433183,0.1747197845562169,0.1498906903783675,-0.1144644657763676,1.627960864622817,0.2570920770909592
98,16,97,Walking,-0.6772915822899894,0.7926303072420421,1.8904105851643769,0.1754203808005734,-0.2130521844682203,-0.0341532373815538,2.1588512852674713,0.27808269800643753
99,4,98,Walking,-0.2059350160937005,0.3185828248682149,1.585272280017256,0.2776958112814695,-0.1643846181801237,0.0769116404864376,1.6300283583255948,0.33174186763176816
100,9,99,Walking,0.2717130135766112,0.5714855139999041,1.4021606104383837,0.2043796464151726,0.0676782443665417,-0.190373876605794,1.5383361244941105,0.2873910185152737
101,2,100,Walking,-0.1080621009446755,0.8875569725901611,1.347375858412859,0.4034676372231471,-0.1214114767560207,0.0645985083483071,1.6170517929515362,0.42626265172465333
102,12,101,Walking,0.0907844064533012,0.3897296556347494,1.3017937393044878,0.353377072051476,-0.035617087471526,-0.1861158914086739,1.3619096712442493,0.40097762656596403
103,29,102,Walking,-0.0650147099981702,0.4779905904544637,1.1597812619043193,0.0323782562382931,-0.1777224173252745,0.0530273519078077,1.2561028988675762,0.18826977757283847
104,23,103,Walking,0.0712324265716651,0.0538098068070279,1.1648207553844594,0.2499606730801664,-0.0785262306440132,-0.1448513232164065,1.1682366823885988,0.29938038149382873
105,9,104,Walking,0.2951394843907313,0.935906148289688,0.998025804841437,0.2626473455388216,-0.0183620723119421,0.089845345392087,1.399672511976378,0.27819593797681796
106,10,105,Walking,0.4061123951907129,0.6958732197547661,0.7546010973589827,0.1721051779761641,-0.0527013488003178,0.0869881893296888,1.1038974733347222,0.1999114042130605
107,10,106,Walking,0.2632652861676595,0.348531825142375,0.7633166771737228,0.1929662349985808,0.1047259018453879,-0.2476955019680951,0.8794517574543518,0.3309932689075171
108,4,107,Walking,0.020277852053400276,0.2363267823115684,0.3075205143804819,0.1139997711194315,-0.1006671727430518,-0.0221215119970713,0.3883689046338226,0.15368535641497783
109,24,108,Walking,0.3971536485517628,0.1382238494373957,0.5419759870652605,0.3354090983585484,-0.1073554697726395,-0.1001632372313593,0.6859845651810487,0.3661381354686562
110,10,109,Walking,0.5818271769684259,0.2289220523330464,0.5823267853698116,0.2184988529025173,0.0771830012898523,-0.1138585925444704,0.8544194841309278,0.25819129246361694
111,5,110,Walking,0.4706638409114996,-0.0152517219822459,0.2446046335556227,0.2954323938802128,-0.0386047620439775,-0.1124508309812062,0.5306491241129769,0.31845850027064615
112,1,111,Walking,0.51357404207761,0.3493491884701745,0.1365781288231817,0.0553697441106341,-0.1015175086084794,0.1607296753392361,0.6359691324691363,0.19800414554146595
113,23,112,Walking,0.6855088730500704,-0.1338240318255004,0.3115746719911778,0.2692595088394981,0.0064101764028991,0.0603612700750539,0.7647941309599728,0.2760167683077926
114,10,113,Walking,0.5155529426896273,0.0576846690493768,0.5266283408669212,0.3055544127993418,0.0887709110138917,-0.1781859193830947,0.7392291709365346,0.364683418446446
115,22,114,Walking,0.7301559285257958,0.1558230144827455,0.4262008562624403,0.0154181052799808,0.0108938303107921,0.1023922048985582,0.8596834659819242,0.10411799620264131
116,19,115,Walking,0.864076925620934,-0.034923925882803,0.596575070590603,0.1217556316256651,0.0012596420837719,-0.0329191174273782,1.0505952735662651,0.1261336149602531
117,17,116,Walking,0.8897974831968449,0.1320725269794363,0.900891802579762,0.1187064562409959,0.0940521256727006,0.0703589050447692,1.2731020200445784,0.16699521135633738
118,14,117,Walking,0.5669761971115073,-0.0286867527798215,0.9405333771642468,0.3014015659934769,0.0700596911709431,0.0374870548802316,1.0985845308559832,0.31169944432719415
119,23,118,Walking,0.4652425007586839,-0.4183215237843278,0.7922818365316696,0.4049998281230906,0.1901894874974274,0.1495142660325173,1.0095315697250042,0.47175355608782576
120,11,119,Walking,0.4537495077363061,-0.1223627560180908,1.0864352792582623,0.2423077004587557,-0.1202818507508181,0.0436690434948724,1.1837241553031945,0.27402140551681214
121,24,120,Walking,0.1188387573334291,-0.4272144892387278,1.1865192796818815,0.4177317283309104,0.098363466136475,0.0012589983000612,1.266673940332267,0.42915819158141505
122,16,121,Walking,0.3483861113187753,-0.4510536682784101,1.2734015052102663,0.1009330082872884,-0.0166157065367622,-0.0820708082317764,1.3951249720720362,0.1311456115524063
123,14,122,Walking,0.3368911920508114,-0.4215933086151658,1.1458954236751255,0.206504689875536,0.1095271524489915,0.1165146112785952,1.2666147461442625,0.26118200302773176
124,18,123,Walking,0.3678348260615997,-0.5126587928389889,1.348024209659571,0.1007931289906133,0.0379065395225393,0.0417208037801679,1.4883852884811808,0.11548500360806817
125,16,124,Walking,0.3152200509618368,-0.5623913249144347,1.3449062913139564,0.1848982743288012,0.0238954314291577,-0.0222291569928344,1.4914491661747165,0.18775648833946137
126,22,125,Walking,-0.0603697820157412,-0.5017460707827538,1.4752446842900344,0.1509127307902088,0.0342598117733783,-0.0442191838142125,1.5594038952922245,0.16094633650537207
127,5,126,Walking,0.0269740101941933,-0.7584094395406424,1.48242555077148,0.3781554633908108,-0.1278287464007715,-0.2328319893867584,1.6653822350410832,0.4621173857154773
128,21,127,Walking,-0.4327818604341915,-0.5370081508535135,1.532225194615834,0.2070628059032367,0.1335608811821352,-0.2940117876413232,1.6802951942499629,0.38360975723085616
129,17,128,Walking,0.1279168461648692,-0.7334725210746759,1.4313767885367876,0.1371818891048516,-0.0983780650685281,-0.0358888205525343,1.613438616578361,0.17258366616124296
130,24,129,Walking,0.0389265185809591,-0.166007054382657,1.3712791363245775,0.4295566235470917,0.0039134124683087,0.1929060129371189,1.3818393849043091,0.47090013533404385
131,28,130,Walking,-0.2597077476415004,-0.4041592068880103,1.7696531732176406,0.3136414132329268,-0.077799098294661,0.1065897657303443,1.833702574622349,0.34027197055981495
132,27,131,Walking,-0.406599289847704,-0.5218996368725648,1.357622718588436,0.2234194146548268,0.0306433505962986,0.0015383744051821,1.5102455626486138,0.22551633283707773
133,10,132,Walking,-0.3135715237730569,-0.7414289859558186,1.2140050837286651,0.1119778638186669,-0.1586529049115352,-0.006425236824455,1.4566579506033233,0.19429634554080236
134,5,133,Walking,-0.4211950899034493,-0.4616390876128061,1.1207753637875042,0.0723607316992002,-0.0447638123649814,-0.06433615484263,1.2832199215425901,0.1066724669698126
135,14,134,Walking,-0.4237632911923543,-0.4622348712779103,0.9899616986536488,0.2269302605168169,-0.2081140878643101,-0.2154450584436734,1.1718620089365046,0.3757996672611912
136,8,135,Walking,-0.508033275139769,-0.2565937938820253,0.7649486636443539,0.216921929781676,0.0248115823461198,0.1042414570833129,0.9534593026025255,0.24194424897809994
137,19,136,Walking,-0.7436300792322353,-0.3517825432077318,0.7176255047498336,0.356944211651109,-0.0474473382063461,-0.275186982857562,1.091660669581942,0.45319785488056674
138,30,137,Walking,-0.8559099369711669,-0.2369583445587544,0.5144324768451239,0.1750772510019801,0.0042439235279008,-0.0342920963904691,1.02633905240667,0.1784544832167974
139,4,138,Walking,-0.6737090652891538,-0.1739072225849025,0.588580425844316,0.0510793723081268,0.0428660875852002,0.0112808502098893,0.9113476528784482,0.0676303284164157
140,26,139,Walking,-0.5744859792433391,0.3440345020912891,0.3902668751175813,0.4466327987576486,-0.0247974594150909,-0.1404718089467251,0.7750497485906446,0.46885829418737873
141,12,140,Walking,-0.7339059230659275,-0.0171299256661724,0.5070788855749296,0.2811140297515137,-0.0684384470279684,0.108614565955104,0.8922109248717437,0.30904051949922456
142,8,141,Walking,-0.3051506196562691,0.4499720411441753,0.5265783052519681,0.3699771583294268,-0.2068878270771463,-0.0349697203491308,0.7568860218355835,0.42533345979303977
143,2,142,Walking,-0.4681951374186475,0.1449298232878252,0.4568068058586121,0.4270392368224454,-0.0186691776062416,0.0455171548909235,0.6699879090397484,0.42986376838221
144,29,143,Walking,-0.4976816426398963,0.3227253289907013,0.5297589599418675,0.2693156472570475,0.1281838289101894,0.1812133397363662,0.7952881308252947,0.3489989775772514
145,5,144,Walking,-0.3049593899512282,0.1521823628502235,0.5873185256104744,0.3234318411371948,0.0952565502258868,0.0232770706074555,0.6790454709423838,0.33797009962184077
146,5,145,Walking,-0.2020360823945058,0.5018105044244767,0.8529351531500857,0.2518295072652822,-0.0391268147128138,0.0369425382626326,1.0100152159345064,0.2575145811256748
147,26,146,Walking,-0.2401560288417613,-0.2148032311277538,0.5534489141904588,0.2696945461035082,0.0525282270993474,-0.1278671658153923,0.6404069385246899,0.3030583688562963
148,30,147,Walking,-0.3818709585056494,0.7404884983585687,0.8358311365670232,0.4667212343643283,-0.000211183849398,0.0448839794569393,1.1801535213718057,0.46887453206275925
149,25,148,Walking,-0.1643427021894933,0.3329756284348939,1.0036492545872686,0.21608281901909,-0.1501215817421722,-0.0281415278474905,1.070136962789407,0.2646133397423485
150,7,149,Walking,-0.2585389508601743,0.7056567870407117,1.1390045077854507,0.1888924675937673,-0.0116800123684833,0.0245434220246782,1.3645970683553723,0.19083806372752743
151,5,150,Walking,-0.2379459260504197,0.3563188879227752,1.395608122564474,0.1746429440574796,-0.1558526301856561,0.0488193980321415,1.4598984366668974,0.23910987823398575
152,28,151,Walking,0.0989438643270834,0.2691908437973476,1.3737739290626965,0.3009141401671211,0.0411825096876889,0.0695179632137534,1.4033917510248743,0.31157353235806656
153,30,152,Walking,0.1431231603972596,0.4883072507664196,1.3589466924367828,0.3157611170361699,0.1627201961741653,0.1973807060060395,1.4510907356461313,0.4063767812982568
154,14,153,Walking,0.3906339761332564,0.509149549724768,1.53780534971488,0.3043505158962668,0.0133295744229408,0.0143840606702698,1.666335338671756,0.3049816638455278
155,10,154,Walking,0.2035365448807539,0.3727857789882723,1.4742800497362147,0.2897301415507116,0.0003292620319951,0.0374230974555171,1.5342418411606769,0.29213721358232714
156,13,155,Walking,0.3987263359009389,0.4070847682592832,1.6533179622099532,0.2616726863804234,-0.1358294395602626,0.1586535270304868,1.7487598416179893,0.33480318560016104
157,5,156,Walking,0.0296127820951635,0.2461068866401805,1.4022912219036576,0.2257390650523286,-0.030123555610086,-0.0370515164404652,1.4240316666223374,0.23073441217952612
158,24,157,Walking,0.4986303229397377,0.4550711120166156,1.555079065512734,0.2650811303061562,0.0677748134802462,-0.2318748675955187,1.6952854673897797,0.35864660211566324
159,24,158,Walking,0.0312764032983585,0.348305113189099,1.4569068547989223,0.3350085502268648,0.1306397831993233,0.0223052553077604,1.4982897746554373,0.36027073999121323
160,29,159,Walking,0.378486680013861,0.3742418054912562,1.3102932830283482,0.2198468083412316,0.1084749948656844,-0.0613548480588365,1.414276346218969,0.25271300130634233
161,6,160,Walking,0.6263101388271174,0.0493999675233816,1.4249059199959058,0.2968422979908656,0.0112118476109923,-0.0838555803830417,1.557260937552963,0.3086629452408026
162,29,161,Walking,0.368663715279238,0.0615208027895623,1.2606248434703982,0.1148812315858462,0.0481263473481856,-0.1365931081766231,1.314866054058028,0.1848554026289459
163,30,162,Walking,0.5621408996993842,0.5415150899630803,0.8832915108759563,0.3819216023139147,0.0164826655386008,0.0452289109817559,1.1787471641357554,0.38494342826690914
164,23,163,Walking,0.5711315871296646,0.1064684366425315,0.9349257369380312,0.3799455199603204,-0.0502118258647194,0.1245458029397172,1.1007329155646592,0.4029782656974021
165,18,164,Walking,0.5372102150131037,-0.2402864299230706,0.9039850512315036,0.3789638552619187,-0.0085091797802939,-0.02165742685743,1.078666471329124,0.3796775656706553
166,6,165,Walking,0.3341765032546479,-0.1538092375598943,0.5149059339415132,0.119583421460929,0.0249464650720048,0.1450914517515535,0.6328185661739403,0.18966826350041882
167,13,166,Walking,0.4128454367183137,0.0850979904990849,0.6718972137502336,0.2033627588578986,0.0475853896898767,0.0068108132047955,0.7931764548014801,0.20896690689854183
168,19,167,Walking,0.5143678911357586,-0.3163913114304753,0.3668752640430829,0.050201227722571,0.0718569371609349,-0.0304370099094284,0.7065941188170373,0.0927900547215628
169,16,168,Walking,0.4617199660940757,-0.1555135134221492,0.5244833726576908,0.1478339569694935,0.1348922251213844,0.1737104053279795,0.7158579385193696,0.2650020682007354
170,17,169,Walking,0.5096805954817182,-0.1777660550358726,0.6335283549859138,0.3443109248044965,0.0675509094823886,0.0658181751782371,0.8323059871854663,0.35699463650791535
171,12,170,Walking,0.1701460356440826,-0.2772655687187404,0.2635786019455901,0.1325940599362439,0.1433921574588896,0.0924242178963617,0.41868788906047405,0.216066498108442
172,21,171,Walking,0.5905326333897261,-0.4986675957887484,0.3035554587684597,0.1935519083222623,0.0112234426964631,0.008688758797401,0.8303879085921623,0.1940716398925655
173,28,172,Walking,0.1931685404511762,-0.4204457969838588,0.3622433383072666,0.2695349005848194,0.00034194052042,-0.0824794672112969,0.5876299765749045,0.2818723861396277
174,3,173,Walking,0.1536767004961629,-0.5473077926351967,0.5197983236707103,0.4148475366494452,-0.0108290602538667,-0.0268285721195071,0.7702938695364773,0.4158551664847585
175,2,174,Walking,-0.0325880463133003,-0.5823155010014588,0.5413365390829747,0.3719878352715576,-0.018143155293584,0.1417288674250077,0.7957377532927734,0.3984861296652645
176,26,175,Walking,0.0750506967906751,-0.5394691802984937,0.718519651816023,0.2204175876783605,0.1890674503354845,-0.255157179942634,0.9016263603214545,0.3865690109289496
177,13,176,Walking,-0.1044495391366763,-0.5473150094951628,0.93281997757991,0.2720395917830223,-0.0422670504168627,-0.0011455317790028102,1.086561795949378,0.27530593036015716
178,7,177,Walking,0.1154705034237093,-0.5113364598208485,1.0847884386244695,0.2499909789775341,-0.0617631329461172,0.0767598522900005,1.2048088515927984,0.268704761932215
179,28,178,Walking,-0.1405380875164772,-0.26163505109037,0.7320608335533108,0.0640547412824473,-0.1305777469011807,-0.0399586712325686,0.7900107075379533,0.1508318708802041
180,12,179,Walking,-0.2526500798531446,-0.7863190839489937,1.0471226684135186,0.1253074153624072,0.2703166501283481,0.1981916142521861,1.3336399991518073,0.35784487650559693
181,14,180,Walking,-0.3346029184095268,-0.6910049515359542,1.025526377209785,0.2071431794950623,-0.1097637181568428,-0.009333558482821,1.2810742782557165,0.23461348202712193
182,1,181,Walking,-0.619109913205192,-0.5828591781824141,1.4006915649632217,0.2602830557562331,0.0459219154616216,-0.1452537882572741,1.6385843787792982,0.3015870594646854
183,14,182,Walking,-0.5251541319524026,-0.2830707947601016,1.4540471637809866,0.0685973751014257,-0.0347817475039306,0.0401900116270144,1.5716771588504836,0.0867790692783256
184,17,183,Walking,-0.3128759165092107,-0.3746456718884219,1.7208923847387976,0.3308261848085215,-0.0282319528039728,0.0825133993350639,1.7887764864421132,0.34212785444028887
185,11,184,Walking,-0.1059990454861222,-0.5181914726674932,1.4146818615507402,0.3833410665407236,-0.11641091559214,-0.1454795246620847,1.5103254514805549,0.42622314186525107
186,7,185,Walking,-0.5874623897815155,-0.1557037936833575,1.5354216606529818,0.1484380017553848,-0.074163370789696,-0.0783570770853979,1.6513253485541723,0.18350443444611506
187,8,186,Walking,-0.1051567921453497,-0.1142569431530328,1.6541314403149316,0.1662014785069183,-0.0204552344904653,-0.078490937950739,1.6614040513467294,0.18493830164769087
188,2,187,Walking,-1.026563676680953,-0.3548568785527062,1.242000912465068,-0.0274762155746768,-0.1314894871727913,0.1457451247319794,1.649946257640214,0.1982071367090751
189,29,188,Walking,-0.3123417589631193,0.0412988940682291,1.535235073866699,0.1209013305164967,0.0576346049611937,0.080158565748178,1.5672299464577377,0.15609059892414087
190,23,189,Walking,-0.6546256474815537,0.1372397286241103,1.4229185490436882,0.1595492116756909,-0.1235045275498094,-0.1302541165088099,1.5722807251461355,0.24015714467641114
191,16,190,Walking,-0.9591870941364417,0.1186810997363915,1.291942668393979,0.1328221586496294,0.0029243875458708,0.0627590739752333,1.613456210564608,0.14693188638649737
192,15,191,Walking,-0.4099334642527187,0.4538930297544372,1.313364022590724,0.1098579423967801,0.1851944830491824,-0.0584074155011286,1.448788936805353,0.2231080237127962
193,14,192,Walking,-0.4856038843276102,0.1577377346515709,0.7738229733233725,0.2011279038762017,-0.1715321558836169,0.1064029159427049,0.9270891647787161,0.28495139013667997
194,13,193,Walking,-0.187016929687076,0.1474743412877888,0.9474975442182352,0.1402069325791227,-0.0691333203150468,0.0851944174251908,0.9769726759881437,0.17803226865219457
195,3,194,Walking,-0.1059299325090049,0.2608605020151521,0.9312103812571634,0.230715475425356,0.0875355810718656,-0.0491873423062941,0.9728422926014633,0.25161777202235486
196,12,195,Walking,-0.3870911345403826,0.3783398574378849,0.5759450102305848,0.2928289688039928,0.07152739061362,0.0652910164396123,0.7903753848491158,0.30842809438590524
197,30,196,Walking,-0.0595334278658294,0.3747853618460652,0.6532040088561127,0.1514039241815966,0.0025690847726011,-0.0659724394030751,0.7554361479789264,0.16517297362143685
198,2,197,Walking,0.0296003198704596,0.5472927228139755,0.5008455006103176,0.3512980429042014,-0.2387676950774952,-0.2215512854351818,0.7424632777876413,0.4790671135017757
199,7,198,Walking,-0.1943197329764123,0.5561195584711277,0.2984668338554913,0.2174442918064597,0.2203860351441476,0.0906619581775449,0.660387441468921,0.3226013254566031
200,14,199,Walking,-0.1090805075907573,0.4513392923364981,0.3999692736707282,-0.0142117678120019,0.0283404463013276,0.0930031419330039,0.6128467457886662,0.09825853474539072
201,3,200,Walking,-0.1940532261433581,0.3329596972821165,0.3194166339980182,0.225882978950409,-0.2292842370487322,0.067569748219277,0.5005455030918446,0.32887695634225667
202,29,201,Walking,0.1339491295506454,0.5039480457877952,0.133630175387351,0.1103939511397371,0.1356192127512966,-0.305579370880143,0.5382964108507203,0.35207690526790886
203,4,202,Walking,-0.1519888410964306,0.6937277404011747,0.4281048092323243,0.2644349422809172,0.0622006461086002,0.2019848423703022,0.8292361022699147,0.33851534030645514
204,13,203,Walking,0.0947368036673123,0.6028806876095811,0.3844948191330407,0.3509454919623118,-0.0836559732878501,-0.061682958049652,0.721301914181468,0.366013452634137
205,4,204,Walking,-0.0890467019334465,0.5552644836054625,0.807976963163092,0.2522227205847021,-0.1747787320596597,-0.0136190223762625,0.9844159359138379,0.307163447906837
206,12,205,Walking,0.3959783529244409,0.1403992244051548,0.6280532994519293,0.3164197964489672,0.0297104977617015,0.0453168740339429,0.7556201063701103,0.32102619882847905
207,13,206,Walking,0.4042424170343998,0.5691202827960246,1.2595288909328273,0.196481498610046,-0.0877671039980344,0.0470576038071846,1.4400426573939114,0.22027814670621607
208,30,207,Walking,0.4522565106336365,0.3087544991788672,0.8609069642595475,0.4740828864299086,0.0359527817426825,-0.0805513919542283,1.0203068623136353,0.48221956873038063
209,17,208,Walking,0.3993972033108702,0.3094440287891498,1.1961055162917624,0.0778929504945141,0.0387889924308889,0.2104250288504927,1.2984383462719316,0.22770724722167948
210,10,209,Walking,0.5459606700848957,0.2317678200207537,1.159653371467043,0.1748626029320379,-0.0279358945852559,-0.0415587186034099,1.3025303519041698,0.18189137198449928
211,30,210,Walking,0.1766415138818767,0.3990148456660203,1.277441763707145,0.2614642564264909,-0.123968670122095,0.1461494173534379,1.3499157496494292,0.3241781003603543
212,2,211,Walking,0.7489497840107151,0.3533874610966729,1.2068084262291972,0.3112033178172658,0.0445340596399279,-0.1765798371845824,1.4636239456389886,0.36057069541023495
213,19,212,Walking,0.6054780266965859,0.2131214497471944,1.5062258382705638,0.2520354558532117,0.1620972531478405,0.1348637300901747,1.6372967565559395,0.3286116494877301
214,4,213,Walking,0.0226778895853044,-0.0150458053581247,1.5043011840895426,0.0272691570000331,0.0103601364055543,0.1373633549651557,1.5045473456784662,0.1404266023128008
215,22,214,Walking,0.61107995356033,-0.1934461220203137,1.455935836337649,0.3825132997587038,-0.0596813602123007,0.0508433737911687,1.59078259712011,0.3904655399744654
216,3,215,Walking,0.1988783066749994,0.2475819444020855,1.6279042794927827,0.1999250173084712,0.0633101160999884,-0.1550801371842591,1.6585902879405596,0.26082184014279775
217,2,216,Walking,0.4666095517814645,-0.1980890892291563,1.449633282563099,0.1561283456979856,0.0764137672791249,0.0281497535114645,1.5357084407529973,0.17608955898330306
218,8,217,Walking,0.6213575596439985,-0.226614806871533,1.5367285887562685,0.1739266381682457,0.2452705025550503,-0.1724723458073548,1.6730135214997517,0.34663353120609464
219,19,218,Walking,0.7206855530401153,-0.4420465759549526,1.7006453137780109,0.329503931123985,0.1068252907505202,0.0030824405728464,1.8992070253001234,0.34640147922602493
220,29,219,Walking,0.3907771730876767,-0.3805640083209187,1.358044606699826,0.3741304902537286,0.0199445639647561,-0.1002587985451019,1.463496128188307,0.3878443451372559
221,5,0,Walking Upstairs,0.239499194062646,0.9502114773964244,1.1453722867723717,0.2247793430794849,-0.1207685917269753,-0.1128651459833013,1.5073617319803247,0.27901495838179274
222,14,1,Walking Upstairs,-0.3279741525585654,0.8355208194408236,1.148232859327118,0.2028015984111378,-0.3842304471648591,-0.1621512710602419,1.4574295124307397,0.4637397541219343
223,16,2,Walking Upstairs,0.0201723282021138,0.8495055251250817,1.0504265509146964,0.4470317127067,-0.0187235958071079,0.0377052515428595,1.351096776293127,0.44900958920644873
224,15,3,Walking Upstairs,0.8903953185763552,1.12007037124485,1.4044666073499414,0.1828813759668533,-0.0423208514975391,0.0662867723019496,2.0049658129365495,0.19907432865444208
225,22,4,Walking Upstairs,0.2711884424103757,1.065981523458842,1.56372778711275,0.5589465820948516,0.0117965332877824,0.2320913912492145,1.9118327259049461,0.6053320194117625
226,20,5,Walking Upstairs,0.5492789227983235,0.8829209822589265,1.5400892943843592,0.1490113010636364,0.0597617741519483,0.1285119215204909,1.8582604313230338,0.20564812536795704
227,12,6,Walking Upstairs,0.1972159656964393,0.2170501424863552,1.467833247305652,0.0302091253178804,0.0142330967281213,0.1462557098220432,1.4968431258401065,0.15001968187705628
228,16,7,Walking Upstairs,0.5951958271436509,-0.0877302875404481,1.7400973459708615,0.238836130437761,0.2724798375293071,-0.1894279286795423,1.8411663285689266,0.4088653803225489
229,25,8,Walking Upstairs,1.099869065091746,0.5384301673272516,1.8833446014886284,0.2748959768131042,0.0428926600254443,0.1010892389362096,2.2464651996837617,0.29601792611392835
230,5,9,Walking Upstairs,0.493302280485175,0.5646129136190916,1.4671688245004353,0.3026878364680999,0.0232363252272225,-0.080118101464974,1.647640507435801,0.3139725518865563
231,12,10,Walking Upstairs,0.5783475634043134,-0.0326909023157439,1.5942945614437318,0.116481477401684,0.0419636703321222,-0.1495111142398072,1.6962693618169802,0.1941196988629715
232,4,11,Walking Upstairs,0.9502106104557348,-0.1554373454300832,1.4513296258723414,0.1788015569320267,0.172269074753729,0.0429376929301569,1.7416712248618458,0.2519727690683799
233,7,12,Walking Upstairs,0.9077131442292904,-0.4926949930049106,1.4265822495853282,0.5196768431146191,0.0172050458323474,0.0088287119920136,1.7612008469140221,0.5200365189360335
234,15,13,Walking Upstairs,0.9213678243280397,0.1905991979407195,0.899154598016074,0.0412975573671665,0.027337867841199,-0.0929339530466762,1.301432177678145,0.10530701254654928
235,11,14,Walking Upstairs,0.6855636971915127,-0.6420099146920145,0.8820793391159679,-0.0974578825519748,-0.0304363198467786,-0.0244899365443698,1.288502337586163,0.10499602577848925
236,15,15,Walking Upstairs,0.6338266051122678,0.0468724153198642,1.197916213967987,0.2378495049637055,-0.2775101767719913,0.0802466054639936,1.3560739081456648,0.37419754530460975
237,15,16,Walking Upstairs,0.7896938011648375,-0.0694097976866609,0.5735364616091687,0.5211382002040681,-0.1247256079084428,0.0973989805361111,0.9784569956866978,0.5446357153084433
238,13,17,Walking Upstairs,0.2245390355109211,-0.6523565597595712,0.9418097392113798,0.2260830230098895,0.1091899386672637,0.0308042005335019,1.167472673942703,0.2529523171863805
239,23,18,Walking Upstairs,0.961498178055078,-0.5515067201332307,0.160233782903781,0.1555787880462783,0.0716549247312202,0.051416183827126,1.119961282339262,0.1788373883938435
240,9,19,Walking Upstairs,0.1336391798623381,-0.7501462627823519,0.2775588056045609,0.2124889527651507,-0.1788687665182017,-0.0816882440555322,0.8109363332156466,0.2895143518028935
241,21,20,Walking Upstairs,0.6674069199391852,-0.4145204792691449,0.2734752612543857,0.2090348265368049,0.0181901605650847,-0.1061547639692247,0.8318941898068444,0.23514947280403903
242,6,21,Walking Upstairs,0.0870814915523349,-0.9226731158641542,0.1204383247287025,0.1087484060270047,0.0210677426781737,0.0948630375918821,0.9345663459449537,0.14583916310829148
243,30,22,Walking Upstairs,0.3042290387169874,-0.7781391621025688,0.2871393251534754,0.2583179601465336,-0.188967906391112,-0.1641106088514315,0.8834618586254549,0.3596794824808523
244,13,23,Walking Upstairs,0.2131380044755611,-0.4849627949967943,-0.1998381560193967,0.3049444553742054,0.1546508606873936,-0.0198933639068077,0.5661731273066215,0.34249635837823306
245,22,24,Walking Upstairs,-0.0727243547467321,-0.8032293591603354,-0.0382135882857209,-0.0447646300944535,0.1225595541592857,-0.1280493406041774,0.8074196638180929,0.1828150706380105
246,25,25,Walking Upstairs,-0.1054955637620005,-1.140367615013966,0.0813430276206344,0.2374010989876998,-0.094845035237634,0.0491362297393108,1.1481220751682266,0.2603252419240017
247,5,26,Walking Upstairs,-0.0009712968890866,-0.7133849417014307,0.7713329336724851,0.1212128100241648,-0.0071415326063793,0.1472496766675465,1.0506538502436484,0.19085600352260138
248,13,27,Walking Upstairs,0.1483711767543124,-1.1285080266935572,0.5342675738737774,0.4365557424627438,0.0660502836758785,0.0253841940923704,1.257372742227307,0.44225322334673905
249,7,28,Walking Upstairs,-0.3733991582819173,-0.6554992596833369,0.695684290029628,0.2544647792642223,0.0102178317949548,-0.0881492987041548,1.0261982470483346,0.269494020034979
250,28,29,Walking Upstairs,-0.224189417455481,0.0670788671296531,0.5595814100831511,0.3021216281446974,-0.0988247115204577,0.0750623350775025,0.6065408673989522,0.3266162211942202
251,24,30,Walking Upstairs,-0.2477355873679876,-0.3344045888325748,1.109037001787134,0.4071667974938432,-0.3047587261925281,0.206758798729083,1.1845515698414488,0.5490099115897435
252,20,31,Walking Upstairs,-0.4246196049734256,-0.2992210311216917,0.9958429824882056,0.1519999153913063,0.0189719782388206,-0.0022149256138701,1.1231822114707484,0.15319535284313796
253,4,32,Walking Upstairs,-0.3083320044983929,-0.968799306252358,1.5753031328729896,0.2610766482945305,-0.0264916419461912,-0.1912449804700357,1.8748921785618775,0.32471135787449057
254,24,33,Walking Upstairs,-0.5184719475772452,-1.0599358719321548,1.6461967001534816,0.066026241388511,0.0069495286402716,-0.0154919488526296,2.025398920862093,0.0681744892131094
255,16,34,Walking Upstairs,-0.7445420433619067,-0.5284242680306315,1.5319415765801798,0.4254747599381062,0.0697186059935161,-0.0501318975980109,1.7833732238183344,0.4340537553377988
256,18,35,Walking Upstairs,-0.7975013791855242,-0.6656650812094684,1.7890764595305373,0.0312239579995894,0.0977335405586093,0.0167208070238645,2.0687950667455546,0.10395367184862096
257,5,36,Walking Upstairs,-1.0485087357470952,-0.1911128672265727,2.1144949721752333,0.4148806532378839,-0.0905075667053869,0.0291157656885482,2.3679070261122743,0.4256351769692606
258,30,37,Walking Upstairs,-0.7765036970715312,0.0052318464668736,1.6437290157557805,0.2483883476489045,-0.2077468087859728,0.0175660487428506,1.8179192614141795,0.324290107584158
259,24,38,Walking Upstairs,-0.8385774226882047,-0.3905835522994231,1.953789983700852,0.3073882549390643,-0.0943819627011269,-0.0364780580889483,2.161726834171932,0.3236141883164902
260,10,39,Walking Upstairs,-1.1598842345805422,-0.1403282754965764,1.6029716571200203,0.4196947055964196,-0.0831354408153718,0.0832277757127386,1.9835678955010432,0.4358692580067117
261,25,40,Walking Upstairs,-0.6834945684157605,0.1844936741039279,1.7930659848644075,0.1904745260315875,-0.2044286725003173,-0.1796533740772722,1.9277677160166318,0.3321851321545686
262,26,41,Walking Upstairs,-0.8528281468255869,-0.0119735745334255,1.5897678286501942,0.1994501385684499,0.3086988515034361,-0.2259028973678271,1.804112236950968,0.4314017358955495
263,13,42,Walking Upstairs,-0.9632366909842156,0.2711423237491393,1.4013767191454125,-0.0422982787336572,0.0307873951824435,0.2473779700956418,1.721975549056683,0.25284949708194077
264,1,43,Walking Upstairs,-0.7328371282372094,0.5473884497951047,1.4208671075480253,0.2386860449964904,-0.0755248245090928,-0.2958457324838278,1.689836592337833,0.38755609222677495
265,30,44,Walking Upstairs,-0.579745240474419,0.2894646225862607,1.0829588250079876,0.1841215536151964,-0.0686953970450183,0.078817850294132,1.262019860479394,0.21173582031823182
266,18,45,Walking Upstairs,-0.8250915819436004,0.8893627424983535,0.6203672747383862,0.1738488169138157,0.249983005228655,0.1465561190135149,1.3625702777855966,0.3379254504558464
267,1,46,Walking Upstairs,-0.6409955364797378,0.5341192856440141,0.7466657125997288,0.2648780202041478,-0.0118132208513751,-0.0040082268309439,1.119673334261328,0.26517161170924874
268,4,47,Walking Upstairs,-0.3653541449180624,0.3410028080698876,0.4831578240043739,0.37890112701829,-0.1778834586816452,-0.0246422165001062,0.695131677610076,0.4193039801412729
269,13,48,Walking Upstairs,-0.1889929769516532,0.6478881965099128,0.7421895083470974,0.325855810044733,-0.1705344115510375,0.0872596415097808,1.0031563820334402,0.37799238021338905
270,24,49,Walking Upstairs,-0.3242800988144879,0.6202424650551088,0.4100710539790786,0.1960728354350824,0.1160712561219842,-0.1006863079967414,0.8111822034883928,0.2491080607112159
271,20,50,Walking Upstairs,-0.1965362212296026,0.6325044716427994,0.4872891272418638,0.3417435181693394,0.2222927140215692,0.2947937465069031,0.822276769969507,0.5030964479077635
272,28,51,Walking Upstairs,-0.1964715444800697,0.7950236062824787,0.0003657803396223,0.1589112293927252,-0.081910726333237,-0.1374301336379756,0.8189406181964834,0.2254976442167359
273,23,52,Walking Upstairs,0.1302796522932298,0.4453915592873925,0.3853697135805228,0.1406920401357231,0.365243966112531,-0.0586799786253713,0.6032049776247158,0.39577865636064513
274,14,53,Walking Upstairs,0.2801785216301002,0.3980866828455509,0.5803105399911674,0.4055350885043791,0.0385990631956946,-0.1750843313413435,0.7574518690099346,0.44339950244568965
275,29,54,Walking Upstairs,0.0594623055843954,1.0767573173605536,0.4657301956944968,0.2724070750034057,-0.3167288362221519,-0.1278440772256739,1.1746687624417969,0.4368831403112667
276,16,55,Walking Upstairs,0.6139549405269003,0.962694915794828,0.615673450679765,0.0530383097086108,0.0392017998856775,0.1320169781427808,1.2972185505020075,0.14757481468385683
277,5,56,Walking Upstairs,0.510394373003614,0.6592427819479761,0.4592039584100007,0.0192189587978438,-0.0423407543095847,-0.0425497059331531,0.9518254761056109,0.0630284485591676
278,3,57,Walking Upstairs,0.5432666187202041,0.3730635640449147,0.5716235406148936,0.2548381832948929,0.0575190986460624,-0.0395754791713667,0.8723924082766222,0.26422937937659424
279,10,58,Walking Upstairs,0.6660151355751335,-0.0564572855675652,0.9065755384481344,0.2599267973740153,0.005160158457683,0.1248954599872803,1.1263404426821164,0.28842233470009765
280,13,59,Walking Upstairs,0.1844904461150341,-0.1537137985744696,1.0308757988294175,0.259074808833293,0.0221230026149511,-0.0600765197724179,1.0584751150556666,0.26686770513622315
281,23,60,Walking Upstairs,0.9741260810619876,0.3962109443387172,1.0915657756233907,-0.0139996203898724,0.1000007070448266,0.158824726608287,1.515724439577082,0.1882058037434629
282,30,61,Walking Upstairs,0.9272256697428708,-0.0516580628774856,1.432353189311848,0.3718688620349879,0.2026461122138811,-0.1138942901496345,1.7070593595485166,0.4385473824745587
283,28,62,Walking Upstairs,0.9700777810040158,0.0958862172049383,1.228081048395473,0.3139001170534714,0.0752260123959716,0.0114351765230302,1.5679375399790871,0.32299071145977987
284,28,63,Walking Upstairs,0.8369197964424158,-0.0836566528733195,1.8591587586672456,0.142910016117352,-0.0763516991592912,0.0014281167585783,2.0405647431964304,0.1620336205503316
285,13,64,Walking Upstairs,0.3823824081416582,-0.4541671813097327,1.2727891565797969,0.2642503792829252,-0.1453797562368507,-0.0499915143023291,1.404448778611079,0.30571667925858403
286,6,65,Walking Upstairs,0.9234873671881708,-0.3756170678061543,1.7843504719599734,0.2210860719922761,0.0873748609625367,0.0617666487552411,2.043972530580392,0.24561868099892123
287,28,66,Walking Upstairs,0.6757818281025677,-0.0295101078054044,1.8518068771906628,0.0783949324923529,0.0852303479522797,-0.1409993809167109,1.9714818376203644,0.18245767473976798
288,18,67,Walking Upstairs,1.043757322847207,-0.1219899389773658,1.832604938361586,0.2804402696467051,-0.0271741932835646,0.0882081136820036,2.1125226044509304,0.2952386372740981
289,11,68,Walking Upstairs,0.6840681142126949,-0.2428663487991051,1.6325908141336811,0.1798949438012097,-0.1552675124941796,-0.1383814569964024,1.786696956580829,0.27499021597471024
290,17,69,Walking Upstairs,0.0840342930818909,-0.353799974081478,2.0275607646673777,0.4452927626511397,-0.2113909835214471,0.094231107302306,2.0599123375746817,0.5018478793091266
291,4,70,Walking Upstairs,0.3685140889362174,-0.5826833012434715,1.1856046685911414,0.2946757018369634,-0.1382627648265132,0.0259525523284968,1.3714885684822862,0.3265331474183624
292,11,71,Walking Upstairs,0.0016356195146305,-0.5239164969642648,1.653281442450325,0.1581866179770282,-0.1477999355833565,-0.2802829955314975,1.7343098624505169,0.3541558762036344
293,6,72,Walking Upstairs,0.1702379955753528,-1.1139466514805425,1.3977963045227522,0.2015038503575956,-0.1398456746238802,-0.0720944127332581,1.795464459804117,0.2556525352256414
294,2,73,Walking Upstairs,0.5088794803371313,-0.5884500190942802,1.1261372996419423,0.3404836524004308,-0.150918554330276,0.0042081130945139,1.3687282301922077,0.37245568301328696
295,27,74,Walking Upstairs,0.0134763063870691,-0.6548976679555838,0.8345274681742181,0.3262766920108953,0.0717416402990679,-0.3792307844906186,1.060899929995648,0.5053902755373747
296,23,75,Walking Upstairs,0.3482902598274719,-1.571418306818502,0.7023998241067602,0.3932952444535081,-0.0412472742828172,-0.1906041777210404,1.756139832986036,0.438990249903367
297,22,76,Walking Upstairs,0.2083776200831499,-1.2773854597758212,0.8864838373921493,0.2528367271245024,-0.1550113929575163,-0.0758049593993498,1.5687537854474531,0.3061067369385991
298,3,77,Walking Upstairs,-0.4196101412037969,-0.5391989519883721,0.6679658311595416,0.0365090525961139,-0.0524669754075134,-0.112214136104756,0.9555032872905704,0.12914219593771484
299,16,78,Walking Upstairs,-0.600250741738243,-0.3220126798847311,0.3988239894268309,0.1089485271705886,-0.0880456439212061,-0.1042104492998985,0.789337502913798,0.17458990443157651
300,23,79,Walking Upstairs,-0.6708298417400067,-0.6776184070506328,0.0727997660923862,-0.0234476071359645,-0.0493579412102625,-0.2343713055343247,0.9562840519876225,0.24065723653940274
301,21,80,Walking Upstairs,-0.6607032175305809,-0.8809919714063447,0.6402977611440256,0.2673335037320442,0.0318982311693931,-0.2309317785244983,1.2738354753514096,0.3547029541769773
302,21,81,Walking Upstairs,-0.6726526618804125,-0.540486635144272,0.0219284658543937,0.3780481696573381,-0.1563505561671339,-0.0372275976624728,0.863173368402379,0.4107941199953506
303,6,82,Walking Upstairs,-0.5303414042764423,-0.69567462205201,0.1755015286157997,0.2293030880688618,-0.0954704084608691,0.0630622029046246,0.8922028756978976,0.25626421233716074
304,4,83,Walking Upstairs,-0.5725838426803694,-0.4766115484452381,0.1857155779358461,0.3635507239675996,-0.0306584516958435,-0.0398706474173718,0.7677897504512748,0.3670132669035719
305,13,84,Walking Upstairs,-0.2450501552054814,-0.7194114179223872,0.4939619412681399,0.0138877490390463,0.0282455105697211,0.204760767589135,0.9064219581545448,0.2071657558198447
306,1,85,Walking Upstairs,-0.5999994097284598,-0.2381151006971186,0.3382554971635102,0.264036136063512,-0.0327681660024363,-0.1021769590310762,0.72877628543733,0.28500695571748924
307,5,86,Walking Upstairs,-0.705019235215255,-0.3891049074155699,0.4188746304866888,0.0831683531130173,0.0507942533915564,0.0708920240557178,0.9076952721391373,0.1205102079155689
308,1,87,Walking Upstairs,-0.7141052683671251,0.1571240988768982,0.7408600473007237,0.3109614218575484,0.0394988653328831,-0.011900202524367,1.0409168681715133,0.31368579991190926
309,9,88,Walking Upstairs,-0.2043126810036518,-0.1140552103312326,0.7539346061964399,0.3164212770485139,0.0327410739883506,-0.1826229011893425,0.7894109532069989,0.3668044799804596
310,28,89,Walking Upstairs,-0.4815798722439897,0.0761798605039228,0.8324324044290488,0.4145419348660036,0.0813378243075,-0.1643904589532288,0.9647104500524818,0.4533046221034823
311,5,90,Walking Upstairs,-0.5836029222835739,0.1936669369934564,1.5222326230209662,0.2807087118978533,-0.0036507997635241,-0.0858390150828585,1.6417342695977462,0.29356267777880174
312,30,91,Walking Upstairs,-0.5732433337818345,0.4128186999295542,1.3685351196822688,0.1573017739972116,0.0168908810415896,-0.0090738421490779,1.5401024552089386,0.1584660360341526
313,22,92,Walking Upstairs,-1.0655239076012626,0.5239175903178847,0.995386452009157,0.2867033685049638,-0.0621507975079971,0.1700720588943883,1.549395052256764,0.33909592796073124
314,26,93,Walking Upstairs,-0.7588269909531877,0.010627271989901923,1.5398214412738738,0.2747872599531986,0.0957887490196066,-0.0601322431221954,1.7166774339158088,0.29715216528612864
315,14,94,Walking Upstairs,-0.8267201291928783,0.6107929874043502,1.8838327513816229,0.3458048739327435,0.2491378339756033,-0.0992471112503858,2.146010270397855,0.43760788412143853
316,6,95,Walking Upstairs,-0.8559018639410492,0.3423636899889457,1.8877358062074567,0.3247299814550192,0.013293365754164,-0.1459844163839269,2.10079208180113,0.3562832079340912
317,23,96,Walking Upstairs,-0.7369501182294798,0.959532979229338,2.3370389546235555,0.3076386490543015,0.0758040576355066,-0.0640717699564227,2.631643990059281,0.32325374746677205
318,2,97,Walking Upstairs,-0.8038551850521625,0.548543237179582,1.552530579824131,0.0718894050660479,0.2239067924594344,0.0354721273433504,1.832330222116023,0.2378247465855591
319,4,98,Walking Upstairs,-0.3230189118363041,0.6963427792774919,1.9050954664600472,0.255796174569622,0.0689902119432152,-0.025480558719852,2.053928728067855,0.2661589584085009
320,16,99,Walking Upstairs,-0.2373193912785243,0.3999629958188351,1.2504542051543854,0.2259969528613677,0.0073445699591202,-0.1671969047721428,1.3341389023221955,0.28121765658630443
321,28,100,Walking Upstairs,-0.037755413556406,0.2177205761838543,1.348156500969882,0.3129443061856109,0.0503176348214467,-0.1499777391319688,1.3661455528800728,0.3506555651678079
322,12,101,Walking Upstairs,0.0869012191507115,1.044485674666029,1.54493537857175,0.2476128476881885,-0.060836920732158,-0.0818147829634855,1.8669031765024842,0.2677814630921774
323,1,102,Walking Upstairs,0.1931543580294354,0.9305312502836935,1.2682238891660762,0.3664393135451674,0.012297029284501,0.1020095330971192,1.584799308061379,0.38057184904216135
324,24,103,Walking Upstairs,0.46334131352835,0.533968694668499,0.7281131222668513,0.4606540712818919,0.033365634992594,-0.2228831664144958,1.0148677049376142,0.5128277925951296
325,9,104,Walking Upstairs,0.5284176047409354,0.6350925134366009,0.8154114788019907,0.4421146418406857,-0.1361473290298953,-0.1037599365081284,1.1608029744041044,0.47409658947946803
326,20,105,Walking Upstairs,0.4683795461857679,0.7629445281229088,0.8504245989034521,0.3784609457939631,0.0258152206885971,0.0636199120619931,1.2347816611441762,0.3846382798438525
327,26,106,Walking Upstairs,0.5089581292617719,0.6326815535147896,0.6450390927310171,0.3604301749857589,0.072168938652828,0.0057482103770238,1.0370148295230806,0.36762930877322464
328,13,107,Walking Upstairs,0.3538335810744114,0.5561771197499592,0.4649441383911298,0.2851136053757158,0.2868482899282523,-0.0680904612103606,0.806662409842911,0.41013171093313633
329,17,108,Walking Upstairs,0.9047519901937818,0.4895186150475553,0.8174246063404889,0.210854892074908,0.0421315989016061,-0.1038447468360876,1.3139207073825228,0.23878565405689273
330,13,109,Walking Upstairs,0.5885175631521223,0.4469752991927322,0.4464332185315743,0.3014823284230646,0.1636849304135156,-0.0123454903770473,0.8633900965585632,0.34327359631716475
331,5,110,Walking Upstairs,1.42530243328337,0.3970037143108167,0.0932913241383697,0.169745710907751,-0.1225483888890742,0.1217540162613824,1.4824986498002521,0.24218950114871313
332,28,111,Walking Upstairs,0.658609796212434,0.2352700080448423,0.2078704892085748,0.3550940130323215,-0.1100767320749226,-0.139824397198592,0.7296087860190666,0.3971895102940691
333,8,112,Walking Upstairs,0.928923151463972,0.1931134316074968,0.0841537351458076,0.3480730294718812,-0.0967019205224324,-0.0011455317790028102,0.9525087243337835,0.36125808990459524
334,27,113,Walking Upstairs,0.5345143508462393,0.3477911506049868,0.4213568987187432,0.3386491388382535,0.1621374847485185,0.365644402271034,0.7643336390592753,0.5240874279245864
335,18,114,Walking Upstairs,0.5830621478555067,-0.2480286801397678,0.219360149503573,0.1199141778115173,-0.0389548983271975,-0.1581584829876226,0.6705211179552676,0.20226467779827648
336,28,115,Walking Upstairs,0.8451546251528574,-0.1703242818814581,0.594155445573433,0.3260046987129728,0.0783908909454679,-0.0485431617871047,1.047051763247771,0.3387929071312583
337,4,116,Walking Upstairs,0.7901702335945981,-0.7610869637776366,0.4424537926681233,0.0337346114263839,0.0022535017896699,-0.0158346791269333,1.1829571941273318,0.03733415783780443
338,11,117,Walking Upstairs,0.5672227903384973,0.157244788577732,0.8988198042927078,0.3543927869880234,-0.1210395534324734,-0.1298888358730316,1.0744043270589654,0.39637851940881264
339,17,118,Walking Upstairs,0.6830388318042402,-0.9312870773340328,0.9198269945472398,0.2618293707735556,-0.0279693915502467,-0.1057407536050679,1.4764549996730933,0.28375696156453106
340,8,119,Walking Upstairs,0.4368646661985558,-0.5706785575840919,1.137936575880139,0.3386229057315738,0.1405113066436132,-0.0382652040585424,1.34589167594753,0.3686097196526859
341,4,120,Walking Upstairs,0.6210149904414708,-0.4337368937630586,1.1953964316518086,0.3627511520056024,0.1273460943502765,0.1679192405356275,1.4151890121712096,0.41952627732923126
342,28,121,Walking Upstairs,0.8917535839782263,-0.8764395257351999,1.430011421607713,0.2614661005604258,-0.0127495639092259,-0.0844041795493177,1.899553464037658,0.2750475207078653
343,26,122,Walking Upstairs,0.3689519474572417,-0.8993972480102426,1.5720829306745585,0.156774339579149,-0.1429555849597643,0.0304587868489967,1.8483737961189555,0.21434138778588546
344,27,123,Walking Upstairs,0.2941786802341591,-0.5865475001862301,2.084588879831722,0.2960476390574101,0.0630606297183368,-0.1400829727527523,2.1854267006232675,0.33353273732452127
345,27,124,Walking Upstairs,0.5725802920725481,-1.0032984437813888,1.5281908837594589,0.2549171402418481,-0.0117250137390604,-0.1173258458376279,1.9156782964186752,0.28086576587006473
346,11,125,Walking Upstairs,-0.0146558959875393,-0.4576795202314155,1.6150863763005536,0.0788225770323977,0.122537170716973,0.0639985985519447,1.6787463600669725,0.15913572029548184
347,21,126,Walking Upstairs,-0.4441424193136944,-0.972913010284219,1.7673417986986095,0.4115373716848964,-0.1347556567330554,-0.0109875845964915,2.065749076640568,0.4331775875205626
348,2,127,Walking Upstairs,0.0458539857090549,-1.3882732902975252,1.9503515277141648,0.1062814256131631,0.0431594141494015,0.0320688094493967,2.3944261104105715,0.11910871084680413
349,9,128,Walking Upstairs,-0.0813242479664304,-1.3650699225020353,1.5328010348921468,0.2779666668159264,-0.0253473851955723,0.0620893948683801,2.054144235245776,0.28594239061763926
350,18,129,Walking Upstairs,-0.1107059883872148,-0.5549512703704431,1.5502658556904725,0.0199761885543375,-0.0592125623511262,0.0541278592580641,1.650318439474719,0.08267406363065291
351,29,130,Walking Upstairs,-0.2382564106865154,-0.432012344456998,1.4963707294642197,-0.1382913826206114,-0.1661514871525344,0.2452045906122906,1.5756034218653292,0.3268885352034546
352,3,131,Walking Upstairs,-0.6246550866931024,-1.1286907663875891,1.5708700128124145,0.2617362269006775,0.1436422635645043,0.0360046277785174,2.032675434154072,0.3007246008819482
353,23,132,Walking Upstairs,-0.4608101626421416,-0.3665227437526566,1.6176153858320508,0.3862308236746944,-0.2054441113199195,0.0580659969862574,1.7214425532566653,0.44130849984843074
354,13,133,Walking Upstairs,-0.3223812795634495,-0.161674348126334,0.9260422410659536,0.4114427778744566,0.1206065119416566,0.3344272668060649,0.9937919885436266,0.5437579304903583
355,22,134,Walking Upstairs,-0.8054022586542771,-0.4730718758734119,0.7489354221836488,0.1442973025307316,-0.3591478157375866,-0.0565109315840074,1.1972360103961124,0.391155148828719
356,26,135,Walking Upstairs,-0.6212474421509854,-0.434682830348866,1.0642207213763135,0.2617388556530621,0.1678337771739376,0.0339846536548958,1.306699388224378,0.3127784551453131
357,18,136,Walking Upstairs,-0.6772872396433282,0.1412566006146807,0.5541110480958661,0.3244956920515421,0.0476232813745056,-0.0374771095565514,0.8864031169974492,0.33010599029644755
358,25,137,Walking Upstairs,-0.6655023634145412,0.4614799560186722,0.3674066965151316,0.3145304360709223,0.1635112636130275,0.1482329265227564,0.8892945665871897,0.3842373342724447
359,23,138,Walking Upstairs,-1.3993585104291035,0.1119133411918352,-0.1096459701546825,0.45109184002236,0.0220316032551238,0.1299576225833585,1.408101940705374,0.4699555546477435
360,8,139,Walking Upstairs,-1.0109394191116308,-0.3287002552237214,0.3074651250885674,0.2556315528057015,-0.0639003074004315,0.0110059664952592,1.1066061494694621,0.26372688784843035
361,6,140,Walking Upstairs,-0.5440116419492079,0.4440328088294012,0.3880944380743294,0.4523300787007851,-0.0247093174770968,-0.2671189699977881,0.8023285453961053,0.5258950414296769
362,30,141,Walking Upstairs,-0.7827434722704935,0.4757549953334653,0.0362552687385634,0.237072426436387,-0.0899300665903007,0.1952638027396069,0.9167031163239927,0.32002922509312204
363,12,142,Walking Upstairs,-0.5255839937739564,0.5157299787017019,0.2547904632411104,0.2856823167285754,-0.1540739954692012,-0.2842374572375737,0.7791881195203503,0.431444219184973
364,17,143,Walking Upstairs,-0.6063919371647546,0.522235205603339,0.5677460449845632,0.4642736560907078,0.204099803049863,-0.1297430671282041,0.9812116810482838,0.5234883196525586
365,15,144,Walking Upstairs,-0.4608831355527487,1.173342248643349,0.7204979458155689,0.4055216310597894,-0.0504124342214077,-0.1148159520501662,1.4519857392594524,0.42446661780015843
366,13,145,Walking Upstairs,-0.3118702784765972,0.2978872605081131,0.5108804993020313,0.24507886662975,0.207078571585965,-0.046110649384758,0.6685796699999123,0.32414715433779534
367,28,146,Walking Upstairs,-0.3089795966980053,0.4622116158767356,0.711097783424977,0.2487283888905239,-0.0355815194563098,0.1027442756320115,0.9026450169468396,0.2714557830329687
368,22,147,Walking Upstairs,-0.7549607877275553,0.5593829694170713,0.9949519714823396,0.1801689792052321,-0.2091448722050963,0.0869121946233756,1.3685044841127358,0.28940657942035963
369,13,148,Walking Upstairs,-0.2788336363934794,0.2230095615215612,1.1642362601922365,0.0442145754154405,0.0401439059902615,-0.1153702972164807,1.2177551194147596,0.1299106129118854
370,14,149,Walking Upstairs,-0.4752435092617792,0.6455200039482841,1.1546413266171989,0.1762529274497617,0.0765314261679696,-0.0579890191996483,1.405613411192839,0.2007109363578665
371,19,150,Walking Upstairs,-0.0044203835137969,0.5947728790933354,1.176773522195192,0.0458254811238329,0.0377953131226869,-0.0460963811426765,1.318548535335375,0.07518867447111709
372,22,151,Walking Upstairs,-0.596926597455694,0.64046166026112,1.309628820086978,0.4648380869821858,-0.2213612195461302,-0.187375603965427,1.5753222360573953,0.5478912789866405
373,27,152,Walking Upstairs,0.4696626444777332,0.5774940381169353,1.4799390184139145,0.3401106015519307,-0.3025229736028903,-0.2419551789857223,1.6565934510018936,0.5154975067675538
374,25,153,Walking Upstairs,0.139149271703534,1.153569068572546,1.608957969703906,0.2731217829255701,0.1473926054333215,0.273895015326159,1.9846485492541672,0.41393063170703126
375,28,154,Walking Upstairs,0.2996877670814845,1.1920269748442045,1.4566087324379318,0.3935855391719968,-0.1323810192069635,0.0133214077234103,1.9058987554193296,0.4154657275820945
376,29,155,Walking Upstairs,0.3281648847083273,0.4256959809751333,1.587350387696576,0.2959338673529881,0.1294201126611486,-0.0168657064145054,1.675884993994063,0.3234360392111254
377,28,156,Walking Upstairs,0.6208263556169611,0.3681147954715068,1.9138659419907071,0.3665146026177671,0.3384714188375533,-0.0488935447727457,2.0454380240881522,0.5012847833541435
378,27,157,Walking Upstairs,0.4269246785281066,0.7569371097408166,1.885299016525745,0.1904386700610274,-0.0524111480009063,0.0703470089683452,2.0759505897183703,0.20967240438402523
379,20,158,Walking Upstairs,0.5044714063792133,0.5078785172529067,1.8430884672025591,0.1814021798966597,-0.2395099800639873,-0.2491576707773674,1.9772220629146113,0.3903220802474729
380,29,159,Walking Upstairs,0.3394094107992567,0.0631774281573605,1.5128471336421074,0.1054455800323113,-0.0913581447767565,-0.1006311650476664,1.5517398574944248,0.17202241814441524
381,11,160,Walking Upstairs,1.0559484217635615,0.4904103814663801,1.4158297311524393,0.200066583524491,-0.0563202453609927,0.0426070410937534,1.8330584385911284,0.21216495429606028
382,5,161,Walking Upstairs,0.8981097019336176,-0.0089405976352637,1.2709212413790436,-0.0041105439261934,0.0275227919421776,0.0990794014546291,1.5562524771970057,0.10291320828867945
383,16,162,Walking Upstairs,1.241006606017221,-0.0968889791919594,1.145463576507418,0.2553427829334257,-0.013038696767643,-0.0148618818406171,1.6916180643314278,0.2561070478167861
384,1,163,Walking Upstairs,0.8070452829781446,0.2558319016264825,1.2063400247181038,0.2597074682144595,0.1059910893823123,-0.0912297030146817,1.473780277349365,0.2949659959842165
385,19,164,Walking Upstairs,0.5794094433424459,0.2215120009056531,1.2061786910067749,0.244129094563719,-0.2850306538049631,-0.0712494813218269,1.3563369434688588,0.38199211642338293
386,10,165,Walking Upstairs,1.0840109862921987,-0.0147134096256864,0.6711814477952929,0.391126886274129,0.0629789471022948,0.1583042743686477,1.2750611117470347,0.426622587573599
387,19,166,Walking Upstairs,1.1336441319032886,-0.1592066360225769,0.6636844436587858,0.2200734804988479,-0.0781899055026707,0.2218797932544665,1.3232432926363382,0.3221438200494279
388,21,167,Walking Upstairs,0.7569775182499797,-0.1332648358422488,0.3988746972957327,0.1837529653804046,0.0014277760357121,0.1866792223098028,0.8659535228583127,0.2619471757295602
389,12,168,Walking Upstairs,0.2076083765282043,-0.4831923816847296,0.6380072855472692,0.2322064079595057,-0.2340622299254434,0.2460963551049306,0.826818850858054,0.4114223612919692
390,17,169,Walking Upstairs,0.771657075759639,-0.5234604433825746,0.1656679182471447,0.4007057508729256,-0.070457842029405,0.1492733351870785,0.9470540309256602,0.43337274358679917
391,3,170,Walking Upstairs,0.5902231101950958,-0.5375671597609967,0.1858855199696139,0.3959332156272045,-0.1124945681732384,-0.2108502664879272,0.8196921358633684,0.4624672680130041
392,13,171,Walking Upstairs,0.6105135203500579,-0.4724440126078887,0.3306505630422162,0.313004688050345,-0.0416702491838812,0.1023727515701182,0.8397975341827327,0.3319465690025696
393,22,172,Walking Upstairs,0.2412288966015267,-0.7688892886686368,0.6823521333640681,0.0344531093340937,0.0649724535584538,-0.2182843555910832,1.055929236592797,0.23033995823566286
394,23,173,Walking Upstairs,0.2511164687233197,-0.8410394125105919,-0.0349135540624714,0.3105748867563892,-0.0494049480849854,-0.2728968245329617,0.8784222962320029,0.41637757626846117
395,9,174,Walking Upstairs,0.5593797430201977,-0.3699978366099447,0.5532695968446101,0.265987558015025,0.1726603607164536,0.2187098660942128,0.8694316205372215,0.38522069870203063
396,6,175,Walking Upstairs,0.3851201915249788,-1.019544397018131,0.6573872417108436,0.3171370987578857,-0.2352502059592398,0.0610168857507006,1.2727711204201215,0.39955182287051044
397,21,176,Walking Upstairs,0.1594793818616907,-0.3968820434129603,0.8058245232048965,0.2504816178821032,0.0495652807105268,-0.1060574642379762,0.9123059748905696,0.27648859591190894
398,8,177,Walking Upstairs,-0.3546741850088452,0.010627271989901923,1.2001339522732848,0.1311561789736444,0.1258398445920023,-0.0113047968287827,1.2514903994121294,0.18211372326446457
399,30,178,Walking Upstairs,-0.0800000743809632,-0.4954828795124004,1.1140636601951523,0.4433210593892517,0.0402236691687902,0.0811439554210392,1.221900623929082,0.45247745442262677
400,18,179,Walking Upstairs,-0.5087538992704305,-0.1619874169415964,1.3505501878938422,0.3526896652948629,-0.2090641554575004,-0.1069512630002831,1.4522590207295565,0.42371735126180055
401,28,180,Walking Upstairs,-0.3054044289631202,-1.178760350328463,1.6107530107737391,0.1893082354341459,0.1834712081639725,-0.0114186382184809,2.0192258641502776,0.2638743593589614
402,28,181,Walking Upstairs,-0.408733163247085,-0.3219587394642007,1.3642600792289483,0.1309299149815878,-0.0255447946517539,0.1075324639507588,1.460111568488217,0.17134296009526426
403,23,182,Walking Upstairs,-0.9703979965326368,-0.3518214711535669,1.5284152032611993,0.2090106183203632,-0.2413853522522215,-0.0882673108657576,1.8443165815009062,0.3312754820690204
404,18,183,Walking Upstairs,-0.60505343218783,-0.2527605838151703,1.5732697068193346,0.4754588956302246,-0.088992283143374,-0.0888019342060727,1.7044515654392336,0.49179932026358364
405,18,184,Walking Upstairs,-0.6050722756420146,-0.55913618540306,1.738517272476478,0.4358995650804677,0.1906063665513386,-0.1061831133051332,1.9238471974865217,0.48745673793518834
406,26,185,Walking Upstairs,-0.7177507966926017,-0.306634458493494,1.5869758004372014,0.2527609431555007,0.000691971858721,0.1482272322617756,1.7685256821606405,0.29301857550998006
407,15,186,Walking Upstairs,-0.563557881541736,0.0745405094720031,1.6905634670667904,0.2321860912980944,0.0863579992672326,-0.0760744983605115,1.7835802784234418,0.2591436171904101
408,27,187,Walking Upstairs,-0.6133633349440888,-0.167824847955752,1.5072392139785151,0.1356112273256459,0.1881176304840432,-0.0203347922886288,1.6358941922996357,0.23279207815800068
409,10,188,Walking Upstairs,-0.9120494096098056,0.0274272229785402,2.073033640185056,0.1225397231937737,-0.2467158849869709,0.1672567170673403,2.264962439306404,0.3222724329964561
410,7,189,Walking Upstairs,-0.9934202623952786,0.043766736839096,1.3751147328654427,0.2948611615241911,-0.1235697069341464,-0.0233922114248297,1.69697963262222,0.32056165179654583
411,28,190,Walking Upstairs,-1.0284086683414784,-0.0362019107995377,1.2825212073021943,0.0742539935505838,-0.054932927763837,0.0154435501873772,1.6443222356476568,0.09364713211469486
412,25,191,Walking Upstairs,-0.8459724962934616,0.1696561228031063,1.1915150712050784,0.1747533498837992,0.089838133562694,0.1866771562242308,1.4711087075394587,0.27103133433904625
413,17,192,Walking Upstairs,-0.5801995821809628,0.2685591653098494,1.103010773015403,0.4635513390564231,0.0661257405923528,-0.2305438900452585,1.2749071910625196,0.5219223531782197
414,9,193,Walking Upstairs,-0.5415512360543938,0.7368868599401641,0.8234464238595185,0.3894325247953182,-0.0897150203497529,-0.1931200907378956,1.2305868512996336,0.44384889961722984
415,24,194,Walking Upstairs,-1.0592203425816027,0.4329876021500959,0.9585074698025976,0.0117308222529834,-0.1663345834688067,-0.1341641918710051,1.4927031075943251,0.2140206443987878
416,6,195,Walking Upstairs,-0.5525434747459806,0.471498051261618,0.834475655425404,0.3840652827819206,0.0643854829889177,0.018931940864705,1.1063292110965537,0.3898846627439678
417,14,196,Walking Upstairs,-0.6853742856762746,0.8518740971762778,0.2185863990466873,0.36859900920729,0.154198525275448,0.0274123982714513,1.1149921088305332,0.40049201535699996
418,20,197,Walking Upstairs,-0.4250550402528352,0.7856796457893461,-0.223372237687364,0.2992935684031099,-0.0147360197191749,-0.0065816546974088,0.9207928375163829,0.2997283912864893
419,5,198,Walking Upstairs,-0.3107424283384387,0.4271088257619549,0.2361721382585014,0.2687822129305072,0.0149414085055316,0.0210495177470588,0.578584552769099,0.270018899103995
420,2,199,Walking Upstairs,0.0714162573584368,0.4718662110610755,0.2602506286360739,0.4276908608203713,-0.2254994946018354,0.0233540685014069,0.5435884405151508,0.48406085052452014
421,8,200,Walking Upstairs,-0.1996190650392702,0.5378882424177597,0.1899901380051301,0.4993632298754976,-0.1643759469530377,-0.1520493003222475,0.6043738784871724,0.547267829327544
422,21,201,Walking Upstairs,-0.3445410863352622,1.229105383257413,0.1649119837833051,0.2566669221548023,-0.0523617823438111,-0.1227749741924019,1.287091514120414,0.28929804608151943
423,23,202,Walking Upstairs,0.7303957288835096,1.136582229246551,0.1542729847461418,0.3441846333980191,-0.1080979604466289,-0.2309277930500087,1.3598151486260242,0.4283408415304305
424,24,203,Walking Upstairs,0.4521917564220428,1.0588470337263045,0.6206677508819571,0.1989175176014555,-0.0216808454202582,0.097469521975556,1.3079995727797136,0.22257256250716506
425,13,204,Walking Upstairs,0.1777197736000597,0.3070271141791363,0.561226160123155,0.4002712531006947,-0.1556864775744404,0.083038719617877,0.6639463604661193,0.4374366060517953
426,2,205,Walking Upstairs,0.4548426264711177,0.8824272549297623,0.8521265470896695,0.1697195185497041,-0.210204722021443,-0.0693575383387743,1.3083116323540744,0.2789286795244799
427,2,206,Walking Upstairs,0.3105445086476927,0.455613890504203,0.4843004599309498,0.487844182091622,0.1073427733852902,0.1000864775657193,0.7338724988449575,0.5094425580869767
428,14,207,Walking Upstairs,0.7788528934565258,0.7247601929246011,0.9564140777303636,0.2387106664641138,-0.0555833673969762,0.34251629807395,1.430600242896152,0.42117657515727486
429,19,208,Walking Upstairs,0.4742074766227171,0.6256262326995722,0.9713506286448276,0.4555858734165995,-0.0859389824549282,0.0651411062409205,1.2489207171375794,0.468174497900564
430,2,209,Walking Upstairs,0.9302194873186752,0.5265438768700678,1.3437246867143244,0.261404271031282,-0.0073373425953239,-0.0749708035605752,1.717018573732471,0.27204163449052327
431,10,210,Walking Upstairs,1.0858376473069675,0.3135360617028787,1.3142714647669274,0.1928813124080038,0.143048188490639,0.0878288623113822,1.733394860208685,0.25569492361327606
432,25,211,Walking Upstairs,0.8839674631108958,0.1847186236891712,1.7004748128885077,0.1763370537564157,-0.0337498240749506,0.1260745833609269,1.925391917258546,0.21938233229276796
433,26,212,Walking Upstairs,0.5086024016738464,-0.0647714838542277,1.7045512329727512,0.4843972087070363,-0.2490234713809692,0.0361832821441655,1.7799906331040087,0.5458594828419863
434,13,213,Walking Upstairs,0.4198243924591083,-0.1037297216576395,1.6762341790118944,0.2053339153532042,-0.0693934721556971,0.0009369178489281,1.7311191173765341,0.21674489287444806
435,4,214,Walking Upstairs,0.3989193154732031,0.1665384303060053,1.924432830563144,0.369612660302947,-0.2002954845143306,0.0388593598359396,1.9723877378384989,0.42218698419054934
436,5,215,Walking Upstairs,0.9443168112429288,-0.4011988916958214,1.7747539891009667,0.2448853361096524,0.2394795856138742,0.2501844848116345,2.0499869542325784,0.4241598474723807
437,20,216,Walking Upstairs,1.3943942456447895,-0.4658269583122564,1.9247658834925128,0.386164737512285,-0.1294397294894348,0.0641248131990828,2.421993760032107,0.41229824124782205
438,19,217,Walking Upstairs,0.6837847034029763,-0.1749685783653222,1.7060858616766978,0.4155241330981321,0.009801940608988,-0.0218236290254204,1.8463218818603107,0.4162122703747398
439,9,218,Walking Upstairs,0.8173101616235844,-0.2150696447343567,1.4293396898454287,0.1241158384181983,-0.0738038786228512,-0.0807067801384765,1.660500768246362,0.16542472066275116
440,30,219,Walking Upstairs,0.815083692820046,-0.2315068091483694,1.4013684785786296,0.4460194724471658,0.1779010211894668,0.0316418591320701,1.6376173062522896,0.48123107795698
441,9,0,Walking Downstairs,0.3570853738720558,0.6661694004335609,1.0214480833932658,0.1992473969272117,-0.1067748391556637,-0.176236731637835,1.2706879323323772,0.28663526830690944
442,22,1,Walking Downstairs,0.2282289720416068,0.4971235081660431,1.6635352486708532,0.1096711700865025,-0.1508858969977644,0.0612166458736129,1.7511624052671073,0.19632064892154838
443,28,2,Walking Downstairs,0.1828750145335392,0.7885687286723541,0.9669750706175484,0.1586986145169879,-0.128833887496508,-0.2274055019937457,1.2610807658418979,0.30577227335731716
444,17,3,Walking Downstairs,0.2755808394905934,0.1243709220020088,1.1799547554838827,0.1755367447183898,-0.0997543003141291,0.0475690202648481,1.2180747720575282,0.20742921893129745
445,23,4,Walking Downstairs,0.528603748662895,0.7672964548336605,1.704808849686834,0.2397697919989135,0.0364160280980003,0.0613816442303029,1.9428172808247601,0.2501667174227061
446,13,5,Walking Downstairs,0.4299749970081468,0.4614242110156781,1.537515725075847,0.1418929922004041,0.0505940195891795,-0.0112818208902186,1.6618499948608794,0.1510650705370808
447,10,6,Walking Downstairs,0.3188495411640363,0.3472290473565315,1.5378861949426896,0.0947521526660653,0.1174609609484639,0.0094341203438145,1.6085170157085518,0.15120863205667684
448,8,7,Walking Downstairs,0.3263615770838904,0.6191486867941852,1.582366051438222,0.071219924758532,0.1225466747062959,-0.0644516387479335,1.7302425541235074,0.15570478124153989
449,6,8,Walking Downstairs,0.5815344076151833,0.6263924584894278,1.6777384105549515,0.0961059448625723,0.0652652404934616,-0.0581987669114068,1.8829115628579656,0.12993460172181015
450,20,9,Walking Downstairs,1.041471397534064,0.2929462277702379,1.2607298636896866,0.2828837966586808,0.2333517350712274,0.1891104346254467,1.661300681227027,0.41260032859537027
451,6,10,Walking Downstairs,0.4141638991420002,0.4211737495168526,1.4554783853213062,0.2669147279300309,-0.1527542914487679,-0.0773346917859259,1.5707757296228213,0.317108814282419
452,2,11,Walking Downstairs,0.5137246940399931,0.3359649715981709,1.6258592396572178,0.2732183675196984,-0.1620505701666462,-0.0373967320739664,1.7378733528615342,0.31985493463643194
453,4,12,Walking Downstairs,0.8754230957415085,0.3151565304392665,1.5588104774514138,0.1493736696699575,-0.3287439746747375,-0.2120354277756065,1.8153730580375118,0.41874110940723086
454,7,13,Walking Downstairs,1.001236759932386,-0.1277915713974768,1.124029648392528,0.4371192352123481,0.1518191934585992,0.0029338466303743,1.5107112184747848,0.4627428019441234
455,8,14,Walking Downstairs,0.6391675023033021,-0.0697170835404956,1.3847677762504518,0.2906960909084672,0.0871234839646969,0.1403124130884205,1.5267538642098324,0.33433858885014484
456,9,15,Walking Downstairs,0.3836517712623902,-0.0325807552481273,0.918717279882036,-0.0619314234927318,-0.2553803450382974,-0.1221741133822422,0.9961383576387143,0.28979498930874026
457,6,16,Walking Downstairs,0.6441168183852641,-0.2411900618922396,1.1578924426784925,0.0877092462168225,-0.0032920025020468,0.0365322627376578,1.3467642817116525,0.09507026545208515
458,10,17,Walking Downstairs,0.4113288839945246,-0.3514403787134608,0.4194959723184288,0.4091887460730033,-0.081793746303652,0.2437680197734203,0.6846010965444226,0.48326855299247184
459,28,18,Walking Downstairs,0.7621152487076013,-0.4392400470894576,0.5653951452304372,0.169916480013359,0.0142948715239533,0.0381598433296856,1.0456687532531252,0.17473444759108808
460,1,19,Walking Downstairs,0.2939405597074507,-0.5181327615187908,0.3653552936873667,0.5159596883537807,-0.0107676923893942,0.1854278582035871,0.6988183611108109,0.5483738084586942
461,25,20,Walking Downstairs,0.4657329234052696,-0.8442868481448427,0.3154048957870262,0.2652641604947096,0.190320459715184,0.0266379333211525,1.014498736411434,0.32756149303723747
462,20,21,Walking Downstairs,0.6495090849252738,-0.4460329517508742,0.6177791076553208,0.2329149339233933,0.2868267252782165,-0.0582475443496947,1.001228481068866,0.3740477418741273
463,28,22,Walking Downstairs,-0.0147491713339288,-0.100160025250246,0.4597813301683544,0.1999055119943629,0.1498827236248194,0.0825230622141338,0.47079553978829153,0.26312943652149634
464,13,23,Walking Downstairs,0.6247988356655934,-1.006820528252875,0.2852878832623619,0.1844974339268609,-0.2368419211690321,0.1272392645735633,1.218790522401942,0.32607242937398995
465,24,24,Walking Downstairs,0.2636113452776638,-0.1383132592402576,0.3103945884064484,0.1894616420811413,0.0142397003668795,0.1184696823580091,0.43007708559370017,0.22390522219150802
466,9,25,Walking Downstairs,-0.1171724656876773,-0.8229243566721632,0.618536588006357,0.2854367188605642,-0.2453673915605784,-0.1470470159362929,1.0361087752848006,0.4041065480920785
467,4,26,Walking Downstairs,0.0175310526840571,-0.8487725907698812,0.503458987658927,0.2415884007362004,0.0882880032336196,-0.1629916073830547,0.9870122597541426,0.30450942672200876
468,14,27,Walking Downstairs,-0.347894930532012,-0.5996911121636554,0.6301054056718465,0.3086231019164052,-0.1475408876831517,0.0428554411525585,0.9368527819005703,0.34475081060269697
469,14,28,Walking Downstairs,-0.1281870574751039,-0.6052585530117807,0.7613025134523613,0.1398178616674197,-0.0086398310927746,0.1511647023456487,0.980995083925971,0.20609330012838833
470,6,29,Walking Downstairs,-0.3430429706908559,-0.8037720121903602,0.8344510554626795,0.2641020356731116,-0.0448216796617016,0.0582363939675768,1.2083196974657524,0.2741356339418947
471,28,30,Walking Downstairs,-0.1871588425197402,-0.2353068826108272,1.2316422921166224,0.1278913123022448,-0.1084241335891526,-0.0090925771751789,1.2678093299339779,0.1679126423669025
472,10,31,Walking Downstairs,-0.5574616961492611,-0.7631912458784529,1.128667205064906,0.1830584479657153,-0.0806217287713447,-0.0378947383386006,1.4721121153798522,0.20358356936513264
473,9,32,Walking Downstairs,-0.4694650741262303,0.1157990617186502,1.364983470397594,0.2051921071275297,0.0004959459185839,0.0307790374132247,1.4480976324053314,0.20748830312543998
474,22,33,Walking Downstairs,-0.4673679862739903,0.0938723558465353,1.3094195084078055,0.3430855269813282,0.0249300717136948,-0.1885317291084741,1.393493560367224,0.3922670011361353
475,3,34,Walking Downstairs,-0.321264756479885,-0.4976328113309299,1.5483476393305493,0.0329574885590755,-0.1510567751621203,0.1257635493140703,1.657778595256221,0.19930081713473619
476,22,35,Walking Downstairs,-0.747384165459673,-0.4764252712512523,1.6608804586859471,0.1773105082282772,-0.0564985989330643,0.0887191230809883,1.8825748399231101,0.20616059470672074
477,24,36,Walking Downstairs,-0.8699365948868147,-0.1084163453925199,1.8307017566538109,0.388579236178782,-0.0798074064433947,0.1124852360303577,2.029781442640287,0.41232993250225247
478,30,37,Walking Downstairs,-0.8551440483440986,0.3545918856093709,1.4872342545575168,0.3994174572950076,-0.0787783328182468,0.241589574575352,1.751819761473079,0.4733981975643034
479,17,38,Walking Downstairs,-0.909816176502454,-0.0928045913991441,1.7962596047630044,0.3663173301138673,-0.0084858710069355,0.0053589937156159,2.015670294198347,0.3664547927946125
480,30,39,Walking Downstairs,-0.4991360422198319,0.1399631348063775,1.3971997013080797,0.1424431170431783,0.0282143931781998,0.1458578899797232,1.4902662423483573,0.2058169517914588
481,29,40,Walking Downstairs,-0.4753751713960721,0.2580095252832363,1.6702695972009944,0.1599898979751773,-0.0183877152309856,-0.0988956865607371,1.7556625518734226,0.18898474103970145
482,22,41,Walking Downstairs,-0.9059806313915936,0.3482862017826043,1.4759577880207186,0.3225182981410815,0.0655334197070936,0.0291173125588634,1.76650943241973,0.3303944606451146
483,18,42,Walking Downstairs,-0.5937502906749773,0.4418068407748625,1.2024323064842477,0.2843647110766956,0.0802101222343211,-0.0803617713686643,1.4119405596232133,0.3061943286739432
484,28,43,Walking Downstairs,-0.5243556935228204,0.2769707603525466,1.1031669598284517,0.1050084773877414,0.1518929910199866,0.1278822209664057,1.2524532073803054,0.22461550143209202
485,30,44,Walking Downstairs,-0.0327363389472686,0.438999755295888,1.5662012480336915,0.2126964701564135,0.0306232022107219,-0.0477333496728249,1.62689237578268,0.22012733042860677
486,24,45,Walking Downstairs,-0.3315501363858085,0.7273564635529844,0.887278997862518,0.4532063816541144,0.0286979141560152,0.0324582463332238,1.1942516225895055,0.45527259131639924
487,30,46,Walking Downstairs,-0.2507699824680752,0.555231340286378,0.6632869099277281,0.1468230710221963,0.3206116055708022,-0.0316172700214842,0.900620314130611,0.35404585518642634
488,21,47,Walking Downstairs,-0.6001722071058287,0.4658694818819987,0.6284599348960959,0.3056000439139782,0.0665755826070376,0.081193746213183,0.986003520328852,0.3231348317093387
489,22,48,Walking Downstairs,-0.1128360382482526,0.4543423163905178,0.4187459053240092,0.1298749230599688,-0.1426066625517923,0.127705138662961,0.6280979582965436,0.23132824791823345
490,10,49,Walking Downstairs,0.0489673458030106,0.892887528345071,0.4390369579415267,0.3332169238638175,-0.2113547285571053,0.1035705021654426,0.996192446100507,0.40795978790992965
491,13,50,Walking Downstairs,0.1195829754481389,0.7657642188436786,0.1983593497015848,0.0602352269530744,-0.0854464999419555,0.0677900737527494,0.8000258486401143,0.1245988804838237
492,9,51,Walking Downstairs,0.2187670297464105,0.3670689178455223,0.1616911749892014,0.1532117176870993,-0.0428766072320178,-0.1634460997023182,0.4568836173707022,0.22809397491442046
493,2,52,Walking Downstairs,-0.0400010752859976,0.6836304550393906,0.1203058474381956,0.226103578803388,0.1270263379370178,-0.1562135684896212,0.695287121992938,0.3027560038341947
494,7,53,Walking Downstairs,0.1811398276032692,0.8729387900970593,0.2729756557743946,0.1711596370969897,0.1396194977167768,-0.0367442494765857,0.9323891231914498,0.22391821137070522
495,5,54,Walking Downstairs,0.403262125492985,0.5295328597290092,0.4782106102381533,0.2784539416615245,0.1225059385202968,-0.0658014645438022,0.8195796356268558,0.3112461009164415
496,10,55,Walking Downstairs,0.3886902873056731,0.5504086331919607,0.5960924013331013,0.1169784966666989,0.1220372457885427,0.0559594526604499,0.8996421254393727,0.17806885854666224
497,19,56,Walking Downstairs,0.7206237942376901,1.019047964600933,0.7499785385022166,0.4112381720671763,0.0102445657923105,-0.1993805903686212,1.4560993150169221,0.4571371841243779
498,22,57,Walking Downstairs,0.0891794949837991,0.5107736883609153,0.601219268247373,0.1302508466007178,-0.007529602076241,0.0738702345433545,0.7939189829946666,0.14992928166012287
499,28,58,Walking Downstairs,0.4579494037976033,0.7284257926769173,0.6546580372527548,0.3443713424597947,-0.0581676913858792,0.0654952511819943,1.0811562965710393,0.35533748712472857
500,2,59,Walking Downstairs,0.8522035799284877,0.4814193096966375,1.1349278417534172,0.1018087759910452,0.1336391648089558,-0.1023231737561783,1.4986916625439626,0.1967091383926205
501,24,60,Walking Downstairs,0.6963757865928606,0.3456731294715893,1.1814500464794035,0.1387428025770332,-0.1619840894754859,0.1046818415954122,1.414303136147867,0.23758513941309295
502,10,61,Walking Downstairs,0.7043731813996523,0.4148757998502912,1.25477364751077,0.0713802767187647,0.1159355617204927,-0.0444444731593328,1.4975715056263486,0.14321839815576856
503,21,62,Walking Downstairs,0.5295696993402421,0.4432885505620619,1.2397695605823449,0.199508429507259,0.0128938443236779,-0.1310618792504349,1.4191467044901556,0.23905455623884633
504,1,63,Walking Downstairs,0.7547675629611738,0.3510749383082462,1.414324213474092,0.287417138283807,-0.3299322463246266,-0.0046715040581808,1.6411095841611545,0.43759081513924936
505,14,64,Walking Downstairs,0.487237484490879,0.1461887501259434,1.5287686082263665,0.2187027015487695,-0.0452631449746885,-0.2300179046118091,1.6111812357567867,0.32060545909222615
506,21,65,Walking Downstairs,0.3985955680890968,0.0358031734259955,1.285783165308625,0.1480421580461153,-0.0479664067547716,0.2092346240749878,1.346624907804214,0.26076116399440435
507,17,66,Walking Downstairs,0.5010788768307155,0.0333811738786807,1.5498391098660371,0.3610919764480806,-0.1630652695107618,0.1287909398146988,1.6291702213230514,0.4166110941323478
508,21,67,Walking Downstairs,0.497715692625288,-0.5716069015216905,1.6396657703656143,0.2732813015664257,-0.0593698116630854,0.0664744207194388,1.8063662970342869,0.2874478960311502
509,16,68,Walking Downstairs,0.6835889792084145,-0.3091310930973842,1.6366396208052878,0.187034122516086,0.0181848954918319,0.0660304491640439,1.8004013923579547,0.1991795010190971
510,2,69,Walking Downstairs,0.9550380776429384,-0.2609335662813234,1.7542250244092592,0.6106214633832341,0.0619150172121412,0.0581572213574042,2.01432109953301,0.6165016652829708
511,16,70,Walking Downstairs,0.1961133336328468,-0.6315927691068276,1.417102241558041,0.3177136772663473,-0.0209009474665438,0.0165868110569163,1.5638249993670785,0.31883217000193337
512,7,71,Walking Downstairs,0.601788300968194,-0.3841480787441632,1.3678676860274008,0.1596005883746133,0.1362329677983826,0.0928669417091838,1.5429779363500222,0.22946903535574215
513,22,72,Walking Downstairs,0.2092590104785175,-0.5820517400244476,1.4021846416393926,0.3492121793927725,0.0340687201410568,0.0702297037630627,1.5325453764183712,0.35782961758209325
514,4,73,Walking Downstairs,0.2153471677012189,-0.8024131321927653,1.0876553349476288,0.242278942396813,-0.0041615100022307,-0.2262687485332164,1.3686618884853847,0.3315327293906362
515,24,74,Walking Downstairs,0.1309847980922359,-0.7334175161230724,0.9464555373839568,0.2985589644965505,-0.129474862445836,-0.1953650656741453,1.2045066851338582,0.3795638341208021
516,20,75,Walking Downstairs,-0.0450834496382461,-0.5059584412685872,1.1321660438682914,0.3338553886913687,-0.1761916511842616,-0.0278840687252125,1.2408974222757498,0.3785240280272492
517,4,76,Walking Downstairs,-0.0108487754113494,-0.5558347008798192,0.5532103835107707,0.2477931705060891,0.0504387395731354,0.0990805143964391,0.7842905322992354,0.2715924706840182
518,13,77,Walking Downstairs,-0.3178725697037864,-0.7446508166569554,0.1263725810720653,0.1654245638906671,-0.0629297871565251,-0.1223501409800931,0.8194619201431967,0.2151627324790044
519,14,78,Walking Downstairs,-0.2299540162600735,-1.1564427456226274,0.5181942974353895,0.1286011043053167,0.0582826751028618,-0.1538221497274398,1.2879301236448724,0.20879743291636416
520,10,79,Walking Downstairs,-0.2891110293520421,-0.6764220283870448,0.4519445550115062,0.2549636733181616,-0.0306197010025745,-0.1843526776853093,0.8633573006494991,0.3161169887417012
521,2,80,Walking Downstairs,-0.5022820615990078,-0.5724454134626941,0.2428475544980514,0.3150254316695358,-0.033506510305402,-0.1158015269735412,0.7993472058650786,0.33730357614592105
522,21,81,Walking Downstairs,-0.5012186572460705,-0.4688005100140997,0.3767225696787081,0.4654054958391755,-0.0802691208004103,-0.008817439390848,0.7828882136463436,0.47235913725553247
523,12,82,Walking Downstairs,-0.504904136760779,-0.5747812647463095,0.0638846574680811,0.1786998529136381,-0.1288442895261361,-0.2071928017348533,0.7677127972629665,0.3024290750995825
524,9,83,Walking Downstairs,-0.7335642267964971,-0.6327624662224501,0.4625326460503539,0.3121310204897152,-0.1084655147497049,-0.0312274356675745,1.073518170390144,0.33191217901764614
525,25,84,Walking Downstairs,-0.7102435054888131,-0.2329292135447432,0.5682023848795195,0.1544343501970423,0.1262225832633023,-0.1818830305816166,0.9389120330437691,0.2699324838918007
526,25,85,Walking Downstairs,-0.9166369084997374,-0.0854058519424352,0.8024615545409761,0.2992118385820434,-0.0048410863840814,-0.263422049582665,1.2212542438355287,0.3986757287211713
527,16,86,Walking Downstairs,-0.6302657218229979,-0.2464779991109666,0.4424538115389315,0.2478639096996061,0.0138157641009371,0.1133299042248327,0.8085491076589836,0.27289386262955234
528,19,87,Walking Downstairs,-0.6440998274282255,0.1966440621068998,0.7605046048791798,0.2261598006231196,0.1277174623496618,-0.1174129056049721,1.01582514681288,0.2850364818922809
529,23,88,Walking Downstairs,-0.594934978736685,0.0893307719417471,0.9879469780216864,0.465256377039797,0.0951008894007127,-0.1926067174804708,1.1567051686243608,0.5124500201576796
530,15,89,Walking Downstairs,-0.3561926468024195,0.0104940907933536,1.060990078071605,0.086489523338968,0.0631442421748674,-0.0781649148081062,1.1192333417764515,0.13257973779653773
531,25,90,Walking Downstairs,-0.722505212856102,0.6074851971089195,1.5219267767027105,0.2455815804257689,0.0076773253642625,-0.0448131559619418,1.7908973060886004,0.24975482561191176
532,23,91,Walking Downstairs,-0.3809419388505722,0.1773080490439437,1.2471640669442916,0.3574311436397957,-0.0645958914379979,-0.0045306041338236,1.316044495793371,0.36324947076098996
533,1,92,Walking Downstairs,-0.4356910005602135,0.7685770754999344,1.5609072594555553,0.4154159001056766,-0.1015322563412797,0.028358913843384,1.7935910463576261,0.42858301078406885
534,15,93,Walking Downstairs,-0.7634716014080392,0.3486759650546896,1.6693648683478302,0.2522184735723958,-0.1695169227121465,-0.1578034926645304,1.8684867884032104,0.3424209219573326
535,20,94,Walking Downstairs,-0.3840962631761685,0.9335279112496612,1.845290008784952,0.0124817761024722,0.170529112568374,0.1123680500417576,2.1033543488888458,0.20460340084714224
536,15,95,Walking Downstairs,-0.7838316797576507,0.4551278340256464,1.8478870970014003,0.3060520213121742,-0.1570914062865582,0.0732890586955433,2.058207999877767,0.3517340412909089
537,16,96,Walking Downstairs,-0.415375944078597,0.8317575596687725,1.6829861887441395,0.1801274940045664,0.1067215504526819,0.1169702178103897,1.92270651023209,0.23982792848623666
538,19,97,Walking Downstairs,0.0064605218353275,0.8130178538656159,1.851319231956627,0.3279490268925041,0.0318634378939766,0.0107410799716576,2.02198483368672,0.3296683389607216
539,30,98,Walking Downstairs,-0.4863646411473711,0.429714900673528,1.5771415082349842,0.2689742591522915,0.1728975117605115,-0.0050156673450615,1.7054561844318934,0.3197903353424187
540,5,99,Walking Downstairs,0.0981154528707697,0.9122311149902772,1.515216076668371,0.311362825364422,-0.0292233650069833,0.1586563072894172,1.771347511992701,0.35067454701469414
541,12,100,Walking Downstairs,-0.3149418745948437,0.7151150843296402,1.7392713117491645,0.2182522758543958,0.0537258036114081,0.0655054605286974,1.9067361285932467,0.23411852393262608
542,28,101,Walking Downstairs,-0.19512271138227,0.7945920855770737,1.1060174896241095,0.1649251072318324,0.129086756099303,0.0428107548370029,1.3757631127171965,0.21376726205241608
543,8,102,Walking Downstairs,0.2253652430314136,0.6549465545011993,1.2135560082370769,0.3188182232064165,-0.0872841288790958,0.0048403686665628,1.3973055024395735,0.33058585537119894
544,14,103,Walking Downstairs,0.1357712956307692,0.2884671076525657,0.9138774236895676,0.4281847736476598,0.046166797750228,-0.1588305961681667,0.9678941380358578,0.4590214939165086
545,16,104,Walking Downstairs,0.2602897676837168,0.970932758906136,0.8943782321948882,0.3968399464084819,0.0422316924982388,0.0565500549415072,1.3455012477519215,0.4030674479918219
546,19,105,Walking Downstairs,0.0576533032983853,0.7891332047459086,0.728284170202931,0.3435710944333089,-0.0977003978383335,0.0212459217011895,1.0753850244363345,0.35782377486243616
547,11,106,Walking Downstairs,0.3945812532245392,0.6188910301207781,0.608692715483283,0.1621128296350464,0.1926580059352757,0.125874343963373,0.9535341076451427,0.281499604353981
548,17,107,Walking Downstairs,0.3194095158252025,0.5983809182482215,0.4120486618586809,0.0978378427605211,0.1240571329678771,-0.2044919550776886,0.7936411417402733,0.25841705711453605
549,8,108,Walking Downstairs,0.4892896858718757,0.3565954876858068,0.5130557451683992,0.3097438574393102,-0.0991611812194689,0.0861270730500076,0.7935936845696157,0.33644029157398114
550,25,109,Walking Downstairs,0.618442855435432,0.0485400009152047,0.3446529659189644,0.405753481867071,0.2011913757894835,0.0860818149130412,0.7096572158758886,0.46100318501940935
551,29,110,Walking Downstairs,0.7408722923332012,0.4496070732209098,0.455218246152448,0.3341945146425502,0.0435915695097037,-0.0086894806596652,0.9789085378458171,0.3371375173777367
552,7,111,Walking Downstairs,0.5188681968360895,-0.2539603588418442,0.3779611296904303,0.2623263412382626,0.0669091011389779,-0.1605052431951472,0.6903438890204501,0.3147282482012263
553,8,112,Walking Downstairs,1.1393098899865548,0.11076333802432,0.3286939526290609,0.2770802827302841,0.2438804429652405,-0.1228377314039869,1.1909388132756362,0.3890247573038175
554,13,113,Walking Downstairs,0.7260099071414552,-0.1729823665288609,0.2948694471852212,0.2340491630541672,0.161678788993627,0.2161188720826484,0.8024719778788463,0.35724838475083137
555,9,114,Walking Downstairs,0.5903144782182885,0.4884570307803894,0.3913972555975388,0.1714636902768315,-0.2129931653494472,0.1675309883093692,0.860379721868321,0.3206750966521101
556,9,115,Walking Downstairs,0.8803275323776579,0.3878297998428424,0.3281929558181413,0.4149804968974931,0.0084162622039352,0.0967320260160163,1.0164148435343336,0.42618860981018597
557,8,116,Walking Downstairs,0.9684938508942518,-0.0630713711144378,0.6777232465259895,0.3174135225193345,-0.0918594361250699,-0.0695328102698039,1.1837512981855434,0.33767486134944136
558,19,117,Walking Downstairs,0.495630965551067,-0.738676367162044,0.9649634796766788,0.3829912337019079,-0.084161297971661,0.0417843619133782,1.3124204153115426,0.3943492640658688
559,20,118,Walking Downstairs,0.630663563887559,-0.5333781843172005,0.8105755023394241,0.3662489863228491,-0.0076644702149391,0.242653074102417,1.1572646470508292,0.4394059381227605
560,10,119,Walking Downstairs,0.5136479422490762,-0.6673375785480503,1.313396344465651,0.3156960196975223,0.0872247436435708,0.1428720814641502,1.5601870432659093,0.3573297698463477
561,18,120,Walking Downstairs,0.413351647936841,-0.5554497425478984,1.0247327694594195,0.2083691819810108,0.1603655349452189,0.0284805724552616,1.2367138917925198,0.2644729925816268
562,15,121,Walking Downstairs,0.0692328949155582,-0.920344759188856,1.655530986571506,0.2291617187693844,-0.077689224684194,-0.0328790117876403,1.8954182960505594,0.24419610643395073
563,14,122,Walking Downstairs,0.6232113085213473,-0.6990212915437232,1.716578333191897,0.2461982057336778,0.1715438369482127,0.0308033398851702,1.955419206994811,0.30164497385084776
564,18,123,Walking Downstairs,0.4156539889937082,-0.4796585924458455,1.6799016644148783,0.2817521372619253,-0.0279420859338701,0.2298521629887432,1.7958034987095302,0.36468759760732516
565,4,124,Walking Downstairs,0.1413742866488179,-0.6619742230031197,1.7063595240083655,0.1884632824926598,0.0377695566707505,-0.0202611102243559,1.8357176760112384,0.19327560851420603
566,22,125,Walking Downstairs,-0.3022255760077837,-0.6754959697790905,1.4861519554559932,0.0318737085061318,0.0164247984827261,0.0585460010423479,1.6602056314465095,0.06865378021043432
567,1,126,Walking Downstairs,0.0999821337423189,-1.1174527903554243,1.4468915215394071,0.4768225724176405,-0.1256650512092443,0.0733009237364026,1.8308992983895678,0.4985223125227274
568,28,127,Walking Downstairs,-0.2687633808945925,-0.6524764504695592,1.545114725327507,0.3073849385543573,0.0164128940780038,-0.053794772837308,1.698628501983628,0.3124880175729932
569,12,128,Walking Downstairs,-0.1350787705672752,-0.9260913744028888,1.6705774590830351,0.5551781890844281,0.1620204061514414,0.0862017464272995,1.9148682865402853,0.5847257260730534
570,29,129,Walking Downstairs,-0.2948403197260832,-1.061169993983195,1.2913570040459983,0.3939351427323256,-0.0947707296149735,-0.0839102517796856,1.697237603332288,0.41377206071099387
571,11,130,Walking Downstairs,-0.5915301411748668,-0.860596206995317,1.4025854781128513,0.1330164654393556,-0.0889222295734673,-0.0937429231376407,1.748650840741553,0.1854407685183744
572,16,131,Walking Downstairs,-0.3022875529973824,-0.5868628479152991,1.257332259076634,0.311633507677066,-0.0170447529879528,-0.0333904522148607,1.4200951294456132,0.31388037372643285
573,15,132,Walking Downstairs,-0.3325558549379406,-0.5109666589904622,1.1649740717109451,0.1461851724320006,-0.103281965179743,0.0922977002360169,1.314855471529916,0.20138553681737184
574,24,133,Walking Downstairs,-0.4389324528793659,-0.3103580710377527,1.0557920914352428,0.2455443930977944,0.0835694268987323,0.112213051322734,1.1847703451665963,0.2826086817157344
575,29,134,Walking Downstairs,-0.6099777557904662,-0.0286496322798944,0.9032992699714468,0.3158851431078958,0.0338505469001855,0.0296408048981008,1.0903408802387882,0.31907344056932213
576,18,135,Walking Downstairs,-0.7920919455049612,-0.1081844540159213,1.2106725414931876,0.19502459102519,0.0085193658509937,-0.0535446317216714,1.4508071990964657,0.2024208444929897
577,17,136,Walking Downstairs,-0.3036750794378661,-0.3396511672266445,0.5211729283451961,0.0495008611522438,-0.0909134069450696,-0.2050079871544017,0.6922446753207447,0.22966030918352626
578,1,137,Walking Downstairs,-0.5287684747270536,0.5304530135715171,0.4321404873257511,0.0399890480411715,0.1079999597315679,-0.0872309950716188,0.8647091420000232,0.14447270249581473
579,22,138,Walking Downstairs,-0.7436453846899885,-0.1627653848159442,0.3796741732004547,0.3309332113123424,-0.0272904756906787,-0.0596069643352446,0.850678262600175,0.3373641216996646
580,21,139,Walking Downstairs,-0.7219217732976456,-0.2229446780672274,0.4194187745990881,0.0255928087386107,-0.0532945745238618,0.0911262250596891,0.86416866682721,0.1086245479918774
581,16,140,Walking Downstairs,-0.5296196871747654,0.1344754891675289,0.5219314482939084,0.350963903612375,0.0535369205097209,0.1113054932776251,0.7556408584427653,0.3720628660996365
582,9,141,Walking Downstairs,-0.469549549243488,0.1311556078713393,0.0962155377489884,0.2904434551011148,0.0655307076997714,0.1308566389366278,0.49692655631913085,0.3252308936993796
583,7,142,Walking Downstairs,-0.8113416779183907,0.4129585133853633,0.3445641322698048,0.0137086067314646,0.0450129796505028,-0.2222907497986745,0.9734138345799912,0.22721635434446932
584,29,143,Walking Downstairs,-0.7769259224208286,0.6882252938756697,0.7278176750993863,0.0941212357833645,-0.0395269844895233,0.0051147027694447,1.2676697173344416,0.10221227770010057
585,5,144,Walking Downstairs,-0.6223882893116042,0.3409216497184315,0.7679980228132014,0.195025301673809,0.0866642050759749,-0.1772571558134913,1.0456652030951152,0.2774268408454726
586,29,145,Walking Downstairs,-0.4895187850022643,0.1330045226231326,0.4346985645008243,0.3407041626182716,-0.0059886469304055,-0.0382926888663569,0.668043176664037,0.3429016190368461
587,26,146,Walking Downstairs,-0.4337229912954189,0.6296509876517399,0.907985010083806,-0.0750176020916162,-0.0998113409115371,0.0190915490626806,1.1870184404489876,0.12631085323022673
588,20,147,Walking Downstairs,-0.3331305436719373,0.6962890434029031,0.9247945580371888,0.2034158564407911,-0.0632223835184612,-0.0294601787682601,1.2045909536707013,0.21504181584602047
589,4,148,Walking Downstairs,-0.3289594650436455,0.4729551296235188,1.0124883295250888,0.2620010656798105,0.1872421115849349,-0.0360369909883575,1.1649178089906196,0.3240414039712156
590,12,149,Walking Downstairs,0.0659115592414455,0.9421759643612544,1.1551378750566537,0.2147137225107885,-0.0394864406457859,-0.0306987761091098,1.4921070309639652,0.22046218833149211
591,28,150,Walking Downstairs,-0.0152239903799669,0.7299652467832414,1.110032033605802,0.1239011907149718,0.2572136189732376,-0.0213390870346427,1.3286279189545283,0.2862965376691966
592,17,151,Walking Downstairs,-0.1583148791365342,1.0041623730248452,1.47101605576127,0.3093785900237426,-0.016565649033784,-0.0382407708692165,1.7880978465012332,0.312172851557693
593,20,152,Walking Downstairs,-0.2115041493635478,0.6523889275650916,1.576188588002275,0.4620555880612504,0.0103198878006258,-0.2801012450652366,1.718928673027515,0.5404244387793183
594,16,153,Walking Downstairs,0.1636391609134461,1.2753213400913466,1.7522428100622849,0.1426933267429693,0.0709327817316668,-0.0890416109867688,2.1733792031975963,0.18254110087398712
595,10,154,Walking Downstairs,0.1861188601944811,0.6469498131000965,1.3385765927250113,0.1021008851353637,0.0012402675818825,-0.0489807811186744,1.4983229242662088,0.11324860232292004
596,19,155,Walking Downstairs,0.4305766691290511,0.3129440484601465,1.8005757208965727,0.0979489083527765,0.1971281162325155,-0.205890994125398,1.8776057019904653,0.3014043535167092
597,7,156,Walking Downstairs,0.5063711600965434,0.91838038314628,1.7245132314450404,0.3075429504218869,0.002104428200767,-0.1231678144938232,2.0183607619438213,0.33129655219974175
598,30,157,Walking Downstairs,0.3649245948273272,0.2108954231241376,1.415170739375056,0.2882098703183695,-0.1347813578505554,0.0383464808068033,1.4766025399503893,0.32047058580037785
599,19,158,Walking Downstairs,0.6000301068917461,0.311690143934084,1.804815266477416,0.2788462674694877,0.1482939471592969,-0.0906776059710231,1.927315495997507,0.32858600680854555
600,29,159,Walking Downstairs,0.5940881693491125,0.1303493514997384,1.403068438822722,0.2085474932706445,-0.0871029864824567,-0.1458603430614834,1.529226193346626,0.26898741026606837
601,7,160,Walking Downstairs,0.0904598642677767,0.038057270305656,1.46645018899583,0.048180176158406,-0.1641747415503966,0.2149078285479498,1.469730417346109,0.2746999270276378
602,8,161,Walking Downstairs,0.5062833378628252,0.2707026962909612,1.3391799353452156,0.3195031355737536,-0.1826777076729671,-0.0277271615879388,1.4570537626346998,0.3690829094009015
603,21,162,Walking Downstairs,1.2246557905506217,-0.2462249936176883,0.9117166922226844,0.1151278974190194,-0.1795992572067456,0.1623112691707854,1.546491474172642,0.26805834076403995
604,3,163,Walking Downstairs,1.2283889897833666,-0.0770075090164676,0.7211990802650137,-0.0284310598471225,-0.0292930462226521,-0.0379638507793732,1.4265334836732795,0.05574640514895655
605,8,164,Walking Downstairs,0.7280226510108619,0.0354693532887696,0.8588607301856781,0.2020650153637815,-0.1321946195489114,0.0798999717368059,1.1264620762647464,0.2543416862317089
606,19,165,Walking Downstairs,0.6686466405154782,0.0631698921785078,0.8053352040724463,0.0693885517143461,-0.1721066648949124,-0.0906648862488634,1.0486389064253185,0.2065323141999418
607,13,166,Walking Downstairs,0.814576773901175,-0.1404924479683515,0.7397690033664206,0.2875784180893102,0.0250379498248042,0.1439675736413004,1.1092933006455656,0.3225754295391122
608,10,167,Walking Downstairs,0.7173942555144763,-0.2831829770274475,0.70658325711456,0.2538217059783348,-0.0365208725901506,-0.1005387910533179,1.0459957053247964,0.2754401587767495
609,20,168,Walking Downstairs,0.8493239570221445,-0.3839223746107467,0.6037723191957755,0.0035981961634108,-0.0066544049769497,-0.0048113894525323,1.110535270545494,0.00896535496740515
610,10,169,Walking Downstairs,0.3532656547949151,0.0998612864783943,0.3245218373307834,0.191072307407468,0.0031154536120206,-0.2403376486230995,0.48998298164257453,0.30705132804614776
611,14,170,Walking Downstairs,0.6819599706467296,-0.6441925961191354,0.1790949598209249,0.397143076381728,0.1608305281142194,0.062038856659337,0.9550541906575032,0.43294099092952554
612,29,171,Walking Downstairs,0.2898095326315558,-0.6092350631900026,0.1981181040266758,0.1206272257165626,-0.1253299785970119,-0.0741665288142249,0.7031413162141534,0.18910104472359018
613,14,172,Walking Downstairs,-0.0337253047657271,-0.5498871029172152,0.4194487187902061,0.4440951310113979,-0.0802006042025643,0.0355320707547924,0.6924236057724885,0.4526755464508886
614,18,173,Walking Downstairs,0.3143364576450564,-0.6924614640242773,0.5787591913403568,0.3330275024220857,0.0392893314237048,-0.0306767646057354,0.955652912580939,0.3367373350549204
615,14,174,Walking Downstairs,-0.1476278927205505,-0.8429984306056465,0.4437788514802384,0.1051233885084679,0.0527908760025197,0.1435953442784412,0.9640435766778455,0.18562711628169992
616,20,175,Walking Downstairs,-0.1270239159836136,-0.6111716616133954,0.49128443554543,0.2034093394873005,-0.0828395495013331,0.0722274778327729,0.7943716207168297,0.23120241976745698
617,21,176,Walking Downstairs,0.2232908034560319,-0.7356700706451185,0.6891906803487036,0.0896033685185804,0.0303845412354419,0.1074262082671416,1.0324984404978745,0.14315157777202484
618,6,177,Walking Downstairs,-0.0287946083939172,-0.1664490689036981,1.1842414218965525,0.2030966682339581,-0.0381632920568483,0.0563636063382423,1.1962283090393053,0.21419978904705553
619,14,178,Walking Downstairs,0.0902988032868838,-0.5753827545780336,1.128976034545495,0.3224344401324979,0.206739586004287,0.0205146422625006,1.270356672245602,0.38357016978897057
620,17,179,Walking Downstairs,-0.2802786703720106,-0.2885393938582928,1.3902211898862291,0.2014824191539533,0.0006223738390824,0.0234457099126558,1.4472477575323086,0.2028429291117472
621,10,180,Walking Downstairs,-0.6387746346860124,-0.943476999698611,1.2050857510581576,0.1242313868386389,-0.0772588816767003,0.0761652770508005,1.658437080591828,0.16493490140661896
622,9,181,Walking Downstairs,-0.441022266582899,-0.5033955720062291,1.262002294409499,0.1846029356494865,0.0704709194093808,0.0713942949812162,1.4284808478352926,0.21009888074113295
623,17,182,Walking Downstairs,-0.4312566800896097,0.0049792823203953,1.5601843295444906,0.1568175664629065,-0.0208514867234592,0.0110612529032199,1.6186977048017737,0.15858399971534232
624,24,183,Walking Downstairs,-0.5600320583967001,-0.4383480939764727,1.3854967633410713,0.1244843429896858,-0.0179202284485797,-0.0198321564026924,1.5573651592203532,0.12732164256246412
625,1,184,Walking Downstairs,-0.6155529543497752,-0.3484964199328238,1.8214084907868,0.2280945917728739,0.0478923846357903,-0.0649920361720705,1.953940655348821,0.2419603026695251
626,16,185,Walking Downstairs,-0.4864381028163733,-0.202592361909408,1.8265722020172328,0.3256152554933385,0.0706482747457375,-0.0118100890389336,1.9010606781893384,0.3334005871885184
627,13,186,Walking Downstairs,-0.4061201289920544,-0.3565025415831695,1.5511659645802789,0.2617717677540434,0.0498335628318544,-0.0988927799116805,1.6426026515868193,0.2842316384504957
628,28,187,Walking Downstairs,-0.6850982920520847,-0.1476897601624145,1.2304086840827066,0.2136487212889488,-0.0188781399418159,-0.0192351531387622,1.416007579392022,0.21534194062545584
629,20,188,Walking Downstairs,-0.9542767266880012,-0.2290100493892515,1.0846368961493278,0.1822900000591031,-0.0474772264951201,-0.0611972611601107,1.4627121624940709,0.19806270706701837
630,14,189,Walking Downstairs,-0.4275750961212375,0.2379223643253109,1.4398648393490072,0.1955264335752165,0.1231427601728236,-0.0023709431803021,1.520736094745822,0.2310851509318358
631,27,190,Walking Downstairs,-1.0570277558438264,0.0270937879191676,1.4336450363304427,0.5131846427451707,0.0073932415427371,-0.0918426618144365,1.7813982822948273,0.5213906521018177
632,21,191,Walking Downstairs,-0.9155421710658574,0.3345271193888092,0.8703604120968109,0.3060414121685866,0.0981253927515494,-0.0011455317790028102,1.306772018200531,0.32138956253718826
633,30,192,Walking Downstairs,-0.4877400713605596,0.3271877557782393,0.8953903618816075,0.462049478685003,-0.0422015255532619,0.0930902760539891,1.0708249646382364,0.4732192821598815
634,16,193,Walking Downstairs,-1.123246504278734,0.6522984705358296,1.1334426832146391,0.2435800544551965,0.067052524168531,0.0670218217929075,1.7239107634012207,0.2613794340077432
635,17,194,Walking Downstairs,-0.4012737501613668,0.24853489418998,0.6415751632866697,0.3752331771854758,0.1169589228840243,-0.0847650602538951,0.7964979010298198,0.4020751700151904
636,14,195,Walking Downstairs,-0.6336293707196836,0.3476101580072226,0.7423922666534584,0.1200018263027523,0.0428055166843143,0.0896216172761153,1.0360816951260592,0.15577157910797956
637,10,196,Walking Downstairs,-0.1731753490189009,0.4793814841093135,0.4714597010102364,0.1227304522641772,0.1220612817144246,-0.0919824536374644,0.694313011898328,0.196016560993978
638,1,197,Walking Downstairs,-0.2513375656095232,0.5780495983073589,0.2409553590760707,0.1669076227412015,0.165944668684888,0.0241989051161376,0.6748121183390963,0.23660383471718358
639,22,198,Walking Downstairs,-0.1847482881208278,0.597678991010434,0.9453251296215444,0.2742148609610726,-0.0456749816479637,0.1704033501344525,1.1335747469632589,0.32606333074647786
640,3,199,Walking Downstairs,-0.5906315211733824,0.6789176104437779,0.664274058179207,0.2260560858768295,-0.2079961253577694,-0.0475101557292717,1.1184966427952054,0.3108391175885318
641,30,200,Walking Downstairs,-0.0047567482337775,0.4838771939109914,0.2061699006582419,0.1728359674620224,0.0433437460864795,0.1605835359526383,0.525990297798699,0.2398708485672962
642,6,201,Walking Downstairs,0.2332852332818239,0.7833423863283159,0.1241926906937792,0.080648098320787,0.0639902425456516,-0.1614565317519473,0.8267231209465816,0.1914864970413794
643,22,202,Walking Downstairs,0.1484941346567677,0.4174758444606192,0.2335743573469826,0.2287054722518617,0.0604380345028864,0.1273822524496508,0.5008927721035963,0.2686730118409099
644,27,203,Walking Downstairs,0.3007280915273285,0.6768385303101634,0.3646180997296341,0.1114911604986577,-0.0613052505994977,0.049192270197668,0.8255265833372906,0.13641294684744937
645,16,204,Walking Downstairs,-0.2318181026959533,0.4565674831294997,0.8028867172865266,0.2495058057364967,-0.1700410695723583,0.2826985417917781,0.9522712744716667,0.4136249242595612
646,13,205,Walking Downstairs,0.3148198923429138,0.686377646691503,0.7907680556536151,0.1958885440607776,-0.0873088418185673,0.2546009982079128,1.0934074978409323,0.33289160975070614
647,28,206,Walking Downstairs,0.5798910938203035,0.6851438901239344,0.6894813873465301,0.3933036230088328,-0.1011759189614099,0.0339944157780774,1.1318482293857077,0.4075290501959985
648,19,207,Walking Downstairs,0.0880538254893472,0.0385269847094537,1.0576474263144304,0.142908087936611,-0.2387001085556727,0.064873140353649,1.0620055946762472,0.2856728684378905
649,6,208,Walking Downstairs,0.8335067382709439,0.3815797518565896,1.1483750431464683,0.3465247508140696,0.1346553623801888,-0.0412242862590838,1.4693882500862927,0.3740466699785788
650,30,209,Walking Downstairs,0.020277852053400276,0.4399634044771454,1.37775649502491,0.2240308269586479,-0.0144102294082493,0.1655798795705265,1.4464411319325596,0.27895190025874367
651,14,210,Walking Downstairs,0.7194669378086578,0.6876054899958295,1.3418698375518503,0.4347568138355256,0.065101853224266,0.3925231346657507,1.6706431831494124,0.5893438297950346
652,29,211,Walking Downstairs,0.3733344507035948,0.0631566301075148,1.5843943605623656,0.287668086357479,0.2340166781010022,-0.080204961995944,1.629009779525746,0.3794068653395361
653,7,212,Walking Downstairs,0.9294548117052496,0.2971720571666305,1.4323754077169846,0.4089310566305038,0.1475189917578496,0.0719501423748452,1.733175348080824,0.44063963166509806
654,28,213,Walking Downstairs,0.7242227166575249,0.1046018014153415,1.638105235785212,0.316894216110317,0.0037361823533973,-0.1018229970423169,1.794109484866814,0.3328720865278881
655,17,214,Walking Downstairs,0.5088046032285476,0.0187668789702562,1.6733450403944714,0.2658412551946499,0.0600975760255333,-0.0752785111100254,1.7490906049217745,0.2827545682081086
656,22,215,Walking Downstairs,1.002244984233314,-0.1767051216346583,1.6001845149970242,0.2978863484798942,-0.2203812242850087,-0.0948641339667503,1.896393996633879,0.3824962281399724
657,16,216,Walking Downstairs,0.2565199940609836,0.0546624280325067,1.896384911085017,0.1956653594611501,0.0350175320911572,0.1342904501821231,1.9144362667329473,0.23988556742108016
658,10,217,Walking Downstairs,0.5146887639156021,-0.0814890590748677,1.4622524466796876,0.1826877248000184,-0.0959203757189968,0.0411176639033764,1.5523296068395431,0.21039530782684246
659,27,218,Walking Downstairs,0.5392381242547714,-0.6415241256510364,1.3032157143604484,0.2873519305644648,0.2212939696073123,0.0472469999177277,1.5494199419776888,0.3657518721550347
660,4,219,Walking Downstairs,0.4446840644418648,-0.2493811345817299,1.3355683624957202,0.1946057739162952,-0.1150150926834316,0.1690138613095627,1.4295725649134803,0.2822508885748753
661,4,0,Sitting,0.0478715520167561,-0.0278246962678522,0.9753795561129032,0.0646155152320617,-0.0124972941135008,-0.0119012101954971,0.9769499361266651,0.06688038556244681
662,26,1,Sitting,-0.0078236543351718,0.0248308431487342,0.9734886530624278,0.007457468715622,-0.0151497181654308,0.022423342488129,0.973836710121329,0.028070163670281586
663,14,2,Sitting,0.0270652370222293,-0.0156852724303822,0.960430138229604,0.0643574653728197,-0.0032933574983939,-0.0077589728917247,0.9609394389065427,0.06490709678579401
664,23,3,Sitting,0.0657685419813203,-0.0433416215320431,0.9643163593735602,0.0351793169702957,4.726821543144781e-06,0.0045431985883062,0.9675277971339391,0.03547146766419687
665,15,4,Sitting,0.0201748947811422,-0.142683237765048,1.0195779366058937,0.0356628999035679,0.0007603754261505,0.0043040779144329,1.0297109796113078,0.03592973263209881
666,12,5,Sitting,-0.0017206972604879,-0.0031567255833233,1.0367826525862471,0.0255135860490962,-0.0165845108736855,0.0529161754208918,1.036788886137986,0.06104187656993044
667,11,6,Sitting,0.0060085747476045,-0.089739615052522,1.006988104903085,0.0186685528629366,-0.0077432764998751,0.0182886316509946,1.0109967086477478,0.027257058620026076
668,18,7,Sitting,0.0283205741026844,0.0341045714744891,0.8937277096964882,0.0671456654720077,-0.0208579229414828,0.0267498142501426,0.894826461271846,0.07522729493693585
669,12,8,Sitting,0.0346399645070808,-0.0512990868545028,1.009095390689171,0.0267588753137149,0.0005081925013426,-0.0043727645339972,1.0109921023248838,0.02711856812855622
670,8,9,Sitting,-0.1223166303943445,0.0673070490590752,0.9951335706070384,0.0265159930087108,-0.0098057265745209,0.0062730425864184,1.0048793063215011,0.028958612228200516
671,4,10,Sitting,-0.1353105335084426,0.0244277881924965,1.0311461798774093,0.0315064430681414,-0.0200883003158251,0.0015563719655624,1.040273089909612,0.03739810233260509
672,26,11,Sitting,-0.0878719420988153,-0.0616338358012595,0.9549581238097504,0.0497689337406022,-0.006345691632646,-0.007837662206088,0.9609709809115116,0.050780345773043196
673,7,12,Sitting,0.0211477498313228,0.0203396706284895,0.9778179552874736,0.0245634958163563,-0.0382621127003001,0.0169529593086622,0.9782580861954474,0.04852584285029757
674,30,13,Sitting,0.0268985823453827,-0.0107499595928048,0.9917663978898248,0.0478825245895684,-0.0272074262788974,-0.0103229233021915,0.9921893384565249,0.05603162456412617
675,12,14,Sitting,0.1062905569492047,0.052539331911198,0.8678384415318782,0.0085091715338004,-0.002316049283756,-0.0082677037112674,0.875900464947203,0.012088217781531341
676,17,15,Sitting,-0.0794629324846133,0.1166857342590293,1.0187523948389547,0.0433092856501041,-0.0121102616115637,0.012639797575615,1.0284874137337454,0.04671313672378841
677,23,16,Sitting,-0.0170005904224499,0.0366601175895155,0.902260146096382,0.0629479875473922,0.0031918112576678,0.0224165236536574,0.9031646336799586,0.06689646723173205
678,17,17,Sitting,-0.0645251853971291,-0.0553899074416915,0.9302859867040112,0.0393802092716346,0.0011547077835693,-0.0081272068365456,0.9341646313443839,0.040226679247822146
679,24,18,Sitting,-0.0759957761838505,-0.0029090340282393,0.972064793224684,0.0230018776337304,0.0270740660073031,-0.0014406993683728,0.9750352725433634,0.03555512676837114
680,19,19,Sitting,0.0762025760356155,-0.0319951309609617,1.0146865770279194,0.0340291697155141,-0.0297083904165671,0.0249959203596184,1.0180468410639605,0.051627210725496524
681,7,20,Sitting,0.0447850931779776,-0.0451217233476935,0.990109337105214,0.0198300837013412,0.0216299734483593,0.0054496635803868,0.992148262061549,0.029846051734162767
682,10,21,Sitting,0.0220232116008532,0.0814910488262987,1.0693804778139413,0.0483934943823849,-0.0248802285731556,-0.0121743845915419,1.0727070519100728,0.055759947207410086
683,26,22,Sitting,0.0436520216175479,0.010239116505003,0.9165692539821644,0.0316969762723035,-0.0261469658750786,-0.0009302385412207,0.9176652635049032,0.041100212566640926
684,8,23,Sitting,-0.099322350239231,0.0317296496030767,1.0226777575620445,0.0683890986335704,0.0148377825662034,-0.0074009994768937,1.027979326510563,0.07037047247710598
685,13,24,Sitting,-0.0838598328567107,-0.0577483562208651,1.0199885519245069,-0.0027693690980887,-0.0006503137363429,-0.0178546076120723,1.025058042390781,0.018079804372232434
686,30,25,Sitting,0.0060784233091958,-0.0646641814828358,1.0254548882473111,0.0353382299141793,0.0245064035454232,0.0001178543467783,1.0275096746148313,0.043004281157177617
687,5,26,Sitting,-0.0148131513496369,-0.0806541838210038,1.0243682352823265,0.0453223793105172,0.0432109306421243,-0.010882129835577,1.0276452735628998,0.06355881798053854
688,23,27,Sitting,-0.0160676744205109,-0.0345455114662929,1.0127268220678731,0.0416795843533932,-0.0009340597774989,0.019010703545278,1.013443229125068,0.04581994182477763
689,20,28,Sitting,0.0591704428734427,0.0323098712184649,0.9992782048060632,0.0294886087867499,0.0424666857777989,-0.0142976513879863,1.0015497989058864,0.053641590993749225
690,17,29,Sitting,0.0178759906181048,-0.0450131442145279,1.1071372449172785,0.050519460753986,-0.01187112287972,0.0089704123850464,1.1081961077695943,0.052665052659773705
691,20,30,Sitting,-0.0309974857184843,0.0454898530336903,1.0233583234662649,0.0387747274930041,-0.0007335949467407,0.0075434536204938,1.024837757431672,0.03950849713956673
692,24,31,Sitting,0.0137632596895475,0.003545599981501,0.9615390450407462,0.0646409092133436,-0.0183823490085995,0.0074836338303955,0.9616440785105375,0.06761924780940061
693,13,32,Sitting,0.1055728361669579,-0.0542089522334304,0.95588420429438,0.018028183892918,0.0056606383916356,-0.0240283865424512,0.9632231549636261,0.030568310409821095
694,7,33,Sitting,-0.0287117096854659,-0.1291419493712571,1.0144252812476855,0.0262462399717654,-0.0260409930188074,0.018998164552046,1.023015472314528,0.0415683616036005
695,27,34,Sitting,0.0478166214016929,-0.0420624494392682,1.0960942826737257,0.0481171344312075,-0.0176408377402954,-0.0160489446636803,1.0979427833203026,0.05370313218861818
696,7,35,Sitting,0.0363315123134585,-0.01574268784261,0.989839449578718,0.0572641800810117,-0.0131020552839742,0.0015976410130704,0.9906310851925616,0.05876565859259554
697,9,36,Sitting,0.048547049303136,-0.0095767600512403,0.9826656471488404,0.0045707294058836,-0.0184842873716409,0.0055712864650578,0.983910719738112,0.019839346758775817
698,7,37,Sitting,-0.0082729313365341,0.0044956247139735,1.0623552165780437,0.0142218455914101,-0.0041331552890713,0.0033024418596963,1.0623969400487983,0.015173990474036924
699,29,38,Sitting,0.085888626835645,0.0545152080967888,1.0174079996253254,0.0663990561382502,-0.0262306673931774,-0.0001352099193494,1.022481198768542,0.07139258259556305
700,2,39,Sitting,0.0219802181360436,-0.0548733028076353,1.0180428725090638,0.0156348063587121,0.0120847530697994,0.0185121084422558,1.0197575690412073,0.02707741837048519
701,23,40,Sitting,-0.1111678689038967,-0.058007611269962,1.0338826001927897,0.0353709762614664,-0.0471450458096185,0.0217495317176942,1.041458788922195,0.06282358980525733
702,10,41,Sitting,0.0081993903752299,-0.0491444798400027,1.0596973358539998,0.0231430497741292,-0.0120479120580737,0.0062711713927456,1.0608679717652592,0.026834316247001524
703,13,42,Sitting,0.0974152306783731,0.0215826899342463,1.0277431395310193,0.0488512313114844,-0.0219972143189636,0.0112725959001596,1.0325751791157847,0.05474843976563046
704,14,43,Sitting,-0.0440444080886116,0.0191086840077948,0.9863519423435596,0.0437711457244987,0.002066810637613,-0.0537780297393727,0.9875197242856968,0.06937046480236315
705,13,44,Sitting,0.0385291771379557,0.0267557009003072,0.9938448432274852,0.0637378296087821,0.005449029759629,0.0076592827533793,0.9949512236443852,0.06442722608382016
706,4,45,Sitting,0.0626695136430341,0.0217555799817959,0.9461189347951476,-0.0076709047411433,-0.0083496157853164,0.0133165467029195,0.948441781016897,0.017489690660533016
707,13,46,Sitting,0.0480707023369037,0.0089236905552163,1.077283964215731,0.0298337076253884,0.0081832594649345,0.0088529886293687,1.0783928617311267,0.03217749607752799
708,12,47,Sitting,0.0900961123578715,-0.1023982383800566,0.9724955035268106,0.0498490318442988,0.0270531883961263,0.0042012514712364,0.9820133466838452,0.05687223832534451
709,14,48,Sitting,0.0454271021204666,0.0521221605139009,0.9784202992799615,0.040780377963107,0.0206592270922094,0.0330830323823029,0.9808601446010485,0.05642986729091115
710,6,49,Sitting,0.0445562975541175,0.0026483337999355,0.9967554894377256,0.0447544397508884,-0.0020242747433903,0.0033187087328917,0.9977543700971131,0.04492294951699409
711,29,50,Sitting,0.0778234317894695,-0.0684110836289207,0.9740732943728192,0.0367078820649067,0.0348422703980511,-0.0073969522349157,0.9795689591392176,0.05114848301316112
712,19,51,Sitting,-0.0399609488376237,-0.0330490150400276,1.0995338300566788,-0.0142160723863553,-0.0175479152126002,0.0477975524102921,1.1007559939724283,0.05286427961125848
713,23,52,Sitting,-0.0663590969603531,-0.0025150789304862,1.0040472739640718,0.0498071918033481,0.0321912850493948,0.0067996544223862,1.0062409173384392,0.059693136026940076
714,21,53,Sitting,-0.0323872981807776,0.0472250665258922,0.9581048381882284,0.0169165938201919,-0.0307984052592377,-0.027389746903757,0.9598145784220601,0.04455234167180735
715,28,54,Sitting,-0.0706673860620522,0.018794191642483,0.928035890450558,-0.020014160285433,-0.0182684560553156,-0.0082575438351248,0.9309123025595363,0.02832825671948432
716,4,55,Sitting,-0.0363269692723179,0.091171480758551,0.963187446442651,0.0504161606059859,-0.000332195494415,-0.0007403326992704,0.9681745424172923,0.05042269029515069
717,15,56,Sitting,-0.003526959094846,-0.045905767613845,1.010201458855274,0.0308656314290854,-0.016530988830853,0.0173581509447604,1.0112501008227375,0.03908025331881841
718,28,57,Sitting,0.0256104288012855,-0.0268837640485348,1.0087295828221186,0.0335331058737156,-0.0151828414021072,0.0012336840078703,1.0094127015712098,0.03683082728925099
719,24,58,Sitting,-0.0566960301372059,-0.0973660398159914,0.978483558787682,0.0449219865427151,-0.01215653868413,0.0441124021127644,0.9849490648559321,0.06412230756827803
720,3,59,Sitting,0.0531411392191639,0.0782598079596286,1.0477145807244257,0.067425137061425,-0.0137725347107694,-0.0448129042490258,1.0519764355164747,0.08212203241118457
721,5,60,Sitting,0.0334931145328522,0.0090910183048787,1.016528356658067,0.0581159250467227,0.0066860075530937,0.0139809762328428,1.017120609969575,0.060146746690570324
722,21,61,Sitting,-0.0563737645111655,-0.0657236213529622,1.096846835381469,0.0367657768650736,-0.0109065107103073,-0.0108744036370745,1.1002593221669388,0.03986134692692218
723,13,62,Sitting,-0.0425375412627505,-0.0769888681562195,0.9099747758667694,0.0315874233910476,-0.0103762027306069,0.0193752874952576,0.9142159596891936,0.038481588651143823
724,2,63,Sitting,0.0175845991960149,0.0159190608046789,0.955412775546733,0.0328820027238504,0.0063175193135502,0.0125334254449718,0.9557071760239637,0.03575225736639648
725,1,64,Sitting,0.0647474267594525,0.0004793585344765,1.0475708271110609,0.0264275863496898,-0.0317202964149512,0.0046962822903241,1.0495699580641242,0.04155297332650323
726,1,65,Sitting,0.0435194437887975,0.0345208399084541,1.0253311996862464,0.0288997280957877,-0.0141180594002978,0.0096552447082661,1.0268347965596554,0.033581805127439156
727,26,66,Sitting,-0.0336539454506295,0.0665654513515234,0.947028069127144,0.0247883408711567,0.0286374412159791,0.0152001839103434,0.9499608997599389,0.04081189132411752
728,24,67,Sitting,-0.0214805583534613,0.017242842578613,1.0092875346714305,-0.0130482426371041,-0.0158632941157841,-0.0008898157994124,1.0096633387671858,0.020559487062606786
729,14,68,Sitting,0.0148261538898252,0.0677689387768751,0.9807078529207643,0.0164910410678498,0.0056849040239432,-0.0057159083374365,0.9831583477154452,0.018356039261914057
730,13,69,Sitting,-0.0093638100493141,-0.0175064231491847,1.1345102680006591,-0.004212324567464,-0.0067958433048213,-6.455794884686092e-05,1.134683966569126,0.007995707111575847
731,26,70,Sitting,0.0539895499276969,0.0487954607231783,0.9971347228906876,0.0302632092814853,-0.0019592445990538,-0.0018337664388366,0.9997867393013726,0.03038195475551405
732,3,71,Sitting,-0.0047023816875457,-0.0112799460910079,1.0151469588755435,0.0481812111344876,-0.021529552582975,-0.0183866182365801,1.0152205167802786,0.055883973292768806
733,12,72,Sitting,0.0519838440214559,0.0150193975914277,1.0303160509559663,0.0099837808286393,0.0312365921504024,-0.0106548908925437,1.0317359483902622,0.03448082465279648
734,8,73,Sitting,0.0100923484266753,0.0512630796407023,0.9407812146522356,0.0254393237260283,0.0031355060555152,0.0500057788206323,0.9422308913814863,0.05619224595368864
735,18,74,Sitting,0.096381669037843,0.0723403887115173,1.0220806021896711,0.0176890739964631,0.0185456881893191,-0.0262169309788408,1.0291604905639617,0.03666296986357078
736,5,75,Sitting,0.0960525074206255,0.0120003184930953,0.8409865871621094,0.0290411433369428,0.0114440868661514,-0.0041479177781959,0.8465391494858919,0.03148905131012285
737,21,76,Sitting,-0.0510014500627377,-0.0783589423672564,0.9957132758171436,0.0355523991775735,-0.0060967261435906,0.0214775950662383,1.0000930953645886,0.04198130830239541
738,21,77,Sitting,-0.0510124425083434,0.0187899364399409,1.0040781982698177,0.0077574708376185,-0.0230830282141989,0.000208442784351,1.005548785113307,0.02435257673693591
739,16,78,Sitting,0.0347561887139286,-0.1035380895086779,0.8133707160928397,0.0478284378775766,-0.0016837359512434,0.0199721544664314,0.8206704883388972,0.051858281793689516
740,4,79,Sitting,-0.0528430752426864,0.0210127498715115,1.0507704077816715,0.0271693863313865,-0.0074564974790436,0.0004420995442218,1.0523081184367662,0.02817747966525956
741,22,80,Sitting,-0.0008600402707146,0.0584397802655691,0.9722838886439782,0.0117530839043955,0.0345970689419806,-0.0105810903894928,0.9740389662140889,0.038040131893442956
742,9,81,Sitting,-0.0341065250230648,-0.003948199264331,1.0040308665792388,0.028233036256455,-0.0003050931966076,-0.000695839049993,1.0046177503759512,0.028243257781290283
743,20,82,Sitting,-0.1414492475392389,0.1128525784204709,0.9911627011879266,0.0451608958403222,-0.0241167734768454,-0.0082425045718618,1.0075450830169896,0.051856187264887374
744,5,83,Sitting,-0.0403389519792248,0.0881834258705127,0.964851183589847,0.0482663997714516,-0.0113823579217809,-0.007920831443944,0.9697119954500775,0.050218950501981656
745,25,84,Sitting,0.077030707609758,-0.1133911595418071,0.921060186683534,0.0009221596004282,-0.0190312870958253,-0.0142030008958618,0.9312052150147152,0.023764795418859376
746,20,85,Sitting,-0.0968688752454233,-0.0440488647968801,0.8791171311439951,0.0171851973340655,0.0210073569984285,0.0070627912299193,0.8855341956988763,0.028045018727531984
747,22,86,Sitting,-0.0601667133767468,-0.0921650975426834,0.9316506354679432,0.0342438280293197,0.0151930936452166,0.0157914297998681,0.9381297059423257,0.040655124003477164
748,5,87,Sitting,0.0378367417489999,-0.0442534118440766,1.0014729899442394,0.0293765057243482,-0.0035208208611581,0.0356497381967967,1.0031640608962606,0.04632795162328218
749,28,88,Sitting,-0.0140806089553356,0.0727049344317694,0.9120465102979876,0.0237344200578406,-0.0092581737074336,-0.0039075701359447,0.9150481451738035,0.025774126178133912
750,18,89,Sitting,-0.095757429576373,0.0357171636202823,1.0399772369507887,0.043896568187814,-0.0152315393000939,0.0015139388387776,1.0449870116283497,0.04648871367251699
751,17,90,Sitting,-0.0199557996462907,0.1292080756302526,1.0057417226557754,0.0142182849202244,0.0031558684616184,-0.0236564287061079,1.0142038125732928,0.027780312290305236
752,6,91,Sitting,-0.0719406235509007,-0.0624673881569274,0.973341432868259,0.051396957422811,0.0101219684652946,-0.0011455317790028102,0.9779934421242692,0.0523966957068036
753,11,92,Sitting,-0.0324788613261389,0.0163200664129913,0.9623008008766952,0.0301285872947307,0.0077237771192741,-0.0061035219210227,0.9629870468332874,0.0316960799659017
754,7,93,Sitting,0.0135635753461215,0.0955637073611741,0.98968847206078,0.0556384116700861,0.0097889761778787,-0.0256767348860184,0.9943840628604138,0.06205442467856683
755,30,94,Sitting,-0.0500157529841937,-0.051290095015967,0.9945826152335911,0.0457562708414319,0.0219652722923326,0.0053930640526889,0.9971593793963994,0.05104110743378507
756,22,95,Sitting,-0.0267407733631925,-0.1249344746177924,1.0042353745250403,0.0354509783896623,0.0032012531869317,0.0368592052098083,1.0123301730935086,0.051240812829715175
757,24,96,Sitting,0.0471036550949991,-0.0577246278042959,0.9692203150481954,0.0333402193787512,-0.0135696246701811,0.0087581291872395,0.9720796809318546,0.037046049300474955
758,14,97,Sitting,0.0214145309529422,-0.0652984675832815,1.0718090025457674,0.036790430841655,-0.0302587450679894,-0.0008985000210369,1.0740097811206435,0.047643832306941636
759,29,98,Sitting,0.0583675416861444,-0.0202485841875969,1.0496762960468324,0.0382749847684787,-0.0230134556581576,-0.0247654185359439,1.0514927967260088,0.05106779372185308
760,23,99,Sitting,0.0673535922089609,0.0717590507029061,1.019374553824283,0.0611748676206505,0.0184906723582281,0.0119635027658951,1.024114421695979,0.06501841886029706
761,15,100,Sitting,0.1038857250619406,0.0321780859324963,0.9768496735233028,0.0233052749071572,0.0044937161764924,-0.0292435339846729,0.9828850175623329,0.03766315976502449
762,17,101,Sitting,0.0419803965211717,-0.0572142488816416,1.022236486529457,0.0258716440962322,-0.0046273274726823,-0.0132459227733886,1.0246966665112434,0.029431421948321174
763,9,102,Sitting,0.1133627727610412,0.0831035776229184,1.0212687372997271,0.0345573503526133,0.0147735208371254,0.0197744818968822,1.0308962880171695,0.04246760548474994
764,16,103,Sitting,-0.0497891029324517,-0.0046463320579321,0.8906825062259152,0.0546542869295656,0.0361379245097649,0.0014014459309039,0.8920851249008069,0.06553628550925052
765,4,104,Sitting,0.0365334309946218,-0.0542453499689448,0.9601990335001324,0.0459650868213425,0.0044546971964726,-0.0085419035684255,0.9624237286705271,0.046963790841222514
766,11,105,Sitting,-0.0389763379560998,0.0075501633132499,0.975432066849258,0.0155883501619473,-0.0058198556758713,0.0059428709069657,0.9762396616222576,0.01766876043972279
767,1,106,Sitting,-0.0848105158948911,0.0593438772825323,0.8356713137834,0.0271886097870023,-0.0108534729546935,0.0025931303627497,0.8420576370164667,0.029389499866557017
768,23,107,Sitting,0.0336997084681641,0.0676058884956621,0.9572557075988704,0.0452651909033359,0.0034268217879255,-0.0299519390657064,0.9602315951064833,0.054385653152990945
769,23,108,Sitting,-0.0863265076344119,0.0251698363385828,1.023397596651865,0.0398236436907588,-0.0086550954378281,0.0144769213949587,1.027340463242093,0.043248289294748284
770,25,109,Sitting,-0.0936220484365857,-0.0039497273204353,0.9661675194068524,0.0231472860138269,0.007503086280437,0.0188558744975944,0.9707009652082143,0.03078371576997519
771,25,110,Sitting,0.0468408653955466,0.0029844399266759,0.9464360674457196,0.0304858383682813,-0.0052410030888532,-0.0121915484688453,0.9475991786165702,0.03324888431906468
772,24,111,Sitting,0.02570897571935,0.0140787712622855,0.9045610181038348,0.0060982950833112,0.0074319779311007,-0.0142675125039043,0.9050357996818911,0.017204226571995933
773,6,112,Sitting,0.0468558946865513,-0.0762571702443335,0.9153077647254289,0.0643025544419176,0.006152488701843,-0.0073367114917822,0.919673276249349,0.06501152944282831
774,9,113,Sitting,-0.0560364271587758,-0.0306264509344367,0.9285656598332014,0.0504597130465853,-0.0135931451881106,0.0191368552937846,0.930758961969762,0.05565227279621234
775,8,114,Sitting,-0.0626010110170388,-0.025578095280828,0.842549993349915,0.0328865499082048,-0.0029770858447777,0.0144329980645894,0.8452594967419723,0.03603747546824641
776,10,115,Sitting,-0.1131782956790027,0.0697119816518128,1.0492359576998591,0.0569107623647266,-0.0009226240800724,0.0177431945967982,1.0576224193581407,0.05961968687126224
777,16,116,Sitting,0.0427828539122719,-0.0462697657259967,0.9009158900546238,0.0153275409321236,9.679492601223504e-05,-0.014425236143808,0.9031172154056928,0.021048285395448504
778,18,117,Sitting,0.0225644119017479,-0.108494253300241,0.8723741473830483,0.0590167800975125,0.0158165022645251,-0.0183626946284916,0.8793843350355686,0.0637991428702699
779,26,118,Sitting,0.0611704236120794,0.0251520364974363,1.0088933857710087,0.0541651964229704,-0.0127874683160213,0.000545622851631,1.0110590039742187,0.055656855406755024
780,19,119,Sitting,-0.0010709182975434,-0.0163657228602625,0.9766116693147548,0.0362751941619985,0.0006021311797467,-0.0183474837443542,0.9767493723532619,0.04065565684130137
781,11,120,Sitting,-0.0585831124659754,-0.0130940066728304,0.9822831716367968,0.0412668132215362,-0.0370843189538033,0.0155909217612655,0.9841156758012719,0.0576304904290643
782,2,121,Sitting,-0.0406194208567298,0.0731977976866232,0.9713101045290308,0.0341452372496548,0.0334912557011974,-0.0048534186538891,0.9749108544359861,0.04807407937660502
783,9,122,Sitting,0.0023427051338736,0.0249251298176093,1.0041975153646825,0.0498374034602521,-0.0119968032249284,-0.0172208491528357,1.0045095321739712,0.05407631382428284
784,11,123,Sitting,-0.0383145714226213,0.0059826225794454,0.9867508728669804,0.0474298103382455,0.0228328047468766,-0.0170771709016126,0.987512573722469,0.055340343758724646
785,27,124,Sitting,-0.0861743650987712,0.1218223794455462,1.0182801699473096,0.0433965406009026,-0.0234536467380433,-2.047480762030608e-05,1.0291555848567664,0.04932883234637187
786,14,125,Sitting,0.0305548790647851,-0.0151654614320654,1.0645423374895835,0.0754570446987495,-0.0165735994741441,-0.0178865268045921,1.0650887193858065,0.07929929151846075
787,14,126,Sitting,0.0963719496009894,0.062541319021781,0.9918683309323812,0.0356397941270153,-0.0142895134584426,0.0155754752605057,0.9984997522090167,0.04143646401281933
788,4,127,Sitting,-0.0227941094465132,-0.0156045923672999,1.0365273862917554,0.0317100885835436,-0.0041119048862123,0.0001850660967588,1.0368954128846493,0.03197611185290682
789,22,128,Sitting,0.0987895845290299,0.0351291739347649,1.048198853417456,0.0315025539132303,-0.0123864626054525,0.0114447590641145,1.053429768507814,0.035732588332891384
790,6,129,Sitting,0.0102744494760342,-0.0853577189249849,0.980315822594464,0.0335493020890728,-0.0089330126729983,0.0259303729044872,0.9840785621692879,0.043332881568683805
791,21,130,Sitting,0.0823904950733188,0.0158055156991295,1.0048832701855046,0.0186095381918206,0.0002087668309399,0.0002284436993202,1.0083790927541367,0.018612111159841307
792,25,131,Sitting,-0.0820268330420539,-0.0323716481862236,0.9806030440890182,0.0422358920209751,0.0080736269597498,-0.010173073434391,0.9845601327607424,0.044187616480120075
793,13,132,Sitting,-0.010924735760911,-0.1721772014912974,0.9709178780829074,0.0538823012024916,-0.0294316007409843,0.0019720960072719,0.9861266980189899,0.06142809347289425
794,5,133,Sitting,0.0951156728511172,-0.0456367771806288,1.0001289448256612,0.0121797154985113,0.0284765449791125,-0.0014583209724407,1.0056776883929788,0.03100622169227902
795,30,134,Sitting,0.0812580279303373,0.0396887036787288,0.9474622760501956,0.0236726363284719,0.0086612978291577,-0.0109221184636014,0.9517682621526327,0.02747188494731299
796,23,135,Sitting,-0.1270345987272316,-0.0031944479183446,0.9111872403325114,0.0632849306873652,0.0030937836608551,-0.0158405634930125,0.920005532981226,0.06531062242255047
797,26,136,Sitting,-0.1133638552724352,-0.0659677132068302,1.060979392152442,0.0740562575461168,0.0127119389809817,-0.001610744425868,1.0690558327047908,0.07515661761946481
798,10,137,Sitting,-0.0259175625392349,-0.0573897488145817,1.1235859539603843,0.0316968977173734,0.0370235220260938,0.024386591418176,1.1253491454895421,0.05449899401933341
799,3,138,Sitting,-0.0399571437455575,-0.0401427074504293,0.9952092181536556,0.0339445005705093,0.0524341841694675,-0.0188514878033082,0.9968196417586104,0.06524531692694288
800,19,139,Sitting,0.0137381961398633,0.0369904645480681,0.9999056797318482,0.0369281601111737,-0.0182841556503652,0.0018635084055469,1.0006839665252305,0.041248903265672474
801,17,140,Sitting,0.0196560350562677,0.0342120542347254,1.084756474038174,0.0513969144835009,0.0012476557362051,-0.0205057711579573,1.08547382849004,0.05535057464961771
802,2,141,Sitting,-0.0360003164826671,-0.0131778691150449,1.0151407498804867,0.0266291766737605,-0.0163753309857261,-0.0207934770596059,1.0158643714045603,0.03754508228041042
803,5,142,Sitting,-0.0140970422264741,-0.0881799265242183,0.9399684589505564,0.0281067172252247,-0.02337855291435,0.0066456632987271,0.9442007889549952,0.03715789458820096
804,11,143,Sitting,0.0444133838163412,-0.0329656211865239,0.9737783615434,0.0444050209774338,-0.0124949142016068,-0.0136978434529526,0.9753479267688939,0.04812026271928955
805,19,144,Sitting,0.0530512643227672,0.0360930001406351,1.0555386772836457,0.0003976223060711,0.0236921220688793,0.0068610870402154,1.057487134932196,0.024668791356659017
806,27,145,Sitting,0.060646883040344,0.0232297067469817,1.0029354894808094,0.030182088783664,0.0064250265955085,-0.0054555884058296,1.0050359494854753,0.03133692542276269
807,9,146,Sitting,-0.095187398673132,-0.0324945517076566,1.1226893949085988,0.0240435918874831,-0.0041769651536108,-0.0154451663336263,1.127185882717254,0.028880694448363
808,28,147,Sitting,0.0201507403731494,-0.0441758934085316,0.988863343911577,0.0498551643806137,-0.0122283598292592,0.0138006945871413,0.9900546827463692,0.053155708730289776
809,2,148,Sitting,0.0632973656831576,0.0084324596950824,1.194475544618607,0.0534543396894864,0.0056853584271194,-0.0153286772464303,1.196181211008957,0.055898641112365595
810,25,149,Sitting,-0.0058235475524484,0.085579618614002,1.1025720769375762,0.060870759257704,0.0137408653677683,-0.0219740536101725,1.105903689147773,0.06615829309865262
811,28,150,Sitting,-0.0744841426831798,-0.0892482716028455,1.0143495210746345,0.0441559903272206,0.015809099223414,0.0086998842067566,1.0209887817207808,0.047700808014585254
812,24,151,Sitting,0.0318951591445648,-0.0590791550995425,0.99370139891892,0.0086254562513964,-0.0350589597645034,0.0129612474222537,0.995966926136381,0.03836043652064845
813,19,152,Sitting,0.0523499101285832,0.0665008546728023,0.962840960522608,0.0453304441547177,-0.0115702427507387,-0.0323028803059694,0.9665534605094446,0.05685240329693009
814,13,153,Sitting,0.0073985642665475,-0.0282524327829456,0.973594659364772,0.0695685045622967,-0.0267024971978217,0.0067002448690007,0.9740325967106889,0.0748177349626313
815,23,154,Sitting,0.0544956845560394,0.0179058741705039,1.0227606609508368,0.0184644316919604,-0.0133977884825456,0.016226883878553,1.0243679854200998,0.02799549489361005
816,7,155,Sitting,0.1062478633036537,0.0288184690334512,0.946154756753714,0.0409314241430862,0.0424807607759081,0.0017923991875809,0.9525376298822549,0.05901871917729825
817,30,156,Sitting,-0.0444197619503227,-0.0025251630981832,1.0371739123675323,0.0419532453946001,-0.0134118019019453,-0.0141665554997854,1.038127745605602,0.04626707818876245
818,15,157,Sitting,0.0592970641861595,0.0714930487590087,1.090728613487315,0.0665687834569251,0.0023558401356454,-0.0054459867740528,1.0946763476580266,0.06683271418716183
819,12,158,Sitting,0.0427841569110952,-0.0589473155200554,0.9379818600688652,0.0436087785237354,-0.0031023065759699,-0.0004625242079622,0.9408056334375674,0.043721434092061334
820,22,159,Sitting,0.0643520018826116,0.0455422286991021,1.0797923949051058,0.001198118138466,0.004434463551371,0.0121570491419511,1.0826665649386633,0.012995914661999482
821,13,160,Sitting,-0.0392937384785983,-0.0504291097397351,1.001301890263595,0.0634874444521461,0.0353953145816357,-0.0142500321787824,1.003340704067275,0.07407123135532191
822,11,161,Sitting,0.0315934350296144,0.0335278711285389,1.0232575462908848,0.0419821436079366,0.0053154937928982,0.0295324771141123,1.0242940346016982,0.05160350822061731
823,20,162,Sitting,-0.063609233855896,0.0477432648528329,1.0535424024706872,0.0405119275251563,0.0197999264837977,0.0032912956002331,1.0565401780217585,0.0452115691753275
824,21,163,Sitting,0.012028063264575,0.0072744326806225,0.8789053548520198,0.0335930281066472,-0.0116943850529549,-0.0207628396183697,0.8790177554886343,0.04118671737537366
825,24,164,Sitting,0.0302524511120674,-0.0017898648566728,0.9661117989338543,0.0401829677310029,0.0173501316330564,-0.0144719022620714,0.9665869968366537,0.04609917481298501
826,7,165,Sitting,-0.0002897023365966,0.0520839899310703,0.8838399322549522,0.0339925291579054,-0.0075125989845819,-0.002342022510713,0.8853732838656371,0.03489149253750656
827,25,166,Sitting,0.0082574763124377,0.115417633225363,0.980564651564287,0.0401049426591468,0.0349080623221594,-0.0096252726215197,0.9873684478814312,0.054033555443074394
828,5,167,Sitting,0.1088805209357381,0.0003193803976264,1.1069137735518957,0.0481285196865605,0.0053743963451923,-0.0011485369330152,1.1122558931837463,0.048441280746707734
829,26,168,Sitting,0.0045474929978611,0.0538416875412014,0.9992133141401998,0.0294591009114174,-0.004388694348111,0.0173683407377034,1.0006732004830006,0.03447837763832838
830,6,169,Sitting,0.0735096873059913,-0.0400290308261022,0.9598847285531508,0.0416387810941744,0.0267318111332519,0.0200548303954698,0.9635272126651419,0.05339076736350101
831,7,170,Sitting,-0.0158445581995117,-0.0558362132813707,0.9839492486850844,0.0630771749306187,-0.0248955113537028,-0.0283301426324033,0.9856596048971888,0.07349226805836472
832,30,171,Sitting,-0.0497132492060161,0.0172386361545595,1.0372452892384454,0.0426553476100768,0.0205744945565427,-0.0308539978990937,1.038579013734841,0.05652218761115822
833,15,172,Sitting,-0.0187257192027774,0.043889658588292,0.9205944743942076,0.0350867421976587,0.0041347384853077,0.0202256431562223,0.9218303211414808,0.040709362331897196
834,26,173,Sitting,-0.0951152773564659,0.0018451529120942,0.9348858825314714,0.0438461807736448,0.0136012893879822,0.0225254792438915,0.9397137510606699,0.0511358959696392
835,2,174,Sitting,0.0556335891413274,0.0816540952486231,0.901405181808672,0.0457160361017228,0.0167739469411518,-0.0045277117617801,0.9068041625969426,0.048906251406505896
836,17,175,Sitting,-0.0726464146515065,0.0565773453665797,0.9280294703465346,0.0318788498960592,-0.0007021710115582,0.0125219159048199,0.9325862938099173,0.034257152432044434
837,17,176,Sitting,-0.0410750213296713,0.0059349287257866,1.060383428657185,0.07503037501143,-0.0263809209961285,0.0055184853112651,1.0611952678593042,0.07972429897522111
838,10,177,Sitting,-0.0651921015740575,0.0611286745924045,0.943687327161446,0.0231936561818093,-0.0103122400336199,-0.0013334814275965,0.9479095402042225,0.025417831424193498
839,2,178,Sitting,0.0290220836165108,-0.0003460527709669,0.9202065386535652,0.0477362576304283,-0.0009267766141029,0.0203303588252572,0.9206641487919139,0.051893474516694155
840,5,179,Sitting,-0.0424643267687962,-0.0961364836410596,0.9979584398390154,0.0576791720449746,0.0028164873907808,-0.0034942214855249,1.0034771996317189,0.05785351391926087
841,29,180,Sitting,0.1054659880008493,-0.0617761556930867,0.9564763445423056,0.0449755984314704,-0.0324803620730188,0.0223053366441734,0.9642543055160412,0.059793866052239714
842,22,181,Sitting,0.0374515868530413,0.0539538643086665,1.0334870207169793,0.0321803384445135,-0.0186051024277199,-0.0024513202214368,1.0355718530464735,0.037252288380412384
843,21,182,Sitting,0.029169318604583,0.0484067898328861,1.0886085178718925,0.0415059337096751,0.0161800687404157,-0.0052000329015274,1.0900745715927052,0.044850613147798646
844,28,183,Sitting,-0.0286966282804916,0.028420313449008,0.9768116276369856,0.039710751304484,-0.0185708633133698,-0.0154284844433352,0.9776462379501215,0.04647428176517286
845,9,184,Sitting,0.0532014045243657,-0.0591393701380008,1.0402368586303852,0.0256771257218826,0.0002888405835054,0.0247965272763363,1.0432739700562343,0.03569686231570129
846,22,185,Sitting,0.0484492340413769,0.0477523192813315,1.114527421507418,0.0226821115316285,-0.0172528120623695,-0.0126371397290003,1.1166015339269044,0.031174268365479804
847,17,186,Sitting,-0.1412730368575136,-0.0124456942018086,0.9673257560863052,0.0487157959294614,0.0061673391326757,-0.0105121909859633,0.9776666531262337,0.050217238119431955
848,20,187,Sitting,0.0353976507217742,0.0433957835894261,0.9538872526125154,0.0263720755308076,-0.0389438557742147,-0.0190865495514624,0.9555297370603459,0.05075831600975239
849,13,188,Sitting,0.0044499705963613,-0.0567229607615889,0.9691928807770536,0.0135567130723045,0.0029944932242972,0.0074500054052358,0.9708615435090594,0.01575607944677851
850,21,189,Sitting,0.0241419209051893,0.0007416679143155,0.9075356202099164,0.0241508108818751,-0.0071278667655734,-0.0070576679761109,0.9078569735184531,0.026151076997723895
851,30,190,Sitting,0.0855324823422611,0.0487257727610759,0.9407489332090784,0.046872050317691,0.0112052914341503,-0.0141061807766523,0.9458850679658772,0.05021485829126668
852,27,191,Sitting,0.0509319553581263,-0.0096225981567158,0.9154027905991332,0.0429660476811499,0.0037968319132541,-0.0039843585107519,0.9168690896243412,0.04331711323089932
853,4,192,Sitting,-0.0431451287333077,0.0366078302278265,0.9973929619294644,0.0379128547690939,0.0062499836775052,-0.0202052482524606,0.9989966746059934,0.043413119096133254
854,4,193,Sitting,-0.0536569813129231,-0.1325966675769725,1.0338845355094244,0.0137863245844315,0.0023199699231739,0.0064922939364421,1.0437328109538724,0.015414113226160459
855,18,194,Sitting,-0.0722410148301635,-0.0039096970884414,1.1002168252472648,0.0650005068997255,0.0172781541454716,0.0059061299293296,1.1025929042544151,0.0675165378158423
856,5,195,Sitting,-0.0603063833307226,0.0431172975234631,0.9905187262751896,0.0448092448172747,-0.011074760459912,-0.0030263294746987,0.9932891363132805,0.04625664720262721
857,4,196,Sitting,0.0147766854896315,0.0296233628676148,0.965248300928506,0.0114925220880714,0.0284337381982464,0.0435619479579087,0.9658158087891363,0.05327474863158691
858,27,197,Sitting,0.0268452426721427,-0.0794395256838066,0.9536082929894274,0.0439095574583919,0.0234695232044225,-0.0212255861044824,0.9572878782023744,0.054123869605872996
859,29,198,Sitting,0.0117559238666381,0.0518747070771524,0.9793839343359771,0.0076332429018663,0.0108709572904257,0.0196839293904966,0.9808272415750473,0.023746603669982106
860,23,199,Sitting,-0.0049554877047096,0.0243144054783858,0.9715305262343756,0.0201989760922968,0.0179624494095763,0.006781177336753,0.9718473700007639,0.027868128570846987
861,16,200,Sitting,0.0901269088796767,-0.0632905400591143,0.9668784239104348,0.0377638336046071,-0.0098754816608217,0.0137048893672678,0.9731302270450273,0.04136975053246911
862,25,201,Sitting,-0.011243953254239,-0.0595519684498313,1.0039463005112597,0.0379809284891187,0.0163569361006857,0.0068799658050799,1.0057738501975868,0.041921763047092046
863,10,202,Sitting,0.0192175010404334,-0.0112933512775158,0.957026853093324,0.040054671154039,-0.0058296834029637,0.0295718958577177,0.9572863989794419,0.05012842421677242
864,9,203,Sitting,0.0805309376863931,0.0379703479410964,1.0227080163575792,0.0334607166078294,-0.0220696652985748,-0.0037830139081343,1.0265761861496068,0.040261655163812186
865,26,204,Sitting,0.0137673884666797,0.0281721820209495,1.0552798118726612,0.0228873037453748,-0.0119538231261576,0.0253899918955052,1.0557455631784645,0.03621290168597826
866,24,205,Sitting,0.0462588953515889,-0.0234462565279992,0.9935673298628658,0.0332025059331892,0.0005525471399242,0.0082719541141757,0.9949199220616455,0.034221877994235365
867,10,206,Sitting,0.0113853936697591,0.039755889025515,0.8988113976285914,0.0265142501263703,0.0215042625475405,0.0070405193487407,0.89976223882106,0.03485696028309515
868,19,207,Sitting,-0.2633468750918902,0.0404413921389718,1.1150898636777262,7.161724290361687e-05,0.0265892843237964,-0.0485092235359537,1.1464782976121317,0.05531853159604194
869,25,208,Sitting,-0.0005189175607344,-0.1409982729146769,1.0267682696343872,0.055139695610161,0.0063680225668775,0.0102344836485432,1.0364042945532164,0.05644184971229919
870,25,209,Sitting,-0.0247005667403437,-0.1116833853132613,1.0415118413402238,0.0656206935903101,0.0197676649489805,-0.0347878270180235,1.0477739318212818,0.07685719818887782
871,4,210,Sitting,-0.0507580645078404,-0.0955785270768086,1.0026513951733624,0.0418847765906591,-0.0250294324567414,0.0135997480373217,1.0084748168367144,0.050653333018022016
872,26,211,Sitting,0.0360662366412008,-0.0328895474906221,0.9896486808409608,0.0008784794260719,-0.0058145877350237,0.0001292370472807,0.9908516575400431,0.005881994461465387
873,20,212,Sitting,0.0227326147212104,0.0146545045938343,0.9841393781640596,0.0400084114947005,0.0175355598829293,-0.0016712162829187,0.9845109658760006,0.04371454923250811
874,16,213,Sitting,0.0190556934499006,-0.0111702637598471,0.9611944650112256,0.044150394171058,-0.0097164540229785,0.0067575707673633,0.9614482273183187,0.04570920636935594
875,11,214,Sitting,-0.0182360805912085,-0.0196885699287996,0.9695127404550588,0.0061984794884422,0.0067006641653296,0.0040520694423706,0.9698840901498738,0.009986957243873856
876,23,215,Sitting,0.0509802151469096,-0.0318874141384076,1.1137230175286,0.0283546209126314,-0.0153144187384071,-0.0173894860972466,1.1153451256404314,0.036618440369855204
877,15,216,Sitting,0.0919576735435876,0.0822640434461197,1.0360447097730854,0.0193184458639238,0.0316971844272846,-0.0061550853266289,1.0433658165842175,0.0376271036168442
878,22,217,Sitting,-0.0161415498735991,0.0862355448261645,1.0395346350688524,0.0735193049282053,0.0043526395555828,-0.0069480389926276,1.043230260456204,0.0739750560261385
879,7,218,Sitting,-0.1108197706314376,-0.0167157463683722,1.068675600329643,0.0454795980214812,0.0003553901148071,-0.0174113527667857,1.0745361680647976,0.04869984952234119
880,3,219,Sitting,0.0136123810807642,0.0607688223117223,1.025843155388199,0.0379178654685837,-0.0139467589324211,0.0151756817469602,1.0277316411109751,0.04315759403509075
881,22,0,Standing,0.0153138283546058,0.1028128792377839,0.9396650645067262,0.0263794581794795,-0.0001186648518708,-0.0069387422108486,0.9453969721394644,0.02727702400663587
882,4,1,Standing,0.0414549697023591,0.018898040574212,1.0060920149018928,0.0419590884175392,0.0002512606360761,0.0476979673323527,1.0071230276882357,0.06352735096300097
883,18,2,Standing,0.0078112839395881,-0.068418721982931,0.978261986907863,0.0472106652269971,-0.020031852755398,-0.0323633576145293,0.9806827482440397,0.06064246822215807
884,1,3,Standing,0.0012926188475029,0.0548297802989991,1.001695249147845,0.0249581309606048,-0.0278773190661146,0.0067838118405329,1.0031955680905318,0.03802727077307035
885,3,4,Standing,-0.071269299964044,0.0453812979478887,1.0306278210356845,0.0469847391382101,0.0087528763775001,0.0098052406321697,1.034085335363365,0.048788536569774284
886,5,5,Standing,0.0208288359480695,0.0347388928600478,0.9272496892350433,0.0074841084956772,-0.0110401185028465,-0.0019473025750882,0.9281339436043582,0.013479172224246801
887,15,6,Standing,0.012987266129154,0.0446842324582412,1.045939811943214,0.0169142233755931,0.003578641650757,-0.0127174732158275,1.046974421807762,0.021462333364741185
888,5,7,Standing,-0.0075298815341426,0.0128716547619397,0.8636515169411324,0.0661686605945952,0.0084961301609621,-0.008935549131201,0.863780250600202,0.06730765120601707
889,7,8,Standing,-0.0138972468194477,0.0053007754331223,0.980515367584095,0.05477987756165,-0.0015747705945882,0.0022422615110926,0.9806281750785697,0.05484836027429692
890,25,9,Standing,0.0481512861210178,0.023405578298443,0.9978260773946372,0.0466558645853619,0.0380772484414192,0.0047611567319913,0.9992613512887213,0.06040956184664621
891,17,10,Standing,0.0068250833447632,0.0524171800332607,0.9760320905986832,0.025825236604325,-0.0230616442368996,-0.0177580179395996,0.9774624209675471,0.03891181673633132
892,9,11,Standing,0.020277852053400276,-0.0022374797624169,1.0707633330308048,0.0380398920738783,-0.0136811776528469,-0.0109197072804617,1.0709576616107777,0.04187419274507909
893,16,12,Standing,0.0450644139451676,0.0011259964089681,0.9822989413784468,0.0468739925355696,-0.0148999069008702,0.0058804559708628,0.9833327409912432,0.04953542332820514
894,25,13,Standing,0.0909063596357332,0.0082142272900583,0.9689756208295358,0.036155530540073,-0.0070501307852302,-0.0209117376563012,0.9732652225956594,0.04235832273035569
895,7,14,Standing,0.0447133760219888,-0.0124362668829029,0.984910573036149,0.0155765191331725,-0.0022490340070134,-0.0084355257438478,0.9860034399573168,0.01785620891583403
896,21,15,Standing,-0.0404413074681302,0.0756867532159842,1.0186597126699803,0.0385859266204402,0.0132509935339864,0.011565543251397,1.0222678681143196,0.04240547551314193
897,25,16,Standing,0.0109021049188586,-0.0107612193704264,1.0175385449910663,0.0351253632893724,-0.005739903912963,-0.0199394808438269,1.0176538459989901,0.040796084854576156
898,2,17,Standing,0.0058494822786203,-0.0081707795122919,0.9243851100916496,0.0376149265333307,0.0144801316836416,0.0379253471281342,0.9244397275322591,0.055343372380737194
899,3,18,Standing,-0.0215484758619627,-0.0443768412175696,1.0083456762594802,0.0330347727083753,-0.0121694450218012,-0.0026239482300576,1.009551704312172,0.03530264443843665
900,24,19,Standing,-0.0791466266755742,0.0370550699133298,0.9691728296131134,0.0294801547288053,-0.0214004013194666,-0.0087353039919236,0.9731049482870249,0.03746147668338563
901,1,20,Standing,-0.0004516338784332,0.0191893006209004,1.0575630033394487,0.0409906641415403,0.0144324681471936,0.021691561649147,1.0577371787281726,0.048570099138905004
902,20,21,Standing,0.0227883152609079,-0.0014682878247598,1.0403644762502022,0.0460951392894248,0.0097284875694905,-0.0218194139555415,1.0406150616942484,0.05191812941415054
903,21,22,Standing,-0.0109941641612193,0.0311848408294359,0.9991461432371777,0.0470530295017584,0.0197285494311642,0.017987557030158,0.9996931436640385,0.054099495892886304
904,29,23,Standing,0.0482216225792114,-0.0414797561863487,1.019305419978231,0.0208870643856687,-0.0247359949703879,-0.0043120669808375,1.021288124994337,0.032660876097761894
905,30,24,Standing,0.0184296804047385,0.0807123748642356,1.0070892058107244,0.0667170413038936,0.0026628183827557,0.000337204442306,1.0104864219951306,0.066771010992203
906,26,25,Standing,-0.0511756035168598,0.0444225096117107,0.9799149948423808,0.020294285408869,0.0192184584564385,0.0173733400319393,0.9822554142749534,0.03290957473994263
907,14,26,Standing,-0.0144876453621992,-0.00203903461221,0.997605824092166,0.0417377727100859,0.0233034700274134,0.0055221983279761,0.9977130999405092,0.048120557566292264
908,30,27,Standing,0.0789956434142943,0.0358877767213224,0.9906080242354232,0.0424306710919346,0.0255891041806315,0.02997433475012,0.9944005741531159,0.057910489946048624
909,28,28,Standing,0.0010269781463199,-0.0086677301622368,1.0230427801424555,0.0551096174290656,0.0065065368332167,0.0068179780780321,1.023080013602007,0.05590965730365822
910,30,29,Standing,0.0020559141726836,-0.0131156425052484,0.9935146197342432,0.0320313897786829,0.0257714999435973,-0.003595706677962,0.993603314450535,0.041268744189891314
911,14,30,Standing,-0.0346151064162603,0.0286652426589262,1.054667167148731,0.0543674676893513,0.0030504678704356,0.0086153142491885,1.0556243343114224,0.05513030506711792
912,16,31,Standing,-0.0061420128868015,0.0211207471877809,1.0125586060999685,0.0308739658087723,0.0020663053841569,0.0067788342509047,1.0127974827531825,0.031676868161216246
913,9,32,Standing,-0.0096998716831213,0.0682944805468621,1.1084218707538551,0.0119344957719893,-0.0188920680656408,-0.0143572924171222,1.1105661921512426,0.026560765626750863
914,5,33,Standing,-0.0041315366015422,0.0358312204414902,1.0236501176819308,0.032580467051707,0.0079340332043684,-0.0103812923494255,1.0242853652099337,0.035102805401272794
915,4,34,Standing,-0.0008037819350318,-0.0633686535548741,0.9535475918110962,0.0131765090808351,0.0114616233552566,0.0036803242285862,0.9556512136587791,0.017847520497890235
916,16,35,Standing,0.0244424480029577,-0.0735861995920985,0.9406573325579358,0.0399482316038474,-0.0416800446249907,0.018369440363997,0.9438477521983069,0.0605848468472298
917,26,36,Standing,0.0337337956769991,-0.0355433849902785,1.0419561486068634,0.0781224137087474,-0.0340976644518168,0.0104306572179097,1.0431078164825498,0.08587526334601196
918,11,37,Standing,-0.0723265085437495,0.0170707568887001,0.9917291134579242,0.0319467348369276,-0.0136752941449235,0.0117081166424475,0.9945095117991193,0.03666998134720413
919,17,38,Standing,0.0496654905159496,-0.0163700122644073,0.9438923729038764,0.0539240523501104,-0.0010101397921372,0.0286145395566303,0.9453398594557606,0.06105420278977579
920,26,39,Standing,0.0488542451725336,-0.0319258281914574,0.99660040796253,0.0318155690949536,0.0228945479997965,0.0065627657005067,0.9983077526134763,0.03974242894678809
921,3,40,Standing,-0.0079951834839323,-0.0020222814341855,1.052183683427133,0.0300555802619621,-0.0059249590694726,-0.0084676074842053,1.052216002658879,0.03178275352081284
922,23,41,Standing,-0.0221506061534464,-0.0560838398417106,0.9699849876669407,0.0524763041347548,-0.0030989889085124,0.0105661750283414,0.9718574600956619,0.053619122359732
923,2,42,Standing,0.0227324523586351,-0.0064541081747645,0.9807423990843795,0.0327143993613169,-0.0074373788071804,-0.0318581237983253,0.9810270502205093,0.04626539290919995
924,4,43,Standing,0.0368899176468774,0.0097207024539277,0.987442301810086,0.0155072194189134,-0.022047862741607,0.0033583906060208,0.9881789602517309,0.0271635949948028
925,24,44,Standing,0.0081266590696415,-0.055310464243713,1.0090046690815362,0.029199855566299,0.0129606543911134,0.0091009976611758,1.0105521818643655,0.033218041570317436
926,3,45,Standing,-0.1194329013643969,0.0218096881771382,0.9598608236198366,0.0086740688782695,-0.0028271011556034,0.0061645666354501,0.9675084915114972,0.011010624580462371
927,7,46,Standing,0.028183056682302,0.0305335539012639,1.00187904785198,0.0169856455465942,-0.0146906700628393,0.0153889819737034,1.0027403498027736,0.027224046497842793
928,3,47,Standing,-0.0604489074598361,0.0425788184327671,0.9933920336347826,0.0285624825053571,-0.0256213155811998,-0.0022007494519287,0.9961399292676041,0.03843319551026725
929,1,48,Standing,-0.0534564035140792,0.0199454346900738,1.0035604901471609,0.0203436657925153,0.0128200962973695,-0.0330338515346783,1.0051811104602224,0.04085896418372047
930,21,49,Standing,0.0138672299497483,0.0647774063229316,1.0575977255640263,0.0358471008080778,-0.0045252116419626,-0.0095370383482144,1.0596704023207437,0.03736906845513222
931,12,50,Standing,0.0217522899167162,-0.0322897522183766,1.0302969527220152,0.0619974077700498,-0.0009282485269109,-0.0201659220492495,1.0310322987196936,0.06520126246960216
932,25,51,Standing,-0.0537897898526565,0.031062622068463,0.9976101528415824,0.0431524634409607,-0.0080045137373902,0.0124593532130974,0.9995420176434637,0.045622832262851014
933,4,52,Standing,-0.0293001622129579,-0.0160399391520953,0.9521178257830706,0.0598403933787241,-0.0014457272033773,0.0096677113302329,0.9527035915370479,0.06063355052470328
934,13,53,Standing,-0.0214747653148319,-0.0420771128791929,0.9906447795632826,0.0465178880006879,-0.0078109768709742,-0.0130579795909412,0.9917705018045052,0.048943192526855805
935,16,54,Standing,0.0199609040287097,0.0657139267541273,1.0141500191348998,0.0396598901779685,0.0107891285538048,-0.0172952307289894,1.0164728324802428,0.04459189601091242
936,1,55,Standing,-0.0385332828187817,-0.043355851584226,0.946714169772334,0.041931898123056,0.0043507513749563,0.0011924409463717,0.9484894638313623,0.04217386670842045
937,20,56,Standing,0.0822190743447447,-0.0357708801661422,1.0820725102375583,0.0082613777902302,-0.012186017378348,-0.0330427407376444,1.0857810320068122,0.036174191048225154
938,4,57,Standing,0.0144849990377079,-0.0440502728324492,0.9570799938360658,0.009412286742384,0.0116603259410679,0.0106719547735132,0.9582026697598892,0.018396873687143416
939,3,58,Standing,-0.0274282648429189,0.008752774841872,0.948426592103922,0.0249744146589702,-0.0077826796992176,0.0069667493624313,0.948863489333205,0.027070779219256623
940,26,59,Standing,0.0406808722567276,0.03964266763326,0.9662875091112956,0.0449770185693449,-0.0006612770566169,-0.0048689534384552,0.9679555902670129,0.04524462613746132
941,6,60,Standing,-0.022397431774462,0.0696925538478493,1.012296430659761,0.032619177712518,-0.0039337028780542,0.0366896791715704,1.0149397817301375,0.049250556653569005
942,7,61,Standing,0.0522004195538569,-0.0288424845919517,0.9890553978118152,0.0267863318494363,0.0021880796742389,-0.0105183898894715,0.9908518318395155,0.028860557729813177
943,22,62,Standing,0.0580835252815725,-0.0525451243601665,0.9548741305163172,0.0227526216705403,-0.0065519334016174,0.0299769881211889,0.9580810462233628,0.038199861792942
944,14,63,Standing,0.0400683688005935,0.0377728940847305,0.989425372259464,0.0257052988981977,-0.0217755812064809,0.0117261034207172,0.9909565242616124,0.035671274574355816
945,20,64,Standing,0.0514398945871313,-0.0084331885342466,0.994328834151984,0.0325506829284095,0.0133784636326064,-0.0220532343314621,0.9956942361237375,0.04153161919252848
946,20,65,Standing,0.0294422453495349,-0.0008198224869132,0.957654509281852,-0.0012690862898109,-0.0020471056781753,0.021715694749111,0.9581073410991052,0.02184885855382772
947,28,66,Standing,0.0142150484268038,0.0784802265536899,0.9982823566817302,0.0442995532746417,-0.0067684633335964,-0.0077189825892622,1.0014633678890725,0.045473566040551396
948,28,67,Standing,-0.0271003646752254,-0.0824211578849724,1.0514836903978764,0.0203755134129297,-0.0120215816963279,-0.0176995752241901,1.0550571682166645,0.029545810810311636
949,3,68,Standing,0.0705396924223897,0.0837511540329087,0.9335653249679168,0.0246832800603557,-0.0155153665514054,0.0148250661181727,0.939965063175936,0.03270739211815297
950,21,69,Standing,0.011463741891757,-0.0254627730951934,1.0029029232236408,0.0228387206788843,0.0242136914156234,0.0082043927252405,1.0032916044711937,0.03428151213422639
951,20,70,Standing,-0.1066766991213159,-0.0026715471531524,1.0833284383623614,0.0498919360505502,-0.0277063437888045,-0.0047013874902539,1.0885713392627256,0.05726211499193103
952,19,71,Standing,-0.0480607786367488,0.0684440624145148,1.0097711312910362,0.0184830666040284,0.0005123691531118,-0.0391104829360272,1.0132285851236884,0.043261023435966994
953,26,72,Standing,0.0014577490330523,0.0338270147381329,0.9223474351761064,0.0242826703844635,0.0151452860777823,-0.021771799865599,0.9229686793896524,0.03595885205017067
954,23,73,Standing,0.0091673133913669,0.0026389801242401,1.068575212814264,0.0265479571033254,-0.002574008975626,0.0128243962974703,1.0686177938308725,0.029595349110310875
955,13,74,Standing,-0.0088353282620343,-0.0182290004336204,0.994443527491796,0.0427260967344425,0.0083124222762325,-0.0112302346279301,0.9946498322789952,0.0449525736310804
956,22,75,Standing,0.0054679681330884,0.0596176645640209,0.9667453720481078,0.0321775017059551,-0.0028974101540794,-0.0009450752375516,0.9685973255073581,0.03232150628981172
957,29,76,Standing,0.0564305141724881,-0.0309740760355273,1.0410428788061412,0.0206793508792873,-0.0093825697784364,0.018196848756982,1.0430311940824224,0.029099716031610788
958,27,77,Standing,0.0397553841391169,0.0083466359585593,1.0304460219922529,0.025671708296154,-0.0001255144157833,-0.0099243658869572,1.0312464114553475,0.02752354263116562
959,25,78,Standing,-0.027736533246694,0.0594062537975141,0.987366633267207,0.030307628460245,0.011380920309815,0.0003579663178437,0.989540947488389,0.032376007009316685
960,14,79,Standing,-0.0119163325714124,-0.0012009379123388,1.0357527341423034,0.0200572166679494,-0.0018935551090989,0.0001543009100621,1.0358219767494214,0.02014699233600658
961,30,80,Standing,-0.0039938149548574,0.0723319637797488,0.9937384568913962,0.0264347454239208,-0.0025654818242659,-0.0197496214298701,0.996375423345549,0.03309720545969591
962,10,81,Standing,-0.0414690738703474,-0.0212266755895637,1.0454331939540051,0.0295031091095698,-0.0072696628442355,0.0183980211840989,1.046470648831166,0.035521382693957604
963,4,82,Standing,0.0502152984363104,-0.0341235998894063,0.9801900551922538,0.0572060410547207,0.0036170953800003,-0.0040144059734411,0.9820685009530922,0.05746068192653137
964,22,83,Standing,0.0287339184532334,0.0402919626943244,0.9771420171628694,0.0332915993792989,0.0138984010382558,-0.0174043071893977,0.9783944000414961,0.040055037753007366
965,4,84,Standing,-0.0445755861220286,-0.0393432198770724,0.9774759969007878,0.037156793068192,-0.004830339429572,-0.009726271874526,0.9792824905744036,0.03871123628475994
966,27,85,Standing,0.0020621825329983,-0.0458785091306571,1.0171521287133565,0.0469708014293746,-0.0011880606148201,-0.0030397348995031,1.0181883632918636,0.04708404892531528
967,18,86,Standing,-0.0811387767532618,0.0214726982639146,1.1240754321497946,0.0281598566832791,-0.0017868755057449,0.0111541050014952,1.1272045754992728,0.03034113562278495
968,14,87,Standing,0.0658133067279184,0.0389987137773654,0.913775724856658,0.0384509825649412,0.0385789521786251,0.0093366157013919,0.9169723912725305,0.05526288088912423
969,26,88,Standing,0.0112731849767445,-0.0512274900536426,1.0493121475707543,0.0156617611795811,0.0011136545203803,-0.0128667000298777,1.0506223505505032,0.020299826582900943
970,7,89,Standing,-0.0218579223019196,0.0594460258344198,1.004138286595748,0.0216119628941141,-0.0171784195633008,-0.0280755222959915,1.0061338367047934,0.039375245916972716
971,3,90,Standing,0.0044783696577751,0.0392093507489065,0.977585940303112,0.0535581540107852,-0.0107625063334234,-0.0035701758431981,0.978382184864004,0.054745351941249965
972,22,91,Standing,-0.04318306881349,0.0396304693827142,1.0839004245617827,0.003572745585957,-0.0051924310295204,0.0189716977057505,1.0854839850964442,0.019991277219244406
973,23,92,Standing,0.0226673562788434,0.0488588880083028,1.0031291525742736,0.0382539460641019,0.0264135357919141,0.0292263983115171,1.0045740872242623,0.05491103368877146
974,30,93,Standing,-0.0024786885213793,-0.0212951139719693,0.9632007955570522,0.0446544622564306,-0.0205766333668645,-0.003788610569868,0.9634393589311179,0.04931300447321642
975,28,94,Standing,-0.0201201005087501,0.0111928106007649,1.1025805327317104,0.0281760211448018,-0.0065310844114108,0.0152299773657277,1.1028208959811059,0.0326878485327785
976,8,95,Standing,0.0095833457658208,0.057573430848455,1.0065875047927888,0.0262736518804344,-0.0267558733214183,-0.0242960204071761,1.0082782082643171,0.04468196669744915
977,8,96,Standing,0.0151735666513695,-0.0544899791946983,1.0502230946367752,0.0304536984728393,-0.003662803786525,-0.012657826128065,1.0517451894189995,0.033182291128575216
978,18,97,Standing,0.0248903499308082,-0.0321799127816964,0.9605848798372048,0.0478252488090802,0.0053193174116253,-0.003523941423724,0.9614459879151677,0.048249017860821634
979,24,98,Standing,0.0003572749244279,0.0153205260180673,0.9673260839049818,0.0610559791336593,-0.0086942995151433,0.0233402449042496,0.9674474656361397,0.06594081030908865
980,6,99,Standing,-0.007554753972179,0.0322838846261984,1.0293689399610455,0.0472027763272506,-0.0126093556074621,0.0161345310191829,1.029902780883062,0.05145309546611225
981,5,100,Standing,0.0139023437416865,-0.0103477191696742,1.0013882426856848,0.0221483003627976,-0.0051965437827764,0.0256713419839873,1.0015381984940217,0.03430115268479824
982,30,101,Standing,-0.0401693810452081,-0.0376847528740308,1.0644360374565751,0.0393682263883254,0.0318055537356378,-0.0067565795673877,1.0658601210332375,0.05105978716018531
983,2,102,Standing,-0.0264270777508721,0.0057320467459078,0.9290361321086278,0.0402743183498251,0.004852111252385,-0.0008633199369887,0.9294296001105773,0.04057473380642419
984,16,103,Standing,-0.0156145729839865,-0.0357901594947239,1.0291085164813103,0.0124336502144489,0.0076784386807386,0.0311167709221418,1.0298490613194213,0.03437742734484617
985,11,104,Standing,-0.0602051177068261,-0.0214695224137321,1.0168580296222136,0.0289457711697847,-0.0209910857742363,0.0057797392721023,1.0188649807496266,0.03622000464727146
986,8,105,Standing,-0.0004006758046519,0.0765730163441512,0.989870851895302,0.0475200507798988,-0.0190063260469496,-0.0154201394684476,0.9928282282475015,0.05345256174547195
987,18,106,Standing,0.0433492312242949,-0.0382957090429756,1.0009630962593563,0.0092763123970638,-0.0027182973945821,0.0125538417843618,1.0026329524067914,0.015844180507684824
988,14,107,Standing,-0.0173983399654457,-0.0099613882377521,0.954808184068158,0.0202746237956261,0.026371663743215,0.0010938733757569,0.9550186384844591,0.0332824514962699
989,13,108,Standing,-0.0125908779967196,-0.0638971048466624,0.9594336123143916,0.0504050960856967,-0.002137236365799,0.028360952641518,0.9616414231173468,0.057875600432531475
990,30,109,Standing,-0.0038139135398422,-0.0014391478476598,1.0256357663416849,-0.010088813733291,0.0030740898548036,-0.0007347973209142,1.0256438671792039,0.010572327940584806
991,23,110,Standing,0.0385871757665446,-0.045347667421872,1.0496855447451032,0.026065282116285,-0.0135667983944406,0.002956548763068,1.0513729708914277,0.029533000712174875
992,21,111,Standing,0.020277852053400276,0.0615386125611409,1.0136248811396484,0.03308488381329,0.0135097062428315,0.0163930742713906,1.015693650558679,0.039317357283696314
993,19,112,Standing,0.0567785389125981,0.0243472965165515,1.006706058589068,0.0485875809313204,-0.001363442101232,0.0004986977451699,1.0085998620506798,0.04860926552173011
994,26,113,Standing,0.0688630766918765,0.0648769651182092,0.9996729677230672,0.0231967263404157,0.0219476025031274,0.0120062753687282,1.0041400232689985,0.034116506514840425
995,1,114,Standing,-0.0128749084075977,0.0132678631485837,0.9991316616044918,0.020034927306405,0.0019356349288085,0.0039813606845941,0.999302695222817,0.020518192601966377
996,9,115,Standing,-0.0150158026768092,0.0361530275443807,1.0515532956924396,0.0445484654048311,-0.0041437257782099,0.0113373225628255,1.052281734808832,0.04615486015734407
997,19,116,Standing,-0.049429839142638,0.0269091751399098,1.005845265638278,0.0689032200310396,0.0218590629491784,0.0106672523540178,1.007418538201137,0.07307025822074464
998,27,117,Standing,0.0099668200515271,0.0065488902023207,0.9598524238546756,0.0039151915920013,-0.0130883866362234,-0.0007157552725564,0.959926508147638,0.013680164310107582
999,3,118,Standing,-0.0217728716909099,-0.009904521324977,0.9913829378605816,0.0200741460271778,-0.005122707215721,0.0258584074218579,0.9916714612034692,0.03313413198400184
1000,3,119,Standing,0.0264858112596241,-0.0224120310759259,0.9972660884655214,0.0295752999652159,-0.0115193315061022,-0.0115369532661578,0.9978694546574466,0.03377121047646186
1001,17,120,Standing,-0.0167913751006726,-0.0437878554812348,0.9982743862372224,0.0317701462969368,-0.0295905633629075,-0.0006111953672578,0.9993753432933595,0.04342023947009008
1002,24,121,Standing,0.0347191973739304,0.0180491754208733,1.0891918046077989,0.0487666422346826,0.0217340103712628,0.0420012890387149,1.0898944823350822,0.06793129531061042
1003,8,122,Standing,0.006522808317308,0.0389496117372532,0.9776305426642002,0.0316152947924245,-0.0097159146461747,0.0059697683634432,0.9784278702248448,0.03360898684186751
1004,10,123,Standing,-0.0260763635207928,-0.0274771399944687,1.0165389317242202,0.0279343283882914,-0.0289128170357512,-0.0218333538196813,1.017244498470138,0.04574902218040425
1005,17,124,Standing,-0.0353188762445589,0.0165769331791455,1.0087575538828657,0.0459791905754879,0.0112920273441265,0.0160785443427398,1.0095117732094792,0.05000115434366476
1006,7,125,Standing,0.0243358476583649,0.0083871723636595,1.0439740696915063,0.0437911918761014,0.0056414305133098,0.0190660780629021,1.0442913560543126,0.04809375798236928
1007,15,126,Standing,-0.0116185269656179,-0.0122316186260692,1.0461073150992628,0.0535709249542615,-0.0217526905531539,0.0211675076122391,1.0462433356381549,0.06157180300487057
1008,4,127,Standing,-0.0468578074410507,-0.0456486098224329,0.9906285719069056,0.0252269029180112,-0.0233762591957531,0.0097481696023885,0.9927861890534228,0.03574734864879806
1009,5,128,Standing,0.0421616638465468,-0.0173382131911146,0.998416691401102,0.0295435925264603,0.0253199316220269,-0.0425136717394982,0.9994569071267121,0.05763102533781129
1010,5,129,Standing,-0.0382777739595641,0.0002216337116719,0.95657719060338,0.0261251946409332,-0.0018911330455486,-0.009865291631887,0.9573427592474164,0.027989750949316973
1011,3,130,Standing,0.0251259711103125,-0.00945065780124,0.9818722106412504,0.0275135262501919,-0.0001115451996838,-0.0261047934800163,0.9822391090700107,0.03792712501213179
1012,4,131,Standing,0.0184621567184511,-0.0180400491778717,1.050461402992442,0.0388658021346371,0.0175509960632948,-0.0151650569057236,1.050778498914917,0.04526109796874559
1013,5,132,Standing,-0.0496983394982963,-0.028207648357173,1.0500842169803437,0.0523123586688374,-0.0172219994220668,-0.0068741650247592,1.051637988628193,0.055501660140741545
1014,1,133,Standing,-0.0030478268809579,0.0234242256723912,0.9296075894585404,0.0059549987770734,0.007344392158086,-0.0292355785337688,0.9299076588435894,0.030726554619918973
1015,4,134,Standing,0.0064836723423536,0.0166266387973246,0.9943312761782468,0.024513649214287,0.0126685628957471,0.0042780888954863,0.9944914126884157,0.027923350949381004
1016,21,135,Standing,-0.0258806648780583,0.0015089158672895,1.0153267609062475,0.0557735586217707,0.0117948550243736,0.0182183528393091,1.0156576771009005,0.05984744628269151
1017,18,136,Standing,-0.0209673162502001,-0.0094151997125196,0.9942570941344736,0.0148796256329566,0.0189890043983522,0.0132502745663818,0.9945227214966433,0.027523722915007022
1018,28,137,Standing,-0.0122271144520602,0.0256684259605541,1.0089159665201537,0.0407974197139706,-0.0201646068528844,-0.0021849160979615,1.0093165003696374,0.04556110932807059
1019,16,138,Standing,0.024945683984466,-0.0251375040472853,0.9000027710367041,0.0137745042347561,-0.0009157197856636,0.0009582633825499,0.900699266754962,0.013838127703902197
1020,12,139,Standing,0.0673499249049993,0.0233098576263239,1.0032612111692596,0.0295141308482784,0.0165627507325453,-0.0088516567823615,1.0057894509707677,0.034982287794689114
1021,22,140,Standing,-0.043570324805532,0.0567562419478121,1.0156999574800645,0.0193871505599408,-0.0017168251547746,0.0076447614480942,1.0182170926814689,0.02091055888885199
1022,23,141,Standing,-0.010028756508891,-0.021378824868504,0.9738290525606268,0.0350844284886167,-0.0053708141881602,-0.0068063660214411,0.9741153184921181,0.0361398586858669
1023,9,142,Standing,0.0031056230610867,-0.0072489375516763,0.9871340660543214,0.0329815601623307,0.0112200339410384,0.010523482079107,0.9871655668403163,0.0363925287311665
1024,15,143,Standing,0.0221091400359905,-0.0096268111454288,0.9773200665623504,0.0143412653801634,-0.0088973476100712,0.0002947514270485,0.9776175131775197,0.01687961982991501
1025,12,144,Standing,0.0038422855646977,-0.0386182671164745,0.9335603244397191,0.0422910918129719,-0.0071162189304876,-0.0125555047983583,0.9343666373974585,0.044685766406557775
1026,6,145,Standing,-0.0437538856518975,0.016921438989216,1.0549963084587186,0.0239538920849078,-0.0032334506199387,0.016074477598336,1.0560388006454255,0.02902814115623659
1027,22,146,Standing,0.0786747457165066,0.0977640120930547,0.8917464988231967,0.0285374515662486,-0.0107842054780434,-0.003971576563571,0.9005328066414446,0.030764568095277275
1028,19,147,Standing,-0.0167354027846369,0.0324703639391743,0.9954972037212804,0.0163363917870006,-0.0025827774194268,0.0077217635544361,0.996167195232605,0.01825305640727873
1029,16,148,Standing,-0.0658493475587992,0.0797097120334128,0.9743029328116626,0.0279397051962071,-0.0059669310873835,0.0082213155612321,0.9797734328158609,0.029729134239158444
1030,30,149,Standing,0.0709115969236417,0.0231973536691713,0.9392653940984004,0.009238148594872,-0.0059844716299037,-0.0040234979929989,0.9422239926611596,0.011719463564930092
1031,1,150,Standing,0.0327736368069776,-0.0434528223152591,1.0597320624850302,0.0573094889580858,-0.0037238029894826,0.0065845896062727,1.0611287873276707,0.057806583133969025
1032,11,151,Standing,-0.049277888883368,0.0249470530591645,0.9800723030626252,0.0136914701761746,-0.0043400248237947,-0.0069862201260804,0.9816274165994023,0.015971832791082042
1033,15,152,Standing,0.0379871961126543,-0.0314123037054293,1.069400919990955,0.0101241055076196,0.0242314540976789,-0.0152476593286004,1.0705363550903277,0.030366955642908755
1034,20,153,Standing,-4.052930146462654e-05,-0.0196078445391207,0.9862508531384858,0.0420203585453332,0.0224974019584321,0.0178578705743346,0.9864457483949565,0.05089938279200748
1035,27,154,Standing,0.0073702088961821,-0.0312831149467344,0.9603379874970122,0.0128054864140699,-0.0065635996047619,0.0037440844652241,0.9608756441339095,0.01486874206364788
1036,20,155,Standing,-0.0764726063900601,-0.0018541481032306,1.060641004981981,0.0468286660361118,-0.0087777611478999,-0.0209530936392417,1.0633958993914092,0.05204810454325981
1037,7,156,Standing,-0.0926971300083,0.0444061646353071,0.9914565016846704,0.057469504808661,-0.0259044822836469,0.0137721933781175,0.9967701139692133,0.0645248750156151
1038,5,157,Standing,-0.0040203534725679,-0.0132420212588832,0.9452062613915142,0.0389362186006757,0.0101420607716528,0.0267769170294883,0.9453075642047876,0.0483310852476913
1039,25,158,Standing,-0.0237558131582294,-0.0401545033447005,0.9452603426591044,0.052098365184592,-0.0116726142641679,0.0222034480345696,0.9464110302620504,0.0578228560630742
1040,25,159,Standing,0.0210028816344826,0.0131961152637584,0.987725267497588,0.0399100936950337,-0.000232061442552,-0.0055381993720321,0.9880366706495202,0.04029318904658534
1041,18,160,Standing,-0.0057588843688452,-0.031933391149553,1.023993071018426,0.0290402151655715,0.007333650176367,-0.0068078978753127,1.0245070598650023,0.030715859018635695
1042,13,161,Standing,-0.0483648521872382,0.069402958500571,1.061864456430543,0.0432567744189294,-0.005817160280614,-0.004504769597416,1.0652286390283816,0.043878022243331594
1043,2,162,Standing,-0.0141532015026965,-0.0253022414538919,1.074889387025458,0.0292848347757919,0.0265263799277076,-0.02097587866035,1.0752802940979305,0.044735197166082166
1044,22,163,Standing,0.02072739531138,0.0828433039686646,1.0011900297863543,0.026039932615983,-0.0175162787639762,0.0162351458165287,1.0048254145235578,0.03533380919270109
1045,30,164,Standing,-0.0037923423755995,-0.0493800911917044,1.0622757840038972,0.0473232796608852,-0.0004737712381969,-0.0173122340338039,1.0634296481422216,0.050392764404125434
1046,22,165,Standing,0.0614362819697052,-0.0146372690818858,0.9557918063672992,0.0035682298129118,-0.0096894769784066,-0.021819571837949,0.9578761107300366,0.024139427153605803
1047,11,166,Standing,0.0297763493479086,-0.0150160065590093,1.0142277352845483,0.0191499801070165,0.0009775359954634,0.0288135123312903,1.0147758424666469,0.03461063142427443
1048,6,167,Standing,-0.0139394431210758,0.0153771775047863,0.9373789109012624,0.052801591836253,-0.0071580994341729,0.0157580047485975,0.9376086541116054,0.055565827642613114
1049,25,168,Standing,0.0244631746008322,0.02684049708844,0.9819023864194912,0.0463785965364277,-0.0113847729598964,0.0116690133004131,0.9825737405669852,0.049160483555823066
1050,1,169,Standing,-0.0156082117666612,0.0139823179452824,0.9815202799058296,0.0307496396205989,-0.0161204055253765,0.0037133547703319,0.981743948978599,0.034916998936759175
1051,3,170,Standing,-0.0216061421628989,0.010627271989901923,1.0053601790467164,0.0207546442010233,-0.001931378635945,-0.0150832791134238,1.005648474319907,0.025729181645748115
1052,1,171,Standing,0.0938293215584403,0.0423647464083274,1.010923764225262,0.0475816939121504,-0.0296887871502566,-0.03836519606751,1.0161523362162448,0.06795093779559849
1053,3,172,Standing,-0.0551425657440843,-0.0094642209779331,1.008226265623796,0.0438062174751091,-0.0170739597641282,0.005994460292401,1.0097774392059198,0.04739660690071384
1054,28,173,Standing,0.0005755877260893,0.0139003723973233,0.979209121969856,0.0507470270979318,-0.0015526297264458,0.0266127333525565,0.9793079475849213,0.05732284880254942
1055,23,174,Standing,0.0297130935982221,-0.0023867392224211,0.9868903033333296,0.0394847301070132,-0.0044876021878438,-0.0399294800573599,0.9873403847046083,0.05633423348791671
1056,8,175,Standing,-0.1225147249269723,0.0508968864113619,1.0492103383151878,0.0583101141938392,-0.0002629237242326,-0.0193895220299683,1.0575645062584946,0.0614499154656372
1057,30,176,Standing,0.0004569806144525,-0.0402815289714043,1.065942988918955,0.063592543194656,0.0071742105109526,-0.0001629562004729,1.066703926135566,0.06399615145571587
1058,27,177,Standing,-0.0517986791389772,0.061857355846242,1.003052272433962,0.0256625340238408,0.007217611330118,-0.0087856729348377,1.0062918547159998,0.02806862331421643
1059,13,178,Standing,0.0260446819822828,-0.0576986740338264,1.0434834875700971,0.0284338343829649,0.0173820129095101,-0.0030170426676242,1.0454019567976105,0.033462215362443024
1060,3,179,Standing,-0.0054479883513591,-0.0484926971316783,1.0303902789207258,0.0168624006896536,-0.0072963355979884,1.5707791238052136e-05,1.0315451270528655,0.01837327725016984
1061,3,180,Standing,-0.0682438776087103,-0.0092322346195206,1.0318092087457484,0.0243249294821414,-0.0033709763131998,0.0024360907626408,1.0341047839748494,0.02467792969069994
1062,12,181,Standing,-0.0050384173018799,-0.0412206200955041,0.9985461550533238,0.0449110975500884,-0.0157676392090063,-0.0056172283422872,0.9994093000076306,0.04792888882113108
1063,11,182,Standing,0.0376552780196138,-0.0036943282735151,0.9659920146557656,0.0313839840021476,-0.0180540032234317,-0.015502432971906,0.9667327140439759,0.03938561808943941
1064,13,183,Standing,-0.0584053411940712,-0.042671169502296,1.0542935033599925,0.019003225030761,0.0069933768397721,-0.0125445212993388,1.0567718787958809,0.02382005238916084
1065,12,184,Standing,-0.0410432800372526,0.0015691171104702,1.002114052394758,0.0649170800463988,0.0094563793197024,-0.0088935602149391,1.0029554262138305,0.0662023096642813
1066,24,185,Standing,0.0274019585460205,0.0855269788194083,0.9348145563806282,0.017362769361469,-0.0035534633866994,-0.0062563234071292,0.9391187285211833,0.018794532303698663
1067,2,186,Standing,-0.0521692906237297,0.0561582421420004,0.9430956560609352,0.0269968078556625,0.0156874588764104,-0.0004527728571877,0.9462054742632112,0.031227055635375454
1068,8,187,Standing,-0.0391757666761107,-0.0539470262549583,0.9908000321588888,0.018644556512243,0.0030784663755446,-0.0210217672158626,0.9930406467322822,0.028266785095611726
1069,5,188,Standing,0.0046219809265785,0.007593455774099,1.0576430711296008,0.023433067524422,-0.0108872504209983,-0.008216454425203,1.0576804286677202,0.02711366811508702
1070,11,189,Standing,-0.0077010627809303,-0.0036385957916531,0.966772090535929,-0.0003462787954958,-0.0084139350131855,0.0053973849943033,0.966809609378445,0.010002298545186968
1071,20,190,Standing,0.047982178793033,0.0782194617585515,1.0303733508583388,0.0507378096361233,0.0115016143839468,0.0256484888389107,1.0344514564920702,0.05800394331274577
1072,1,191,Standing,0.0740341453716507,0.038046606831157,1.0282552058569834,0.0269215174209394,-0.0006200592144586,-0.0050675599702539,1.031618809126832,0.02740132729864556
1073,1,192,Standing,-0.0288139214943739,-0.0076442483911963,0.905793204592868,0.0558463484215876,-0.0033071187387947,0.0068337065600486,0.9062836234269974,0.05636001429849622
1074,10,193,Standing,0.0583114677884561,0.0120117374976471,1.0577737480837373,0.0113739328177294,0.0359606488439655,0.0163066529773314,1.059447880383209,0.041090650327590704
1075,11,194,Standing,0.0570031733050178,-0.0467453954395748,0.9884554048492202,0.0516637559460356,-0.0280059027134244,0.008406866624382,0.991200575634054,0.05936454894703967
1076,23,195,Standing,0.0212870463938061,0.0787690326728865,0.9366817832111104,0.0541444658554745,-0.0083920611472335,-0.0067051418986778,0.940228941190357,0.055199717399230894
1077,30,196,Standing,-0.043514081498677,0.0161408938981568,0.9555067234087458,0.0411042650047937,-0.0099444907045463,-0.0181955070877297,0.9566332119594335,0.046038353306094015
1078,18,197,Standing,-0.0211123658543957,0.0134682876702522,0.9889058695227592,0.0305131517749919,0.0104431119275412,0.0162363217742542,0.9892228998265775,0.03610718990356305
1079,6,198,Standing,-0.0417688806230463,0.0030437791569006,1.0188259834441629,0.0080891204104207,-0.0133591244551137,-0.0107878034394441,1.0196863677234407,0.018980958307461288
1080,20,199,Standing,-0.008312887548815,-0.0304413561450714,1.028281629003876,0.0059230019781237,-0.0236957804579163,-0.0050083321726719,1.0287657113309208,0.024933017368430274
1081,30,200,Standing,-0.0581857549143241,-0.0242699537059025,0.9839582473032364,0.0241005307946678,0.0022782222493393,-0.0099236832663534,0.9859758846766453,0.026163053544512305
1082,8,201,Standing,0.0591134520003309,0.0195281855893428,0.9677154591743472,0.0314176724005135,0.001860229779084,0.0182208221174667,0.9697159172483584,0.03636659115910291
1083,24,202,Standing,0.0306935479088229,0.0016741790312991,1.059662660657951,0.0493633717895911,0.002954689568889,-0.0039342393152409,1.0601084148101776,0.04960797218064337
1084,21,203,Standing,0.0202642363871782,-0.0072180010850866,1.0672122842391334,0.0311770511726551,-0.0060846394876925,-0.0068942262911088,1.0674290601472907,0.032504795241172606
1085,30,204,Standing,0.0222623651237329,-0.0328004481055801,1.04392593008751,0.0106059741899764,0.0019086217345987,0.0172533563774618,1.0446783379614522,0.020342267123699114
1086,19,205,Standing,-0.0860898825849454,0.0807306217516874,0.9829885921120756,0.032116430732432,0.0085717383827451,0.0108919358417333,0.9900482177118366,0.03497962390126233
1087,23,206,Standing,0.0398953833482547,0.0207628285168725,1.0704352456012922,0.0378349131428189,0.0294695327982463,0.0135161826035648,1.0713796487174956,0.049825909003694775
1088,1,207,Standing,-0.0722300050307305,0.1044441071355136,0.9770262356609112,0.052433160228026,0.0004019016467915,0.0159163538640386,0.9852441374155972,0.05479715445857419
1089,12,208,Standing,0.0250297817235835,-0.0101276218157762,1.0631601244635955,0.0365800225112551,0.0140391396195234,-0.032461153072096,1.0635029426128644,0.050881449929718485
1090,26,209,Standing,-0.003422907191545,0.0164220654023318,1.0089445962575885,0.0444173582057677,-0.0054885636770618,0.0007318065755194,1.0090840395344227,0.04476116153632091
1091,9,210,Standing,-0.0911475601378142,0.0235740200655336,0.986644606960258,0.0163152281316956,0.0050481633641397,0.0184117694521298,0.991126224345259,0.02511302205427881
1092,26,211,Standing,0.0415657532593672,-0.0054045212362651,1.0350296385504378,0.0430210184766876,-0.0013105690573975,-0.0103962082798231,1.0358780205080431,0.04427873946515603
1093,5,212,Standing,0.0335141339547254,-0.0016858725485076,0.9581527112107764,0.0047270574673631,0.0124774717814456,-0.0082016763339633,0.9587401406750145,0.01566205187846146
1094,2,213,Standing,0.0132155102262392,0.0495882762827649,0.9476430209258606,0.0293229392923073,-0.002560412193283,0.0056961431344194,0.9490315811208427,0.029980602494740573
1095,17,214,Standing,-0.0531780725864963,0.0227919179482306,1.041260950999748,0.0272043440406482,-0.0020617048933968,0.0062767405347738,1.042867080219082,0.027995078736990187
1096,19,215,Standing,0.0137926831155915,0.0232941042946849,1.0224512210560486,0.0152704154157652,0.0148539974655741,0.0175017474328535,1.0228095388885574,0.02757060011825487
1097,7,216,Standing,-0.0597662122619866,-0.0045898282400036,1.0077762350776227,0.0128309964331977,-0.0054020709536552,-0.0211405408133781,1.0095573320216369,0.025312828880612346
1098,9,217,Standing,0.0242916889994577,0.006638212596082,0.9341686734074304,0.0352719729237297,-0.0008476342108543,0.007746214241316,0.9345080322804697,0.036122491508201626
1099,11,218,Standing,-0.0320591760297209,-0.0308337850583122,0.9784731913380638,0.0302823764487157,0.0022193769813718,-0.0028607981671215,0.979483690132726,0.030498067540750514
1100,16,219,Standing,-0.0169327819598607,-0.0140561307202192,1.1003089914202773,0.0184391227275268,-0.0083695801281928,0.0494078116255222,1.1005290411961113,0.053396469622121294
1101,1,0,Laying,-0.0413994199771108,0.0252806161193178,0.2226988333239655,0.0363632688475637,-0.0026370284921335,-0.0054974481186175,0.2279205824177994,0.03687089877349631
1102,30,1,Laying,0.0482749490648274,0.0169920405797773,0.2791896831234762,0.0304364959939993,-0.0055555565474137,0.0076419302532276,0.2838416447825504,0.03186916370003207
1103,18,2,Laying,0.0040421413055266,0.0540492781303951,0.2755146160960572,0.0276497818721451,0.0031435816377227,0.0017154641120953,0.28079524044276183,0.027880734570848706
1104,7,3,Laying,-0.0375371635678497,-0.0027021658742581,0.256635594560235,0.0197989359841683,0.0042209627338086,0.0002663436294388,0.2593803553556376,0.02024562499490539
1105,8,4,Laying,0.0198933714319719,0.0050145986275452,0.20898361326094,0.0473840342335146,-0.0017736374821392,-0.0010110806711891,0.20998819737767146,0.04742799568065875
1106,2,5,Laying,-0.0102756254609816,-0.014652349681966,0.2963217414400157,0.042325554004826,0.0055549175447208,-0.001343751930384,0.2968616753302125,0.042709662841030484
1107,25,6,Laying,0.0022139094530811,-0.0057066875496929,0.2601431776451899,0.0194855281631819,0.0031533033000429,0.0025527615702704,0.260215181250428,0.019903409786638716
1108,22,7,Laying,0.0180880806377377,-0.0185741087242682,0.2713040905862962,0.0136711063381186,-0.0071570831452654,-0.0066115632393218,0.27254006264201863,0.016787964621238036
1109,28,8,Laying,0.0304698685015698,-0.0290715742856939,0.2290325098777998,0.040692596381083,-0.0071322837731706,-0.0023517835642262,0.23287219649171526,0.041379798911881226
1110,28,9,Laying,-0.030360870027496,0.0249885362286805,0.2754020873257319,0.034236823801543,0.0067191228524242,0.0009198638877434,0.27819510972525857,0.03490204672359265
1111,19,10,Laying,-0.0244490791999806,0.0386971658028501,0.2729441281517977,0.0163336971599947,0.0004978971027891,-0.0037514386623126,0.27675571395627074,0.016766360859664164
1112,29,11,Laying,-0.0338463211711725,0.005329541298639,0.2375352200728241,0.0130932916713039,-0.018489156926772,-0.0195475437525708,0.2399936629211718,0.029923062634217554
1113,29,12,Laying,-0.0025528491127474,-0.0262590243048694,0.2695221828297168,0.0241806682277129,0.0072110663824831,-0.0022863848773463,0.2708103772630057,0.025336372078864407
1114,27,13,Laying,-0.0236135290562131,0.0034235271341584,0.2121197646394503,0.0317429815079581,-0.0117143650814141,0.0114779065816681,0.2134575223392765,0.035729337578140515
1115,25,14,Laying,0.0318760054892975,-0.0336786956576494,0.2296669089781353,0.0297616868356071,0.0146312136678344,0.0208326113539365,0.2343015649685793,0.039164117665520526
1116,23,15,Laying,0.0012409849104261,0.0551323689236026,0.2413100635052371,0.0387345952795371,-0.0117772624619913,0.0052525063357906,0.24753113924429324,0.040824767058437544
1117,21,16,Laying,-0.0336477303495937,0.0140003039424229,0.2106268344339843,0.0303368701348648,0.0113307265101545,-0.0062665024089784,0.21375650084112113,0.032984543429753606
1118,15,17,Laying,-0.0290685886702259,-0.0142255984756421,0.2210256304244744,0.023734830524801,0.001276132811101,-0.0038251265387101,0.22338236233822337,0.024074930696260335
1119,30,18,Laying,-0.0215821145906092,0.0417429953776593,0.2187628229106366,0.0259097196242693,0.0147888176068508,0.0141419644031664,0.22375307376912618,0.03301541843438262
1120,3,19,Laying,-0.012607736931007,0.0166520916021403,0.2626353725099268,0.0182507602675907,0.0076993742143509,0.0232811521506546,0.26346458220921376,0.030567673432886713
1121,20,20,Laying,0.0169906913721201,0.0201646493460212,0.2061707017793458,0.0307528084150786,-0.0127094946854815,-0.0073735867587224,0.20785007805805264,0.03408278542407029
1122,10,21,Laying,0.064858253435655,-0.0075978482897643,0.2277947768711732,0.0394072822362674,-0.0118459625355297,-0.0055927393023709,0.2369699995930825,0.04152757462874872
1123,18,22,Laying,0.0012830269592387,-0.0468479113537958,0.2663196884296785,0.0200441764744186,0.019248143581628,-0.0075773368454266,0.27041181446392515,0.02880409824218878
1124,29,23,Laying,0.0315367792117777,0.0532709409709714,0.2244717032856528,0.0225848372405225,0.0048578159268056,-0.0107168219069271,0.23285168492185598,0.025466124961297326
1125,14,24,Laying,-0.0067476086251797,-0.0073520271478009,0.2514681517812433,0.025890808944732,0.0020485096134505,-0.0074853293182098,0.25166607615174325,0.0270288833371093
1126,9,25,Laying,-0.0166551517304926,-0.0035576276647449,0.2486572707629261,0.0195143832506672,0.0040492455260752,-0.0226845218584399,0.2492398224542656,0.03019594467689988
1127,14,26,Laying,0.0043285844739736,-0.0219139877672685,0.2416021652139143,0.0142985601621174,0.0203649751851111,0.0002357730840618,0.2426325735334476,0.02488446555478035
1128,30,27,Laying,0.005303090346777,-0.0144969212389638,0.2495266323888111,0.0098093316962158,-0.0021227129511884,-0.0117126053574469,0.2500036475012628,0.015424461833685503
1129,30,28,Laying,-0.0767974969890749,-0.0338400962533057,0.29391779213543,0.0353799718638442,0.0164879916989403,0.0173465158708865,0.30566431946170264,0.04271414159513976
1130,16,29,Laying,0.0201896227249343,-0.013586060561374,0.2188824716120313,0.0393343075681212,0.0008070996798423,0.0311752852047738,0.22023110199593562,0.05019698765220625
1131,15,30,Laying,0.0591868756434144,-0.0047037537208726,0.290081457917761,0.0462086467154056,-0.0127868741022589,-0.0060624759786358,0.29609536263708924,0.04832697792711355
1132,21,31,Laying,-0.0309893767709559,-0.0368983346477467,0.2700120055157485,0.0225421453718872,0.0006545790398767,0.006952989187166,0.27427780022281417,0.023599170543126907
1133,21,32,Laying,0.0386029801187116,-0.0104728249001975,0.2659720391871357,0.0327589104903568,0.017134957009548,-0.0013107173472879,0.26896281483654777,0.03699284996048221
1134,4,33,Laying,-0.0637091237712879,0.0017138284036068,0.256021205744848,0.0120717392607485,0.0018436331804117,-0.0045127304340786,0.26383450769478217,0.01301885586578448
1135,8,34,Laying,0.0201445468502785,-0.0169117545269338,0.2378086235578879,0.0192177644089114,0.0154434824683018,-0.0005114520221674,0.2392587545890005,0.024659383666185697
1136,30,35,Laying,0.0023729946163746,-0.0132190846315919,0.2638860046676471,0.0418664756056334,0.0080982602185813,0.0085858370166857,0.2642275511020757,0.04349827807490824
1137,1,36,Laying,-0.0414072792993348,-0.0262835649509741,0.2438503781920262,0.0159266994688346,-0.0133067128094499,-0.0234021967608821,0.24873358339777804,0.03127924511555218
1138,9,37,Laying,-0.0403958763940242,-0.007695766720278,0.2479172089954334,0.0150868277983678,0.0009865651585403,-0.0054229205113547,0.25130458446104725,0.016062183870885073
1139,13,38,Laying,-0.0048487729207451,0.0208899264420514,0.2560964128688408,0.0074741120094493,-0.0011332271967146,-0.0154453012416085,0.25699274758225965,0.01719604270328499
1140,30,39,Laying,-0.0032436251465076,-0.0223539245169206,0.2614588910045442,0.0082205707816724,0.0001837728159929,0.0071551947820399,0.26243279278841164,0.010899925173748439
1141,28,40,Laying,-0.0229250327365266,0.0005325291662152,0.2555244091873472,0.0443390784942846,-0.0185166257593767,-0.0113887818133881,0.25655129000616334,0.04938141008950741
1142,24,41,Laying,0.0841338747820824,0.010627271989901923,0.1932701857029017,0.0177181232081479,-0.0346109152683045,0.0030115089057019,0.21105642012843054,0.038998929877856706
1143,20,42,Laying,-0.0273498712850625,-0.0141217176675452,0.2777096246610673,0.0031223066894241,-0.0165196401524943,-0.0028514397714454,0.2794102252935318,0.01705221447791767
1144,9,43,Laying,-0.0225700451240045,-0.0088160069242076,0.2120874904178043,0.0276789185740188,-0.0018654135647498,0.0068648811779129,0.21346716962266002,0.028578469076939346
1145,24,44,Laying,0.0062007021748807,-0.0433892206359034,0.2647777465493461,0.0208641699774444,-0.0020824788456202,0.0131033047048851,0.2683809386722582,0.024725430252661166
1146,27,45,Laying,-0.0215830666955068,0.04053552985377,0.2933342589811928,0.0344098054670546,-0.0122577601345927,-0.0273286655703366,0.29690730109001034,0.04561955016934134
1147,14,46,Laying,0.0033415518399323,-0.0223559241246438,0.285206870312668,0.0142305139890273,-0.0053019407278867,0.0065611295539624,0.28610122716568837,0.01654286930667725
1148,4,47,Laying,-0.0334080849484463,-0.003284427288212,0.2826741155174008,0.0276388842952641,0.015592829210296,0.0141700294750749,0.2846603997504377,0.03475390601346773
1149,22,48,Laying,-0.0701022412907216,-0.0331731688564592,0.2729000233715347,0.0056218572464339,-0.0040836573573368,0.0042310076711129,0.2837061968342353,0.008135291157938266
1150,1,49,Laying,0.0440871208728453,-0.0172505908936324,0.2306953687275061,0.0243444279188062,0.0043864121226262,-0.0019280853424511,0.2355028880191416,0.024811475068831513
1151,30,50,Laying,-0.0239743149908541,0.0036048280013713,0.2633563813074105,0.0199970898761767,0.0104963742069995,0.0018619817655293,0.26446993428277316,0.022661077889288863
1152,10,51,Laying,0.0236653713945682,0.0058231232414649,0.2612921371446168,0.017095103039383,-0.0078846463148902,0.0153049559991097,0.2624262553578231,0.024262148989170715
1153,28,52,Laying,-0.030688954986672,0.0054259027396449,0.1787867183939372,0.0178257479537572,0.0120128459577488,-0.0015643198588894,0.18148262465808418,0.021552560282629914
1154,20,53,Laying,0.0035373800899809,-0.0904914373956063,0.2382323914559154,0.0292284027978401,0.0058161234424792,0.0120294463916795,0.2548644456149748,0.03213774109207481
1155,2,54,Laying,-0.0049696743787244,-0.0399635228822958,0.243864353824804,0.0092303117200275,-0.0230983764975677,-0.0135647421263822,0.2471671577920164,0.028332593955151947
1156,16,55,Laying,0.0452605472341191,-0.0081168360453982,0.2565963208907009,0.0185812968600243,-0.0223818877431487,0.0117014140616213,0.26068385461697346,0.031355008897922
1157,20,56,Laying,-0.0166437803037497,-0.0016384464255018,0.2569146893028956,0.0159191299433891,-0.0229745185381871,-0.0100136661541929,0.2574584578317289,0.02969041444748858
1158,12,57,Laying,-0.0224627396285898,-0.0231928048546524,0.2791017577062281,0.0098299652732607,0.0037622409304769,0.0019787129652239,0.2809631150584607,0.010709714239474935
1159,30,58,Laying,-0.0039939561521079,0.0237339290159267,0.244833395857177,0.03042990658231,-0.0187867635905905,-0.0329784759536388,0.24601350125396604,0.04864670160495553
1160,17,59,Laying,0.0113264056069756,0.0129354937811768,0.2642650699945564,0.0184383435655665,0.0186215281526296,-0.0057484726967127,0.2648237936488419,0.026828692896335736
1161,23,60,Laying,0.0178390867501223,0.0515622047924733,0.240489111406305,0.0168350886721355,-0.0187268173051915,0.0194045875832809,0.24660070292708722,0.031790752055557044
1162,2,61,Laying,0.0126423272114562,0.013591833176829,0.3435011272397176,0.0290630592648287,-0.0162790175637504,-0.0024487946874122,0.34400231217447497,0.03340156316840482
1163,28,62,Laying,-0.0118760518374831,-0.0120776880826382,0.2323892682679885,0.0075839686830575,0.0199062704209037,0.0037356005554799,0.23300575778894225,0.021627087056879487
1164,19,63,Laying,-0.0067641610410071,0.0227291348854722,0.2641320182454817,0.0284461341592755,0.0085624759095853,0.0016741842969832,0.26519443906247764,0.029754015449515284
1165,24,64,Laying,0.0225933690263332,0.004881562050984,0.2433881651951165,0.0441299725181738,-0.0059737692471679,0.0048914200053418,0.24448331012374444,0.04480029445374039
1166,14,65,Laying,0.0124172523221719,-0.018286735567909,0.2257653284406552,0.0205768497391268,-0.006152710664695,-0.0182266320204858,0.22684482885637933,0.028168647616104193
1167,28,66,Laying,0.0079866895390368,0.0379783075244579,0.266631740055209,-0.0074941812296279,0.0080162964344665,-0.0069768973236964,0.26944131802135285,0.013003878540387459
1168,13,67,Laying,0.0135924022406328,-0.0004240577763188,0.2442193712173951,0.0237220534004732,-0.0002803038533722,0.016805062151128,0.24459769929721056,0.029072744997478178
1169,4,68,Laying,0.032566083995436,0.0281971759753697,0.2700113664275096,0.002667264748379,0.01395790820202,-0.0057237661766948,0.27342598369546856,0.015319889094227735
1170,12,69,Laying,0.0214718184322431,-0.0291759849972124,0.2144477787009023,0.0497048592103899,-0.0119622883354764,0.0143263329881468,0.21748592339987416,0.05309343827850123
1171,3,70,Laying,-0.0126036017508051,-0.0013448665299061,0.2109671651040606,0.0248280702548846,-0.0135342539236994,-0.0049430474289248,0.2113475909375835,0.028706146027240545
1172,23,71,Laying,0.0277589869190872,0.0076257202967297,0.2055348850335843,0.0356436015864233,-8.874702386428205e-05,-0.0067773158551167,0.20754108492196605,0.036282312774765874
1173,25,72,Laying,-0.00501620510931,-0.0349698401971713,0.3054342913434881,0.0247839069638626,-0.0010173150560277,-0.0050638146466323,0.30747058130106225,0.025316381911562037
1174,13,73,Laying,0.0353989721837276,-0.0157463552442612,0.2036506042356518,0.0165165292263002,0.0165846825056849,0.0104016520182139,0.20730316818777486,0.025613312870568162
1175,16,74,Laying,0.0411976542492142,0.0224382668646564,0.2420023190909618,0.0229261268112365,0.0041164716493179,-0.0103985868707977,0.2465072919427152,0.02550849345441752
1176,24,75,Laying,0.0001351519652805,0.0092554009383987,0.1993910128417438,0.0226334959679012,-0.0037882023170711,0.012850850249504,0.19960575321027366,0.026301520272775866
1177,21,76,Laying,-0.0114451805911113,-0.0144526394209376,0.278802128917648,0.0244556678829388,0.0224511830706546,0.0082776672738298,0.279410984096917,0.0342148372547479
1178,14,77,Laying,-0.0123066898256855,0.0071897608967687,0.2393779357189162,0.0357424511311302,-0.0166524714161376,-0.0102961997071416,0.2398018836149289,0.040753396736172225
1179,11,78,Laying,0.0367726934617086,-0.0660590578841759,0.2912341364797124,0.0232483108946499,-0.0235484370242145,-0.0375215980236167,0.30088760752822213,0.05002882333199104
1180,3,79,Laying,-0.0458815819742483,-0.000591145675362,0.2480230588657334,0.0329150054338663,-0.006868589719512,-0.0138505068305771,0.2522318511742405,0.03636497830207378
1181,1,80,Laying,0.0010083086073473,0.0069231838486583,0.2263250590218278,0.0362680837541919,-0.0077674596465504,-0.0108714670290612,0.2264331678488905,0.038650952432324776
1182,9,81,Laying,-0.0162717452840486,0.0322452052710782,0.2460161064117802,0.0163185812116278,0.0115763468806067,0.0267843567493593,0.24865326776773977,0.03343216514582287
1183,23,82,Laying,0.037015273825963,0.0310823385172436,0.23183080745025,0.0253329272559529,-0.0160318078712998,-0.0025617783295204,0.23681588955799912,0.03008884802027608
1184,26,83,Laying,-0.0187857110737717,-0.012086578715269,0.2275031490585899,0.0214112898975554,0.0066529085783114,-0.0014936488804999,0.22859718099128562,0.022470770227269603
1185,26,84,Laying,-0.0223836169469545,-0.0455819805767475,0.257321806779453,0.0312914670506773,0.003206852773177,-0.0098425549162423,0.2622846840842391,0.03295930372704651
1186,3,85,Laying,0.0074056178739364,-0.0141034276730662,0.2158532365074924,0.0342741239963616,0.0102253469215471,0.0118611935135438,0.21644022167560176,0.037682372628985245
1187,24,86,Laying,0.0353808693807923,-0.014807467539842,0.2696050396461554,0.0186135917279165,-0.0027997770468221,-0.0302647232173648,0.27231956304255706,0.035640679285742764
1188,9,87,Laying,-0.0090573964325074,0.0027326990035508,0.2376985114790848,0.0469523508510642,-0.0145308260665659,-0.007044765463799,0.237886709240664,0.04965175603196885
1189,26,88,Laying,-0.0169133093698641,0.0309423918882211,0.2943409538298089,0.0162400923635132,-0.00903759428404,-0.0144641081074239,0.29644576021769425,0.02355056546585661
1190,10,89,Laying,0.0391885615955791,0.033630132207489,0.2468205460003364,0.007548760046164,-0.0163332820682031,0.0021328681298074,0.2521648490177167,0.018119299319046392
1191,21,90,Laying,-0.0619843441506344,-0.0096392973161364,0.2985488766867215,0.0222811349171214,0.0186204761348828,0.008113076611946,0.30506787235537663,0.030149512712413968
1192,13,91,Laying,-0.0325283880250607,-0.0087801388005556,0.2461391728436589,0.0130936053988311,-0.0121233502851367,0.018834607401482,0.24843445669436945,0.025945337932745904
1193,3,92,Laying,0.0323530822922604,-0.0130945343509504,0.2492308201035048,0.0320230552279821,-0.0074819834113084,0.0070988039186816,0.25166285076098055,0.03364296596582078
1194,6,93,Laying,-0.0613928909864514,0.0131912216524391,0.1759440962628509,0.0221644159162692,0.0106780373164811,0.0077786913257296,0.18681386565806465,0.025802903956386597
1195,2,94,Laying,-0.0350899318828055,-0.020660161209679,0.255586475870744,-0.0003991648755462,-0.0001652946981069,0.0038928671725008,0.25880995388272116,0.003916767769197765
1196,7,95,Laying,-0.0084911154261295,0.0157596290415915,0.2567117247497861,0.0182293217575138,-0.0242023670032436,0.0016676635196352,0.2573351405710428,0.03034540890997158
1197,2,96,Laying,-0.0173502787458463,0.0143737265388925,0.2925200015030305,0.0245242484569748,0.0069258104555733,-0.0180559917644111,0.29338641322751535,0.031231785915032794
1198,2,97,Laying,0.007365707429851,-0.0017971781303148,0.2868768274187854,0.0182442690496405,-0.0030204702145296,0.0132351808391599,0.28697699839018775,0.022740857620542725
1199,21,98,Laying,-0.033265241438618,0.0765489981987036,0.217642217099898,0.0241912489806309,0.0043336019503201,0.0033452188628889,0.2330975334004069,0.024802965998995393
1200,16,99,Laying,-0.0056923111201919,-0.0055428111157892,0.2429520440113613,0.0110508267676078,0.0268777401802841,-0.0027498864714172,0.24308192209675492,0.029190675995122463
1201,12,100,Laying,-0.0100395857304481,-0.0106429101706645,0.2363366901199105,0.0056269276501343,-0.0020077642515096,-0.0050875956789928,0.23678913808571214,0.007847105317401572
1202,14,101,Laying,0.0351457352755433,-0.0359010035275354,0.2326855846733543,0.0137694941655739,0.0180316299251476,-0.0108676055606833,0.2380476550548722,0.025156380859651627
1203,16,102,Laying,0.0291048442021794,-0.0043836873424622,0.2086956699717859,0.0079480767654538,0.0107470508099509,-0.0157574252349982,0.21076098153055317,0.020663191317358772
1204,2,103,Laying,0.0117607983317973,0.0034304732946178,0.2613139745293308,0.0308948100980735,-0.0116708848052237,-0.0121941022376842,0.26160098969373574,0.03520504186215265
1205,7,104,Laying,-0.0188803383169318,-0.0825044547601544,0.2694626589365159,0.0120467338991403,0.0058391984738156,0.0174102731164621,0.28244216539208383,0.02196218674092153
1206,25,105,Laying,0.0005028737178584,0.0298729749499059,0.254613930416086,0.0448428666017643,-0.0132763388594638,-0.0001026872552061,0.25636088054978534,0.046767022604045666
1207,20,106,Laying,-0.0057123527103013,0.03456656989958,0.2370388138146766,0.0508671393953611,0.026527468803403,0.0035258999528412,0.23961401875261462,0.05747699054282559
1208,6,107,Laying,0.0165780354106385,0.0357501430687391,0.214384078030979,0.0085999998177776,0.0157052364232204,0.0034248559109124,0.21797577136164606,0.01823030679899642
1209,25,108,Laying,0.0003336990864348,-0.071581244170922,0.2442831305662899,0.0155869157600847,0.0114758954201885,0.0124378847298,0.25455497196363003,0.023007587773577486
1210,10,109,Laying,0.0173004070238973,0.0118637594639742,0.2050795975383919,0.0323830384999609,0.0078674743190422,0.0155649081721091,0.2061496888145125,0.0367807653680144
1211,21,110,Laying,-0.0507768202071482,-0.0116543047685464,0.2277320008852706,0.0271563398548134,0.0001675232277254,-0.0029260259135018,0.23361500918647352,0.02731403459740868
1212,22,111,Laying,0.0308281308420352,-0.0330424263354235,0.2187663559782218,0.0121971841112744,-0.0045040948428248,-0.015357377698898,0.2233850802926095,0.020122306537375262
1213,18,112,Laying,-0.004964705838926,-0.0235954534199724,0.2762129876216859,0.0242562433964157,0.0132830920503975,-0.0024381231400554,0.27726342755051336,0.02776239043331044
1214,27,113,Laying,-0.0007258466469406,-0.0168834721404513,0.2497886037839354,0.0339028913266505,-0.0051416779033787,0.0064801495316833,0.25035959151828024,0.03489749604085861
1215,30,114,Laying,0.0227715169656662,-0.0173971748193578,0.2755503961968715,0.0257622067804208,0.0190119216673882,-0.0144258465781776,0.2770365039500495,0.03511765244405131
1216,7,115,Laying,-0.044285303199356,-0.018486517379267,0.2084616715589706,0.0077158138196465,0.0077693845057484,-5.223491765822937e-05,0.21391401990854403,0.01094987885705746
1217,17,116,Laying,-0.0116088779191629,-0.0179171299297901,0.2995110750345713,0.015806178654462,-0.0165266737260412,0.009950632718579,0.30027100036438353,0.024939553316044888
1218,25,117,Laying,-0.0064726687004346,0.0611632106645365,0.2342138308361759,0.0355748022469599,0.0135274666324913,-0.006516697902525,0.24215481067667616,0.03861380918733921
1219,11,118,Laying,0.0222409959279271,0.0172467575374179,0.2076816969786722,0.0108945545461909,-0.03170537506185,0.007442335674735,0.20958005583872139,0.03434109035642203
1220,14,119,Laying,-0.0078548157940723,-0.0048645126292584,0.1992566770689444,0.0112737205863834,-0.0059744864070945,-0.0084040700018477,0.19947076219545715,0.015278077637070647
1221,20,120,Laying,0.0175040437989544,0.0680883770785559,0.2493994890990722,0.0389425332887118,-0.0103746597122471,-0.0209368289371919,0.2591187446044488,0.04541481332156487
1222,8,121,Laying,-0.0105690494013037,-0.0479316515362272,0.2504401950150731,0.0152443234436416,-0.0244283923344323,0.0217003143232522,0.25520470078630086,0.03605605900576568
1223,29,122,Laying,-0.0491285790883259,0.0269451537152186,0.2281415691238214,0.0386270754211332,-0.0091674291834756,-0.0067612211282849,0.2349217617724123,0.040271662798666744
1224,29,123,Laying,0.0103449512843113,0.0177965814211233,0.273054512120218,0.0238782357658833,0.0066077090194322,0.0093203575865427,0.27382933173158003,0.026470757966435682
1225,3,124,Laying,-0.0042797433979288,-0.0433588484469339,0.2679752247033997,0.0255271712392643,-0.0051701981543838,0.0159720795448957,0.2714940643863763,0.030552818943966397
1226,2,125,Laying,-0.0428350089873994,0.0493210894609465,0.249331801640966,0.0289689772312862,-0.0049380514316283,-0.0208384114065416,0.25774746394503145,0.036025343630789526
1227,18,126,Laying,0.0100423472067837,0.0202867633920778,0.2440590040468329,-0.0024067480150552,-0.0192707668072828,0.0256502452970411,0.24510650534549208,0.03217281419377273
1228,16,127,Laying,-0.0327760795131634,0.0428114837471762,0.2219773978774721,0.0227193011284016,0.0078151032449988,-0.0102524305822609,0.22843173968899658,0.026121922121793786
1229,10,128,Laying,0.0022718507420523,0.01382552538899,0.2419717897594262,0.0332340035877136,0.0197349092481232,-0.0016410742202901,0.2423770894648579,0.03868667421860297
1230,7,129,Laying,0.051891383722477,-0.0183478742513735,0.2729228811805513,0.0311139292030381,-0.0133572759085296,0.0026726213079666,0.2784174191139464,0.033965222136827684
1231,21,130,Laying,-0.0255957652883053,0.0107400730258237,0.2543886863832555,0.0240926631586597,-0.0008572183632335,-0.0011251282365452,0.25589860517222907,0.024134149144885438
1232,19,131,Laying,-0.0110309886373898,0.0041950228504494,0.2306825736290866,0.058210118643375,-0.0176166655683164,-0.0073092009654307,0.2309842650553777,0.061255116006540634
1233,6,132,Laying,0.0612148024297361,-0.0396040394993249,0.2627776689395833,0.0281049258130817,0.0041700288084318,0.0154542895326367,0.2727046667633265,0.032343640181348506
1234,21,133,Laying,0.0364748807924126,-0.0135287047956035,0.2558205234848197,0.0016987245980982,0.0012386626065241,-0.0099248678478989,0.25876163359028803,0.010145094977931075
1235,28,134,Laying,-0.0505611559445008,0.0121461686015722,0.1991029391327317,0.0268535575848948,-0.0153313199127818,-0.0106205129391985,0.20578129233104306,0.032694926522703845
1236,10,135,Laying,0.0346419630763548,0.0176375383774086,0.2844760941301162,0.0444965891562661,-0.009660483839247,0.0187371457805109,0.2871198295090829,0.049237709395848296
1237,5,136,Laying,0.022383010036347,-0.0148001314379991,0.2220909957208205,0.0326808733413055,0.0118118940646151,0.0114408548330818,0.22370617651091973,0.036584880525372676
1238,18,137,Laying,0.0064457966668437,0.0039587190398771,0.2658059975709971,0.0287970509439648,0.0067669479948247,0.0025499932638839,0.26591361021169996,0.029691146725578304
1239,5,138,Laying,-0.0488162341965128,-0.0039382042525915,0.2084846051846324,0.028458775220061,0.0205241271981712,-0.0059260597743371,0.21415967121018833,0.035584545363425465
1240,7,139,Laying,0.0038175609089164,0.0226946014476491,0.1879683120470042,0.0184736189731976,0.0045564457409106,-0.0362124340707159,0.18937186971659986,0.040906920894668845
1241,9,140,Laying,0.0330257392014386,0.0300899070135217,0.261229546821103,0.0360274704992897,0.0026888029302682,0.0069424363430289,0.26502259919909216,0.03678866284811146
1242,11,141,Laying,-0.0094696112652184,0.0034743804876627,0.2310288884075253,0.0407935418022789,0.0190194926187775,0.0172489100087134,0.2312489829947457,0.04820144239271996
1243,17,142,Laying,-0.0286132211809526,0.0383092098225048,0.2663172160777424,0.0291073042690455,-0.0079204010618143,0.0053207976579595,0.27057563002416485,0.030631336936342346
1244,24,143,Laying,-0.032558341789858,0.0190218706823709,0.2913666009881863,0.0453880692988494,0.0088565506763727,-0.017275269370264,0.2937964828852977,0.049365476361273926
1245,12,144,Laying,0.0641904523217313,-0.0260583477132685,0.2482245528126934,0.0426690543975122,0.0077141740259198,0.0310019540560638,0.25771084624802987,0.05330363814388584
1246,5,145,Laying,-0.0219860814968576,-0.0296926735722246,0.2867237630750552,0.0100515171466058,-0.0024595998602192,-0.0008205818107447,0.28909437724620923,0.010380557929563602
1247,18,146,Laying,0.0184280390407574,0.0137119474253058,0.23792707366295,0.0401875502385242,0.0503228005340908,0.0086410262365364,0.23903326652768828,0.06497761754780107
1248,4,147,Laying,0.002990166226405,-0.0389358891297648,0.2308755565204854,0.0223286220756587,-0.0066825030033391,-0.0002009729315856,0.23415479314981086,0.023308015795139216
1249,4,148,Laying,0.037415007521077,-0.0047649814940476,0.2137516016600242,0.0417170955362801,-0.000613178418267,-0.0215812553200294,0.21705376073375582,0.04697278604622092
1250,11,149,Laying,0.021372903554791,0.0307706005270039,0.1772227478519599,0.0146930669733387,-0.0013806751413464,0.0091813863913577,0.18113954073960276,0.017380746157641125
1251,10,150,Laying,-0.024964257059218,0.0218150774904084,0.2359503288005752,0.0317756831318587,-0.0138939456871823,-0.0169041627404549,0.23826806205937628,0.03858090827352882
1252,1,151,Laying,0.0226580747271119,0.0075755973095164,0.2776736719970862,0.0183425874884819,-0.0099388162809968,0.0170089860942613,0.27869956251361566,0.02691720997419298
1253,23,152,Laying,0.0375438212754187,0.0396151412244714,0.2758026854279822,0.0164024060373694,-0.0102065479590669,-0.0026256971624774,0.28115123905023415,0.019496328645273366
1254,7,153,Laying,-0.0388511903049419,-0.0288508199626079,0.2693420287452713,0.0331168639278019,-0.0131196853316869,0.0084515241912509,0.2736547336503503,0.03660984950488497
1255,3,154,Laying,0.0452965876373131,0.0170740932560256,0.2817574316120313,0.0309634698866276,0.0122491138712148,-0.0160889644570971,0.28588556413486277,0.036981509370925016
1256,13,155,Laying,-0.0036523337133274,-0.0011694830468258,0.2426875015919415,0.030548582878959,0.0079297456811968,0.0049032134633893,0.24271780046195401,0.031939603703688126
1257,13,156,Laying,-0.0220719023953537,0.032915582224687,0.260491984498415,0.0122673267700073,-0.0024210942706202,-0.021791245971342,0.2634894275231221,0.025123841357023745
1258,27,157,Laying,0.0010611184304232,-0.0059513982779578,0.2327659914893398,0.0448075023725441,-0.0144519264942764,0.0088299118960291,0.23284448008875294,0.047901333930832755
1259,27,158,Laying,0.0323180371115006,-0.000946163462933,0.2159779408173001,0.0079742227926943,-0.005144396186969,-0.0085875091739238,0.2183845728702467,0.012798373142249445
1260,30,159,Laying,-0.0215864072687439,-0.0097894036641373,0.2469325872134294,0.0310651493455662,-0.0154724527432803,-0.0085280474516631,0.2480675473148179,0.035737485797033786
1261,13,160,Laying,-0.005864555802698,0.0550927112224026,0.2569673977817157,0.0048301273505071,0.0052272670198345,0.0068207965342997,0.26287229478837154,0.00985787584021431
1262,13,161,Laying,-0.0037538408473421,-0.036401900232276,0.3027416408594038,0.0116264510802342,0.0082596525801991,0.0025006316132991,0.3049453898190166,0.014479274288861976
1263,4,162,Laying,0.0512057377250199,0.016849166164231,0.233240073188694,0.0388249034390995,-0.0078887431255514,-0.0011455317790028102,0.2393884995513793,0.03963480337043493
1264,14,163,Laying,-0.0387925082404737,-0.0309984368201025,0.2515416001130856,0.0296010838572609,-0.0212798827836378,0.0062160921000083,0.2563960576302384,0.03698239280800719
1265,21,164,Laying,0.038390640470135,-0.0105589328647352,0.2162913319135004,0.0259475569744906,-0.011452937513484,0.015861814267914,0.21992560696714047,0.03249680972806415
1266,28,165,Laying,1.5906225992991512e-05,-0.0045502986927986,0.2677540305679302,0.0124381570099963,-0.0161144206916064,0.0051043947430204,0.2677926928737485,0.020986594524218714
1267,28,166,Laying,-0.0330003046124837,0.0251026809366266,0.2657519232995182,0.0093271307193386,-0.0077392005367667,-0.011296644449329,0.2689670043557681,0.016568185423228323
1268,26,167,Laying,0.0532895789412174,0.0271803128271182,0.2373746546198417,0.0322024336167936,-0.0169523273241353,-0.0084080768898686,0.2447963955719148,0.03735068793924103
1269,6,168,Laying,0.0135669224743773,-0.0029237737654033,0.2574404053214267,0.025979205749414,-0.0020447175252789,-0.0037018199023861,0.25781422018678,0.026321160151449825
1270,1,169,Laying,-0.0127879461803335,0.0069581252588576,0.2623244676759836,0.0274794895914854,-0.0147324631250132,-0.0124865981392898,0.2627281359430642,0.03358694614028706
1271,14,170,Laying,0.0441501990201263,0.0045724638467626,0.2376499476256901,0.0278042556930346,-0.0142102677814178,0.0163617894567057,0.2417594777989892,0.03525218431939805
1272,13,171,Laying,0.0055978243352408,-0.0200837163963164,0.2449961360172137,0.0184120470992048,0.0163958747102104,-0.0025280011180882,0.2458816747237194,0.02478344155982595
1273,17,172,Laying,0.0172117936995387,-0.0222229981129362,0.2558112839840547,0.0284304446174276,-0.0194259852627577,0.0031587061097201,0.25735096755414333,0.03457797722338715
1274,20,173,Laying,-0.0013728619482941,0.0038989887634799,0.251068891404717,0.028239623411876,0.0167167903209519,-0.0147438426510638,0.251102917335702,0.035976496566488714
1275,7,174,Laying,0.019998558868885,0.0144277760318373,0.2637821666002625,0.0594197151959167,0.0076766940514588,0.0141367224531878,0.26493232059223304,0.061558761417380876
1276,25,175,Laying,-0.0092121617655752,-0.0297873712169184,0.2405704771229909,0.0338995021417925,0.0050853481853646,0.0050406421324859,0.24258257536680805,0.034647439800591
1277,12,176,Laying,-0.0112140785643892,-0.0053957173287983,0.2717342635049564,0.0355090928521302,-0.0125780206208903,0.0095292819928931,0.27201907890095073,0.038857553875930255
1278,24,177,Laying,-0.0195216369226868,0.0140676495552316,0.2442410277261253,0.0445723568654873,-0.0052259328622643,0.0022326480111847,0.24542345588159237,0.044933173579963105
1279,5,178,Laying,-0.0262187655036864,-0.0021857116628083,0.2420024534613059,0.0185773314574253,-0.0054965375185404,0.0139001824767099,0.2434284052474192,0.023844165778185634
1280,28,179,Laying,-0.0179565220428099,0.0169922364801481,0.2594378500609343,0.0075377485528103,0.0064896179803305,-0.0176689151219711,0.2606130672639248,0.020276177064807895
1281,10,180,Laying,-0.0152157492939254,0.0002510175976935,0.2111716015112098,0.0265297790450602,0.0115868802246327,-0.0100870678502827,0.2117192181197048,0.030656710641161527
1282,9,181,Laying,-0.0182150125843203,0.0136386307070246,0.2643885497094081,-0.0054272412301063,0.0251925795472846,0.0066069185443541,0.2653659815207174,0.026603991885951216
1283,15,182,Laying,-0.0043062133998605,-0.0556606052565673,0.2702416618375072,0.0179351496471139,0.0067991461772917,-0.0027350133782841,0.2759478252207655,0.019374681411159854
1284,13,183,Laying,0.0071411813734913,-0.0232498914422773,0.2759316682803679,0.0101452620067791,0.0280696178167398,0.0279743579373376,0.27700151530898487,0.04090714470077709
1285,8,184,Laying,0.0382643695732353,-0.0025364507470092,0.2849964011724162,0.0237977937715484,-0.0194189692780663,0.0187900176753836,0.28756485223764383,0.036006889902584736
1286,29,185,Laying,0.0338647338876751,-0.000940173229663,0.2132444722800655,0.0176724915427628,-0.0227643198110938,0.0118135106577247,0.2159187557508343,0.031146271813026923
1287,11,186,Laying,0.0086049261044002,-0.0253108004333906,0.2071988966500157,0.0279794386659821,-0.0041724923164003,0.010477363817817,0.20891640468097522,0.030166767025400228
1288,19,187,Laying,-0.0380281580618612,-0.0227194393642146,0.1783707337452732,-0.002304333529099,0.0224774051247314,0.0260449780512458,0.1837890975749902,0.03448020556557786
1289,17,188,Laying,-0.0247148629771953,-0.0089534677647032,0.2762072260745909,0.0185701372522244,0.0029704233380211,-0.0001594506310156,0.2774552590469593,0.01880688269961942
1290,13,189,Laying,-0.0170643801024857,-0.0157857823797561,0.2587996261505652,0.0127888982951569,0.0056466168202939,-0.0058947369956147,0.25984154881253196,0.015171951930010906
1291,20,190,Laying,0.0415188769850567,-0.0050457613568085,0.2775941302057598,0.0025995893014521,-0.0058795376705074,0.0003461077634509,0.2807272305610242,0.006437904809723486
1292,8,191,Laying,0.0576999203761937,-0.0587985624977967,0.2471137041432167,0.0432086106364532,-0.0098127550658359,-0.0026604851303208,0.26048365503157317,0.0443886514352865
1293,1,192,Laying,0.0055352566116834,0.0469731142636324,0.2634542143021969,0.0415971611939277,-0.0045001044663738,-0.0092565676406287,0.2676662764768273,0.04285159044991698
1294,16,193,Laying,-0.006771695790589,-0.034773092801028,0.2645053508863028,0.0201765235905594,-0.0083973612497184,0.0062332301202625,0.26686720385674095,0.022725776948012574
1295,11,194,Laying,0.0231150664156738,-0.0143501216547408,0.2847728933228255,0.0200907802721304,0.007898870831974,0.0022445296721613,0.28606962973786687,0.021704136145270704
1296,30,195,Laying,0.0223170562114346,0.0032984067644288,0.2000980776297027,0.0376099192405266,-0.0010960365307238,0.0098689509669351,0.20136576460816394,0.03889863126825137
1297,12,196,Laying,-0.0231988944303402,-0.0274438621552589,0.2696606530434701,0.0212093871323685,0.0117053659933312,-0.0022275117857877,0.27204452222498005,0.02432725846297392
1298,21,197,Laying,0.0307022933234486,0.012699134526273,0.2586392498114244,0.0203248600157465,0.0029053451757689,0.0149106589369088,0.260764568866347,0.025374568275792847
1299,8,198,Laying,0.0159352333105156,0.0013908022874911,0.2537381212823626,0.0465426344617287,0.0150216253879943,0.0009925476899464,0.2542418143885195,0.04891677833680535
1300,16,199,Laying,0.006433622638081,-0.021056115106529,0.2448108536120514,0.0288674723443576,0.0106326698696141,0.0093652612113864,0.24579891279232682,0.03215731247579544
1301,6,200,Laying,0.0293094819203589,-0.0026632103813265,0.2203902593296738,0.041704809217899,0.0182909874592244,0.0032968372792582,0.22234658717276484,0.04565873925308017
1302,10,201,Laying,0.021263808057157,0.0230234762623329,0.2918731645843675,0.0341008565678965,-0.0165961034679821,0.025122596862139,0.29355097376228734,0.04549114135831034
1303,5,202,Laying,-0.0152857261581829,-0.0308887521707222,0.2651444029121225,0.0215217495204052,0.0041249419249869,0.0092925855159782,0.2673748732219862,0.0238023737025395
1304,6,203,Laying,-0.0169932566399038,-0.0334832397805301,0.2615745540361593,0.0183326518090378,0.0018261973216549,-0.0167915804620283,0.26425583330675173,0.024927460629229906
1305,8,204,Laying,0.0214485567311999,0.0181779752294039,0.2263492608738019,0.0103966953835243,0.0001970461218974,0.0070129099627426,0.2280887267433635,0.012542368525022884
1306,27,205,Laying,0.0121552542057765,-0.0153647953308392,0.2589347332745981,0.0437794433909499,0.0025643085913628,-0.0204143491977327,0.25967484136194807,0.04837314332705798
1307,19,206,Laying,0.0613187091363782,-0.0386217243934678,0.2508917398548707,0.0221708070870983,0.0011985369909383,0.0024281519144221,0.26114801705676577,0.02233555684399848
1308,24,207,Laying,0.0341991595818877,0.0025434985920243,0.2883177867163614,0.0235293042651689,-0.0043767096746829,-0.0083647872879825,0.29035013008128013,0.02535258198197083
1309,18,208,Laying,0.0082734423577751,0.0616200086541552,0.2637470643185758,0.033584341927021,-0.0051628915626806,-0.0030541673909208,0.2709759938659743,0.03411585277273343
1310,15,209,Laying,0.0295392446499978,0.0602608092086946,0.2946384380739046,0.0350655578716002,0.0004393822423813,0.0026214864283415,0.3021849455078946,0.03516615697933798
1311,19,210,Laying,-0.0434450256390797,-0.0338039507327982,0.2514940010356581,0.0213500967321665,-0.018368021308996,-0.0004665422381217,0.2574478780158216,0.028167862874924492
1312,2,211,Laying,-0.0095529097339783,-0.0351854656585224,0.2388946296813978,0.0209880874910457,-0.0077079642490558,0.0115833770596992,0.2416607522304869,0.025181087218459748
1313,9,212,Laying,-0.0595739697213291,9.857353347275515e-05,0.2528838156817691,0.0300526892002371,-0.0067371688534886,-0.0114740475636541,0.2598062582365373,0.032866507873813754
1314,15,213,Laying,-0.0002194839808484,-0.0132473440604398,0.2965321421396708,0.0209471593759351,-0.0006648143964634,0.0309427267449742,0.29682798321555776,0.03737215276802652
1315,29,214,Laying,0.0166847059559727,0.0193892830015905,0.2719420493115464,0.0286185908176406,0.0024230099301313,0.0012541786229639,0.2731424571389746,0.028748350935790343
1316,23,215,Laying,-0.0172798170670131,0.009765564085178,0.3108593751227377,0.0401335238620444,0.0037989752778079,0.0106978724763248,0.31149239063172973,0.0417082297186825
1317,24,216,Laying,-0.0078153646259915,0.0284354953255216,0.2946150158037457,0.0153641728488077,-0.0060448538677894,0.0272671974234817,0.29608725885401804,0.03187629402772686
1318,26,217,Laying,0.0028878374930691,0.0547008591810113,0.2562057195182737,0.0280772535290679,-0.0038186360957487,0.0117819392688778,0.26199598148521963,0.030687590982396054
1319,28,218,Laying,-0.031050066904226,-0.0105735165666131,0.2774523557312266,0.0233806420276959,-0.0061673183566651,0.0126192769233675,0.27938453000863966,0.02727519729366506
1320,18,219,Laying,0.0331035961413753,-0.0134892627201641,0.2563709958396383,0.009894065051197,-0.0111935113809837,0.0015520654016672,0.25885110738421174,0.01501985776512487
