row_id,subject,time_step,activity,acc_x,acc_y,acc_z,gyro_x,gyro_y,gyro_z,device,acc_magnitude,gyro_magnitude
1,1,0,Walking,-1.3662381904758565,0.1415333561743305,9.407383484906186,0.1109805216679175,-0.2154289340191982,0.0808774163168932,phone_A,9.507129036471019,0.25547496603860664
2,1,1,Walking,-0.923150084529862,0.6185528503695659,9.569188515659846,0.3338468486496766,-0.2010165009909467,0.1629299381128877,phone_A,9.63349274954334,0.4223831397646369
3,1,2,Walking,-0.4437479964340315,0.811328469246144,9.791356152252645,0.5076629882738584,-0.0479086425397251,0.1510962180548295,phone_A,9.834928645882705,0.5318336345170502
4,1,3,Walking,0.2982017948048729,0.9362142534232514,10.093387579443082,0.509256944132374,0.1334854141541509,0.1887879544171999,phone_A,10.141099263274844,0.5592869412671637
5,1,4,Walking,0.985162696613331,0.6053701983468296,10.049108824652722,0.3987455876635542,0.29954091305041,0.0667156151921285,phone_A,10.115414316060322,0.5031637661663354
6,1,5,Walking,1.325939085413138,0.1820612765695456,10.212549474464806,0.1848922857263606,0.3690723261691225,-0.0314308668865488,phone_A,10.299875122303364,0.4139896600861491
7,1,6,Walking,1.4244893931587943,-0.1510523409899204,10.042751593200386,-0.0628085331583782,0.3546273949827482,-0.0745884830822897,phone_A,10.144399755710996,0.36778926427816544
8,1,7,Walking,0.9610386251946288,-0.4977511305925489,9.905337079848932,-0.3276804845495279,0.2459669620969859,-0.1485982793259087,phone_A,9.964288940639584,0.43583907008947037
9,1,8,Walking,0.15713350660669,-0.7398055264299773,9.81129035310742,-0.4109653032346457,0.1240663538435474,-0.1786008623768523,phone_A,9.840397428397573,0.4649550609043114
10,1,9,Walking,-0.5770500269098899,-0.6142725915182782,9.555348448680204,-0.3304845188120515,-0.0454489252214174,-0.099446382710051,phone_A,9.592445023347409,0.34810229101850093
11,1,10,Walking,-1.1745997797005217,-0.2332554692663352,9.411674187166325,-0.2127627502138731,-0.2183834452948976,-0.0366825140303065,phone_A,9.487555204676706,0.30709106775193595
12,1,11,Walking,-1.2720217905500155,0.1104207600332198,9.579325185623087,0.050065605492256,-0.2316370973655413,0.0862233110847873,phone_A,9.664041762730188,0.25218399850835793
13,1,12,Walking,-1.1454955470802315,0.5759013440783852,9.57182701635707,0.292284812661586,-0.1972925118089894,0.1059750177358725,phone_A,9.657313023691167,0.3682192978547392
14,1,13,Walking,-0.4602848787883475,0.757554924808352,9.852310228725798,0.4780769509577759,-0.0502317023801713,0.1784739258250029,phone_A,9.89210637209273,0.5127706477173615
15,1,14,Walking,0.2418729992459032,0.8297585685665335,10.023429575093706,0.4613774513494511,0.0679442422377138,0.1073358536923328,phone_A,10.060623354282626,0.47854629677266763
16,1,15,Walking,0.8487087035482652,0.7483170282249468,10.032432940826574,0.3927384855384623,0.2897499898086732,0.069330506187614,phone_A,10.096038606819613,0.4929556711362615
17,1,16,Walking,1.4913278519554125,0.2173257544183184,10.116787786607205,0.1697633602049527,0.3418893827977044,0.0157033805595848,phone_A,10.228425312079867,0.3820399778804188
18,1,17,Walking,1.2144930519810724,-0.0647637577085461,10.062464702169546,-0.0723579772260759,0.3182735174122483,-0.0824075684162232,phone_A,10.13569847617967,0.33663736585009174
19,1,18,Walking,0.9557771783491018,-0.4715594279852784,9.854671792893166,-0.2326643689083923,0.2622006732292635,-0.1595027096758564,phone_A,9.912135716101702,0.38512727246374023
20,1,19,Walking,0.3422755334955237,-0.672882551278233,9.815511539571173,-0.3642194487974893,0.1274162305085427,-0.1023599546037892,phone_A,9.844500508004415,0.39920954771378253
21,1,20,Walking,-0.5990509494094924,-0.7308624659896941,9.385982705356398,-0.3694231724207427,-0.0824573797001418,-0.0818485897290643,phone_A,9.43343486379327,0.38726204491152477
22,1,21,Walking,-1.096871149023073,-0.5544773168244173,9.312800606763965,-0.196527238331804,-0.1586167137739753,0.0268163903856249,phone_A,9.393552392666752,0.2539711323912526
23,1,22,Walking,-0.9798845656192476,0.0928163716947214,9.36561883607956,-0.0208156033693852,-0.2284507277346475,0.0413761831824514,phone_A,9.417197291313466,0.23309871917466507
24,1,23,Walking,-1.2035280389185066,0.4045625093804308,9.613885131328455,0.3037814325494669,-0.1935323942835707,0.1263090634485855,phone_A,9.697367574905964,0.3816961172296577
25,1,0,Walking Upstairs,-0.5321395630905538,-0.8079624178094578,9.726984219037366,-0.4411719385430535,0.0344351071917477,-0.0938880517289462,phone_A,9.774978147320876,0.45236425833900734
26,1,1,Walking Upstairs,-1.3055538523298165,-0.4496155871589418,9.502403001517646,-0.2422108045453594,-0.1188235171517703,-0.0088513879082967,phone_A,9.602202239111664,0.26993230472607477
27,1,2,Walking Upstairs,-1.4241028097211683,0.2761348463273145,9.856866061665746,0.1943986101991597,-0.2379696820517486,0.1567099844259638,phone_A,9.963038082012432,0.3449324693935915
28,1,3,Walking Upstairs,-1.1298731407108673,1.089261486847748,10.006178978132738,0.5389622962540515,-0.1607970857660225,0.2627015189897564,phone_A,10.128510336829159,0.6207641642796489
29,1,4,Walking Upstairs,0.1654304171083338,1.3921950856689345,10.41858350335621,0.7760400257388829,0.1320765268231767,0.2768961035533759,phone_A,10.512490503961063,0.8344781498934056
30,1,5,Walking Upstairs,1.0765599430458277,1.387484547841357,10.756514630634568,0.7374037055815662,0.3595477318570081,0.1607251373011549,phone_A,10.898931217349933,0.8359852667657602
31,1,6,Walking Upstairs,1.751702686703874,0.9286807404243272,10.970090173837075,0.3847906125855688,0.520945094535278,0.0883054341738534,phone_A,11.147815420177956,0.6536401584656345
32,1,7,Walking Upstairs,1.881566203385568,-0.0868677792878292,10.660158344741046,-0.0401733093541375,0.5522922630328831,-0.0928020442985847,phone_A,10.825285831041752,0.5614738266530712
33,1,8,Walking Upstairs,1.420617831420806,-0.4085728212301661,10.25072696457698,-0.3675556841084929,0.3602098294715866,-0.172376721528326,phone_A,10.356760597576075,0.5427356965349394
34,1,9,Walking Upstairs,0.1779962854725404,-0.9586364417708716,9.772561560725403,-0.5308166485542489,0.1897117027435405,-0.1941184476641243,phone_A,9.821080692230407,0.5961868970916318
35,1,10,Walking Upstairs,-0.8226402662029647,-0.6437369296038802,9.609780472889238,-0.3634105441809131,-0.0653996333840349,-0.0289615169167413,phone_A,9.666385828179921,0.3703823769170886
36,1,11,Walking Upstairs,-1.4909644334090204,-0.0759183878265072,9.622519182688876,-0.0318712881539402,-0.2180176756999542,0.0560524665272689,phone_A,9.737639034412616,0.22735295232301797
37,1,12,Walking Upstairs,-1.3771155006666875,0.7457292552889029,10.180761787351605,0.4289743478589275,-0.2249965428837119,0.2074431988958274,phone_A,10.300508229945203,0.5269488743689922
38,1,13,Walking Upstairs,-0.7840232523190274,1.1774265055763435,10.27859419624697,0.7253633635780217,-0.0486560967603437,0.2604719126617285,phone_A,10.37547706312016,0.7722467495942164
39,1,14,Walking Upstairs,0.2814185295846312,1.355560407044148,10.456111025686589,0.7568899743420491,0.202650240896136,0.2412951874118718,phone_A,10.54736925434129,0.8198615254193234
40,1,15,Walking Upstairs,1.3620129101890943,0.8693996710083465,11.018909088294553,0.5431559490531896,0.426895921777542,0.1749518746568358,phone_A,11.136754125487887,0.7126476488897648
41,1,16,Walking Upstairs,2.407843894718078,0.2571622967166856,10.660468056775413,0.201151652011553,0.6055986728506787,-0.0436079934099545,phone_A,10.93203658325898,0.6396197282407124
42,1,17,Walking Upstairs,1.7644530698109882,-0.2028925801461666,10.48420139431194,-0.2268367730354818,0.5000691191642629,-0.1725177724172875,phone_A,10.633576017085513,0.5755748668441799
43,1,18,Walking Upstairs,0.8596756914262234,-0.7770588559088268,10.087793857201651,-0.4965865281726725,0.3139520739806016,-0.1532487575452965,phone_A,10.154134510896084,0.6071649416826425
44,1,19,Walking Upstairs,-0.2589184801478444,-0.7183898259129404,9.750913547413038,-0.4918651965826483,0.0250520955959033,-0.1153236330228969,phone_A,9.780768769910697,0.5058245935466497
45,1,20,Walking Upstairs,-1.225981889210665,-0.0850089536972561,9.807005975274912,-0.2314325619607973,-0.1841492722374471,-0.0231853984932088,phone_A,9.883704989221354,0.296664032037267
46,1,21,Walking Upstairs,-1.385879461403155,0.3815506538743041,9.791576194643213,0.1207942913296842,-0.2117777951500728,0.1627145604088931,phone_A,9.896525004187817,0.2931162286628397
47,1,22,Walking Upstairs,-1.2223527126107845,0.953450706112057,10.074866303413868,0.5557282550512289,-0.1445534623246113,0.2527835356157689,phone_A,10.193436389887207,0.6273986872880156
48,1,23,Walking Upstairs,-0.1099422500155152,1.385156346295262,10.592772334229585,0.7010954469726718,0.0811397975633705,0.2774330077280768,phone_A,10.683518667875308,0.7583452817097778
49,1,0,Walking Downstairs,1.96189347763232,-0.6574406664631677,9.989876233494789,-0.1318978845709552,0.2933725021418679,-0.1685586084371923,phone_A,10.201905773336655,0.3631480158909807
50,1,1,Walking Downstairs,1.244464306202084,-1.289281875485064,9.370074467838595,-0.6974669835692581,0.199984721583599,-0.2985183187361747,phone_A,9.53987603151666,0.78458095099049
51,1,2,Walking Downstairs,0.0059332533750409,-1.4710546722945828,9.042217880824088,-0.8488433053285069,-0.15923053528155,-0.2837419887873948,phone_A,9.161099347603988,0.909064814283393
52,1,3,Walking Downstairs,-1.712831076833624,-1.257849206189548,8.61010078050343,-0.6544655194229052,-0.5349580509949944,-0.1491672708014647,phone_A,8.86847283210049,0.85834498141261
53,1,4,Walking Downstairs,-2.39664239330666,-0.2822856615804348,8.853319881311993,-0.1149201076643669,-0.6455314804106069,-0.0159109922203168,phone_A,9.176320225284359,0.655873984100707
54,1,5,Walking Downstairs,-1.9368384452252363,0.3370315549141841,9.09945410571586,0.4315030528091965,-0.5467351837964969,0.1543910888935546,phone_A,9.309403764685449,0.7134079156516158
55,1,6,Walking Downstairs,-0.6957156417050278,0.9706939158438452,9.535622022836897,0.6779208483796758,-0.2469790862016872,0.2282635775687635,phone_A,9.610117288294735,0.756755975551783
56,1,7,Walking Downstairs,1.0580291502647896,0.5147864561435648,10.088860631119298,0.5875655069387236,0.1098968730824936,0.1320156934200898,phone_A,10.15724074797815,0.6121590405823114
57,1,8,Walking Downstairs,1.6888944432262436,-0.0321361781570755,10.15168682867392,0.0841048295849576,0.3526995382506403,-0.08611762775862,phone_A,10.291265356688582,0.3726752372408206
58,1,9,Walking Downstairs,1.8865515422858348,-0.9635426314351856,9.84977468600543,-0.4243054445556924,0.2871860415395076,-0.2582250232728263,phone_A,10.0749964014568,0.5737517715693671
59,1,10,Walking Downstairs,0.6417572567532185,-1.6290587984668223,9.21981120069766,-0.8427859734716665,0.0237568022028215,-0.3017905169655843,phone_A,9.384593945502788,0.8955054990684553
60,1,11,Walking Downstairs,-1.105274472358856,-1.539201091802451,8.982703584714267,-0.8567888567828287,-0.3671947972384689,-0.2457212991148064,phone_A,9.180399520232905,0.9640011001367659
61,1,12,Walking Downstairs,-2.049705193054324,-0.8905409439127393,8.839104886291306,-0.4276790322158386,-0.5921342436319401,-0.0617904322251384,phone_A,9.117243538596394,0.7330418641477549
62,1,13,Walking Downstairs,-2.0189978281275405,0.0175308074562277,8.68644214154336,0.1658150346118783,-0.6580960456818641,0.1101179818567706,phone_A,8.918011921811619,0.687539817736873
63,1,14,Walking Downstairs,-1.1862616571013465,0.5993141425139681,9.267692139546249,0.5468675439588316,-0.4494823169575653,0.2140763970053429,phone_A,9.362505634387272,0.7395452438139908
64,1,15,Walking Downstairs,0.2793395671660551,0.999286881968746,9.72747739805006,0.6365614867837748,-0.0737598961373673,0.1497396597084424,phone_A,9.782659219038253,0.6580828324946375
65,1,16,Walking Downstairs,1.6240742412804643,0.5591366201485852,10.13131664647825,0.4110209103279645,0.2380003946366471,0.0176557206064796,phone_A,10.275885747340187,0.4752831798456184
66,1,17,Walking Downstairs,1.9252606611912575,-0.4478604991759906,9.98128386091244,-0.1420595523168415,0.3226251046284225,-0.1734516994967877,phone_A,10.175128262207012,0.3928783101665017
67,1,18,Walking Downstairs,1.2775773801714942,-1.282305258352417,9.60716624296392,-0.7304873157905235,0.1408878672016442,-0.3487744974927682,phone_A,9.776203453174938,0.8216475885419521
68,1,19,Walking Downstairs,-0.4474209407855488,-1.6937632011724375,9.088875798572609,-0.8995806128388265,-0.1574067183672794,-0.2788657315705512,phone_A,9.256169972606283,0.9548760391941005
69,1,20,Walking Downstairs,-1.492391868713333,-1.2878944984641727,8.858949381699142,-0.6853716388373137,-0.520633516507354,-0.1873982788630771,phone_A,9.075620633129372,0.8808584771427258
70,1,21,Walking Downstairs,-2.548222646283496,-0.5497434496668112,8.71487194127716,-0.1528586819193857,-0.6200529651757538,-0.015149351453321,phone_A,9.096408602758759,0.6387964927195771
71,1,22,Walking Downstairs,-1.902450609117552,0.3364939185948006,9.2079230173551,0.3804062669520193,-0.6131702294495116,0.1929894100842983,phone_A,9.408421375072487,0.7469481713105824
72,1,23,Walking Downstairs,-0.6806233533277808,0.8988925710154863,9.542809782486664,0.6760041410414748,-0.2517988142591302,0.1955541330887507,phone_A,9.609186986839477,0.7474126440833195
73,1,0,Sitting,0.1509641278151587,-0.1242958807163777,9.8315383604158,-0.0175054444327994,-0.0157966828393808,-0.0183697956110479,phone_A,9.833482911266865,0.029890218539005198
74,1,1,Sitting,0.1656335376530528,-0.1458656025518393,9.835766599312414,-0.0058811811471022,-0.0115307807101347,-0.0033572602989483,phone_A,9.838242517795187,0.013372299435218286
75,1,2,Sitting,0.135544030784343,-0.1493174501929855,9.865048252764876,-0.0122817891800081,-0.0222282398683317,-0.0153792941333162,phone_A,9.867109248133048,0.02968938667512869
76,1,3,Sitting,0.1379105242889449,-0.1717763148760879,9.797666026629624,-0.0187888802918703,-0.0318676376328582,-0.01735150754086,phone_A,9.80014214103216,0.04086126729388008
77,1,4,Sitting,0.1192219862109286,-0.0998935646580953,9.864488311282614,-0.0111811360109053,-0.0239548430215545,-0.0163914804923731,phone_A,9.865714482473507,0.031105191518676262
78,1,5,Sitting,0.1161889238273537,-0.1408519600704272,9.851924810091967,-0.0064220129474719,-0.0204714235645519,-0.0201284223398105,phone_A,9.853616676346888,0.029418953396519225
79,1,6,Sitting,0.120480087753521,-0.0775000291970129,9.841805795561706,0.0053083874152743,-0.0270495138378918,-0.0091022834333681,phone_A,9.842848318633312,0.029029411628868913
80,1,7,Sitting,0.1162213208143309,-0.1434736089346445,9.81670256281585,0.0004531515936755,-0.0333780356721247,-0.0078902118595773,phone_A,9.818438841214414,0.03430093373197724
81,1,8,Sitting,0.1424045908003401,-0.1266563617418186,9.829172017595605,0.0018168950095868,-0.0307129721165275,-0.0055581776484609,phone_A,9.831019451355752,0.031264694184947775
82,1,9,Sitting,0.067445606631752,-0.1406716628524052,9.786873487123032,-0.0086035228692368,-0.0211881746423811,-0.0050834388223818,phone_A,9.78811677900991,0.023426495698213604
83,1,10,Sitting,0.093541511479871,-0.166183314970596,9.763021109510593,-0.0015762609067178,-0.015274418304065,-0.0071281025865043,phone_A,9.76488341421924,0.01692933251659179
84,1,11,Sitting,0.0961868791469757,-0.1132329611872107,9.798772883112614,0.0012546463368399,-0.0295381262928994,-0.0095410642250501,phone_A,9.799899164483396,0.031066170489333755
85,1,12,Sitting,0.1289522563084444,-0.1124062479081755,9.855335387292772,0.0002898844494722,-0.0249966194385357,0.0014535211141291,phone_A,9.856819945854799,0.025040521958981717
86,1,13,Sitting,0.0842986590771024,-0.139324016385801,9.87301500391172,0.0046727255082967,-0.0221180100860508,-0.0102838858711481,phone_A,9.874357838002934,0.024835439244219763
87,1,14,Sitting,0.1446670894596746,-0.1099245480807358,9.84722591535805,0.0166202728956298,-0.0327769230569854,-0.012601168863749,phone_A,9.84890197946668,0.03885034894233854
88,1,15,Sitting,0.0971852689268312,-0.0979784030029615,9.80292556895451,0.0124697692049767,-0.0338118220793685,0.0005853244426718,phone_A,9.803896901457783,0.03604271162184452
89,1,16,Sitting,0.049020493199301,-0.1250451427459974,9.801348733744089,0.0050936382151191,-0.0289737920934402,-0.0067494023047757,phone_A,9.802268936167009,0.030182448708017895
90,1,17,Sitting,0.1033864461846275,-0.1054981353519429,9.850168692511348,0.0053902932899868,-0.0260077185080708,-0.0010997823583953,phone_A,9.851276155135848,0.0265831940327524
91,1,18,Sitting,0.1205517734993917,-0.0838097748006073,9.854190941239308,0.0250182943293308,-0.0304701464673649,-0.0063529462164225,phone_A,9.855284669396863,0.03993375517679814
92,1,19,Sitting,0.093646201408239,-0.1198247569584147,9.817477697488872,0.0088088420767101,-0.0299820222661662,-0.0019757634135092,phone_A,9.818655504910524,0.03131167512234798
93,1,20,Sitting,0.1156655253728873,-0.109564975544899,9.873004450383302,0.0198710767604338,-0.0300401840728084,-0.0074097978057499,phone_A,9.874289841548832,0.03677196560247167
94,1,21,Sitting,0.1303325419976452,-0.0822711248150709,9.81629656413877,0.0162709256692175,-0.0269513618388758,-0.0084439321707924,phone_A,9.817506472857787,0.032594768255168716
95,1,22,Sitting,0.1239213072244228,-0.1200416731898391,9.887981542597112,0.025354274355259,-0.0294003361104932,-0.0004639487518634,phone_A,9.889486613592618,0.03882569046309505
96,1,23,Sitting,0.0617833176167613,-0.1094575663954299,9.849373990410584,0.0125577813373964,-0.0228848171193236,0.0096922714205862,phone_A,9.850175944629285,0.027845158501848394
97,1,0,Standing,-0.015892928653652,0.0890886425911667,9.856219246786988,-0.0177091732349166,-0.014923906859586,-0.0147150218921891,phone_A,9.85663467985672,0.027438470837593865
98,1,1,Standing,-0.0466774093043209,0.0483978771174164,9.800764078747129,-0.0145401426223807,-0.0141492876289851,-0.0240533510218436,phone_A,9.80099472820534,0.0314671540382499
99,1,2,Standing,-0.0605026280371142,0.0914641840528975,9.792493814191662,-0.0044620600841702,-0.0254767070606839,-0.0290012868615411,phone_A,9.793107850215161,0.038859326068217424
100,1,3,Standing,-0.0135337102900545,0.0967608378447145,9.813931363370653,-0.0225565453629088,-0.0212163312060196,-0.0308874064660927,phone_A,9.814417691641456,0.04373742478420636
101,1,4,Standing,-0.0321697449831559,0.0421682663964165,9.809952845412784,-0.0172548230737809,-0.0348877575503259,-0.0197263169927474,phone_A,9.810096221974867,0.043634987433207297
102,1,5,Standing,-0.0429236712041275,0.0634504652381144,9.831457011216852,-0.0146697974305262,-0.0297275877232331,-0.021559273788659,phone_A,9.831755457012424,0.03954408571189314
103,1,6,Standing,-0.0751612484983643,0.0925683169234008,9.778584504883169,-0.0137494537161054,-0.0244205819030143,-0.0284257275806525,phone_A,9.779311480145985,0.03991784421111218
104,1,7,Standing,-0.1303563100232899,0.1239810894121149,9.85279714628422,-0.0126170812698485,-0.0468092663867814,-0.0229124759104868,phone_A,9.854439389631516,0.05362163473624487
105,1,8,Standing,-0.08709674682218,0.0827698131884166,9.758806746146746,-0.0052792570683603,-0.0345172867228714,-0.0287549506741581,phone_A,9.75954639283617,0.04523450923991563
106,1,9,Standing,-0.0717831699518549,0.1434917476938523,9.788981580224586,-0.0090343071714182,-0.040846829053049,-0.0147227365053815,phone_A,9.790296373609984,0.044349082515464044
107,1,10,Standing,-0.1411567464700386,0.1017313296992197,9.773449382359235,0.0061191959960723,-0.0431965631914664,-0.006936125033761,phone_A,9.774998072636869,0.04417575649240953
108,1,11,Standing,-0.1333110987037736,0.118474416708528,9.790229455341018,-0.0078677717887259,-0.0430440563325313,-0.0081186894864841,phone_A,9.79185379918833,0.044503996870568226
109,1,12,Standing,-0.1207462128807609,0.068315144734922,9.781355578066838,-0.0055100493356519,-0.0478959384059294,-0.0142735759352232,phone_A,9.782339370084461,0.050280379169657066
110,1,13,Standing,-0.1612490312505148,0.0776115359707536,9.793918684656244,-0.0004610291353132,-0.0627194352190022,-0.0074245696521911,phone_A,9.79555348115938,0.06315904002258471
111,1,14,Standing,-0.1167053133175618,0.1080231750211079,9.74953991455638,0.0106402746076843,-0.046461573270039,0.0038331236596656,phone_A,9.750836768299743,0.04781826085758893
112,1,15,Standing,-0.1168079342071607,0.1438129240555818,9.779395248439414,0.0136199448962574,-0.0457566887918793,-0.0012804519836436,phone_A,9.781150120298664,0.04775790013658889
113,1,16,Standing,-0.1429892010504029,0.1317690594789731,9.773199385245585,0.0166643128120793,-0.0411778230848844,-0.0098918036231348,phone_A,9.77513351419906,0.045510001257169086
114,1,17,Standing,-0.1420324089480332,0.1592206053405019,9.781122757989673,0.020899735069289,-0.0640429678875629,-0.0104865497084089,phone_A,9.783449637690179,0.0681782104972022
115,1,18,Standing,-0.1512262735075646,0.1021494768948541,9.765721737333084,0.0129926148781557,-0.0518021319222922,0.0027048418180047,phone_A,9.767426731358102,0.05347508842748243
116,1,19,Standing,-0.1368379892464667,0.1431468478686532,9.7913600602023,0.0280631484284759,-0.0562126588439113,-0.0079608739745835,phone_A,9.793362419714718,0.06333070999491344
117,1,20,Standing,-0.1145976924297818,0.1720009231314231,9.812331701904975,0.024919526630029,-0.0456094099199191,-0.0073280230974816,phone_A,9.814508157665246,0.0524871508392784
118,1,21,Standing,-0.1255437803376697,0.1806533933767363,9.769456817691696,0.0187635338352594,-0.0448749595108899,-0.0019557232477198,phone_A,9.771933452601013,0.04867912331290082
119,1,22,Standing,-0.1463493192414216,0.1915554402837114,9.832068109891706,0.0174747006893573,-0.0568569478950267,-0.0042474164729256,phone_A,9.835022873765682,0.05963319742236605
120,1,23,Standing,-0.0787376288087048,0.2086247114916888,9.827319682653544,0.0271682084512983,-0.0532130280763486,0.0049752933374552,phone_A,9.82984923737415,0.059954077853813965
121,1,0,Laying,7.464429112832132,0.1063281800776991,6.4235987931862235,0.0154989326081624,-0.0028347727809053,-0.0039091324669419,phone_A,9.84843282549046,0.016233735409813127
122,1,1,Laying,7.411281029817431,0.0532846929788229,6.441703004862089,0.0212105042617335,-0.0133583184033207,-0.0202621045446338,phone_A,9.819646804457216,0.03223170864504674
123,1,2,Laying,7.455246520675994,0.1311352677583293,6.46156537376594,0.0167013107059371,-0.009216675347358,-0.0148167039538745,phone_A,9.866596384871155,0.024153997594841443
124,1,3,Laying,7.453973181763326,0.0987356100164633,6.391166999910407,0.0254019338327167,0.0039536975747755,-0.0029985866071337,phone_A,9.819291244070318,0.025882068862341446
125,1,4,Laying,7.431503283391613,0.1259042934513175,6.432404772349538,0.0152581484918486,0.0009500897309258,-0.0063609481633938,phone_A,9.829492565616748,0.016558243488773057
126,1,5,Laying,7.473782077875411,0.1187254660833152,6.4247568272926125,0.0013834075648765,-0.0058568807491332,-0.0138691654063315,phone_A,9.856419967397464,0.015118552102245341
127,1,6,Laying,7.423960730297529,0.1430884712161058,6.459237764156904,0.0197124719653078,-0.0046585686447795,-0.0027868471692747,phone_A,9.841616723359301,0.020446279122277068
128,1,7,Laying,7.456849470923618,0.1043233895623773,6.388405341171635,0.0134022167624315,-0.0056796867828575,-0.0190640443001398,phone_A,9.819735750249796,0.02398574662536605
129,1,8,Laying,7.455774642655108,0.0954447489769359,6.460364406798205,0.0158409080365459,-0.0058467224583677,-0.0101110970926237,phone_A,9.865799181556012,0.019681280835960577
130,1,9,Laying,7.458580226417865,0.09052782821041,6.388002660556096,0.0090181237269066,-0.0102868980041472,-0.0194587694661095,phone_A,9.820651316122767,0.023786351869017636
131,1,10,Laying,7.470588793042093,0.103527222697298,6.3699891300381175,0.008631805678178,0.0002472325294533,-0.0059511711381615,phone_A,9.818206369666981,0.010487403449144705
132,1,11,Laying,7.483699743584545,0.0928497220748286,6.393080579009391,0.0023051062499979,-0.0035979526489417,-0.0103762764798172,phone_A,9.843061628005984,0.011221670627558697
133,1,12,Laying,7.49039437401987,0.1174981752118851,6.410408306583452,0.0007786015562933,-0.0075409032301766,-0.0116890514370127,phone_A,9.859672832129917,0.013932170161445734
134,1,13,Laying,7.453227638508677,0.07366779974149,6.4195019644541595,0.0046550309280243,-0.0093775042970462,-0.0114584863703132,phone_A,9.836972839638177,0.015521076305483331
135,1,14,Laying,7.448209725889051,0.092333089008024,6.419435462040246,0.0002768014219787,-0.0085015993506694,-0.0050288460957767,phone_A,9.833285573573763,0.00988145250464325
136,1,15,Laying,7.429098615460975,0.0314324876951979,6.365445721827822,0.006723545998757,-0.005455883217518,-0.0146822878980732,phone_A,9.783219995331956,0.0170453017105155
137,1,16,Laying,7.488307895895412,0.0156535782135047,6.42123902065793,0.0153551925666035,-0.0124574347518477,-0.016568674581944,phone_A,9.864446803478666,0.025797104425814447
138,1,17,Laying,7.438845321535442,0.0582527601551531,6.40249672653367,0.013992566737693,0.0052621872139175,-0.0166100859119401,phone_A,9.81487531429054,0.02234675574183287
139,1,18,Laying,7.504921150462394,0.0796533140295844,6.453773461106216,0.0043136103770283,-0.0050690294715747,-0.0126969447595605,phone_A,9.898554339517089,0.014335783916334327
140,1,19,Laying,7.5363063971866,0.0982181527382766,6.391494390109792,0.0101390228752608,-0.0081412691274504,-0.018113703978814,phone_A,9.88214356587719,0.022297675208477252
141,1,20,Laying,7.479004904142877,0.0759089431580438,6.41535380497478,0.0038676840137798,-0.0040870714095211,-0.0129002553506206,phone_A,9.85383382074454,0.014074079737168893
142,1,21,Laying,7.407236127069799,0.0900195949072065,6.383022657643525,-0.0054029797123073,-0.0066144300718406,-0.0152098389060548,phone_A,9.778457384353928,0.01744368293953464
143,1,22,Laying,7.43761008961599,0.0923861783238357,6.373174644591349,0.0002856837154642,-0.009951346582571,-0.0162451636529128,phone_A,9.79509745237713,0.019052985490511667
144,1,23,Laying,7.461125389344314,0.0447036648998456,6.423965990038542,0.0025925424455971,-0.0179922696683855,-0.0279567853778945,phone_A,9.845695990347542,0.03334703724197673
145,2,0,Walking,-0.2161693647914187,0.780638047813539,9.954068470116662,0.5321407340917228,0.0348509321741869,0.1128143291117374,phone_B,9.98697171637825,0.5450829489224726
146,2,1,Walking,0.4896431888480358,0.7354941764367123,9.998302515803887,0.447844524676061,0.2115250403485414,0.1212117407885354,phone_B,10.037268320289536,0.5099018014105914
147,2,2,Walking,1.3982646642962513,0.4541899637822902,10.010619815489866,0.3011936985470898,0.2960740845265286,0.0614411219180326,phone_B,10.11800087393248,0.4267932977862279
148,2,3,Walking,1.491412439071072,0.0871530537588665,10.24138080564742,0.0315295619995184,0.4302787646791145,-0.0381297221590624,phone_B,10.349772341673937,0.43311407772732763
149,2,4,Walking,1.096792612554752,-0.3135256953087174,9.76586095555567,-0.211762884200594,0.3396103991150982,-0.0834704195278465,phone_B,9.832257756986449,0.408834995136455
150,2,5,Walking,0.5817894360027092,-0.4936160216335006,9.834167370785584,-0.3202925282223461,0.2157231105247199,-0.0886178996402504,phone_B,9.8637205759937,0.39620309966754724
151,2,6,Walking,-0.3425356073356702,-0.7135198944686039,9.409704329663132,-0.3888068147549359,0.0224966828640863,-0.1047882232695928,phone_B,9.442932640540034,0.4033080853091893
152,2,7,Walking,-0.6032133799851445,-0.5123841842451393,9.456616669982068,-0.2944579633045734,-0.1139459479493988,-0.0378726940187462,phone_B,9.48967874993882,0.3179992329547387
153,2,8,Walking,-1.2047051949753151,0.0207061879608956,9.605849991020738,-0.0711617385506537,-0.1931207617008147,0.0168646481461272,phone_B,9.681120668755943,0.2065043292295518
154,2,9,Walking,-1.2819737270351608,0.4400286898171304,9.620890593705251,0.1774456297854175,-0.1884691066596185,0.1365661502688108,phone_B,9.715895105481367,0.29267365630384556
155,2,10,Walking,-0.7197869725451974,0.7427187265061281,9.65683486215292,0.3947523593114653,-0.1965499305289288,0.1830406419373806,phone_B,9.71206383563456,0.47745698965848565
156,2,11,Walking,-0.6004046065328962,0.6978983227113683,9.953173751551375,0.5089486072797279,-0.0020825072012804,0.1600389939813455,phone_B,9.995659832595372,0.5335217908228109
157,2,12,Walking,0.7783989296129915,0.7980181570999845,10.322358005496078,0.4696180382435359,0.203578204971339,0.1764764595668866,phone_B,10.382379913406794,0.5414140080976134
158,2,13,Walking,1.2397189807541742,0.4570129850392708,10.101065906798128,0.3119465416995143,0.2899862697796257,0.054721981434685,phone_B,10.187114236780511,0.42941492381044083
159,2,14,Walking,1.3885878829575549,0.2660194189493819,10.067191869550486,0.0682806681432339,0.3758049501247326,-0.0180597143439401,phone_B,10.165987152180458,0.38238431382906374
160,2,15,Walking,1.3699432725263887,-0.3990082116056413,9.790571970883445,-0.141235775884879,0.3292099267979718,-0.1272449528057107,phone_B,9.894000790373811,0.38015522922440154
161,2,16,Walking,0.7886562842426772,-0.5343523474991989,9.534035273174116,-0.3380048271658678,0.2377950381751757,-0.1128516081605235,phone_B,9.581510306631287,0.42840311487263694
162,2,17,Walking,0.0464250264245577,-0.8493564953253696,9.570835871938016,-0.4024315711631083,0.0434475260227401,-0.0835750519259526,phone_B,9.608561860487002,0.413308173510675
163,2,18,Walking,-0.5828764334312584,-0.3080834907005373,9.57160922669065,-0.3090515094222833,-0.0923025637374901,-0.0272894472032063,phone_B,9.594288069594397,0.32369323854131044
164,2,19,Walking,-1.2154044615729709,-0.1509729755746716,9.501249225407914,-0.1071221602723826,-0.2199719785317916,0.025732065165643,phone_B,9.579861047420252,0.2460182264351605
165,2,20,Walking,-1.2158191781697696,0.2786747348054322,9.541195685301435,0.1614132595501611,-0.2243842576968002,0.1355263172501281,phone_B,9.622384890817816,0.3078472318019671
166,2,21,Walking,-0.8814706177467713,0.5248131989857907,9.850320876122884,0.3541474765251568,-0.1781855989891238,0.1439211844486551,phone_B,9.90359736188638,0.4217627889576713
167,2,22,Walking,-0.3712282858692766,0.900741985300843,9.8450896014068,0.4828336558543735,0.0240190902076892,0.1882380330102909,phone_B,9.893176225259582,0.5187859028459506
168,2,23,Walking,0.5695613233472725,0.9230064620881988,10.113939668438857,0.4269376678335366,0.1666309659335521,0.088178346660022,phone_B,10.171927872676386,0.4667087655516905
169,2,0,Walking Upstairs,2.0777783013932214,0.4069153172481699,10.765797499029196,0.107992029437143,0.5660895441446927,-0.0149807265425253,phone_B,10.972016156352257,0.5764929076577098
170,2,1,Walking Upstairs,1.6020633739803407,-0.3851608387187425,10.437630568206144,-0.304830136902826,0.5069803664827034,-0.1167591223151617,phone_B,10.566886381724899,0.6029786041037765
171,2,2,Walking Upstairs,0.556163334258051,-0.6400601591876759,10.02967656366539,-0.5081167307218151,0.2467413944630586,-0.1764460811313349,phone_B,10.065456106580127,0.5917745747559673
172,2,3,Walking Upstairs,-0.5527554814960407,-0.6131415625877951,9.545000905921624,-0.4532375610959921,-0.0227942572151937,-0.0870992410105763,phone_B,9.580632729216852,0.4620932186635658
173,2,4,Walking Upstairs,-1.3119418471387796,0.1114266434099241,9.415602106271187,-0.1341281388576947,-0.1739739987368815,0.06486624643906,phone_B,9.507216749961785,0.22905226433506903
174,2,5,Walking Upstairs,-1.4744274484944293,0.5769545421084435,9.724088433028832,0.2823542002886747,-0.2254717533395933,0.2257702234171315,phone_B,9.852142340521603,0.42606759998444954
175,2,6,Walking Upstairs,-0.9875171455896052,1.135122475004536,9.948149239836937,0.6230126225981886,-0.0493904687137071,0.2847365840484729,phone_B,10.061280556875555,0.6867743942606085
176,2,7,Walking Upstairs,0.143818623875499,1.280863484446522,10.41584407299525,0.7327009324030886,0.1311345435582722,0.2904360696823552,phone_B,10.495289553667027,0.7989993963897131
177,2,8,Walking Upstairs,1.4502925172013852,1.5632202805870687,10.618016151394237,0.6970154266269499,0.4099538665146063,0.1887700769980899,phone_B,10.830017221701816,0.8303775163117614
178,2,9,Walking Upstairs,2.043447232786958,0.6633876738004533,10.722329902940778,0.3140134727652058,0.5243573052556831,0.0101361815656539,phone_B,10.935452361307833,0.6112755408404611
179,2,10,Walking Upstairs,2.0508255737442065,-0.0897690398851799,10.425179153553954,-0.0966017130796297,0.5749389728892428,-0.0818361699042461,phone_B,10.625361377296356,0.5887137438700181
180,2,11,Walking Upstairs,1.1640011657526506,-0.4652593978342993,10.32992148776486,-0.4129069739412112,0.4172498255497559,-0.1249275742811785,phone_B,10.405702425330682,0.6001637150531255
181,2,12,Walking Upstairs,0.2442738405035903,-0.7046145005661156,9.86154386982092,-0.5103063778541174,0.1134601657659181,-0.1134254656398227,phone_B,9.889701653738852,0.5349309719485584
182,2,13,Walking Upstairs,-1.1165029331489194,-0.5799693654824781,9.74828224275228,-0.3287489052850583,-0.0580252527168773,-0.0285441507415525,phone_B,9.829137802930006,0.3350485654655727
183,2,14,Walking Upstairs,-1.637036816130568,0.1165415797461585,9.64205113590709,0.0244998160745836,-0.1879707976709115,0.1167389509673928,phone_B,9.780727047854052,0.22262354870429701
184,2,15,Walking Upstairs,-1.255264074757857,0.7286832629950358,9.941710663596828,0.4373763668263449,-0.1903339778073535,0.2438158042405354,phone_B,10.047102971196308,0.5356969812903958
185,2,16,Walking Upstairs,-0.4565963919914241,1.2941467196077918,10.469787570067895,0.7180288023146305,0.014094599331906,0.245617192526624,phone_B,10.559344097026074,0.7590071303672782
186,2,17,Walking Upstairs,0.6207690230763376,1.35043059147298,10.501069029365176,0.7877891365082944,0.2744172705288723,0.2827189797033828,phone_B,10.605728061848922,0.8808215389336946
187,2,18,Walking Upstairs,1.7096853258679845,0.994822940811812,10.718571531582096,0.5219154699841698,0.538001004316261,0.0690388998846345,phone_B,10.89956293961808,0.7527331586634024
188,2,19,Walking Upstairs,1.8390749468263197,0.2508224070555556,10.63532303310956,0.1405920371506366,0.5906315683855949,-0.030166022785974,phone_B,10.796073571373812,0.6078830145797114
189,2,20,Walking Upstairs,1.8230835607829448,-0.2344161648801735,10.35865829867316,-0.2508919869076689,0.5015178270062606,-0.1443546894403404,phone_B,10.520474626014954,0.5790554345336693
190,2,21,Walking Upstairs,0.8094691919399536,-0.7356094964192712,9.96301431982526,-0.4690875392929526,0.2167483041327374,-0.1916219299378261,phone_B,10.022874639591445,0.5511278534944791
191,2,22,Walking Upstairs,-0.5791635474972544,-0.7360856633769675,9.638718867709583,-0.5102739329292899,-0.0049302362598161,-0.1088134415885844,phone_B,9.684118644942318,0.5217702165964011
192,2,23,Walking Upstairs,-1.0037825488601522,0.0036697108461492,9.529629650664226,-0.198070564165014,-0.2005776839544037,-0.0002699580637417,phone_B,9.582350137152819,0.2818925833833089
193,2,0,Walking Downstairs,1.9050156568913184,-0.3765730375686204,9.734962650173802,-0.1664319501573815,0.3514967589296431,-0.1517160105418843,phone_B,9.92675121607788,0.4174533667680474
194,2,1,Walking Downstairs,1.4085315881374918,-1.3763299145884678,9.585831274013794,-0.6913757350964832,0.212165497186766,-0.2898067209165148,phone_B,9.786031191572667,0.7791036778023146
195,2,2,Walking Downstairs,-0.2693532661544511,-1.6206067940969664,9.01597216195341,-0.8805335900511723,-0.1395946752403332,-0.2501885661158545,phone_B,9.164424236589015,0.9259699753118171
196,2,3,Walking Downstairs,-1.4805635396044818,-1.301604066642045,8.749750719830482,-0.6556005816652407,-0.4273483322977769,-0.1889488931622078,phone_B,8.96907906087795,0.8050716763274662
197,2,4,Walking Downstairs,-2.464893916783857,-0.2665044814292602,8.581772568436147,-0.2286330475353897,-0.6594800986125855,0.0438494984310514,phone_B,8.932723385171125,0.6993638891192767
198,2,5,Walking Downstairs,-1.9814872331395443,0.3874146584873819,9.012781719093926,0.3467309949702001,-0.5819242780845862,0.2435663870659012,phone_B,9.236158080540823,0.7198491739285586
199,2,6,Walking Downstairs,-0.612461617707646,1.092173007459929,9.55536668919058,0.6800625834172096,-0.2775397773350305,0.1552360778740706,phone_B,9.637063021288284,0.7507407576793682
200,2,7,Walking Downstairs,0.7561252408011504,0.6279406324588024,9.72892285962005,0.5683370356048478,0.1301614415184978,0.1190150891338771,phone_B,9.778444397045316,0.5950744309242535
201,2,8,Walking Downstairs,2.0772401847915036,0.1663472229370472,10.141715834556722,0.1275843940966045,0.3376104550456075,-0.0466606894581591,phone_B,10.353598323906045,0.3639173215358272
202,2,9,Walking Downstairs,1.7640986394466542,-0.752456161637084,9.803263847722183,-0.4400198856690123,0.276197875202592,-0.2667491796623691,phone_B,9.989104882467693,0.5840016189199685
203,2,10,Walking Downstairs,0.7110237177625708,-1.4376960795860172,9.12905547193593,-0.8301310567489686,0.061109316053124,-0.2915153547860334,phone_B,9.268882271027142,0.8819484803341218
204,2,11,Walking Downstairs,-0.6995462585419044,-1.359441916304534,8.660347336693182,-0.81070132878371,-0.3269773692116397,-0.2118691032322365,phone_B,8.794263089299433,0.8994661535447958
205,2,12,Walking Downstairs,-2.091683833202705,-0.9576735942317236,8.418457495408633,-0.4851022830228542,-0.6286126182468035,-0.041945970224199,phone_B,8.727124759803315,0.795133644886906
206,2,13,Walking Downstairs,-2.127340556433601,-0.0739419726956884,8.900601581259615,0.0733000508126946,-0.6529568481088274,0.1384843746956937,phone_B,9.151598426870276,0.6714934586250376
207,2,14,Walking Downstairs,-1.409835231717001,1.0015515338755308,9.290345718971956,0.5909452766048454,-0.4293218865781633,0.2411879834354371,phone_B,9.44993462589131,0.7692237942174327
208,2,15,Walking Downstairs,0.0881114522910282,0.9976122692173702,9.8211086049277,0.6747623240401467,-0.06361859002247,0.2034377755512275,phone_B,9.872039713124273,0.7076287497422209
209,2,16,Walking Downstairs,1.5972424184088116,0.7286663105243237,10.245079373673608,0.4036261976377685,0.2437569259032773,0.0189594407365224,phone_B,10.394411445970858,0.47190147990696163
210,2,17,Walking Downstairs,2.029499487365111,-0.417972933796809,10.128197817670111,-0.1257436894846609,0.3427710248332715,-0.1272809782817039,phone_B,10.337986292139275,0.3866573396986195
211,2,18,Walking Downstairs,1.1226159806690963,-1.445255069746506,9.589896290975462,-0.661053514169609,0.2082085879090331,-0.3211807688101705,phone_B,9.762947286979815,0.7638714884904104
212,2,19,Walking Downstairs,-0.0724427391345586,-1.3414639234766663,9.080689695008926,-0.8911362813514538,-0.1391981272767138,-0.2998488550691457,phone_B,9.179526063228103,0.950478472383525
213,2,20,Walking Downstairs,-1.8305414664925823,-1.2530463094219653,8.76435298127765,-0.7514328787486293,-0.4868897077308666,-0.1909265050824194,phone_B,9.040735052778356,0.9155140026791988
214,2,21,Walking Downstairs,-2.464991531188767,-0.458518478783551,8.453653658248848,-0.1926690894225445,-0.6274423786801119,0.0230338516873895,phone_B,8.81763475189591,0.6567616576096887
215,2,22,Walking Downstairs,-2.286565504365133,0.3291271030003516,9.231103339251314,0.2847603615989714,-0.5730975442231269,0.1548015407903348,phone_B,9.51577507697711,0.6584016826858946
216,2,23,Walking Downstairs,-0.5852882100954363,0.9001604358204138,9.65193509737091,0.6960247426084074,-0.2214483954519994,0.2171977656288421,phone_B,9.71147271133238,0.7620135848956542
217,2,0,Sitting,0.1344434003292347,-0.1030852185140195,9.785837644007673,-0.0174398913072737,-0.0032517718322189,-0.007665348999146,phone_B,9.787304020262466,0.01932566697780549
218,2,1,Sitting,0.1726440367509845,-0.1080031779778945,9.810525541579532,-0.0233726915014959,-0.0050223911490165,0.0065529919971672,phone_B,9.812638893379464,0.024788078283577278
219,2,2,Sitting,0.1154061214887931,-0.1581015815589468,9.823594577086215,-0.0118740682197341,-0.0029499422377331,0.013692767951122,phone_B,9.825544519156495,0.018362667275102898
220,2,3,Sitting,0.1696049396682717,-0.1135320492844723,9.868064755125532,-0.0143263227729081,-0.0113252484202856,0.0055809952410624,phone_B,9.870175143994423,0.019095870858787452
221,2,4,Sitting,0.1645329269516464,-0.1416059008767783,9.773246198570222,0.0013704151563596,-0.0056601332634197,-0.0008605900750252,phone_B,9.775656733595023,0.005886914432678814
222,2,5,Sitting,0.1722819054235266,-0.1293468618178383,9.791646617136776,-0.0084598922469393,-0.0164161135327348,0.0062050791901989,phone_B,9.794016292639325,0.019482339903258584
223,2,6,Sitting,0.1932172175490667,-0.112876678410053,9.78763510667625,-0.0141248004580208,-0.0121244348911063,0.0031555929237766,phone_B,9.790192797852741,0.01888040455361509
224,2,7,Sitting,0.1321666878952344,-0.0992817586058753,9.7529468873403,-0.0050672013533699,-0.0128858882372864,0.0075613301305478,phone_B,9.754347640322337,0.015776449491649247
225,2,8,Sitting,0.1098877758679579,-0.0863921669514063,9.826824350211568,-0.0035522821377072,-0.0205836421389952,0.0109210414679409,phone_B,9.827818462899423,0.023570621095689803
226,2,9,Sitting,0.1448884748661681,-0.1569340145417049,9.79465571851688,-0.0061125626646775,-0.0089825058282211,0.0076789651236542,phone_B,9.796984311477928,0.013304711145076878
227,2,10,Sitting,0.1390268258808046,-0.0769494271853991,9.825669584811584,-0.0244175916277745,-0.0149788531040999,0.0063148577800763,phone_B,9.826954383864315,0.02933363683550945
228,2,11,Sitting,0.0852154634801775,-0.1082343762478632,9.826170679281752,-0.0125823957189216,-0.0117378443082516,0.0025092374016308,phone_B,9.82713623462066,0.017389362937440637
229,2,12,Sitting,0.1098017788212246,-0.0702848483903446,9.781498614421544,-0.0020767787820471,-0.0255881457330406,0.0198892207980115,phone_B,9.782367378834028,0.03247533396467137
230,2,13,Sitting,0.1395722163838537,-0.1082651903103756,9.80973919139968,-0.0120428520896262,-0.0077890711329151,0.0074878823879652,phone_B,9.811329408306609,0.016179255181318603
231,2,14,Sitting,0.1176480755586454,-0.112351041520076,9.781297580655924,0.0018955836691759,-0.0137878374306394,0.0140596766373364,phone_B,9.782650263990773,0.019783129317856925
232,2,15,Sitting,0.1211222636919255,-0.0834830252452608,9.785978495923723,0.0124547380724122,-0.0250827816562956,0.0184287066254333,phone_B,9.787084097980742,0.03352437417694896
233,2,16,Sitting,0.1544892228075914,-0.1137898717456896,9.852985995086154,0.0064270515348574,-0.0101110137141496,0.0117372074490881,phone_B,9.854854036171185,0.016772049023967325
234,2,17,Sitting,0.1141738535746656,-0.0938371105058302,9.807985491891817,0.0102594717234044,-0.0150217197002772,0.0067941483054825,phone_B,9.809098861837846,0.019418271653108606
235,2,18,Sitting,0.139895956222689,-0.0616561627862979,9.815714450730969,0.007735452530473,-0.0178149807551596,0.0073660777220037,phone_B,9.8169049368559,0.02077185273788805
236,2,19,Sitting,0.097630985318298,-0.1216457570079355,9.806548136184825,0.0041750384258478,-0.0188167028460777,-0.0041372057574123,phone_B,9.807788529877788,0.01971333871605872
237,2,20,Sitting,0.0885728834468687,-0.0488278101847515,9.78542808232109,0.0082470069487455,-0.0244158894225246,0.0228604788233977,phone_B,9.785950749161154,0.03444924196467348
238,2,21,Sitting,0.1169419960422681,-0.065726982158026,9.861741641069385,0.0165755978702387,-0.0177144537317924,0.0112720129579078,phone_B,9.862653986723037,0.02675089889882052
239,2,22,Sitting,0.1135529465606657,-0.0564230813666841,9.802644482075362,0.0064761760136275,-0.0067847514235611,0.0147167940127366,phone_B,9.803464524225406,0.01745158255437937
240,2,23,Sitting,0.1806851171764295,-0.063181373124523,9.851700164603276,0.0123309735496094,-0.009434120987858,0.0115892188347121,phone_B,9.85355951576501,0.019374352652245058
241,2,0,Standing,0.063256756599905,0.1563586326002562,9.79437323342538,-0.0146036544355672,-0.0012312551565822,-0.0129738203463325,phone_B,9.795825461638428,0.0195730101546232
242,2,1,Standing,-0.0004218565842419,0.1283497930290123,9.816804928034628,-0.0092278425825344,-0.0086310463741953,-0.0061314649428681,phone_B,9.817643955777706,0.014044319228327355
243,2,2,Standing,0.0309241782327804,0.1727188104568977,9.747503401453834,-0.0134765949796708,0.0129729224804374,-0.002686977582118,phone_B,9.74908255445809,0.018898020490419914
244,2,3,Standing,0.0396292850036699,0.1186918996369757,9.787431801652469,-0.0081512045536105,-0.0044810352618956,-0.0003376562310074,phone_B,9.788231685001506,0.009307836720929866
245,2,4,Standing,-0.0187853540297103,0.1204014487711376,9.778958800251486,-0.0178777599873204,-0.0022619131938257,-0.0093769762847303,phone_B,9.779718023307634,0.020313991181080876
246,2,5,Standing,-0.0216977280846967,0.1006172597058707,9.742310004053786,-0.0132686996251598,-0.0116375435831813,-0.0012217369631798,phone_B,9.742853731809856,0.017691338321346974
247,2,6,Standing,-0.0351991128195322,0.0934990812079715,9.749881783653146,-0.0079300443422384,-0.0054445262466072,-0.0064337909199281,phone_B,9.750393625435922,0.01157247315491426
248,2,7,Standing,-0.0041331929110606,0.0541306730627957,9.760226681998128,-0.0042130792804559,-0.0093669475860137,-0.0042476116821615,phone_B,9.760377661598861,0.011114492750682306
249,2,8,Standing,-0.0138869911378809,0.1293200600041226,9.707448140760665,-0.0262473305473209,-0.0116465343006959,-0.0082641055114301,phone_B,9.708319418519357,0.029880755713028083
250,2,9,Standing,-0.0056958432562168,0.1001339931824201,9.705420308186769,-0.0233551711545312,-0.032132906710691,-0.0045356237113256,phone_B,9.705938523284866,0.03998199089322787
251,2,10,Standing,-0.0538978777165343,0.0994361003346569,9.777516799199882,-0.0077931004532469,-0.0193301310638467,-0.0149415193579072,phone_B,9.7781709576949,0.025644402553824563
252,2,11,Standing,-0.0441044237766739,0.1268923094433254,9.755442455222022,-0.0079851026072209,-0.0278838162909902,0.0110581775283041,phone_B,9.756367374978293,0.03104113987670276
253,2,12,Standing,-0.0934017485567403,0.1355900742426322,9.703122679889248,-0.01801137022719,-0.0142665336916752,-0.0012930187073589,phone_B,9.704519477843695,0.023013373034264015
254,2,13,Standing,-0.0577096571386726,0.1274786296887075,9.740745991208046,-0.0024859636884302,-0.0271076154046384,-0.0090328806784865,phone_B,9.74175105773033,0.028680930280201116
255,2,14,Standing,-0.1073802426158447,0.14081711909828,9.751809500542096,-0.0180154472981847,-0.0321815970856911,-0.0003638373860636,phone_B,9.753417273571271,0.03688284031881126
256,2,15,Standing,-0.1042235796108041,0.0988431849769337,9.725270069024692,-0.0106583736541162,-0.0251532422708945,0.0095341218335111,phone_B,9.72633078016735,0.028934166738050455
257,2,16,Standing,-0.1056217227220605,0.1302899176807351,9.744052157150035,-0.0086174534302184,-0.0383858397004435,0.0006501743846967,phone_B,9.745495567297759,0.03934661255890579
258,2,17,Standing,-0.1237552204895988,0.1184174109863882,9.744702506503366,0.0034402950336015,-0.0425045445423464,0.0080941148084216,phone_B,9.746207722908235,0.04340491482772939
259,2,18,Standing,-0.1182391624556488,0.1639292330193854,9.740945610868012,-0.0067018722262765,-0.0417702595766195,0.0097915070481157,phone_B,9.743042373245911,0.04342284291371085
260,2,19,Standing,-0.0907659171220817,0.1083027449729966,9.75104393646105,0.0122571729980789,-0.036050247176146,0.0145873957626869,phone_B,9.752067769815461,0.040775614360832296
261,2,20,Standing,-0.136650407549374,0.1692180046655252,9.703509586579784,-0.0057423449847693,-0.0301225572143594,0.0070268334645699,phone_B,9.705946958634803,0.031459805587372276
262,2,21,Standing,-0.1318624239344326,0.1462614467293381,9.710895087962816,0.0105508174452933,-0.0405067520071294,0.0168147219532178,phone_B,9.712891614708031,0.04510932920466688
263,2,22,Standing,-0.1093567055536321,0.197734375563482,9.754676001957645,0.0243569396295551,-0.0425838360112786,0.0157674035464066,phone_B,9.757292743148449,0.051529162734790246
264,2,23,Standing,-0.0913418831110019,0.2300813748851894,9.71615728799022,0.0162992272174179,-0.0277767874707732,0.0206169055486857,phone_B,9.719310326542967,0.038239659052938045
265,2,0,Laying,7.385482186347001,0.1185622694686662,6.347173426832724,0.0056864951014136,-0.0110351276955288,0.0149257125648243,phone_B,9.738891859286758,0.019413581981766827
266,2,1,Laying,7.3745528095811075,0.1432537527854809,6.4136231665637355,-0.0029232122365103,-0.0086905072964778,0.0101632722578673,phone_B,9.774411128127912,0.0136880308970046
267,2,2,Laying,7.406603784647017,0.1328783547979201,6.360641444649311,0.0153209169163823,-0.0093140251311109,0.0217755997559952,phone_B,9.763871971063109,0.028207415763145567
268,2,3,Laying,7.334307749067079,0.1732063823400388,6.351826740465025,0.0152541346700251,-0.017601187256079,0.0102455459829686,phone_B,9.704008117772537,0.025445267336853497
269,2,4,Laying,7.3973908263915,0.1347126994960777,6.350407200600917,0.0158022370523467,-0.0206664615223259,0.021307416827489,phone_B,9.75024154384037,0.03362765736076031
270,2,5,Laying,7.39485544930615,0.1316968267957373,6.307456137653041,0.0128092560753291,-0.0243332786068647,0.0195761411796773,phone_B,9.720351541931905,0.03375515949376202
271,2,6,Laying,7.358328636464167,0.1397360330242384,6.342179557502155,0.0172906565143164,-0.0106748423163145,0.0117286667657031,phone_B,9.715336742528907,0.02346232480542283
272,2,7,Laying,7.384023761778811,0.1717817809706727,6.3595101366999724,0.0084276857043154,-0.0107572031152432,0.0066841417220578,phone_B,9.746624291188065,0.015212529564601476
273,2,8,Laying,7.4075305490413665,0.0974728963894021,6.365858636494226,0.0119657683473968,0.005265652412484,0.0096656521128225,phone_B,9.767556807121203,0.016258275992206916
274,2,9,Laying,7.396451816018435,0.1878791603028946,6.377824422888501,0.0074528700923786,-0.0074123352461255,0.0164428797752361,phone_B,9.768287588659108,0.019515539493380505
275,2,10,Laying,7.407334085109164,0.1268505094160333,6.346795406632884,0.0024604939109485,-0.0076286940726928,0.0192802178613084,phone_B,9.755331938679248,0.020880081520915295
276,2,11,Laying,7.39593085643607,0.1052755759490532,6.374741030638631,0.0146362567599713,-0.0124627370381429,0.015030162022313,phone_B,9.764640259005054,0.02440175397062032
277,2,12,Laying,7.365492137715199,0.1212867357378099,6.337590131588651,0.0202006736212708,-0.0115955340391177,0.020672881457623,phone_B,9.717521987575855,0.031143083536579613
278,2,13,Laying,7.391001784683371,0.1543238114626778,6.348514335383296,0.0184294284008833,-0.0106046774805628,0.00749816709297,phone_B,9.744452651973036,0.022546075609829262
279,2,14,Laying,7.371416845702085,0.135961640135209,6.321840406961728,0.0159923974071233,-0.0098139480075834,0.0312663893957177,phone_B,9.711948208870494,0.03646446840648527
280,2,15,Laying,7.364080309666086,0.1554106669735495,6.325887380023898,0.0108890952773579,-0.0057814214138071,0.0031354221207927,phone_B,9.70930906024556,0.012721167454245761
281,2,16,Laying,7.415049693581317,0.1988792328016701,6.343768900526724,0.0157043630821904,-7.894156582265686e-05,0.0161561634404208,phone_B,9.760426157233617,0.022531197675704436
282,2,17,Laying,7.396255599699825,0.0953231028676155,6.37214536967374,0.013739495497737,-0.0118919338950299,0.0179349165961594,phone_B,9.763089675009946,0.025531413231689507
283,2,18,Laying,7.397879192214553,0.1398370640217766,6.3722884604180035,0.006637572789869,0.0008909601101405,0.008807810360989,phone_B,9.764949112507026,0.011064750598807732
284,2,19,Laying,7.397632539849773,0.2018719686319998,6.386318222766323,0.0154786701569858,-0.0106038944183227,0.0140199823393215,phone_B,9.77500792474363,0.023422034742066816
285,2,20,Laying,7.417794270517131,0.1554047166992676,6.356856117784972,0.0149085477506408,-0.0058063856350873,0.0085285266904705,phone_B,9.770232452091884,0.0181304902770596
286,2,21,Laying,7.404841457587523,0.1779168011384464,6.325901230076316,0.0141315789353095,-0.0089906989272183,0.0178164124761698,phone_B,9.740654894452184,0.024453194963558165
287,2,22,Laying,7.409855782669603,0.1924855492206559,6.373741842436733,0.0075479453521361,0.0004095392287715,0.0124515086744189,phone_B,9.775868170175462,0.014566374624039601
288,2,23,Laying,7.4069856014807165,0.1638095257837497,6.349735085250155,0.0208999020501718,-0.0078051645677707,0.013320158073614,phone_B,9.757530677078957,0.02598370856407574
289,3,0,Walking,-0.961798654114191,-0.5959107691846591,9.36974595990713,-0.2818126709434658,-0.14293504074577,-0.0460138551864596,phone_A,9.43781254576939,0.31932128373537133
290,3,1,Walking,-1.3701335434684778,-0.2115825232610183,9.579432124726798,-0.0700848364228132,-0.1282463307797424,0.0535029157630981,phone_A,9.679233075163278,0.15563279747544462
291,3,2,Walking,-1.3022495859986625,0.2247250877891682,9.803527996711392,0.2315765869588023,-0.1820781479028911,0.107325471267002,phone_A,9.892194727744677,0.3135265927380306
292,3,3,Walking,-0.8322397277659144,0.6091093017832097,9.962309498827036,0.4282961242614144,-0.0899639365799919,0.1242710415210193,phone_A,10.015550292241066,0.4549443611069782
293,3,4,Walking,-0.2518681896090272,0.994321747371293,10.129470573626143,0.5303570299065291,0.0229200797424051,0.1911243195523545,phone_A,10.181271405094277,0.5642095486173765
294,3,5,Walking,0.756646797778906,0.6331540416922725,10.127776229835478,0.4646785371922812,0.2199105567424655,0.0904032943309592,phone_A,10.175718636967162,0.5219765813902281
295,3,6,Walking,1.1700136289353564,0.4902903040350698,10.158376194019686,0.2735403050321791,0.3394213168918649,0.0581485068535792,phone_A,10.237281053744258,0.439786741145076
296,3,7,Walking,1.463364756573145,0.0617059405429392,10.062263017801826,0.0473129271104547,0.345582180111074,-0.0130373650406836,phone_A,10.168302762668947,0.3490494652184501
297,3,8,Walking,1.175601830856228,-0.3227798673537587,10.06999234514542,-0.2433176985771659,0.2939876311978802,-0.0825753694858981,phone_A,10.143518735565523,0.3904496400100299
298,3,9,Walking,0.5774825620175327,-0.5947883517436008,9.699332466072809,-0.3397008715593676,0.2386495594738405,-0.1020625668778438,phone_A,9.734696172979321,0.4275126453485867
299,3,10,Walking,-0.2270515868162558,-0.92812177768373,9.666222531402688,-0.3595105715218212,0.0655713866042347,-0.1134761090845238,phone_A,9.713332099948174,0.38265426315423595
300,3,11,Walking,-0.8247335344495015,-0.3855705550039359,9.65545550685924,-0.3071262624769454,-0.1083118004265238,-0.0097678117363674,phone_A,9.698281863333838,0.3258119048788884
301,3,12,Walking,-1.3232807763028405,-0.2482177344511953,9.520843766511025,-0.0599906435390921,-0.1914330326587425,0.0608080911223609,phone_A,9.615568110254358,0.2096261129990797
302,3,13,Walking,-1.368349401089325,0.5096222012289753,9.473069672046831,0.161941319067235,-0.194886333231319,0.1557123432867984,phone_A,9.584943603532597,0.29740882225221643
303,3,14,Walking,-1.1044564165416169,0.5540579226991506,9.519791454829766,0.390665670864636,-0.1347186757660783,0.1727810923495018,phone_A,9.599647571718219,0.44790857757556835
304,3,15,Walking,-0.1416451853067611,0.8280512537538767,9.99131437353202,0.4913451943014697,0.0608477706921761,0.1980168564794566,phone_A,10.026569460593763,0.533229056420749
305,3,16,Walking,0.4718345768572075,0.8328983592625797,10.242094183418963,0.4794694203019489,0.1753802589049712,0.1601947599672368,phone_A,10.286731298464293,0.5350808549548584
306,3,17,Walking,1.031141831676753,0.7412543716919775,10.29933985615942,0.3186037668581944,0.3441840927141417,0.0633465506659233,phone_A,10.377336507662267,0.4732693053800954
307,3,18,Walking,1.4908898030955269,0.1039988900734231,10.152080922895856,0.0950709393738409,0.379387784302616,-0.0315389899410249,phone_A,10.26149673484023,0.3923879232060703
308,3,19,Walking,1.078791385487257,-0.4126020681123326,9.75591890899529,-0.1522453551184171,0.3985090216385398,-0.0483091714662037,phone_A,9.824051357708994,0.4293272231412657
309,3,20,Walking,0.462440761637758,-0.5064141070940961,9.94787248831863,-0.3554601969830741,0.2348485560881677,-0.1639379463633058,phone_A,9.971483026598136,0.45648816654296875
310,3,21,Walking,-0.0763901816079567,-0.8086694603358678,9.61512821747402,-0.4323706846509393,0.0817475212114077,-0.0706385266595329,phone_A,9.649376787875532,0.44566452362551934
311,3,22,Walking,-0.9312945084845216,-0.6569449711479328,9.21638531450771,-0.3097039322715223,-0.102559726324761,-0.075695234641085,phone_A,9.286584109462604,0.33491012477323295
312,3,23,Walking,-1.2478668243196855,-0.2157884825635552,9.336075431450617,-0.1151266527012822,-0.1608621537798615,0.0608550414303776,phone_A,9.421573156441582,0.2069640421628608
313,3,0,Walking Upstairs,0.4864892956803641,1.2698327176699666,10.591577339260215,0.7746246197651264,0.2267289604923991,0.2876276648952672,phone_A,10.678513824461115,0.8568424573311798
314,3,1,Walking Upstairs,1.3725371859680235,1.165440914583047,10.846288365313844,0.5178563646571742,0.5024530729172371,0.089646456295695,phone_A,10.994729744554508,0.7270975120479333
315,3,2,Walking Upstairs,1.9193050720092455,0.5916245158058392,10.697610376356687,0.1785018115030867,0.5624723936867059,0.0438007969322246,phone_A,10.884512818288064,0.5917403148184465
316,3,3,Walking Upstairs,1.5415472725282748,-0.0956295610062103,10.466565150520102,-0.2281073395878398,0.5261039125594178,-0.1298247177742182,phone_A,10.579910162967336,0.5879394037903268
317,3,4,Walking Upstairs,0.9996215788674966,-0.6132665664094917,9.89641554994639,-0.4861437291066686,0.3243347563795695,-0.1179704025968653,phone_A,9.96566003431955,0.5961927334632644
318,3,5,Walking Upstairs,-0.4303020757921272,-0.5517829616797033,9.775781269799758,-0.530589702602794,0.0703237130309601,-0.1203847820437469,phone_A,9.800791995966387,0.5486012694756572
319,3,6,Walking Upstairs,-1.3842162697898517,-0.3310246228173548,9.49254673900038,-0.3185720473281208,-0.1362300952357976,-0.0205433149075673,phone_A,9.598649674541157,0.3470861794629345
320,3,7,Walking Upstairs,-1.67935074474336,0.2267417938851886,9.63723510477318,0.1867381774543461,-0.2048455340691911,0.1780356316023483,phone_A,9.785087185592007,0.3294381973407305
321,3,8,Walking Upstairs,-1.404768711032649,0.9272982454614928,10.068506365928156,0.5069743249437817,-0.095223024359662,0.2498569909346366,phone_A,10.208235773544228,0.5731656884700226
322,3,9,Walking Upstairs,-0.2399772111830864,1.315922032030225,10.43600203090265,0.7414010821193934,0.0944114284516833,0.2973577944755222,phone_A,10.521377202879574,0.8043697783516246
323,3,10,Walking Upstairs,0.8669358218390806,1.3757873321305552,10.734426301549108,0.7146189811065827,0.3483502280375306,0.2520307263413958,phone_A,10.85689995006991,0.8339949979177222
324,3,11,Walking Upstairs,1.775001932665287,0.7917746817249084,10.802325870855892,0.4702958035662992,0.5141004898839833,0.1155974548578003,phone_A,10.975781668188768,0.7062862225193296
325,3,12,Walking Upstairs,1.755927559199052,0.1505553103717984,10.821893412020309,0.0240412258111858,0.5918319235201495,-0.061068800860554,phone_A,10.964457374433284,0.5954598262474224
326,3,13,Walking Upstairs,1.4227433872042272,-0.5294569852600777,10.20670451308944,-0.3639676378850277,0.4671724088163103,-0.1571019407628856,phone_A,10.318979623131078,0.612701820446378
327,3,14,Walking Upstairs,0.2510201729252134,-0.9439695214914824,9.980343827039862,-0.5094468114214205,0.2299502282980677,-0.1139768659894342,phone_A,10.02802834512612,0.5704418350213799
328,3,15,Walking Upstairs,-0.7704887249589096,-0.5549130605144753,9.72091261367198,-0.4197221585575649,-0.0399577913590802,0.0078198892336106,phone_A,9.767175816102899,0.4216923833105637
329,3,16,Walking Upstairs,-1.547887981159731,-0.1177916298470695,9.7105935578452,-0.0778243481299739,-0.2201672614947002,0.1238498034768031,phone_A,9.833893395595942,0.26432749765617236
330,3,17,Walking Upstairs,-1.5023125249852276,0.5414184513496156,10.009178337273248,0.3526127414478071,-0.2160733142399882,0.2761251494924482,phone_A,10.135764788585485,0.49726101872177514
331,3,18,Walking Upstairs,-0.6951530431898394,1.2355935590792786,10.412013478557231,0.6730955618592882,-0.02587285275237,0.2866555541921193,phone_A,10.508089925117302,0.7320508497730248
332,3,19,Walking Upstairs,0.425735572277701,1.4696645406821007,10.575414434215766,0.7531596489366846,0.2292157475804124,0.2784461289611357,phone_A,10.68553017379391,0.8350578198296923
333,3,20,Walking Upstairs,1.2650396688203664,0.95135729449698,10.84381315857625,0.5397499952109266,0.4686901127353185,0.160468727268743,phone_A,10.95872665429671,0.7326327125765618
334,3,21,Walking Upstairs,2.1415014404151584,0.4435093941135118,10.822430252681553,0.2254089222030572,0.5907219446253514,0.0435031980838803,phone_A,11.041183160156525,0.633761884554622
335,3,22,Walking Upstairs,1.7439748507243868,-0.0812780013892344,10.37002620969768,-0.1730612365035502,0.5698263869898426,-0.0834870214541546,phone_A,10.515963958824024,0.6013504682307331
336,3,23,Walking Upstairs,1.1775944061625063,-0.7791187019797418,9.955040834376485,-0.4928452604096356,0.3739691212551728,-0.1378511261861046,phone_A,10.054680131724881,0.6338393229765608
337,3,0,Walking Downstairs,-1.666243674062505,0.8602459066544431,9.240335804434114,0.5814872830506177,-0.3585450729159438,0.2372628769468888,phone_A,9.428690088234744,0.7231705901369352
338,3,1,Walking Downstairs,0.0732602860799909,0.9489857175082548,9.6624676459838,0.6850806722282187,-0.108490655892202,0.1638890578588997,phone_A,9.709233850888282,0.7127168955219638
339,3,2,Walking Downstairs,1.6183794237950326,0.6079511984605923,10.176160757014353,0.4260100550336235,0.2346028846547473,0.0753694284878284,phone_A,10.321967078598524,0.492141881197548
340,3,3,Walking Downstairs,1.956445703307848,-0.2414200422037878,9.985839148789523,-0.11654806106739,0.3284404273020864,-0.190277442739658,phone_A,10.178553282872123,0.39706683321638564
341,3,4,Walking Downstairs,1.3320973154567144,-1.167613312319709,9.424775405784953,-0.6438035569431955,0.2293113196153975,-0.3300759588888609,phone_A,9.589796429249274,0.7589577325996925
342,3,5,Walking Downstairs,-0.1778450794299589,-1.531117475325353,9.110346073880754,-0.9213812365133004,-0.0934155804416673,-0.2587325667570379,phone_A,9.239824412909512,0.9615676756051635
343,3,6,Walking Downstairs,-1.4955257637420682,-1.322116999731162,8.675856915592723,-0.7425459373829804,-0.4313050140697277,-0.1560802599172718,phone_A,8.902532442559954,0.8727883659980237
344,3,7,Walking Downstairs,-2.331310863544146,-0.4908867903137537,8.854532868442359,-0.2296960920114764,-0.609307114706321,0.0513743354028017,phone_A,9.169445594020914,0.653188163590834
345,3,8,Walking Downstairs,-2.192770506605,0.1962886162366114,9.30928272514766,0.3404955935473986,-0.6011928360655646,0.1703139978634102,phone_A,9.566060661120307,0.7116016675289413
346,3,9,Walking Downstairs,-0.7260609338341734,0.9366216296777246,9.582395671636515,0.711819293358229,-0.2941625350515137,0.2121895063009575,phone_A,9.655399078475137,0.7989009262788382
347,3,10,Walking Downstairs,0.7858872757160912,0.9208860749716482,10.104511919647948,0.6404081264024812,0.0958947335862221,0.1508858731655494,phone_A,10.176778031750354,0.6648946645994681
348,3,11,Walking Downstairs,1.7879351574256934,0.1824052512977253,10.131418872392215,0.1927584574739718,0.3508163473117542,-0.0297532158434096,phone_A,10.289588532624858,0.4013890710045938
349,3,12,Walking Downstairs,1.8109672423942715,-0.8602884988423588,9.834348074494718,-0.3905962624262076,0.333291694686321,-0.164621205559427,phone_A,10.03663791837603,0.5392114012964134
350,3,13,Walking Downstairs,0.6644979515817927,-1.4010273057309326,9.448509482861484,-0.8111433744907398,0.1418377111158615,-0.3075278917899873,phone_A,9.57490294920964,0.8790022266772737
351,3,14,Walking Downstairs,-0.815483518707374,-1.6279685922065985,8.821990033314686,-0.8568530990715941,-0.2549337494858676,-0.2297622987178238,phone_A,9.007930020509603,0.9230271739919776
352,3,15,Walking Downstairs,-1.9647557812832184,-0.9739464793656736,8.655523668140072,-0.4449775817803642,-0.5529343502206026,-0.0881795392868217,phone_A,8.928993615995454,0.7152042191498991
353,3,16,Walking Downstairs,-2.4834890750777388,-0.1527318791901527,9.01420989946371,0.0462766521526501,-0.6242261978390103,0.115728734607484,phone_A,9.351311412018156,0.6365477316092283
354,3,17,Walking Downstairs,-1.4715184502853846,0.6544899259408385,9.24691747429704,0.5506609057904059,-0.4212772129834538,0.2354574934934325,phone_A,9.386117748523525,0.7322172864575286
355,3,18,Walking Downstairs,-0.128222307081738,1.0915200326939791,9.78169887533202,0.6883981667180318,-0.1125796514807653,0.2346282068836029,phone_A,9.843245899065884,0.7359460641471577
356,3,19,Walking Downstairs,1.464665638393832,0.6630255551023025,10.278662323120509,0.513417170737706,0.1909573779169418,0.0367640703561699,phone_A,10.403641067998619,0.5490113917382571
357,3,20,Walking Downstairs,1.8866763744716368,-0.3867822522849803,9.886411997959806,-0.1029197702203508,0.3332643765192855,-0.1286232816896034,phone_A,10.072253493934497,0.371754720685025
358,3,21,Walking Downstairs,1.3931605205624331,-1.1016824575534605,9.65105126320711,-0.6186437336531717,0.223966822666928,-0.2214429507107813,phone_A,9.813123404828168,0.6942032751747524
359,3,22,Walking Downstairs,-0.0054684031559205,-1.8017370009386768,8.953542489791271,-0.9349748232829044,-0.0891184198029584,-0.2886512607057239,phone_A,9.133028481313428,0.9825678415397475
360,3,23,Walking Downstairs,-1.617526608687769,-1.0817694195470984,8.801566112210622,-0.7162893110050255,-0.4600366654134895,-0.189583541878662,phone_A,9.014110240866518,0.8721502335813912
361,3,0,Sitting,0.1749184148752323,-0.1317751288043598,9.904976729048292,0.0046003575450528,0.0273825291366731,0.0094222072834722,phone_A,9.907397495781728,0.029321394604550993
362,3,1,Sitting,0.1567854293723011,-0.0937057665494837,9.91037321115757,0.0067345735929956,0.0350787044951058,0.0118975819541488,phone_A,9.912056276372612,0.037648671249993895
363,3,2,Sitting,0.1581826770906775,-0.0822268823232073,9.921856566722434,-0.0008976139843654,0.0331641213955055,0.0189299040660188,phone_A,9.923458104417092,0.038196936091124234
364,3,3,Sitting,0.2008279542276186,-0.0525373332385114,9.883280058424331,0.0004132284430038,0.0282267293615681,0.0118840482391823,phone_A,9.885459865470656,0.030629228046892238
365,3,4,Sitting,0.1508963461739669,-0.1378809867941752,9.905495392814569,-0.0056290638607596,0.028323055710859,0.0071632752299423,phone_A,9.907604142822755,0.02975221599761667
366,3,5,Sitting,0.1378801830894701,-0.098527458656278,9.90508317995781,0.0011452887816246,0.0404832080677186,0.0130846295131323,phone_A,9.906532764135045,0.04256065496844996
367,3,6,Sitting,0.1754048325111991,-0.134840871796111,9.867174499723053,0.0059004821071972,0.0213036834393673,0.0046920163884481,phone_A,9.869654579769238,0.02259817769138902
368,3,7,Sitting,0.1598817952333522,-0.1135258267871182,9.874738978126006,-0.0066392379218934,0.0336161864071603,0.005698808484972,phone_A,9.876685688423812,0.0347362042672029
369,3,8,Sitting,0.1232891803944108,-0.0909068386759879,9.907493541202802,-0.0096847489219944,0.0160648610644479,0.0056930152036492,phone_A,9.908677638529555,0.019603176906079964
370,3,9,Sitting,0.153742170860067,-0.0883422914145736,9.867099112115485,-0.0075532256939184,0.0288534284400122,-0.0044516616849302,phone_A,9.868692208386243,0.030156074726052286
371,3,10,Sitting,0.1776589170641966,-0.1498509516105087,9.899097551291442,-0.0065760212189094,0.0304861991005323,0.012867880043959,phone_A,9.90182560584134,0.03373773447483635
372,3,11,Sitting,0.0888324914335774,-0.1424906438906506,9.892006916403242,-0.0101553305795977,0.0259569678455655,0.0140778157726741,phone_A,9.893431943936353,0.03122626804224266
373,3,12,Sitting,0.1596944316795221,-0.1305694777904318,9.840131455423435,-0.0125612577013429,0.0246441084913469,0.0026324676763461,phone_A,9.842293318127318,0.027785736708603383
374,3,13,Sitting,0.1562745996614367,-0.104589743652576,9.88719756137023,-0.0289623592748562,0.0134797677111467,0.0203810992825168,phone_A,9.888985609380878,0.037893424235296146
375,3,14,Sitting,0.1226546905052082,-0.1787227919875498,9.91265494993558,-0.0111546152447436,0.0267342918017939,0.0106704934125341,phone_A,9.915024667945165,0.030870815166896135
376,3,15,Sitting,0.1434490662146571,-0.121585060352037,9.896984608373838,0.0018750450485238,0.0248474250034115,-0.0004722131573379,phone_A,9.898770878239748,0.024922546188142887
377,3,16,Sitting,0.1386868414045306,-0.1033762960169062,9.90742803944863,-0.0148002560640185,0.0248948575870864,0.0146336562269196,phone_A,9.908937937811997,0.032449120302552
378,3,17,Sitting,0.1872642452745957,-0.1516206005316714,9.862541589796423,-0.0144219475425735,0.0138216094726736,0.0038404003411598,phone_A,9.865484443985912,0.020341537162078552
379,3,18,Sitting,0.0492393870193091,-0.1443936023912286,9.88239276312799,-0.0157805653570183,0.027213970801781,0.0094293479823764,phone_A,9.883570243306314,0.032841118329923855
380,3,19,Sitting,0.1458895640180517,-0.1273404384336412,9.891830072948546,-0.0112717249137279,0.0226412822363516,0.0099075034500095,phone_A,9.893725362280836,0.02716317485951955
381,3,20,Sitting,0.1213059464190977,-0.1247595765573956,9.862064965812442,-0.0105323827366134,0.0266571646917238,0.0082250924392816,phone_A,9.86360002607996,0.029819249842122544
382,3,21,Sitting,0.1146892145378108,-0.102207236573913,9.89598348034603,-0.0127961499047662,-0.002224569128306,0.0132744310386726,phone_A,9.89717580820008,0.018571501813055794
383,3,22,Sitting,0.0440549508092219,-0.0963305904664782,9.870032941639389,-0.00666223621382,0.0054979000249314,0.0012350281532299,phone_A,9.870601333778865,0.008725685680343166
384,3,23,Sitting,0.101468168784397,-0.1330434493994045,9.851950785476696,-0.0118370758264324,0.0263670576827287,0.0159798866799177,phone_A,9.85337153608649,0.03302566991399363
385,3,0,Standing,-0.168276486061824,0.2220786107107345,9.80491146040947,0.0023381957587301,-0.0224501288503823,0.0288414440281924,phone_A,9.808869691843473,0.03662382200748942
386,3,1,Standing,-0.213149058584325,0.1894668639838462,9.79517370481834,0.0269729224777093,-0.0167041550488544,0.0293892141489633,phone_A,9.79932437065372,0.04324688718484035
387,3,2,Standing,-0.171691123126713,0.2016343547976443,9.820615968856814,0.0141082294954697,-0.0339013258258695,0.0278007589810064,phone_A,9.824186086519362,0.04605675012599799
388,3,3,Standing,-0.1762766790364144,0.2412874379799106,9.85853522787718,0.033823167010343,-0.0260571353852495,0.0261011903486665,phone_A,9.863062908376605,0.050042512613897576
389,3,4,Standing,-0.16836600934352,0.2825417968162963,9.860151564131968,0.0341901926111392,-0.0213952043831161,0.0241084209673811,phone_A,9.8656356028238,0.04698872208224617
390,3,5,Standing,-0.1555505901044994,0.1995152231214701,9.82136083635952,0.0297054825156077,-0.008235734227215,0.0283361957630181,phone_A,9.824618617957423,0.041871028170639424
391,3,6,Standing,-0.2301160490463871,0.2469356055017139,9.8142438716598,0.0333847118248043,-0.0167788151902524,0.029730075411443,phone_A,9.820046505068353,0.04774876968869418
392,3,7,Standing,-0.1422745559724401,0.2027126793643948,9.823363631490862,0.0397493326617797,-0.0181676612460124,0.0224675719791145,phone_A,9.826485003100018,0.049141277484853585
393,3,8,Standing,-0.1373399663316216,0.2751575148202801,9.8398503806619,0.0261472244932692,-0.0082525289627489,0.0227403550637803,phone_A,9.84465486637933,0.035621697480738124
394,3,9,Standing,-0.1375735380861357,0.2302024146121073,9.81672565582628,0.0372516609208906,-0.0113980503050803,0.0292378637606361,phone_A,9.820388089675108,0.04870784812951262
395,3,10,Standing,-0.121140306889634,0.2457450294778079,9.87497556309327,0.0432805676579612,-0.0121247004155128,0.0281301929892295,phone_A,9.878775630874285,0.05302380271701181
396,3,11,Standing,-0.1670483282960403,0.2678172945808776,9.846300671467729,0.0287299309438173,-0.0086544044062617,0.0279589452442965,phone_A,9.851358696149935,0.041012318476735775
397,3,12,Standing,-0.0760314203980325,0.2207320369067078,9.82371487309893,0.0506551233720202,0.0053098539295272,0.0287506921376399,phone_A,9.826488554766136,0.05848707866683761
398,3,13,Standing,-0.1204734183495865,0.2805270146746602,9.805987787907942,0.0335105037401477,-0.001827103564627,0.0421932427438301,phone_A,9.810739306856075,0.05391253937252536
399,3,14,Standing,-0.1046277754250111,0.2685092899742053,9.896706666612742,0.0576432519043496,-0.0008696066087823,0.0322880036046433,phone_A,9.900901325393054,0.06607583433098518
400,3,15,Standing,-0.0371938260286835,0.2278302971724201,9.897977438220993,0.0388543286372804,0.0059536475973735,0.0302563472156184,phone_A,9.900669037622464,0.049603944605238384
401,3,16,Standing,-0.0957863427667667,0.2402430231321216,9.88280615361759,0.0505381924021888,0.0072876846288781,0.0312918673711284,phone_A,9.886189822353504,0.05988656111435127
402,3,17,Standing,-0.0468594718561572,0.2385141373044213,9.897634320338309,0.0487250282553837,0.0263621669494623,0.0276199356998027,phone_A,9.900618664656037,0.06190277112392059
403,3,18,Standing,-0.0622347659842722,0.2790858807612236,9.90246494697894,0.0394948695060655,0.0109104587380956,0.0319869770030901,phone_A,9.90659245760539,0.05198124204915696
404,3,19,Standing,-0.0615824329844818,0.2457641479277482,9.886637252868743,0.0472431859063507,0.0121743165967121,0.0164215002028532,phone_A,9.88988314300381,0.0514761912741347
405,3,20,Standing,-0.0795035292925621,0.2198628811789735,9.853513978165228,0.0385851555776364,0.0109946859625808,0.0218821474426576,phone_A,9.856287242952481,0.04570039088529094
406,3,21,Standing,-0.0423345423541241,0.234867684985047,9.920863662561205,0.0414340707882964,0.020376292719581,0.0218592780660312,phone_A,9.923733715394317,0.05108623654813182
407,3,22,Standing,-0.0260089976752076,0.2478837212494482,9.903357701534432,0.0296953094630107,0.0224494542540955,0.0108841591483621,phone_A,9.906493656776947,0.03878471761889693
408,3,23,Standing,-0.0029773660821231,0.2519057401394789,9.88218721331193,0.0434759075726533,0.0186701316791048,0.0227673819959911,phone_A,9.885397790962678,0.05250792358427807
409,3,0,Laying,7.385986165139416,0.0845167527387477,6.42256719583243,0.0015120623617152,0.0289149341593419,0.0110167607033195,phone_A,9.788222724177622,0.030979489447358517
410,3,1,Laying,7.407494226398177,0.0685493464470739,6.438032043345586,-0.0085320252925657,0.0268469058003186,0.0241735534059285,phone_A,9.814475346047042,0.037120243680685054
411,3,2,Laying,7.382618122793959,0.0300651827968423,6.4041684116150055,0.0030667496451172,0.0232611307557805,0.0122986913222421,phone_A,9.773296644763725,0.026490431586954886
412,3,3,Laying,7.409390201535041,0.0958445898587904,6.447296182464887,0.000848386042429,0.0286986909107826,0.0128697754522566,phone_A,9.822213467871435,0.03146372099833602
413,3,4,Laying,7.405255950669046,0.0749813380406627,6.400797348634689,0.0052503281221291,0.0204784595011786,0.0154745550426187,phone_A,9.788444442007245,0.026199143167257733
414,3,5,Laying,7.384120078567431,0.0669970457338289,6.415089518538883,0.0033258130279278,0.0221132000327814,0.0003213481202315,phone_A,9.781773431730423,0.022364210529346076
415,3,6,Laying,7.374002266657792,0.1252940844250816,6.408453625397536,-0.0163699824488928,0.0297292528659024,0.0146462226027236,phone_A,9.770357511633696,0.03696372056314618
416,3,7,Laying,7.375948192071749,0.070606528996759,6.439845725987426,-0.0090724408624407,0.0248392819679313,0.0137835698364377,phone_A,9.791895117319322,0.02982089719174854
417,3,8,Laying,7.38209277357455,0.0827653811087181,6.407408133750617,0.0002239618331271,0.0123269894020488,0.0007942757198541,phone_A,9.775327248661561,0.012354582167765563
418,3,9,Laying,7.389579841850821,0.0942260108342285,6.422793026981947,-0.0038082461732536,0.0151565824599204,0.0152630589965765,phone_A,9.791171484947736,0.021844580579938867
419,3,10,Laying,7.371292801124373,0.0656682735782835,6.402005845334229,0.005689539791527,0.0062231971163548,0.0135661082265035,phone_A,9.763500843742289,0.015973050359952595
420,3,11,Laying,7.328640679065418,0.0746261872122492,6.3979922218915055,-0.019098695759709,0.0185139505169236,0.008333183730408,phone_A,9.728763937009392,0.02787415459793819
421,3,12,Laying,7.3163027626145425,0.0978931205295308,6.443753649387192,0.0022237893511049,0.0178745839738704,0.0109525069065556,phone_A,9.749863089873568,0.021080877563687435
422,3,13,Laying,7.400133189393578,0.1186223454961269,6.435281222501769,-0.0124685310353183,0.0164655026224036,0.0133925750693245,phone_A,9.807593328350194,0.02461581015880988
423,3,14,Laying,7.319821189171487,0.088043307434032,6.462850313889084,-0.0030557279028683,0.0236309968725729,0.0119486847592611,phone_A,9.765038046273247,0.026655816507548905
424,3,15,Laying,7.361353628321994,0.0856758710103694,6.384735403496666,-0.0127275574266296,0.0219189639837317,0.0191971541387457,phone_A,9.744830104663011,0.031795635348189584
425,3,16,Laying,7.336523203642422,0.1002674787166828,6.402086645809206,-0.0049290281529334,0.0166116422549549,0.0170570436672898,phone_A,9.73762495197471,0.0243142903578707
426,3,17,Laying,7.361484075002748,0.1113337778810802,6.411151498302892,-0.0032191081463501,0.0083795694751368,0.0241863889352149,phone_A,9.762515379286619,0.02579847382253508
427,3,18,Laying,7.36927966937153,0.0940056529489451,6.362394895674497,-0.0118701291246061,0.0203359287356821,0.0131146102360362,phone_A,9.736282078735384,0.026952605896660688
428,3,19,Laying,7.307814325841293,0.1023275005562508,6.388217979165144,0.00159084543403,0.0119128057667,0.0127953143012171,phone_A,9.706902188013956,0.017554651762339966
429,3,20,Laying,7.383268466655856,0.0542105879610439,6.376235779388911,-0.0079727490333923,0.0169368023808114,0.0037702174286165,phone_A,9.755612474515432,0.019095406293010896
430,3,21,Laying,7.310244669259304,0.0976061037192621,6.385259961693272,-0.0090375640952983,0.0003706361878101,0.0078841896076579,phone_A,9.706737291918458,0.011998974194898504
431,3,22,Laying,7.349926538385863,0.1007243929395284,6.380365809083618,0.0033956084903549,0.0069467090906498,0.0080758272356385,phone_A,9.73348002416017,0.011180604176419424
432,3,23,Laying,7.386743163267303,0.0832890106534521,6.385194289768511,-0.0073181789145041,0.0187208626180348,0.0212011552482322,phone_A,9.764303238709061,0.029214986285255536
433,4,0,Walking,0.0611706995128489,0.8852588093731306,9.91448122817165,0.5112042424190469,0.037343512685279,0.1812040898227854,phone_B,9.954112870458104,0.5436536007196231
434,4,1,Walking,0.6712235599013132,0.7194407231244642,9.96712049133792,0.4807134983616827,0.2120968245591821,0.1591159185244013,phone_B,10.015569225476138,0.5489885299558451
435,4,2,Walking,1.183012106147621,0.5611881914048739,10.412297168574192,0.2439945581783208,0.2891783102647968,0.0719816848070183,phone_B,10.494302366339662,0.3851477670919228
436,4,3,Walking,1.330442774336623,0.0900730110365541,9.986089630469378,0.0331850380151525,0.352505569629158,-0.0485056447760108,phone_B,10.074729635621482,0.35737126485320675
437,4,4,Walking,1.2331821863625378,-0.4512603575092444,9.813015425735786,-0.2200404519093634,0.2868795489942793,-0.1178310456871099,phone_B,9.900487157748843,0.38026547494527524
438,4,5,Walking,0.5855153434736218,-0.6585226384426914,9.664108121176731,-0.3695297521334225,0.1759325078983112,-0.1129905468940616,phone_B,9.704198372899155,0.424583735833813
439,4,6,Walking,-0.0325765329711626,-0.7168343351146792,9.575945464606225,-0.4034468457086432,0.0351446352352283,-0.0667019806455319,phone_B,9.602793564146438,0.4104310623236354
440,4,7,Walking,-0.8465666047321777,-0.6789359851721692,9.47036565549795,-0.2569571965009293,-0.1301135616293241,-0.0167174486561019,phone_B,9.532337317628064,0.288506521318071
441,4,8,Walking,-1.4009044116735103,-0.2646007661834146,9.439812977458317,-0.118058735523038,-0.2185289605961957,0.0746182236939832,phone_B,9.546864185977594,0.2593465846310639
442,4,9,Walking,-1.5377178074114894,0.2064767685045268,9.412662143117032,0.1753434397212475,-0.2196324003407238,0.1551282146900042,phone_B,9.5396759552739,0.321011644844256
443,4,10,Walking,-0.7674226445926094,0.7933946421520679,9.738882700975452,0.3971015269815656,-0.1406243650170481,0.1887375923801336,phone_B,9.801237107477201,0.46161316439740807
444,4,11,Walking,-0.3045503922821168,1.0193199411528957,10.062345087321772,0.4966683550683424,0.0288425878898655,0.1792452794699729,phone_B,10.11842639644227,0.5288101928052695
445,4,12,Walking,0.2592739475039915,0.8939920187018926,10.056873068621147,0.4556195981516583,0.2167172058310216,0.1234702208490073,phone_B,10.099858445924593,0.519423200251574
446,4,13,Walking,1.0616084013188658,0.5520346659092508,10.134069210404418,0.297354747850229,0.3307683926623311,0.075264708853579,phone_B,10.204465367248945,0.45110126585092764
447,4,14,Walking,1.3004102829439752,0.1638952927534923,10.22398500873406,0.0113832541653192,0.380990405183506,-0.0498933017245234,phone_B,10.307657252246603,0.38441203008524416
448,4,15,Walking,1.182748900311552,-0.3967388058728338,9.89749686967067,-0.1416424612697858,0.3012812756646283,-0.1311979486558212,phone_B,9.975807783152916,0.3578350117472633
449,4,16,Walking,0.4950588495055474,-0.3824452830953933,9.663552408922005,-0.3579499623912103,0.1994060721971547,-0.1536603678607191,phone_B,9.68377988282561,0.43760994716306123
450,4,17,Walking,-0.1459965644081251,-0.3730270781737341,9.701710871885869,-0.4226654000987129,0.0608643944285898,-0.1315768902827359,phone_B,9.709977241968092,0.4468366513685277
451,4,18,Walking,-1.0536931401869032,-0.376290816032715,9.561344434134105,-0.27991204447853,-0.1219467043879338,-0.0543409589900388,phone_B,9.626586695192367,0.31012044624498036
452,4,19,Walking,-1.2019645949800848,-0.0873401737218454,9.369244737705513,-0.1416144055364523,-0.2040833585668305,0.05990438328455,phone_B,9.44643287958761,0.25552532601693817
453,4,20,Walking,-1.475168330578142,0.3881455559371659,9.55925092523176,0.1683865437383728,-0.1935996954577592,0.0952787526210258,phone_B,9.68018888388438,0.27370223034259455
454,4,21,Walking,-1.140823257401447,0.6359862953862893,9.805718953397516,0.3546219817562699,-0.1503209646516634,0.1186107713000738,phone_B,9.892324320682501,0.4030157036976962
455,4,22,Walking,-0.0473745666199929,1.0093469381979496,9.991637756497392,0.5106323368156622,0.0291112252438371,0.1652978448993753,phone_B,10.042601786801876,0.5375092783993587
456,4,23,Walking,0.5016321773278574,0.8254837583002896,10.373975133692175,0.4815102296424045,0.1700219643833149,0.1438015754349264,phone_B,10.418849185539248,0.5305077404907577
457,4,0,Walking Upstairs,1.0926410400643842,-0.770083756531909,10.110962033291724,-0.458909692576644,0.3375310275372342,-0.1640364964143574,phone_B,10.198943409646608,0.5928180771931879
458,4,1,Walking Upstairs,-0.2507323446704702,-0.7389741217350084,9.659136670186028,-0.5212868747897171,0.1062062780096341,-0.1188175862884845,phone_B,9.690607342916666,0.5451031077953155
459,4,2,Walking Upstairs,-1.3077339026119712,-0.3908759783018343,9.72132712257493,-0.254857259371302,-0.1304218641942431,0.0025182818005614,phone_B,9.816677289926828,0.28630128720873704
460,4,3,Walking Upstairs,-1.4998314995827149,0.2726070094885561,9.660865738488347,0.1535799572159311,-0.2015057396142796,0.1317488236775242,phone_B,9.780395489235639,0.2855680635091334
461,4,4,Walking Upstairs,-1.271209234904971,1.0322403957542323,10.200569120667897,0.4769776844713156,-0.127495705776321,0.2296782911428963,phone_B,10.331171450472496,0.5445318942884256
462,4,5,Walking Upstairs,-0.2572045785817435,1.3545092676469692,10.31656272414232,0.7355027798722289,0.0851619697321064,0.2736879738280443,phone_B,10.408281125745392,0.7893807745990074
463,4,6,Walking Upstairs,0.8038261543163735,1.4214711254017476,10.746343367896127,0.7283542735277472,0.3043314085622173,0.2230908215952719,phone_B,10.869710779383187,0.8202969393357804
464,4,7,Walking Upstairs,1.906778378323972,0.7139170004892702,10.740179069693983,0.4146895313916522,0.5769790652393081,0.1278247659755974,phone_B,10.93146503066831,0.7219497350695339
465,4,8,Walking Upstairs,1.803011637582003,0.4325780866078409,10.4715676914906,0.0259036100571426,0.5945374125532472,-0.0885012237913254,phone_B,10.634458363440011,0.6016462403705892
466,4,9,Walking Upstairs,1.4954176749425894,-0.5024700038878833,10.315645987747208,-0.360907615034877,0.474292591254859,-0.1523106163814167,phone_B,10.435578674508802,0.6151473746769134
467,4,10,Walking Upstairs,0.3437475235686199,-0.6380159745970486,9.951370335908685,-0.5138204724565255,0.189473186695889,-0.1801608116308972,phone_B,9.977725106766767,0.5765149472820683
468,4,11,Walking Upstairs,-0.8323441718978999,-0.6636210585956196,9.727723583038394,-0.4011036845458556,-0.04848149853759,-0.0274067248836027,phone_B,9.785795615988784,0.40495154034224523
469,4,12,Walking Upstairs,-1.3104314857127863,0.0051845212716588,9.509697056822958,-0.0521966483387702,-0.2040020746876627,0.083378508250945,phone_B,9.599562264528288,0.22648026892606973
470,4,13,Walking Upstairs,-1.5099906116527309,0.5818124635351912,9.640834869040068,0.3453287556976548,-0.2208594885072215,0.2924860204743353,phone_B,9.775698152157887,0.5035662174414357
471,4,14,Walking Upstairs,-0.8805873721353898,1.0987480182074518,10.233229664251173,0.6992674283413912,-0.0398865059899921,0.3014637256889358,phone_B,10.329650075815216,0.7625262274869805
472,4,15,Walking Upstairs,0.1593164215744224,1.342349464444188,10.395349080201504,0.7164866338178658,0.2127122926351045,0.2077683567599856,phone_B,10.482870136852938,0.7757366215078952
473,4,16,Walking Upstairs,1.2899147387208656,1.0731416885488867,10.62602495101153,0.6047458662918697,0.4547686566891564,0.1781734449083495,phone_B,10.75769117312774,0.7773531181994914
474,4,17,Walking Upstairs,2.095891872236596,0.6484443308881662,10.691963721973506,0.2324788753637436,0.5837008988083999,0.0119983233846655,phone_B,10.914730002266019,0.6284084074263869
475,4,18,Walking Upstairs,1.770182616535282,-0.2316663686926449,10.339415418531766,-0.1801655941169614,0.5268382567781258,-0.1330046367001068,phone_B,10.492412830194938,0.5724582286003578
476,4,19,Walking Upstairs,0.8846301484077894,-0.8224267068310309,10.186108778404986,-0.4755711519458628,0.3178972118634585,-0.1461926196935686,phone_B,10.25747377442809,0.5904225943564015
477,4,20,Walking Upstairs,-0.2645784454381779,-0.9097302017326264,9.862929753524895,-0.5286470398288926,0.0711504873221052,-0.1194801217833673,phone_B,9.908329532100838,0.5466311224833362
478,4,21,Walking Upstairs,-1.0418776464355142,-0.3539184291837912,9.44660357531411,-0.2743429676576476,-0.1488992818419903,0.0492004986094373,phone_B,9.510472459020912,0.31599960300557783
479,4,22,Walking Upstairs,-1.569031693438939,0.047074358514862,9.72478068912932,0.1575304970713197,-0.1840229701060045,0.195486541306644,phone_B,9.850656622880933,0.311280097125092
480,4,23,Walking Upstairs,-1.3257818439037112,1.1014483017852066,9.889582166092955,0.5143977030715456,-0.1740255202289645,0.2445173121277911,phone_B,10.038661329033571,0.5955489858495634
481,4,0,Walking Downstairs,-2.090592670286022,0.3909143220058076,9.033364851667294,0.211502808901526,-0.6111027647124249,0.1347897809618111,phone_B,9.280359489995037,0.6605666599701636
482,4,1,Walking Downstairs,-0.9324735320085688,1.0756743335136845,9.640466768516376,0.6198992427260533,-0.4078035884910942,0.1743437692685512,phone_B,9.745008038711164,0.76221689026242
483,4,2,Walking Downstairs,0.721218753315654,0.8971594114125715,9.859946781354596,0.6866264527506635,0.0530996788301,0.1454404287566841,phone_B,9.92691301617805,0.7038667344218982
484,4,3,Walking Downstairs,1.702097266731004,0.3062920281145282,10.109190517546844,0.302074462537688,0.301732848006298,-0.0110999558576076,phone_B,10.256055910142003,0.4271005753958494
485,4,4,Walking Downstairs,2.0455739061375,-0.7510604505268037,9.931291780737672,-0.3193484793193665,0.2664405678220479,-0.2662761170678331,phone_B,10.167547434851917,0.4938390405239844
486,4,5,Walking Downstairs,0.8448560044148828,-1.3037068371911285,9.365635542177886,-0.7730700430616592,0.164882131317181,-0.3426389726875177,phone_B,9.493606390326093,0.8615247380728015
487,4,6,Walking Downstairs,-0.5921079389371008,-1.5175158723535906,8.781891473669294,-0.8917984331718297,-0.2774915650639537,-0.2365736764436236,phone_B,8.931688759103894,0.9634693137175804
488,4,7,Walking Downstairs,-2.033882548906543,-0.8295480252898467,8.64246320417321,-0.5709701303390119,-0.548660145747496,-0.1169251225222253,phone_B,8.917230421184412,0.8004413342324652
489,4,8,Walking Downstairs,-2.482964273874042,-0.1612978587928007,8.835071992588029,-0.0638328154297861,-0.6551791278929665,0.0597696617722678,phone_B,9.17875948583464,0.6609892059789272
490,4,9,Walking Downstairs,-1.455280310337571,0.6608756438134494,9.428930052073875,0.4722591299580382,-0.4906524730044492,0.1691265899436837,phone_B,9.563436585513804,0.7016924814475953
491,4,10,Walking Downstairs,-0.3157713621355779,1.052468461121565,9.943894394776196,0.7015060050079903,-0.1286513487448337,0.2150715215457916,phone_B,10.004420880253988,0.7449279186445876
492,4,11,Walking Downstairs,1.4247344993134825,0.6988510589278103,10.348340456636356,0.4861180378024993,0.1565870485724799,0.0370667579495195,phone_B,10.4693080670384,0.5120587808079073
493,4,12,Walking Downstairs,2.2464735617446268,-0.0265309957402508,9.966871199607258,0.0182164613994571,0.3605100496417159,-0.0752922581219288,phone_B,10.216940288898295,0.3687387415117776
494,4,13,Walking Downstairs,1.3801079896685122,-1.0644119962331964,9.562832466594148,-0.6209382983363412,0.2787116815968189,-0.2831386748136463,phone_B,9.720361914302323,0.7371648940193675
495,4,14,Walking Downstairs,0.3242592477236731,-1.2613276450679267,9.055607199673874,-0.8971598215014746,-0.0471809002959407,-0.2846832627676466,phone_B,9.148776598143176,0.9424257757347929
496,4,15,Walking Downstairs,-1.3995275980519502,-1.4697924929137465,8.84377260794342,-0.784596905574732,-0.457407878873256,-0.2368604031935886,phone_B,9.073658656294329,0.9385718526004312
497,4,16,Walking Downstairs,-2.139070934151342,-0.6113988966905167,8.582058053421239,-0.3463558620413012,-0.6304353924771563,-0.0022772045866002,phone_B,8.86572915808383,0.7193165874070527
498,4,17,Walking Downstairs,-2.376248434276093,0.1754720342221558,9.023180086308187,0.2314184973526239,-0.5923874636136509,0.1199375367208061,phone_B,9.33247694484922,0.647195828693461
499,4,18,Walking Downstairs,-1.025957994917535,1.0575425602749648,9.561015806179176,0.637494675412624,-0.3489802626021397,0.197714177767184,phone_B,9.673882846103533,0.7531783194937696
500,4,19,Walking Downstairs,0.5095161585103772,1.1034678680582473,9.929047276867887,0.6276183297312926,0.001785519714067,0.1527179966155102,phone_B,10.00316089433224,0.6459340077636428
501,4,20,Walking Downstairs,1.6764347871350689,0.3984649123616258,10.145859600198284,0.2954266875483191,0.3231126103747407,-0.0001800269873681,phone_B,10.291145461455477,0.4378112825278345
502,4,21,Walking Downstairs,1.801879400057767,-0.6993651381677648,9.840075241709403,-0.3111046746451893,0.3028680965210804,-0.2208069854555943,phone_B,10.02810858194801,0.4871046369132392
503,4,22,Walking Downstairs,0.9390466582210664,-1.4369319538053624,9.325411255912805,-0.7413604628134184,0.1276708799308415,-0.2483984939609633,phone_B,9.482081899988435,0.7922228229528079
504,4,23,Walking Downstairs,-0.534244937552387,-1.5921303441105397,8.879035443470322,-0.8881092661204738,-0.2188592062915892,-0.2221486094505687,phone_B,9.036457662842233,0.941269050499618
505,4,0,Sitting,0.1758342210017427,-0.0212994111877374,9.820215143009724,0.0173132987000319,0.0100016760195021,0.0032344640588163,phone_B,9.821812296780555,0.020254520305931317
506,4,1,Sitting,0.1583986125103867,-0.0712967054018542,9.829193685674491,0.0183762012926812,0.0006634080337307,0.0011883662346695,phone_B,9.830728449669925,0.01842653245936574
507,4,2,Sitting,0.1684520126162482,-0.0431664694230911,9.849908864309644,0.0158243884581917,-0.0024851070095553,0.0018369041063908,phone_B,9.851443755097149,0.016123313667505416
508,4,3,Sitting,0.1704654641804924,-0.0080758795653023,9.893487008617132,0.0066042743311635,0.0110840451635644,0.0019599297322961,phone_B,9.894958761105828,0.013050433754658836
509,4,4,Sitting,0.2159470432713261,-0.063108427230485,9.896431340714916,0.0057726381984665,0.0184588483962855,0.0095798985730749,phone_B,9.89898828570726,0.02158302324879091
510,4,5,Sitting,0.1483274477137715,-0.050506078680053,9.883263812284966,0.0150604739103327,0.0068140889547513,0.0056425186685098,phone_B,9.884505828768097,0.01746675984868279
511,4,6,Sitting,0.1958592598446574,-0.0370574990802386,9.83173694012226,0.0028219197537515,0.0094422454339028,0.0119895154621853,phone_B,9.83375743892789,0.015519913367949306
512,4,7,Sitting,0.2201895294734201,-0.0239650513576452,9.871420379889098,0.0110763494537754,0.0047534043839549,0.0030829241548021,phone_B,9.873904904801654,0.012441253626697532
513,4,8,Sitting,0.1617753824947683,-0.0779520456931168,9.87256264688213,0.0065156762999317,0.0135269948069717,0.0065725874860262,phone_B,9.874195714711217,0.016390013191416267
514,4,9,Sitting,0.19071662570506,-0.0362574002750466,9.862965003865725,0.0066417836947955,0.0056121805822266,0.0048000314203014,phone_B,9.864875371634202,0.009932278850890834
515,4,10,Sitting,0.2033020093585239,-0.0704921274002549,9.864959575137926,-0.0008649986556421,0.0072952688953506,-0.0048852253256968,phone_B,9.86730602880746,0.00882239181926092
516,4,11,Sitting,0.219834201362389,-0.0308011203132235,9.87655711286704,0.0133802552399979,0.0097184001467498,0.0193385790940626,phone_B,9.879051381019623,0.025445219061292296
517,4,12,Sitting,0.1837472127478542,-0.0548496875243463,9.852463459698487,0.0024179750993689,0.016178968868155,-0.0002463245838619,phone_B,9.854329391242613,0.01636051078110068
518,4,13,Sitting,0.2347387434395568,-0.059106830869974,9.868290228518,-0.0066581394283981,0.0138975985305602,-0.0010679224983312,phone_B,9.871258680097027,0.015447152618753412
519,4,14,Sitting,0.1756342742253114,-0.0883994611084808,9.927281334303949,-0.004189750413216,0.0027745716078521,-0.0051398015140836,phone_B,9.929228396679498,0.007188171932857387
520,4,15,Sitting,0.189701609721638,-0.0592449018983884,9.873161705574192,3.816874726691403e-05,0.0076849568551657,0.0004239095064162,phone_B,9.875161706197455,0.007696734241784384
521,4,16,Sitting,0.1688699472898819,-0.0923243753663648,9.835006368057488,-0.0125636719987789,0.0178845326741635,0.0018672498832621,phone_B,9.836889300440248,0.021936020267875965
522,4,17,Sitting,0.2146001387606996,-0.0797457647589302,9.875887620141134,-0.0174033799217128,0.0165308185039376,-0.0018208344036088,phone_B,9.878540828088427,0.024071996822759994
523,4,18,Sitting,0.2049083823482151,-0.0750728513311755,9.830179554372066,-0.017208025409431,0.0068417528568775,-8.28114888352569e-05,phone_B,9.832601560592098,0.018518438875588232
524,4,19,Sitting,0.2051710074838668,-0.1225426801871983,9.828597060330296,-0.0139166490730237,0.0086422674323734,-0.0121993807739922,phone_B,9.83150202284029,0.020425151139298915
525,4,20,Sitting,0.1507045380622684,-0.1125632946011975,9.85344028200687,-0.0179831850137081,0.0096755542619662,0.0018069019596532,phone_B,9.855235549907453,0.020500638726764258
526,4,21,Sitting,0.1517077315121486,-0.1007317975349277,9.87496437429493,-0.014688396215486,0.0064274553595749,0.0019598318322841,phone_B,9.876643332855005,0.016152464412381957
527,4,22,Sitting,0.174265201230413,-0.0713695648587764,9.858045190219666,-0.0154639170798926,0.0121646237526145,-0.0035316238675056,phone_B,9.85984365735893,0.019989576524729134
528,4,23,Sitting,0.2047963648937333,-0.1159388796621936,9.846253367344088,-0.0149453315016564,0.0128498797098604,-0.0119923531091627,phone_B,9.84906537438075,0.023071603224464686
529,4,0,Standing,-0.0166990030809547,0.0914389131746033,9.818322533496678,-0.0078948366667813,0.0027281154888465,-0.0046256186067572,phone_B,9.81876251384639,0.009548162525366702
530,4,1,Standing,-0.0364942931508553,0.0796972303164028,9.737377107658755,-0.0209415979029467,-0.0094026000012559,-0.0186059612352111,phone_B,9.737771635169386,0.029548962807491183
531,4,2,Standing,-0.0508355205220997,0.1344178800994055,9.742669419383285,-0.0259928329154576,0.000548928010855,-0.0193180932488811,phone_B,9.743729256913054,0.032390081995951524
532,4,3,Standing,-0.0383995298599289,0.1056506063324167,9.788339776087248,-0.0171878668499575,-0.0067817820149992,-0.0069791931803524,phone_B,9.788985246012155,0.0197515688389432
533,4,4,Standing,-0.0999171645491561,0.145313439196838,9.74933436956931,-0.022325929615809,-0.012425937163652,-0.0089163519874202,phone_B,9.750929190853975,0.02706200990999481
534,4,5,Standing,-0.0736615736336516,0.0970457982442643,9.73316080332588,-0.0183981751873138,-0.0155999479008217,-0.0041562437292804,phone_B,9.73392331682279,0.024477042032660382
535,4,6,Standing,-0.0940040221724168,0.0846389884277972,9.787660770597851,-0.025244347273549,-0.01736298669205,-0.0140045151449163,phone_B,9.788478118423047,0.03368793286297092
536,4,7,Standing,-0.0622899624279826,0.1004193234840613,9.752057138421476,-0.0214154264079284,-0.0285960529906241,-0.0070569973578613,phone_B,9.752773067747734,0.03641642413231755
537,4,8,Standing,-0.0731961851630007,0.1135445491364885,9.767778531379768,-0.0372544837908974,-0.0248006447099771,-0.0097048663935841,phone_B,9.768712683063441,0.045794682794775096
538,4,9,Standing,-0.1435155189006207,0.1571803932954373,9.747603989957009,-0.0201959757468928,-0.0292200096909708,-0.0179948050340207,phone_B,9.749927483075329,0.03981833008705823
539,4,10,Standing,-0.1602591053629847,0.1593224713508255,9.70135032503108,-0.0217973769308645,-0.0315817641601498,0.0054036287941028,phone_B,9.703981902276494,0.03875219571428132
540,4,11,Standing,-0.1208903776481538,0.1272676336379678,9.78554989254309,-0.0194294187749988,-0.0251653518561328,-0.0116897957818313,phone_B,9.787124104323485,0.033874010294002145
541,4,12,Standing,-0.1205613268741793,0.1376247962527071,9.72657538794622,-0.013821220314755,-0.0313777108210518,-0.0049160677357891,phone_B,9.728296068453222,0.03463747377251138
542,4,13,Standing,-0.1398844926919212,0.1403845200217905,9.767669071972966,-0.0071720651176111,-0.0349924536458447,-0.0029587223647724,phone_B,9.769679349105305,0.03584221489026101
543,4,14,Standing,-0.1552620430896682,0.1764101940294905,9.80409888219393,-0.0013034437064457,-0.030100283779201,0.0198862132216494,phone_B,9.806914996593893,0.03609968871584916
544,4,15,Standing,-0.1503812866661385,0.1828847405377594,9.771066034107523,-0.0099507112397698,-0.0396770546969923,-8.004008843411504e-06,phone_B,9.773934356367995,0.0409058111723696
545,4,16,Standing,-0.150180951196403,0.1748513986566784,9.758339597138551,0.005791728580616,-0.0326075034566443,0.0037206429380738,phone_B,9.761061367638083,0.0333262146890287
546,4,17,Standing,-0.1850362625284891,0.2162451444509799,9.776139114646003,-0.0071239725072563,-0.0401441026422292,0.0073140316505026,phone_B,9.780280996467365,0.04142215615124991
547,4,18,Standing,-0.149531628535274,0.2193891642520735,9.766263735279887,0.0093150601102674,-0.0380593547837021,0.0038561243065373,phone_B,9.769871987921167,0.03937200180429071
548,4,19,Standing,-0.1750422217262182,0.2058946292234001,9.761111104228402,-0.0022161539999896,-0.0407061357292694,0.0097440267521619,phone_B,9.764851374538216,0.04191475732851402
549,4,20,Standing,-0.1738512958800472,0.2079362647623065,9.777393656489192,0.0058811690891414,-0.0476660975364545,0.0087363869027623,phone_B,9.781149650078847,0.04881566818476034
550,4,21,Standing,-0.1448392687618387,0.2647815606620191,9.78832781088976,0.0067275327865039,-0.0385733183932526,0.0136777450326227,phone_B,9.792979578355098,0.041475791715628034
551,4,22,Standing,-0.1554808059838955,0.2442575953006875,9.749750811488816,0.0189951164218699,-0.0336517917302356,0.0182825649568076,phone_B,9.754049258642192,0.04274938263806197
552,4,23,Standing,-0.174943937849226,0.22992585246998,9.709258587030993,0.0177941083438252,-0.0380403180109489,0.0082653198925352,phone_B,9.71355617623429,0.042802004614875815
553,4,0,Laying,7.415532684731539,0.0534124554921696,6.381701268283503,-0.01472821635796,0.0084533811561644,-0.0114171475180624,phone_B,9.783613287857136,0.020462924216921547
554,4,1,Laying,7.416814342970493,0.1011402597496227,6.382998864875317,-0.0089121257452651,0.0037914770945298,-0.0131714937445163,phone_B,9.785808033025921,0.016348991752386233
555,4,2,Laying,7.378188971294648,0.0919914157198756,6.374299840414217,-0.0137990232267491,0.0088374814466239,-0.0058436916016232,phone_B,9.750786295074096,0.01739720816299743
556,4,3,Laying,7.389973073191629,0.0980517544642914,6.379218654616388,-0.0086755554530645,0.0161012898875917,-0.008382538492553,phone_B,9.762978378161892,0.020119238306720078
557,4,4,Laying,7.411167142142097,0.1141226772427686,6.372033782580275,-0.0140889476069558,-0.0047380986197474,-0.0076205706725797,phone_B,9.774519779537611,0.016703925304483964
558,4,5,Laying,7.38499619175654,0.0588230796774718,6.351758575485198,-0.0178121886156376,0.0077688245582326,-0.0011208436248983,phone_B,9.7409684276365,0.019464968243671058
559,4,6,Laying,7.388007926632575,0.0940577393519507,6.3242118130562135,-0.0149231154689963,0.006351535890092,6.543240031053194e-05,phone_B,9.725593197266557,0.016218682587162678
560,4,7,Laying,7.391479141472875,0.1254947387104935,6.33178123953495,-0.0198523689383799,0.0078907180904701,0.0050011113249993,phone_B,9.733507409644242,0.02194062667596027
561,4,8,Laying,7.420278666123846,0.0968874541226016,6.313790134443169,-0.0248919905031841,0.0040685910940422,-0.0072997200036013,phone_B,9.743401281046108,0.02625739013748518
562,4,9,Laying,7.378874698014953,0.0982976009529798,6.370536964105079,-0.0074618311617986,0.0037561753581189,0.0021092666007177,phone_B,9.74890739715931,0.008616077019214225
563,4,10,Laying,7.405241460539314,0.0926075561099531,6.393250442442262,-0.0193494782889164,0.0194535044375991,-0.003103094361792,phone_B,9.783651080661414,0.027612865472006348
564,4,11,Laying,7.413029978114008,0.1075209408202722,6.412552269463233,-0.009053005391386,-0.0074466069079033,0.0029890671392707,phone_B,9.802316094563055,0.012097246935578568
565,4,12,Laying,7.393404476289132,0.0960484312048151,6.332623251941408,-0.0109580338788158,-0.0021201057787373,-0.0048912583802846,phone_B,9.735182191524618,0.012185965843748883
566,4,13,Laying,7.393195579839215,0.1405465632695652,6.413143639291221,-0.0141206603135697,0.0017647972793756,-0.007776725773782,phone_B,9.788130851004315,0.01621681290787802
567,4,14,Laying,7.426276513097385,0.0833277167275533,6.352040276375814,-0.0087893410749527,-0.0022667883515925,-0.0057895634496687,phone_B,9.772662995829611,0.010766145591645408
568,4,15,Laying,7.357382735337414,0.1083646565847898,6.4100882541421695,-0.0105707906788968,0.0093060884919347,-0.0106497249575506,phone_B,9.758691256461042,0.017656770380458795
569,4,16,Laying,7.401077407736982,0.0664715543376417,6.354873846485129,-0.0104776777045308,0.0007096661180427,-0.0140421284261465,phone_B,9.75524407011898,0.01753472916287877
570,4,17,Laying,7.360515892614618,0.0548951535935379,6.371866453508384,-0.0029154695245266,0.0078290717951203,-0.0169184700519865,phone_B,9.735547739324478,0.018868729597446555
571,4,18,Laying,7.427113308922404,0.1122923972277488,6.319972736196067,-0.017280605962257,0.0057761543544933,-0.0021993934465456,phone_B,9.75277791566634,0.018352673731160587
572,4,19,Laying,7.357030303046528,0.1036947141824889,6.304207922976337,-0.0169351972709768,0.0055735777233108,-0.0053343140252337,phone_B,9.689152956260516,0.018609690523071345
573,4,20,Laying,7.375436048401114,0.1102902416176744,6.381071674258522,-0.0078488985634974,0.0035298436260725,0.0011175082329278,phone_B,9.75332233413185,0.008678354068327567
574,4,21,Laying,7.404368651237287,0.0944126985365929,6.3580173755540805,-0.0172173259246889,-0.0094563081651674,-0.0110122113637726,phone_B,9.760019151052832,0.022519477685594275
575,4,22,Laying,7.377120805308101,0.0936167817227196,6.390898117662095,-0.0161027523501642,0.0033700668522399,0.0013022085728,phone_B,9.76085315063528,0.016503082469840558
576,4,23,Laying,7.3765031698314525,0.1023422575682285,6.347911136621997,-0.0079507962530457,0.0006938122408673,-0.0121939090287319,phone_B,9.732381453203898,0.014573536080307078
577,5,0,Walking,-1.4218246883225982,0.4494817371271309,9.655504094242753,0.2175649463530189,-0.2048711893219658,0.1274360298363825,phone_A,9.76997331574007,0.32487944194154256
578,5,1,Walking,-0.7986877813692301,0.8855596895366623,9.7943420622839,0.39267701771835,-0.0970177428951864,0.1515325681090868,phone_A,9.866673936482568,0.43193726613755945
579,5,2,Walking,-0.253655122143763,0.9353347661707608,10.10016355130889,0.5114575871617161,0.0249042810981006,0.1179307430861961,phone_A,10.146550931670628,0.5254681216279061
580,5,3,Walking,0.6895700401587938,1.146760027131937,10.032206082048758,0.4859303478866069,0.2310234919101295,0.1202595497175126,phone_A,10.121053515954173,0.5513279569455982
581,5,4,Walking,1.1088560789813957,0.7643289374100939,10.058837242220331,0.3018124761945464,0.323180865645556,0.0348140385866426,phone_A,10.148594345717793,0.44356359182061683
582,5,5,Walking,1.500940215166764,0.2002978900955833,10.07993286102671,0.0299878199470284,0.367928047211242,-0.0133817479748703,phone_A,10.19303621386129,0.36939056356208705
583,5,6,Walking,1.3385584512573354,-0.2961932137402147,9.940965259980027,-0.220234349026443,0.3018197635027975,-0.0912725473945074,phone_A,10.035051541842122,0.38461541315952014
584,5,7,Walking,0.4031988902014122,-0.3760575103820345,9.64218615859181,-0.3658008540541194,0.212039246796039,-0.1260779162152833,phone_A,9.657936762741505,0.4412103216899427
585,5,8,Walking,-0.2670799942594917,-0.4543426501582622,9.50661785522453,-0.421832654347148,0.031346534576151,-0.0821436602576878,phone_A,9.521215364246327,0.43089787006206554
586,5,9,Walking,-0.6714719628515025,-0.261815898404139,9.24729849049672,-0.269844356400312,-0.0941517647952249,-0.0346294975212824,phone_A,9.275341046769963,0.2878884047573477
587,5,10,Walking,-1.1929301322984371,0.0740712106317662,9.387231429534214,-0.0844814544872356,-0.2516848128470996,0.0396975115890222,phone_A,9.463016578048725,0.268436684520799
588,5,11,Walking,-1.2599362933773468,0.5437658658312067,9.348051807675285,0.1979402821514597,-0.1518309377350332,0.1110753453586134,phone_A,9.448237580585797,0.27307640194318195
589,5,12,Walking,-0.8669908990594895,0.8893370344543778,9.936859970706688,0.36738616358151,-0.1075419116526539,0.1367031582396907,phone_A,10.014178930762972,0.40647953137366355
590,5,13,Walking,-0.2163468133281805,1.033850175776293,10.053448270683424,0.5434957694526187,0.0504853573270068,0.1497191936564321,phone_A,10.108782036471924,0.5659966958087845
591,5,14,Walking,0.9228133320362264,0.9297922015872704,9.974498513951312,0.4210773995473186,0.2401250032709689,0.1398791216349196,phone_A,10.060154998245963,0.5045120040938289
592,5,15,Walking,1.5126162677991395,0.5276837386801457,10.274660471420184,0.3059512520206632,0.3536884199081884,-0.0013517215117275,phone_A,10.398803099618844,0.46765745384972496
593,5,16,Walking,1.6354170785765714,0.3634201393322742,10.0393995937745,0.0810446996302383,0.3651344583317508,-0.0592334524580092,phone_A,10.178222213238017,0.37868194819593903
594,5,17,Walking,1.2046580590902631,-0.3849516463211361,9.9969265277024,-0.1481033952577765,0.3241005555855485,-0.1030557642300963,phone_A,10.076603039200087,0.3709397206538976
595,5,18,Walking,0.6556371709112656,-0.4267723073034032,9.619584722738564,-0.3707206094216201,0.2451997347248374,-0.1419299988768431,phone_A,9.651342131543508,0.4665841882664357
596,5,19,Walking,0.1619205760832745,-0.5415216376390565,9.398914530058113,-0.3634753871054706,0.0700461825594836,-0.1033969646983527,phone_A,9.415893919343395,0.38433287269170796
597,5,20,Walking,-0.6623747587770193,-0.4585088184562033,9.381246817043555,-0.3045507715550134,-0.1332455583003488,-0.0678994505896232,phone_A,9.415772007645304,0.3392873216786892
598,5,21,Walking,-1.1001021625395977,0.0110670276383499,9.22813245782263,-0.1351081694719315,-0.1569048199609616,0.019424743934511,phone_A,9.293480290302691,0.20796793181151574
599,5,22,Walking,-1.3823539440305368,0.3953781941230422,9.314329783928953,0.190054991841754,-0.2178213352682176,0.1357542968414584,phone_A,9.424646713100218,0.31936853810749305
600,5,23,Walking,-0.9178792159324366,0.9896258453186096,9.701420675878603,0.3950848810592797,-0.1084632647448809,0.1690599915484517,phone_A,9.79486726296626,0.44321284252952986
601,5,0,Walking Upstairs,-1.1800969484351542,1.3610766471722826,9.852299597794566,0.5268889934885844,-0.1290044538913447,0.2626248331213991,phone_A,10.01563606626592,0.6026823073189227
602,5,1,Walking Upstairs,-0.2230796829729759,1.5546220163252062,10.314550115431247,0.7151035659086902,0.0887759612816972,0.2496389723365407,phone_A,10.433434633060253,0.7626099250508466
603,5,2,Walking Upstairs,0.7819274134545174,1.4706907228410977,10.684909346722224,0.7308368772222933,0.3608490152261066,0.158810208061553,phone_A,10.813955309221251,0.8303946261159437
604,5,3,Walking Upstairs,1.6818026395369416,1.206554392162238,10.587761842832975,0.4466248446763204,0.5195120772172909,0.0738612383436188,phone_A,10.788184947438996,0.6890733145220649
605,5,4,Walking Upstairs,1.9588147155437896,0.3339891907399577,10.575875066363391,0.0046621028173901,0.5525824478626488,-0.0651536973631051,phone_A,10.760931060493274,0.55642978098646
606,5,5,Walking Upstairs,1.333962070969719,-0.3087234618386619,10.54426481975709,-0.3206550701064954,0.4733916940355114,-0.1658508830108936,phone_A,10.63279293374241,0.5953367831423704
607,5,6,Walking Upstairs,0.1795846098223151,-0.8058304499825922,10.014890714818568,-0.5438238435074516,0.2007842717885914,-0.1693059542535841,phone_A,10.048863088726174,0.6039231761661485
608,5,7,Walking Upstairs,-0.8464849828391126,-0.6215050454852433,9.603513022658737,-0.444221691200142,-0.0516541917718385,-0.0951295775563638,phone_A,9.660759169139437,0.457220628347375
609,5,8,Walking Upstairs,-1.37686701118414,0.0581645977940436,9.559005054158604,-0.075916070405031,-0.1967932297202452,0.060438139937794,phone_A,9.657832236705783,0.21941648472393135
610,5,9,Walking Upstairs,-1.390452285524262,0.8788075627097622,9.768126268791985,0.3322597415882908,-0.2144216822240674,0.1822878213413174,phone_A,9.905652481975103,0.4354331676589196
611,5,10,Walking Upstairs,-0.6457227277907892,1.417839858427656,10.194050192860534,0.6716158542210482,-0.036191644548499,0.2937916522120564,phone_A,10.312414219759193,0.7339558744813499
612,5,11,Walking Upstairs,0.501808209081373,1.6553657731617797,10.480839349441004,0.8065616237968041,0.2189460318850896,0.2704736498658927,phone_A,10.622619299892465,0.8784275799015769
613,5,12,Walking Upstairs,1.496542018775589,1.296775650242428,10.609671712620228,0.6246257413472732,0.5228327222959758,0.1383981441935568,phone_A,10.79288649762409,0.8262356919022998
614,5,13,Walking Upstairs,2.0394201146634305,0.5912961150300444,10.609891026613042,0.2779839672641673,0.5611448151883278,-0.0112960552581093,phone_A,10.820288956231593,0.6263275425311124
615,5,14,Walking Upstairs,1.665252112348246,-0.1506066953483111,10.211783539266916,-0.1611477184364305,0.6090394105960173,-0.134355490550338,phone_A,10.347766426973832,0.6441653426391653
616,5,15,Walking Upstairs,0.8107405153867215,-0.4427814286129777,9.961365262946044,-0.4346475853454791,0.344218524110791,-0.192487106459689,phone_A,10.004106830629219,0.5869039120170272
617,5,16,Walking Upstairs,-0.1708155710591242,-0.5313855892506008,9.691104996981826,-0.5218214833991225,0.0884735420721363,-0.1641346295919852,phone_A,9.70716563505051,0.554134825484691
618,5,17,Walking Upstairs,-1.0903119508315935,-0.4586891815565305,9.511476555290558,-0.2670333477229919,-0.1186450338327917,0.0040151820604566,phone_A,9.584746328267908,0.29223205596975704
619,5,18,Walking Upstairs,-1.547677774463784,0.5650403246327569,9.763161729707486,0.1204258222408527,-0.1923473855023055,0.155822749921986,phone_A,9.90120720025872,0.2752828086989955
620,5,19,Walking Upstairs,-1.2392655906770484,0.9425188768321634,9.994426908617577,0.5242203244130907,-0.109753713565101,0.2256364241320516,phone_A,10.11497356739602,0.5811752077163955
621,5,20,Walking Upstairs,-0.3349947277255463,1.5632357697866948,10.30912847066573,0.7023055484112225,0.0857637392976529,0.2318956331056435,phone_A,10.432356270959847,0.7445563020759216
622,5,21,Walking Upstairs,0.8245866176017109,1.6299912368852914,10.835406603842522,0.6952692042846158,0.3268713366437703,0.2133740799313825,phone_A,10.988305182913551,0.7973535195460116
623,5,22,Walking Upstairs,2.0313184490284053,0.9407636659631572,10.657631731390964,0.4879033014707177,0.5211927993482648,0.0970630308726998,phone_A,10.8901976583766,0.7204948283233553
624,5,23,Walking Upstairs,1.86604136686832,0.2802203999877352,10.372514073059204,0.0096713663715025,0.601704185370182,-0.0669981193212316,phone_A,10.542754955477449,0.6054999669794112
625,5,0,Walking Downstairs,1.4364259907257468,0.6354907011131209,10.093598410293763,0.4285132101362381,0.1788711968890899,-0.0077800909659352,phone_A,10.215081836496392,0.4644125387554017
626,5,1,Walking Downstairs,2.024478145865454,-0.2442627210651874,9.961346189180514,-0.1397518506732423,0.3457669517801558,-0.1915781142082123,phone_A,10.167919843345055,0.4192702452518085
627,5,2,Walking Downstairs,1.3116556021348835,-0.9465900127197334,9.381769182448688,-0.67234280131962,0.207001563727763,-0.2682709360121876,phone_A,9.520192543406697,0.7529035695100059
628,5,3,Walking Downstairs,-0.1566625631368846,-1.3354041976673563,9.106168806541731,-0.8976107370597621,-0.1350639099744963,-0.3147221735495796,phone_A,9.204898579727528,0.960727506417059
629,5,4,Walking Downstairs,-1.6493522474242526,-1.037354625437267,8.67306790052911,-0.6989976606705587,-0.4983874094313039,-0.2006505983691395,phone_A,8.889239239788068,0.8816169248196483
630,5,5,Walking Downstairs,-2.115674530028453,-0.3357253263007433,8.600666672359687,-0.1611164738352198,-0.6346285801562074,0.0295587879667781,phone_A,8.863422443998115,0.6554278563184843
631,5,6,Walking Downstairs,-2.0071367399251403,0.5578725676085721,9.05771095193385,0.3288450252253599,-0.5569817386291721,0.1758529426607045,phone_A,9.294188903999633,0.6702924475363511
632,5,7,Walking Downstairs,-0.4487336565052622,1.127823656166576,9.3183283996924,0.6819194928251557,-0.1863455304466845,0.2253837260450615,phone_A,9.397052317530399,0.7419815869536988
633,5,8,Walking Downstairs,0.8018904083263921,1.0492101214928258,9.894727221611683,0.5647461384377668,0.0932727062697413,0.1048427386557956,phone_A,9.982459461280678,0.5819192370630981
634,5,9,Walking Downstairs,1.6771779859900129,0.1130354033305174,10.034658462937964,0.1407914145245573,0.3397248504698357,-0.1127415296006994,phone_A,10.174481483933622,0.3846372952890597
635,5,10,Walking Downstairs,1.900710768172286,-0.8278208799266735,9.918651548830614,-0.4683316325541638,0.282809001037023,-0.2443296267360811,phone_A,10.13299745290645,0.5991764478176691
636,5,11,Walking Downstairs,0.8836566988011496,-1.306253066117485,9.278042890468791,-0.8300998327010181,0.0274018942336247,-0.3370965976169195,phone_A,9.411122468199846,0.8963541220872208
637,5,12,Walking Downstairs,-1.04780766260061,-1.534580322700886,8.814666842412395,-0.8814342562511888,-0.29947820443275,-0.2886652054605658,phone_A,9.008395484621543,0.9746492414540427
638,5,13,Walking Downstairs,-2.0823379790614913,-0.8363350432169635,8.789418355474215,-0.4739129163856648,-0.5528282652924907,-0.1032714840180225,phone_A,9.07135396680681,0.7354437725854746
639,5,14,Walking Downstairs,-2.3229203679446453,0.0343022242460727,8.799310355554805,0.0835804706786638,-0.6499951175205326,0.0705560935806433,phone_A,9.100824051248017,0.6591339091723005
640,5,15,Walking Downstairs,-1.5969933367884983,0.6431291675421358,9.205756804051376,0.5808150440991509,-0.4667460546619214,0.1691440315689242,phone_A,9.365359639609602,0.7640730975566128
641,5,16,Walking Downstairs,0.3340082220137955,1.0595861687531654,9.858060205322438,0.7116882427651333,-0.0587496082497787,0.1314467992728835,phone_A,9.920465480669126,0.7261060063094862
642,5,17,Walking Downstairs,1.4767239628345672,0.4836144941011636,10.34994223751903,0.3738113997074092,0.2133436718877301,-0.0089756572856619,phone_A,10.465940041931015,0.4305009260262532
643,5,18,Walking Downstairs,1.8276771719335243,-0.0496982936177919,10.210423915291608,-0.1457866492792918,0.3208075770333117,-0.230577465882773,phone_A,10.372831353837498,0.4211142557109517
644,5,19,Walking Downstairs,1.3364431133836587,-1.1080737408047605,9.402578234024638,-0.6564202797851073,0.2178928775625457,-0.2976771873819983,phone_A,9.56150537610713,0.7529784842167154
645,5,20,Walking Downstairs,-0.1240303938042198,-1.5818485496136796,9.047896895162904,-0.8952073802501325,-0.0997392330629551,-0.2882398725564138,phone_A,9.185971184257037,0.9457411867935273
646,5,21,Walking Downstairs,-1.7628061337938077,-1.325105415576738,8.55785620581768,-0.7393698259765112,-0.4453621668617262,-0.1714189169781941,phone_A,8.837436996504362,0.8799997979171845
647,5,22,Walking Downstairs,-2.2363767512915285,-0.2870455022369672,8.713707369717763,-0.1793546660418414,-0.6288830380035734,0.0127734244245804,phone_A,9.000692874392803,0.6540834289990191
648,5,23,Walking Downstairs,-1.8325571221133437,0.5931335500267211,9.031014282005984,0.3321285168260599,-0.5416716431206463,0.1971493262947351,phone_A,9.234137316272252,0.6652709053525241
649,5,0,Sitting,0.2337791895020871,-0.0365621998009401,9.812712194280795,-0.0096903285678561,0.0103525194120591,-0.0025545631755892,phone_A,9.815564686337998,0.014408432216870262
650,5,1,Sitting,0.1958907651401565,-9.967842478407138e-05,9.81250302706418,-0.0224006921742725,0.0092713486068798,-0.0111820368121428,phone_A,9.814458154067736,0.026698068509630465
651,5,2,Sitting,0.1780528460083039,-0.0129837007367008,9.842330742700652,-0.0031902318489341,0.0159902237229781,-0.0199817438738816,phone_A,9.843949707366797,0.025790209813071507
652,5,3,Sitting,0.1838104568139114,-0.0144672887355732,9.782459025466714,-0.0182548756751175,0.0081851428393491,-0.0235736996563267,phone_A,9.784196449960143,0.03091854402621899
653,5,4,Sitting,0.1465397470519208,0.0092864613112029,9.810940078558575,-0.0024442438598174,0.0068422244633521,-0.0156471697126223,phone_A,9.81203879735994,0.0172517907380293
654,5,5,Sitting,0.1891253968216874,-0.0041016441136823,9.821455339795785,-0.0085581811643267,0.011735523075745,-0.0189597166617948,phone_A,9.823276959895335,0.023883798328538933
655,5,6,Sitting,0.1679112664858949,-0.0332190860876752,9.780509579625267,-0.0173986335004349,0.0019127101449684,-0.0147321324763889,phone_A,9.782007224401084,0.02287808197998672
656,5,7,Sitting,0.2022013677617123,-0.0227009397410989,9.8056062958184,-0.0202219457076467,0.0056860456532297,-0.0214034784347587,phone_A,9.807717142861701,0.02998944968619471
657,5,8,Sitting,0.1826915667083714,-0.0176418244779855,9.82173989486622,-0.0157337903441036,0.002457582535339,-0.0246158633225756,phone_A,9.823454687884704,0.02931778636981199
658,5,9,Sitting,0.1692837616891437,0.0213411455139243,9.80128770310126,-0.0009586656911715,0.0137612978673679,-0.018721455403966,phone_A,9.802772723848465,0.023254789858103243
659,5,10,Sitting,0.1502923241635186,0.0106437197005075,9.771600933809603,-0.0074153039986257,0.0061745165528408,-0.0150648734842714,phone_A,9.772762448821737,0.017890271131272516
660,5,11,Sitting,0.1707151430736941,0.0422208418381412,9.795024227446197,-0.0150017105684542,0.0118818040043968,-0.0104744247049085,phone_A,9.796602772176595,0.02181609862641274
661,5,12,Sitting,0.1408530146315282,-0.0001648080954585,9.793947089743586,-0.0119526337393015,-0.0064760605257488,-0.0251614941664292,phone_A,9.794959887390522,0.028599048968913302
662,5,13,Sitting,0.1220956410644961,-0.0235542760066913,9.771402888286946,-0.010006131977402,-0.0004993161147035,-0.0143081378120364,phone_A,9.7721940501971,0.017466963141308085
663,5,14,Sitting,0.1091707018161717,-0.0098202910673177,9.800749193620824,-0.0098283126635203,-0.0049587102827149,-0.0140520995895454,phone_A,9.801362121486529,0.017850659381499552
664,5,15,Sitting,0.1903701503078278,0.0027281885742672,9.767449504481045,-0.0139195475407712,-0.0011530379425411,-0.0154231655757865,phone_A,9.76930489132815,0.02080762688570839
665,5,16,Sitting,0.1303855248530846,-0.0311887899895837,9.759574949418166,-0.0131504571008828,-0.0037550988080298,-0.0173690043992228,phone_A,9.760495700476632,0.022106958244870474
666,5,17,Sitting,0.1226903392667407,0.008423203416681,9.804894706999084,-0.0121295533347142,-0.001382300118942,-0.0166421717992075,phone_A,9.805665917470565,0.020639735945811925
667,5,18,Sitting,0.1375651991981193,0.0185504170860344,9.803486631377876,-0.0064401622075071,-0.0012077238160683,-0.0133723350347018,phone_A,9.804469309126793,0.014891394506734905
668,5,19,Sitting,0.1257580088567125,0.0382491564822787,9.764889398452375,-0.0135898331492598,-0.0045586186475421,-0.0096517377964645,phone_A,9.76577406244742,0.017280642681629075
669,5,20,Sitting,0.0956505521943304,0.012526149142133,9.778363577515927,-0.0221269063863683,-0.0078100993469644,-0.01242516909218,phone_A,9.778839408980877,0.026551505889682137
670,5,21,Sitting,0.1091323889457281,0.0527395017170771,9.750016046665133,-0.0127222457349105,-0.0229440857412346,-0.0136849514495262,phone_A,9.750769418029838,0.02958993922292614
671,5,22,Sitting,0.1004221286247285,0.0077331330074159,9.80797743321978,-0.0014800748509354,-0.007510394365321,-0.0123258659208097,phone_A,9.808494570310577,0.014509431959411602
672,5,23,Sitting,0.1334458975451439,0.0233046546197124,9.75988105648951,-0.0157474981179234,-0.0112559370831505,-0.004865907696838,phone_A,9.760821130997195,0.019958879585487532
673,5,0,Standing,0.0220919385791273,0.3632308932655281,9.78045509543658,0.0406977189063827,-0.0010056154136025,0.0024661343683709,phone_A,9.787222619794852,0.04078476928052768
674,5,1,Standing,0.0493340829217586,0.3875456589284328,9.805872111904131,0.0386283427451083,0.0126926143376717,-0.0070071250572064,phone_A,9.813651377775308,0.041259557965709716
675,5,2,Standing,0.0826554121512752,0.3614230464501204,9.83153174079429,0.0183181475061927,0.0212017622392659,0.0048998344922669,phone_A,9.838519955049579,0.028444289904313018
676,5,3,Standing,0.0437183268809818,0.3771407173565122,9.826355592107468,0.0263317857399044,0.0184700153029454,-0.010391801635706,phone_A,9.833687540050029,0.03380079801985646
677,5,4,Standing,0.0333250618480015,0.3837665559218891,9.836491356575912,0.0231083100901216,0.0121786990933828,-0.011074119821031,phone_A,9.844031162952703,0.02837165551459644
678,5,5,Standing,0.071358308356081,0.3225715523457876,9.820255588973556,0.0288194669132968,0.0171752680164578,-0.0028138740386324,phone_A,9.825811124142401,0.033667037168557866
679,5,6,Standing,0.0488053994496075,0.3338565231178114,9.785609640019612,0.0273033531139417,0.0139483266594453,-0.0084423206596691,phone_A,9.791424726355633,0.031800969890615885
680,5,7,Standing,0.0568328734989064,0.3042696971680114,9.793022069119742,0.0262674076886437,0.020308049969676,-0.0182353977980225,phone_A,9.797912597609308,0.03788038190283197
681,5,8,Standing,0.0672567873901789,0.3181814391896363,9.892337122452124,0.0163977983900893,0.0170663068888226,-0.0052529187039662,phone_A,9.897681377370118,0.0242433450203549
682,5,9,Standing,0.0133984922338215,0.3154017092271854,9.85313779319998,0.0106933903876864,0.0089004537557526,-0.0176749952855557,phone_A,9.85819365449692,0.02249382433883066
683,5,10,Standing,0.0943835805896385,0.313725433132992,9.779184318401162,0.0040091247160138,0.0155911166841222,-0.0145740762999592,phone_A,9.784670553521085,0.021715425403235802
684,5,11,Standing,0.088884137799569,0.3220901501043418,9.808059887927278,-0.0030733314164856,0.0103338744546704,-0.0148814884987338,phone_A,9.81374960042871,0.01837642585429477
685,5,12,Standing,0.0180447327998987,0.2818753710928304,9.80043465535772,-0.0050084123901233,0.0112189644755075,-0.0198672434885934,phone_A,9.804504004341428,0.023359296273802788
686,5,13,Standing,0.0594139794172267,0.3061664037373685,9.8038922327427,-0.0006982009014393,0.0116726729555445,-0.026816501420049,phone_A,9.808851655467132,0.02925514530535373
687,5,14,Standing,0.0281396280851494,0.2824648771463424,9.792779885355692,-0.0165190324939419,0.0099579875733449,-0.0141064348363595,phone_A,9.796893187562938,0.023896264453660047
688,5,15,Standing,0.0359997812369563,0.229943005082034,9.838724170255746,-0.006661368328062,0.0152550159359491,-0.0197212480267725,phone_A,9.841476671120542,0.025807304449353998
689,5,16,Standing,0.0170396288253021,0.2409770274845368,9.828205597586065,-0.0027941796087933,0.0159331629960842,-0.0192785932554002,phone_A,9.831174169200128,0.02516619320940585
690,5,17,Standing,-0.0074469611731674,0.2856240737747532,9.749347566262838,-0.0091689004934054,-0.0009831851167132,-0.0354249653420331,phone_A,9.753533438531163,0.03660551268205299
691,5,18,Standing,0.0162998529924689,0.228765289161049,9.715943154751098,-0.0093848573172486,0.0192502887774454,-0.0151061300716404,phone_A,9.718649629917072,0.02620771509730433
692,5,19,Standing,-0.0079713871104219,0.2453650408300623,9.783153177003872,-0.0073390697202777,0.0019983366119562,-0.0233191155231776,phone_A,9.786232862087175,0.02452827842220249
693,5,20,Standing,-0.0043723512056139,0.25603262585969,9.753020411138476,-0.0159016706759194,0.0097512245544499,-0.0161637840233468,phone_A,9.75638144821344,0.024682330209080804
694,5,21,Standing,-0.0106450073830843,0.283131655947844,9.742227323412529,-0.0062052392595238,0.0020541856510721,-0.0035087614987645,phone_A,9.746346498654129,0.007418630615701127
695,5,22,Standing,-0.0632989936054661,0.2218394510152517,9.758107756572135,-0.0139649932121458,0.0077732584656795,-0.0266799141122367,phone_A,9.760834313392042,0.031100842426305165
696,5,23,Standing,-0.0218530477813089,0.2680178069048799,9.761262888000193,-0.0221581945313863,0.0017717110639666,-0.0146548213490315,phone_A,9.764966168357436,0.026624956971927086
697,5,0,Laying,7.431902065731575,0.2906991479790038,6.355701511016706,0.0182743464518149,0.0088293134251129,-0.0083388244738608,phone_A,9.783282476060936,0.021941843755840084
698,5,1,Laying,7.402262953163976,0.2653997900316098,6.3637274533099255,0.0140141752211946,0.0103556597505044,-0.000517130112588,phone_A,9.765293696368948,0.017432848865056645
699,5,2,Laying,7.4144373816634195,0.3199180433894027,6.351943326649361,0.0112981011734723,0.0123685795464354,-0.0148259971762416,phone_A,9.768490838715024,0.022370494907186123
700,5,3,Laying,7.411954346771144,0.3068028479788223,6.315619182189517,0.0203039549129876,0.0189404073213145,-0.0063185551837668,phone_A,9.742599287694622,0.028476547441995907
701,5,4,Laying,7.4405614266663935,0.3091785613714649,6.347759387346514,0.0184827697261445,0.0062337950190053,-0.0072716295350463,phone_A,9.785274394029702,0.020817050059593376
702,5,5,Laying,7.414778753768739,0.28862117385452,6.388707652302337,0.0118275218976227,0.0030072073043469,-0.0112150793666971,phone_A,9.791722607178162,0.01657442533578093
703,5,6,Laying,7.4460675456142065,0.3249423124930839,6.369885051072517,0.0102461426714913,0.015591904740693,-0.0064765883996017,phone_A,9.804332968854874,0.01974935772082867
704,5,7,Laying,7.4281269631194204,0.2535958303761401,6.395490209017016,-0.0030523537714867,0.0161273395096625,-0.0081500476978335,phone_A,9.80528816705753,0.018325698368225736
705,5,8,Laying,7.428645180161521,0.3185194369280902,6.342615807810272,0.0076987538113037,0.0108877200980411,-0.0032189703720872,phone_A,9.773177534963883,0.01371769038274033
706,5,9,Laying,7.429112050352612,0.2354586668162246,6.338969341117527,0.0190452464906043,0.0124324328819017,-0.0033357601098634,phone_A,9.768811542255344,0.02298725944434051
707,5,10,Laying,7.434810016909637,0.2568537343771711,6.402646038877584,0.009788903220075,0.0096203284146833,0.0001893441454476,phone_A,9.815103164386922,0.013726222942374676
708,5,11,Laying,7.424403360349513,0.2569547349010622,6.361010062249799,0.0104641975010834,0.014117421337324,0.005813047616205,phone_A,9.780094069332891,0.018509255445465052
709,5,12,Laying,7.4519126381408,0.2108023870656549,6.368910442224227,0.0102191021351957,0.0130814690612117,-0.0056141946765231,phone_A,9.805022174067123,0.017523528843098372
710,5,13,Laying,7.44375845979927,0.2673218113494127,6.3760301303992355,0.0062543506475029,0.0073768971535554,0.0106972273768881,phone_A,9.804833562198557,0.01442103280590187
711,5,14,Laying,7.427470736865076,0.2694802132371682,6.323215667093852,0.0097075039459391,0.007686600855371,-0.0104577635123541,phone_A,9.758227170182836,0.016207537852818303
712,5,15,Laying,7.472306336610411,0.2770762422593434,6.374672866420312,-0.0021287267874529,0.0245104619301126,-0.0153127662871553,phone_A,9.825914073817662,0.02897887218523451
713,5,16,Laying,7.485125274310512,0.2890775740382734,6.374704029446376,0.0028474858591012,0.0145815134768137,-0.0113458514251029,phone_A,9.836031602174412,0.01869377050123357
714,5,17,Laying,7.448286140019946,0.2555226135964173,6.309066584593512,0.0141772322559051,0.0133475556633876,-0.0117874651468397,phone_A,9.764557306837151,0.02276171107832333
715,5,18,Laying,7.43411678876971,0.2689327493732849,6.337402659253792,-0.0066239740336788,0.0164181821364688,-0.0061210841955981,phone_A,9.772465897524032,0.018732362595111036
716,5,19,Laying,7.443613660871536,0.2294509175457837,6.361638894175921,-0.0024269460542906,0.0079318914615987,-0.0140948361639675,phone_A,9.794410726315688,0.016354490997830082
717,5,20,Laying,7.470096023617846,0.2472398817033152,6.347842735831575,0.0175354030596696,0.016308322614127,-0.0079087467021013,phone_A,9.806047601354253,0.02521904084911863
718,5,21,Laying,7.440060849272582,0.2395360590516765,6.303958913184824,0.0110617497422508,0.0169598611298439,-0.0113661121298114,phone_A,9.75457743541908,0.023220415626151514
719,5,22,Laying,7.446090573115075,0.2709768110487085,6.319287721224315,0.0011483746862625,0.0075066539074957,-6.026526296519508e-06,phone_A,9.769907397656118,0.007593987992220436
720,5,23,Laying,7.471542069684425,0.1956255573174673,6.3198055813686125,0.0033294892915412,0.011522189994194,-0.0189201414748194,phone_A,9.787857418456701,0.022401297164047734
721,6,0,Walking,0.0516745896097679,-0.8369391489081879,9.735794067891437,-0.3914705469419583,0.0680165027194433,-0.1368589681573119,phone_B,9.771838288396742,0.42024494158800313
722,6,1,Walking,-0.8394165435875289,-0.5910233784725967,9.47015437849099,-0.2875821445756619,-0.1271154872240359,-0.0717993706017774,phone_B,9.525636604448108,0.3225166454460177
723,6,2,Walking,-1.299525629428605,-0.0806345724127113,9.388679238596657,-0.0944338002001071,-0.1665916720949857,0.0353832590833077,phone_B,9.478531882156958,0.1947370094640294
724,6,3,Walking,-0.9955113001275032,0.3075789499081219,9.58543729772016,0.1724114395572225,-0.2477914045157641,0.1512837465332296,phone_B,9.641901044277157,0.33765819493567645
725,6,4,Walking,-0.7458832366996421,0.8381524021041966,9.649699301164835,0.3817470451281219,-0.1373968025595416,0.1945274559881302,phone_B,9.714707296405985,0.44994401757424435
726,6,5,Walking,0.0143697861426169,0.9828881377347374,10.101918034845651,0.5217976551565356,0.0548363844785825,0.1310940596031203,phone_B,10.149631696017018,0.540800771497941
727,6,6,Walking,0.6685822995180903,0.7626449501255006,10.178392389709083,0.4658071904793419,0.1670249665368869,0.1189488637782015,phone_B,10.228797644399297,0.5089425412981619
728,6,7,Walking,1.1749197336478687,0.5923641409044408,9.950383512839306,0.3148042378473023,0.3402688616157957,0.0957952714992369,phone_B,10.037004717968848,0.4733511808304094
729,6,8,Walking,1.6977180206489415,0.1235226848516818,10.192884710381916,0.0278772837826907,0.3585636977247322,-0.0282183625893456,phone_B,10.334040983586554,0.3607510835248559
730,6,9,Walking,1.1430833050661018,-0.2626029254679888,9.822630705718174,-0.1778824579046448,0.3141321121555618,-0.0933035288074438,phone_B,9.892404850171808,0.3728628450321025
731,6,10,Walking,0.8352022392794598,-0.3958310510958903,9.747468258941046,-0.3716050774457345,0.2129340212489584,-0.1666247541998235,phone_B,9.791189021797726,0.45955961495855335
732,6,11,Walking,0.1143528226049595,-0.5769519037167417,9.857584625556814,-0.4151055789228279,0.0479970326458181,-0.1292052733807338,phone_B,9.875116440693455,0.4373903970882877
733,6,12,Walking,-0.6353889149566969,-0.4378086832765132,9.44023694961608,-0.2800826891893565,-0.1164023572774753,-0.030301588212661,phone_B,9.471719441648327,0.30481799128579073
734,6,13,Walking,-1.055695311054783,-0.1240499384849291,9.400642442228907,-0.0435087185270792,-0.2198614776091442,0.0353599782261557,phone_B,9.460547516061458,0.22689734679916163
735,6,14,Walking,-1.2597733468307617,0.5371592979465395,9.64563421514722,0.1294546159011919,-0.1972139589855242,0.1144335086665835,phone_B,9.742372832589314,0.26219624540144393
736,6,15,Walking,-0.8557431797575245,0.8051405623652977,9.764321896830571,0.3718986078239573,-0.1305056444421167,0.1711265499501501,phone_B,9.834761299583858,0.4296796409308812
737,6,16,Walking,-0.081857025871146,0.9364914881787916,9.841142768616928,0.5299224764496742,-0.0090685795868476,0.1793780795611952,phone_B,9.885939908396017,0.5595324526864737
738,6,17,Walking,0.6318451081065228,1.1127352384386713,9.9697635669193,0.4535532076991468,0.1600159407938067,0.1384930293178385,phone_B,10.051546822841386,0.5004956869863557
739,6,18,Walking,1.1377165257729491,0.5819639762025041,9.88982030309764,0.3304566021724903,0.3072292939932653,0.0202249499854322,phone_B,9.972042247713183,0.4516640937786631
740,6,19,Walking,1.720680955357846,0.0675088604646116,10.201696079692118,0.0735058873618625,0.4214722117837945,-0.0087922590959257,phone_B,10.346009051744442,0.42792434448484984
741,6,20,Walking,1.3234400856742312,-0.3241409587436035,10.037809734152248,-0.1621950119776052,0.3459132224847652,-0.06620881222066,phone_B,10.129866005063752,0.38774577523924203
742,6,21,Walking,0.8200908171034661,-0.5286865562427078,9.883784566741989,-0.318529921989496,0.2316266795570139,-0.1393028553776693,phone_B,9.931830434759563,0.4177529358384138
743,6,22,Walking,-0.0552622348809225,-0.7776144569109467,9.617511270480923,-0.4047679914218323,0.075374917219271,-0.0931398854728064,phone_B,9.649054937973384,0.42212977067646384
744,6,23,Walking,-0.7321428901617676,-0.5414737276349647,9.477159633858204,-0.3414501415240964,-0.0499384185458171,-0.0404578692192923,phone_B,9.520807829956693,0.34744623177615275
745,6,0,Walking Upstairs,2.220145458777154,0.6630344962123753,10.760154927217412,0.4196197570861434,0.5172814083406192,0.0804044443936468,phone_B,11.006797656858128,0.6709140560683905
746,6,1,Walking Upstairs,2.0301868771676235,0.2197337746082224,10.724800678400848,6.714818401621844e-05,0.528967368281498,-0.0939787201060411,phone_B,10.917476415333102,0.5372508548604666
747,6,2,Walking Upstairs,1.6475864642048867,-0.4776980801245247,9.939549491404891,-0.3403256353791754,0.4491136124027205,-0.1789396556739095,phone_B,10.086494966284029,0.5912224414840473
748,6,3,Walking Upstairs,0.619510301807531,-0.8307349302940035,9.813984751228634,-0.5215033399818565,0.2502885759563707,-0.1152783046602566,phone_B,9.868546510799066,0.5898297995115563
749,6,4,Walking Upstairs,-0.5798331141770197,-0.5022358649408145,9.747851372980712,-0.4486047571573414,-0.0277145935725635,-0.081465317518744,phone_B,9.777988223251807,0.4567832361191897
750,6,5,Walking Upstairs,-1.279944001636426,-0.0128719978033891,9.694082282359428,-0.0761411513906518,-0.275124697795563,0.0853448784101554,phone_B,9.778223439501037,0.2979510405134344
751,6,6,Walking Upstairs,-1.216561752387015,0.7803960072597659,9.835432539215867,0.3829596835254277,-0.1850609987994135,0.2266025390360159,phone_B,9.941065016334228,0.4819277987210339
752,6,7,Walking Upstairs,-0.4343353998486373,1.3241579552565073,10.096794025449752,0.6081703180571741,-0.0416743096827469,0.3037052969427964,phone_B,10.192511521817798,0.6810615179588478
753,6,8,Walking Upstairs,0.5332744650874822,1.5394436519396375,10.572473607166025,0.7974449904149414,0.2151667289657607,0.2706584113279009,phone_B,10.697264444091946,0.8691784682182677
754,6,9,Walking Upstairs,1.6965648446623771,1.3267783234810726,10.546235687493288,0.5784508622260801,0.4793628519586044,0.1879590118868718,phone_B,10.76391007803208,0.7744176741251917
755,6,10,Walking Upstairs,2.2048113856499403,0.4799026430808757,10.8021985713529,0.2384347074525022,0.5691904445160437,0.0099917281994575,phone_B,11.035352000188588,0.6171942210347919
756,6,11,Walking Upstairs,2.1110487058222756,0.0405394211894629,10.541332000339482,-0.1966092238568332,0.5309151360151008,-0.1078928887043509,phone_B,10.750713949520073,0.576339261189526
757,6,12,Walking Upstairs,1.0888410252377685,-0.640338901081943,9.95546427570556,-0.4470199635655149,0.3111704710156566,-0.1803190692654974,phone_B,10.03528164185387,0.5737324085311855
758,6,13,Walking Upstairs,-0.0485469551867426,-0.4762949108745857,9.706398016005748,-0.5268935379838813,0.0674646856334147,-0.0798445693811167,phone_B,9.71819819174847,0.5371623957765875
759,6,14,Walking Upstairs,-1.3689449325328136,-0.4411237219808954,9.94062641313453,-0.2624058050159421,-0.1622378811274166,0.0014933246217632,phone_B,10.04413529637616,0.30851283052282336
760,6,15,Walking Upstairs,-1.395194062174416,0.4561604418614244,9.930944575399902,0.1316480918780936,-0.2307108131449197,0.1697535786171305,phone_B,10.038840021611595,0.31523796860539394
761,6,16,Walking Upstairs,-1.1034730624833042,0.9035806391348864,9.797079107984738,0.4804617464340866,-0.1543814853076362,0.2299247957401699,phone_B,9.900346954483803,0.5545651850670427
762,6,17,Walking Upstairs,-0.0040528349058472,1.271711027165895,10.004728919860009,0.7227992255203017,0.0735757125510901,0.2694150472464033,phone_B,10.085230097621439,0.7748784250273912
763,6,18,Walking Upstairs,1.3027046918197134,1.282310530493309,10.780178822100126,0.7131430497776515,0.3425374630452939,0.1941686681446738,phone_B,10.934057583859671,0.8146203991582537
764,6,19,Walking Upstairs,1.9715911997387936,0.7817157834949775,10.78340952876642,0.4226519127945622,0.5107090245519575,0.1048402308717129,phone_B,10.990003298004192,0.6711555864007602
765,6,20,Walking Upstairs,2.224216868580376,0.1171086969244069,10.627885090618369,0.0112596715673562,0.5558240367944589,-0.0620547480725115,phone_B,10.858765888661614,0.5593906790791527
766,6,21,Walking Upstairs,1.5473258773802687,-0.5705140836461096,10.08603045300408,-0.3666998232840726,0.4692105827110447,-0.1735167761747219,phone_B,10.219966437781235,0.6202704272643318
767,6,22,Walking Upstairs,0.8589955858483302,-0.6406205786942203,10.068892470931669,-0.5090876931842654,0.2646164416687427,-0.1778803002048373,phone_B,10.125752502087826,0.6006942165145814
768,6,23,Walking Upstairs,-0.8831915585936536,-0.6303832383148039,9.726852575852591,-0.4246939808441747,-0.0264658374536366,-0.0360968331758783,phone_B,9.78718914646537,0.4270461324994312
769,6,0,Walking Downstairs,2.0570232598646543,-0.8865134202951007,9.645667236026542,-0.3827329860485374,0.3131343620776239,-0.2612438541584312,phone_B,9.90233039057693,0.5592727587313208
770,6,1,Walking Downstairs,0.766962349275758,-1.516745334221945,9.182045954321971,-0.8644474020216008,0.0186413090860892,-0.3224445128615059,phone_B,9.338025249557376,0.9228148639574636
771,6,2,Walking Downstairs,-0.8152245170515567,-1.352646352016663,8.855497669954016,-0.8544464767357931,-0.3227905322096505,-0.2537112576535454,phone_B,8.99522551965135,0.9479672523618858
772,6,3,Walking Downstairs,-1.926651975882639,-0.8034921485269523,8.658131545683965,-0.4672891218070159,-0.582626129231114,-0.060019330910585,phone_B,8.90622419049087,0.7492760839002919
773,6,4,Walking Downstairs,-2.256576861509317,-0.1785477740556933,8.925129304404983,0.095188018965478,-0.6202200168768522,0.1165549071267978,phone_B,9.207711525665216,0.638215225973677
774,6,5,Walking Downstairs,-1.3507355294452827,0.7194282005618914,9.44071954211608,0.5660391309781194,-0.4466058358640611,0.2377980009711269,phone_B,9.563955712944407,0.759213382187225
775,6,6,Walking Downstairs,0.1278741656445559,0.9676098796010224,10.059747362906393,0.7133355305214858,-0.0909147001218427,0.1853413767771994,phone_B,10.106984599119706,0.7426065497612325
776,6,7,Walking Downstairs,1.645595576136358,0.2583852558443463,9.996171848233312,0.4135659610108269,0.2257571727485476,0.0330756126684596,phone_B,10.134012007100123,0.4723315586615194
777,6,8,Walking Downstairs,2.280747014162144,-0.3374536340495098,9.846514853931485,-0.1227205110418466,0.3442770194630843,-0.1688494410210451,phone_B,10.1128401879213,0.40261287075039753
778,6,9,Walking Downstairs,1.4835306582577112,-0.891778625568654,9.268430933503726,-0.6709685018853596,0.2099263698764531,-0.3170079945172888,phone_B,9.428676699311543,0.7712080652325043
779,6,10,Walking Downstairs,0.1813311993559466,-1.4515001761971638,9.01796733826638,-0.906975881928204,-0.1212329173962027,-0.3043021498638493,phone_B,9.135834317641685,0.9643145073427023
780,6,11,Walking Downstairs,-1.4472040345720198,-1.284106747845485,8.730334769606166,-0.7044284336669602,-0.4926339935707126,-0.2016349171826946,phone_B,8.942151578168321,0.8829293910654396
781,6,12,Walking Downstairs,-2.4378191156542246,-0.3439339064460124,8.764923576659111,-0.2099222712819256,-0.6772053278669424,0.060310201278725,phone_B,9.10412751873166,0.7115558561699957
782,6,13,Walking Downstairs,-1.9588172423719317,0.4883335312777484,9.212611289025723,0.31649488779459,-0.5773437493430105,0.1764717970922912,phone_B,9.43120572299576,0.6816429520464052
783,6,14,Walking Downstairs,-0.2463953011622246,1.0457173059776654,9.823024227050553,0.7045010579568445,-0.2598346932913536,0.187425353078443,phone_B,9.881601099704346,0.7739276913747847
784,6,15,Walking Downstairs,1.1134453343915989,0.7146807754170745,10.216641888310098,0.6085111648506052,0.0227928696846017,0.1067478200665959,phone_B,10.301956153925413,0.618223624383014
785,6,16,Walking Downstairs,2.098962224834028,0.1542726778475963,10.173399367827628,0.144267520996974,0.2914474411450625,-0.0700211842293957,phone_B,10.388815966111157,0.3326525136016621
786,6,17,Walking Downstairs,1.978582448057304,-0.7968100725283791,9.933882555602848,-0.432795208735322,0.3215411592069792,-0.2410790120701422,phone_B,10.160301049868242,0.5906094308670787
787,6,18,Walking Downstairs,0.6861817827838383,-1.588682089439036,9.279730459433528,-0.7776374194653107,0.077783111834244,-0.3606187846975148,phone_B,9.439711522078797,0.8607067308415792
788,6,19,Walking Downstairs,-1.0844381972534745,-1.4037981155244506,8.815828014488357,-0.836399511293902,-0.3187546102263128,-0.2446797612975455,phone_B,8.992523501990423,0.9279207022272057
789,6,20,Walking Downstairs,-1.8512307715599483,-0.9608421871057744,8.61750983591085,-0.5045346690379063,-0.5653497439272771,-0.0843576189070618,phone_B,8.866326683024537,0.7624249294766643
790,6,21,Walking Downstairs,-2.0883647384699326,-0.0364093966529528,8.725351678328394,0.1142085299752093,-0.6514126577952508,0.0883868186750242,phone_B,8.971864624232655,0.6672287979175228
791,6,22,Walking Downstairs,-1.3450220765223568,0.8125139033247674,9.316787257214076,0.547689433183854,-0.4399911835748085,0.213558642302325,phone_B,9.448374888075469,0.7342773662226179
792,6,23,Walking Downstairs,-0.0833764087403958,1.2658438820478166,9.837119390609676,0.7076787261187293,-0.1242115330702328,0.1684909964192057,phone_B,9.918580052828187,0.7379884146943105
793,6,0,Sitting,0.2996366045733133,-0.1072088490054543,9.850703000350393,-0.0203123676323612,-0.008385576410107,-0.0074303014683044,phone_B,9.855842198067982,0.02319740395974999
794,6,1,Sitting,0.2912038786500352,-0.1374730393995557,9.798092879293952,-0.0272524329825893,-0.0131413154860763,-0.0102068751523684,phone_B,9.803383222478525,0.03193069959382577
795,6,2,Sitting,0.2151916399116956,-0.1060033114555356,9.7800196481091,-0.0207487764829483,-0.0003023001718832,-0.0022695480081578,phone_B,9.782961129501,0.02087472057524608
796,6,3,Sitting,0.2569398766990848,-0.1099175460507569,9.79156168301549,-0.0204672277608475,-0.0085892031250164,0.0011866714192601,phone_B,9.795548997349004,0.022228135585210175
797,6,4,Sitting,0.2717858253961235,-0.0660740793214148,9.811277049422388,-0.0124018625595168,-0.0110146355756216,-0.0045424745927193,phone_B,9.815263147739184,0.017197745992844352
798,6,5,Sitting,0.2974208935627607,-0.1226920920319409,9.823778609822966,-0.0041276392911707,-0.0185654153228431,-0.006496637151133,phone_B,9.829045666400685,0.020097719932896742
799,6,6,Sitting,0.2308422466414897,-0.0808581307969324,9.78985398988324,-0.006614584962263,-0.0063784644220842,0.0011270898987501,phone_B,9.792909032732982,0.009257854732423396
800,6,7,Sitting,0.2202087847051461,-0.0695987772622842,9.80755146890522,-0.0109167186320185,0.0020195988162977,-0.0006325755947969,phone_B,9.810270216150148,0.011119967488827636
801,6,8,Sitting,0.2105172318913868,-0.0636123475285405,9.796702545750108,-0.0148045072672213,-0.0175886301302595,-0.00315518367148,phone_B,9.799170618250708,0.02320535561643162
802,6,9,Sitting,0.2622151109746299,-0.0499159316759299,9.844204873239418,-0.012855848314911,-0.0149434049987222,0.0018566841577194,phone_B,9.84782300566827,0.01979963294895544
803,6,10,Sitting,0.2220253172350074,-0.0675092629942607,9.84296518074509,-0.0069776545383132,-0.0106035536352917,0.0104872342249044,phone_B,9.84570039618531,0.01646526933398166
804,6,11,Sitting,0.2327427389367337,-0.0271835191178109,9.846880425971502,-0.0122905408666868,-0.0187462603350622,-0.0033766982109755,phone_B,9.8496681289077,0.022668960323614974
805,6,12,Sitting,0.2153419686930306,-0.0550076582359331,9.84938502450165,0.0054538195143723,-0.0103659794508952,-0.0003716378485471,phone_B,9.851892374910648,0.01171903545357733
806,6,13,Sitting,0.1847001960566975,-0.0470598601004781,9.835936793185567,0.0004337349704241,0.0004332581857477,0.0104029525694198,phone_B,9.8377833576674,0.010421000952004763
807,6,14,Sitting,0.2567956209747145,-0.0689656512760687,9.823884298429403,0.0001750103338072,-0.0167534086267792,0.0065944154354652,phone_B,9.827482025469978,0.018005378201200902
808,6,15,Sitting,0.2468716299735909,-0.0682495918786159,9.868180493487673,0.0027517973281622,-0.0222804400819872,0.0038872492553017,phone_B,9.871503931039486,0.022783790412377526
809,6,16,Sitting,0.2461210129272859,-0.012913183628558,9.831498792200604,0.0084767705095992,-0.0104976755844086,-0.0031236418788648,phone_B,9.834587475047325,0.013849692037561596
810,6,17,Sitting,0.2052087165824367,-0.0054464962692938,9.871625320379684,0.0067866961582569,-0.0022720285803782,0.0116419027459522,phone_B,9.873759504243775,0.013665842753403967
811,6,18,Sitting,0.2595215004362197,-0.0526801357944645,9.886904799430846,0.009367781369964,-0.0131005774851963,0.0017890581101672,phone_B,9.890450602419724,0.016204357042555927
812,6,19,Sitting,0.2510277728378512,-0.0681923126817061,9.863095955144091,0.0016818925740863,-0.0080175471593863,0.0031232065383869,phone_B,9.866525576646753,0.008767225568283996
813,6,20,Sitting,0.2404961820326973,-0.0420101654814805,9.84363786950856,0.0199378248217752,-0.0013062201623377,0.0087890680383896,phone_B,9.84666490612934,0.02182821079978234
814,6,21,Sitting,0.2492784363045964,0.0011724110893823,9.878049058372945,0.004758365246815,-0.0093801753571964,-0.0039077972571843,phone_B,9.881193972034799,0.011220544057981703
815,6,22,Sitting,0.2810808718606032,0.0346547204440377,9.853986629057404,-0.0019465614447536,-0.0044890675118509,0.0019114366438566,phone_B,9.858055583725275,0.005253038989731014
816,6,23,Sitting,0.2397814258381372,0.0014439290539445,9.86057328338836,0.0088649925633879,-0.0111995837130061,0.0083513454972218,phone_B,9.863488363362142,0.01654580732716059
817,6,0,Standing,0.119146860827228,0.14124521680645,9.82429000517148,-0.0185521523306051,-0.0031548446849966,-0.0102293898908197,phone_B,9.826027696451295,0.0214190527013412
818,6,1,Standing,0.0686133199437533,0.1344117952176242,9.79557281056324,-0.0180900978562365,0.0062476319263172,-0.0095135029152717,phone_B,9.796735221767154,0.02137267608077738
819,6,2,Standing,0.108991371641249,0.1571310025999747,9.811340327184894,-0.0304125873470759,0.0117103745140346,-0.0248330997719141,phone_B,9.813203772821335,0.04097244421174202
820,6,3,Standing,0.1266430720676991,0.1500323513533921,9.808848352463192,-0.0239294716707672,0.0026091855844987,-0.0253059436574088,phone_B,9.810813125107176,0.03492589652748164
821,6,4,Standing,0.1036289080687651,0.1249511504975956,9.780737219261413,-0.0188527744044667,0.001390287815388,-0.0175665963202931,phone_B,9.78208425095816,0.02580591616733392
822,6,5,Standing,0.1138069051382191,0.140018875281885,9.771315054990056,-0.0230752207257483,-0.0096176862595643,-0.0190756515145588,phone_B,9.77298087591333,0.03144592471584045
823,6,6,Standing,0.0940461385776023,0.1453348243410186,9.750131018554663,-0.031176672511752,-0.0080116173277971,-0.019008732435101,phone_B,9.751667640272068,0.03738318913497553
824,6,7,Standing,0.0800905443562895,0.1606428659999691,9.75473267418824,-0.029117649980708,-0.0032117714232661,-0.0110710074643166,phone_B,9.75638407252234,0.03131645290177812
825,6,8,Standing,0.0515555893611304,0.1203596282255297,9.770740995306738,-0.0268211493470132,-0.0105836158982992,-0.0167577659776519,phone_B,9.771618290552935,0.03334980807050118
826,6,9,Standing,0.0792905560432224,0.1371873707430291,9.754836358999212,-0.0209249170350687,-0.0341501932178878,-0.0116051886654205,phone_B,9.756123193042512,0.04169854018672096
827,6,10,Standing,0.0381550928361129,0.1721807954295792,9.7316343475582,-0.0097612344560794,-0.0158676264637556,-0.0020328204197724,phone_B,9.733232202716557,0.018740214154562704
828,6,11,Standing,0.0322014899237362,0.1820803094829841,9.74036219105988,-0.0105151490308328,-0.027640335878973,-0.0180153140727767,phone_B,9.742117110160581,0.03462813982563678
829,6,12,Standing,-0.0027096098097442,0.1627909060819644,9.755386509798248,-0.0103170911122037,-0.0358941899312662,-0.0193459967466477,phone_B,9.75674506055385,0.04206070410681005
830,6,13,Standing,0.0524390369060456,0.19184494782351,9.749125525444429,-0.0101175362986111,-0.0207438602630113,-0.0024778042395521,phone_B,9.751153923893783,0.023212319858527602
831,6,14,Standing,0.0155191873600636,0.2038240085978115,9.756975031260287,-0.0072142632546042,-0.0285469297282185,-0.0049914736136118,phone_B,9.759116088678006,0.029864487272510815
832,6,15,Standing,-0.0032221758484563,0.1859730650802407,9.776510258024189,-0.0108020738382247,-0.024951724443665,-0.0075471882434102,phone_B,9.77827945952685,0.028217608018762278
833,6,16,Standing,-0.0031345281983573,0.1848934642778909,9.785527300581611,-0.0141795877638101,-0.025467454518926,-0.0040769993729425,phone_B,9.787274389166155,0.029432530858085088
834,6,17,Standing,0.0297584782112799,0.18876526052775,9.77678450453876,0.01318421744719,-0.0332424206796319,0.0090794405655125,phone_B,9.778651908049328,0.03689604807183395
835,6,18,Standing,-0.0016496650974206,0.2197665662585604,9.781674404767346,0.0100367529122936,-0.0361628781235853,-0.0026290390203403,phone_B,9.784142999053142,0.03762182889459509
836,6,19,Standing,-0.0192758916097068,0.2206487541581814,9.77679059010701,0.012501879631641,-0.0243927219009745,-0.0010030288602607,phone_B,9.779299140302125,0.027428232589010122
837,6,20,Standing,-0.0211381259091014,0.1910321119145204,9.835892964364776,0.0133615358508933,-0.0292117779967121,-0.0016837060320327,phone_B,9.837770605914226,0.03216665167570606
838,6,21,Standing,-0.0010951055047095,0.2483525319604719,9.782040145947896,0.0212439657217969,-0.0177887175783607,0.0020913204163524,phone_B,9.785192363787417,0.027787014480786035
839,6,22,Standing,-0.0237138341765997,0.2221569211596257,9.832103427336826,0.0242236727929024,-0.0317468205508907,0.0093027140285267,phone_B,9.834641521143464,0.04100228563098164
840,6,23,Standing,-0.0145254657361825,0.2745248316179452,9.786360821757189,0.0194740803576913,-0.0262684705284739,0.0091427324652591,phone_B,9.79022129504506,0.03395382020648667
841,6,0,Laying,7.508056415954917,0.1592938917591702,6.409346425432445,-0.0008259187277646,-0.0021253460914154,-0.0009604770515943,phone_B,9.872993836234135,0.0024742178400064723
842,6,1,Laying,7.4897001793461,0.1576021775281162,6.372839264301614,-0.0123218534213711,-0.0090128766465575,9.347360085760592e-05,phone_B,9.835320407159237,0.015266589484815315
843,6,2,Laying,7.494324004334375,0.1801550784875443,6.380972615967828,0.005010718048985,-0.0055413260648986,0.0014277625867464,phone_B,9.844498954237265,0.007606056529375877
844,6,3,Laying,7.483448753186496,0.1452816176340609,6.369764706818704,-0.0108695075585055,-0.0104144805492677,-0.0006560827251248,phone_B,9.828378015228354,0.015067781662132306
845,6,4,Laying,7.517067349722452,0.1583971909409728,6.355409412401281,0.0007104110121062,-0.0083031236831598,-0.0155950966737223,phone_B,9.84492864421069,0.017682013091464308
846,6,5,Laying,7.494568183736825,0.1757224069383246,6.3284424244093,-0.0008613835626213,0.0022897605316817,-0.0026079630098959,phone_B,9.810637805160475,0.003575815430833463
847,6,6,Laying,7.506783644963288,0.1180315477413457,6.411753508375407,-0.0014722475559106,-0.00693099984242,0.0104079498114506,phone_B,9.873009429283194,0.012590936857882554
848,6,7,Laying,7.523399773139911,0.1306213260051517,6.355514611669822,0.0025613630768667,-0.0109222633992676,-0.0101022642279273,phone_B,9.849424960698853,0.01509675995388998
849,6,8,Laying,7.50575310547232,0.1173784705729354,6.412764716920179,0.0012140239113514,-0.0125532593682206,-0.0012796422684081,phone_B,9.872874895400923,0.012676579158363184
850,6,9,Laying,7.460158423380968,0.1287564796159304,6.398462681987703,0.0141017868630431,-0.0026865205386855,0.0026620711096441,phone_B,9.82908269503184,0.014600150955667402
851,6,10,Laying,7.496990855216091,0.1341732400542722,6.425279946428481,0.000131360361374,0.0057479984949014,0.0118681641657506,phone_B,9.874568179496071,0.01318749646093358
852,6,11,Laying,7.464752763966464,0.1432587119798858,6.357823512598905,0.0013313403319818,-0.0071869572184856,0.0217670991788107,phone_B,9.806374289361925,0.02296152058989311
853,6,12,Laying,7.48191009962923,0.167428889574017,6.390757124840947,0.0023401222823628,-0.0060219577978704,-0.0022073020109966,phone_B,9.841178171372736,0.006827322328958303
854,6,13,Laying,7.5121550983231025,0.1762579781693764,6.384358420645935,0.0063012683574335,0.0019556428809927,0.0099439029482654,phone_B,9.860201495882464,0.011933638499422188
855,6,14,Laying,7.5120100330590125,0.1359147231185675,6.3620196036851615,0.0020829796176462,-0.0048222484688907,0.0017007465718781,phone_B,9.845001827649092,0.005521360637107788
856,6,15,Laying,7.487650008030511,0.1372028562656396,6.336617085679795,0.0025008047799028,-0.0149503985372254,-0.0011962364595608,phone_B,9.810017500344017,0.015205243261330567
857,6,16,Laying,7.502090596510538,0.1351687227450093,6.388290646359182,0.0088494969800285,-0.0092052666730744,0.0024079389981847,phone_B,9.854435107311863,0.012994179525500119
858,6,17,Laying,7.526345841248048,0.1523316174213804,6.360150324816834,0.0120716012792478,-0.0003605897064139,0.008849103223368,phone_B,9.854978376333744,0.014971980838864666
859,6,18,Laying,7.537098156553554,0.122316788129581,6.414505864510908,0.0077151615330878,0.0006607081713764,0.0077585238292085,phone_B,9.897913694512908,0.010961521097811077
860,6,19,Laying,7.516299771543492,0.166382229693029,6.390797270843234,0.0039471625016526,8.317894467945938e-05,-0.0039018218016817,phone_B,9.867357045282171,0.005550785883401469
861,6,20,Laying,7.502727044359092,0.2258473209276439,6.36694058923572,0.0048240815307933,-0.0101221157614465,0.0077985693045251,phone_B,9.84275635080869,0.013658209007821845
862,6,21,Laying,7.499117147066239,0.1714905765180107,6.404801295064776,0.002484836408023,0.0002193686582065,0.0108682908095643,phone_B,9.863450037006363,0.011150886946969725
863,6,22,Laying,7.545219746958497,0.1809876979166916,6.465609039406808,0.0134076160468305,-0.0022325134932637,0.0008152943386296,phone_B,9.938168736097644,0.013616643838164846
864,6,23,Laying,7.517803253231535,0.2144119010915514,6.428322543015182,0.0163342545578124,0.0008753462976415,-0.0013429900393146,phone_B,9.893769197563966,0.016412730587745235
865,7,0,Walking,0.5291207485024529,-0.811617648603831,9.53864659612113,-0.4183131977576251,0.116837236159678,-0.1053747484806557,phone_A,9.587725009600256,0.44692360509264195
866,7,1,Walking,-0.4062152477154205,-0.5872704753061394,9.517224036052005,-0.3952806246340329,0.0142855094713164,-0.1066804054873718,phone_A,9.543974580385722,0.409672499573594
867,7,2,Walking,-1.1955137939517084,-0.4367318010541172,9.246791800805392,-0.2555516484215786,-0.0921246917755673,-0.0580134724287033,phone_A,9.333978064310125,0.27777538917075667
868,7,3,Walking,-1.2583123006360446,-0.1663721214070903,9.442653917238994,-0.0095384491439343,-0.2027921983959326,0.0414576125918666,phone_A,9.527577999127711,0.20720615672354914
869,7,4,Walking,-1.2956354530631244,0.5069516019377651,9.67836145896688,0.2440141620106568,-0.2131773394135704,0.1467149578982884,phone_A,9.777850054299098,0.3556863339690017
870,7,5,Walking,-0.4125234589288387,0.7509673600069392,9.834166434307017,0.4064329658703156,-0.0846629442810856,0.1923285586003255,phone_A,9.871421226835231,0.4575432704496506
871,7,6,Walking,0.0876020697105893,0.7832338386195637,9.755107852909685,0.526442979944481,0.1055514295335913,0.206660002023373,phone_A,9.786892182428318,0.5753187567303107
872,7,7,Walking,1.0123751234598846,0.7789015417168772,9.9487886048997,0.4722556784693364,0.2555852754244477,0.092216532368392,phone_A,10.030452916357838,0.5448423145299699
873,7,8,Walking,1.204715797563664,0.4953601021815224,9.997436717413787,0.2542096197529446,0.37875372291514,0.0557941953914673,phone_A,10.081937447853269,0.45955402907209564
874,7,9,Walking,1.6321540007651874,-0.2342114844248918,9.970246476623494,0.0254375399870373,0.3445936995649878,-0.0624999508966661,phone_A,10.10567150199696,0.35113833468102407
875,7,10,Walking,1.0817200235275586,-0.4143119010116498,9.96941814862742,-0.1745147360130682,0.3002602354522163,-0.0930709369897327,phone_A,10.036486974175881,0.35954666093801796
876,7,11,Walking,0.616121906971441,-0.6315734404320312,9.620907427478526,-0.3643956375230732,0.2270540890936377,-0.0972279367598746,phone_A,9.661281019772728,0.4402170052446528
877,7,12,Walking,-0.3579452127401148,-0.609144537195982,9.506380562120086,-0.3790451932174756,0.0460519646768984,-0.0913129960601439,phone_A,9.532599500365777,0.39259916607317896
878,7,13,Walking,-0.889960399814951,-0.4737305552156272,9.064775139610564,-0.2672315341862309,-0.1453591478004151,-0.0585306604949219,phone_A,9.120668752009658,0.30978672168245275
879,7,14,Walking,-1.115982709582825,-0.035888511024205,9.32120297829514,-0.0589057789938452,-0.2014018675535037,0.0805271373213573,phone_A,9.38783949350912,0.22476036772100974
880,7,15,Walking,-1.3356500047291064,0.3484361349556281,9.551370954714509,0.1573568125500152,-0.1991773226047657,0.1207419117533159,phone_A,9.650598727013762,0.28108963259029857
881,7,16,Walking,-0.7912048829786249,0.6490765399012559,9.652625349262676,0.4564917614960344,-0.1069928253666759,0.1820431829706093,phone_A,9.706723528293562,0.5029631333008087
882,7,17,Walking,0.1914977337536543,0.806210267761959,10.050450794761456,0.5001880020578338,0.1014969557551427,0.190851102979155,phone_A,10.084552917992884,0.5448979839736324
883,7,18,Walking,0.7558269531745845,0.7792299005829514,9.900852238440883,0.4540772785902702,0.2437076836097629,0.1240098225929001,phone_A,9.960188184394285,0.5300547576259501
884,7,19,Walking,1.248644373014229,0.4503558261574789,10.139812976095216,0.3103176093839844,0.3262374185665441,0.0296296309499886,phone_A,10.226325847077385,0.4512269794648655
885,7,20,Walking,1.5239074876340335,0.2310239338083846,10.091140488618644,0.0049818428275104,0.37740256237217,-0.0608661052620316,phone_A,10.208172336412522,0.3823116472366574
886,7,21,Walking,1.2024095903568617,-0.1838263079048988,9.62463210591038,-0.2427360055249902,0.3110320382959934,-0.0941797662890321,phone_A,9.701191891132808,0.4056248582163636
887,7,22,Walking,0.7054382478497228,-0.6072497831999338,9.73624439081769,-0.4057473125230578,0.2321192862449796,-0.1328908258774046,phone_A,9.780636495568915,0.48597347280375436
888,7,23,Walking,-0.0566105959008627,-0.8730240059569117,9.41599583856264,-0.3864024180436146,0.0651608810555498,-0.1410231927962097,phone_A,9.45655081445525,0.41646165489313025
889,7,0,Walking Upstairs,0.1608989168644954,1.4361513539553696,10.477183374009584,0.8040783267818762,0.173453735383118,0.299808219502599,phone_A,10.576378899488184,0.875507351425456
890,7,1,Walking Upstairs,1.5551473208690458,0.9430215097162084,10.68247668486253,0.6568323578286923,0.4249639739856408,0.1464053977793596,phone_A,10.836193099055828,0.7959005377403637
891,7,2,Walking Upstairs,2.1387547791874804,0.3980854598938877,10.582578698458043,0.2783937409629883,0.5901563534007092,0.0151220170086483,phone_A,10.803875043146979,0.6526992200585198
892,7,3,Walking Upstairs,1.8442768625785788,-0.1561401033352422,10.491745478817188,-0.0829839184773836,0.5125423869544401,-0.091922403304784,phone_A,10.653753332511183,0.5272909608367504
893,7,4,Walking Upstairs,1.005557368383904,-0.5696457519676026,9.895151909640203,-0.4666095932552135,0.3598342379821089,-0.1622026236928531,phone_A,9.962413021888926,0.6111586393685408
894,7,5,Walking Upstairs,0.0246865690970854,-0.7517360355499889,9.666116638885562,-0.5526453143252055,0.1371965045369128,-0.1266234914248309,phone_A,9.69533534079036,0.5833294376965443
895,7,6,Walking Upstairs,-0.9016213426963036,-0.5570980813504801,9.298901187447152,-0.320751412712559,-0.0768065264519814,-0.0054763865385888,phone_A,9.359104797562422,0.3298646723616237
896,7,7,Walking Upstairs,-1.5378227062509977,0.0747957238481869,9.765517538827591,0.039281368806924,-0.2324141585113913,0.1527520344032589,phone_A,9.886143124460439,0.280878178266376
897,7,8,Walking Upstairs,-1.4568748723462668,1.0240021572443545,9.905333010128889,0.49630133995658,-0.1381686121518545,0.2525611594348817,phone_A,10.064128718039335,0.5737531914349219
898,7,9,Walking Upstairs,-0.446868998472627,1.2961158901693166,10.08590954175133,0.7470816120191363,0.0713504552699679,0.3321241011547895,phone_A,10.178662956741217,0.8206876635189662
899,7,10,Walking Upstairs,0.8913754058125816,1.4303574580835714,10.480114482944026,0.72680194346638,0.3221459661545109,0.2284770952259242,phone_A,10.614766702457288,0.8271764452515596
900,7,11,Walking Upstairs,1.8069318717145608,0.7604375829288512,10.53184309759891,0.4995913314711507,0.5386639292379108,0.0847025333005572,phone_A,10.712748813399406,0.7395436743632348
901,7,12,Walking Upstairs,2.1553652488433075,0.1352632013810467,10.519372047615969,0.1122361127245647,0.6034087369871755,-0.0172302917154517,phone_A,10.73876546748896,0.6139999444825537
902,7,13,Walking Upstairs,1.8505870632792991,-0.5418306271579088,10.08719233286615,-0.3292058111942691,0.4761125161751978,-0.198665512624868,phone_A,10.269844305905357,0.6119865848932118
903,7,14,Walking Upstairs,0.5799306128432159,-0.871687388984575,9.926906127448824,-0.5085540578736798,0.2415220225899896,-0.1408394851228921,phone_A,9.9819649209466,0.5803411735741545
904,7,15,Walking Upstairs,-0.4617444716369739,-0.7934945940508512,9.496695661245775,-0.5109119209147011,-0.0270288477556,-0.0964235629052632,phone_A,9.54096798601691,0.5206333191672334
905,7,16,Walking Upstairs,-1.3455891514441003,-0.2996983646621398,9.42914654633334,-0.1815830841959092,-0.1745851795599742,0.0714000552871379,phone_A,9.52938790618239,0.26182125445252424
906,7,17,Walking Upstairs,-1.426502901196091,0.5240470754154722,9.479953723105574,0.2523972674024908,-0.2157785050244729,0.1920091431838171,phone_A,9.600992576634752,0.383578225254021
907,7,18,Walking Upstairs,-0.849943525859885,1.2987613674020375,10.102598080048717,0.6007865563535386,-0.051781217225694,0.3028321382467601,phone_A,10.221138539987175,0.6747837318042151
908,7,19,Walking Upstairs,0.1378550530965566,1.47704134455787,10.3495023324932,0.7364644547181823,0.1856442060899097,0.284818782221156,phone_A,10.455278747096118,0.8111506660442589
909,7,20,Walking Upstairs,1.3195239695513272,1.1566471549341737,10.51679551576955,0.6604907903260704,0.4203472354896763,0.1870814502157327,phone_A,10.662174453072334,0.8049468004186314
910,7,21,Walking Upstairs,2.053896896528172,0.4368671280865972,10.502497893184886,0.2438792070094931,0.5831508534908998,0.0075851895907248,phone_A,10.710359814008289,0.6321388460139681
911,7,22,Walking Upstairs,1.9643194495990717,-0.0916538062925331,10.458385247768195,-0.1514574832705242,0.5534857496450969,-0.0530700711199632,phone_A,10.641652752792515,0.5762831567445936
912,7,23,Walking Upstairs,1.3909613747218366,-0.5565019853997356,10.066346506912348,-0.4648714803353014,0.4034875593360851,-0.1634826536244024,phone_A,10.177219659757194,0.6368942469548627
913,7,0,Walking Downstairs,0.6879836612704876,0.8315997940830513,9.89746963229202,0.6322769357990553,0.078959383163119,0.119924997206045,phone_A,9.956143071382455,0.6483754411510455
914,7,1,Walking Downstairs,1.6997156820072676,0.369196310223119,10.267004879712498,0.2199949399448764,0.2828312721169396,-0.0650824649429417,phone_A,10.413295756636515,0.3641799408694627
915,7,2,Walking Downstairs,1.9610162152282604,-0.6026688828515887,9.544825723020974,-0.3714218901647049,0.3296958057966672,-0.2027439922180935,phone_A,9.76281170880544,0.5364314226757845
916,7,3,Walking Downstairs,0.8194144417553373,-1.6604197157209115,9.263274694643806,-0.776599329904317,0.0865337326740386,-0.2982748975625434,phone_A,9.446517439148685,0.8363985417337132
917,7,4,Walking Downstairs,-0.7726656673143885,-1.685462212497015,8.847764380406103,-0.8634672324490839,-0.2574089232669495,-0.2165753642075313,phone_A,9.039951860180711,0.9266822020910704
918,7,5,Walking Downstairs,-2.1349016754384116,-1.1055585188358774,8.558605578326997,-0.5520906992973004,-0.5438610602195133,-0.0944748914174647,phone_A,8.889870316699243,0.7807140950322448
919,7,6,Walking Downstairs,-2.46313648640554,-0.1145290090388713,8.750657579152133,0.0496264949701271,-0.6299091224284785,0.1105605728580971,phone_A,9.091433677487084,0.6414607796212849
920,7,7,Walking Downstairs,-1.509609672431515,0.6666638432497658,9.11110351384098,0.5329709596453192,-0.4671594289284607,0.2562561314086453,phone_A,9.259350370459085,0.7536333198224073
921,7,8,Walking Downstairs,0.1262039221883708,1.0489734159055488,9.742470720071635,0.6981862087138027,-0.1464533300359648,0.1898680101196531,phone_A,9.799592256247472,0.7382157009868955
922,7,9,Walking Downstairs,1.419722079036512,0.6086835815958925,10.026204483736864,0.4822591074055372,0.1955918269581865,0.035497987679658,phone_A,10.144500127355382,0.5216225805865116
923,7,10,Walking Downstairs,2.202175730943049,-0.1898146376985076,9.82651348821007,-0.0748274932662683,0.3513548424349969,-0.1389844432928167,phone_A,10.072039261272446,0.3851831441385371
924,7,11,Walking Downstairs,1.5602929516198003,-0.8635645233184186,9.48069042580958,-0.6004630137887315,0.1925557850783195,-0.2937329793733631,phone_A,9.646955412504301,0.6956382856534902
925,7,12,Walking Downstairs,0.254634025078872,-1.5657895049578907,8.413066739788201,-0.8748258176885569,-0.0346906319008183,-0.3489731376098304,phone_A,8.561321581899293,0.9424998153895734
926,7,13,Walking Downstairs,-1.2516292698539129,-1.7214709904198044,8.701313489420752,-0.7532888982115424,-0.4916512984395287,-0.1719205864790717,phone_A,8.95783984234969,0.9158175863573171
927,7,14,Walking Downstairs,-2.179198585769109,-0.5656904179165233,8.657860883898968,-0.2836849199115092,-0.6801966630152985,0.0232840451709705,phone_A,8.945807241947955,0.7373511923919773
928,7,15,Walking Downstairs,-1.8728936057055128,0.4540162946121205,8.69855750095294,0.2597028999351171,-0.6015303673096409,0.1298331367009687,phone_A,8.909476070535831,0.6679378881422983
929,7,16,Walking Downstairs,-0.847426475810187,0.958691181607523,9.283429577650072,0.6819355902933001,-0.2857774820091716,0.2090030266499787,phone_A,9.371194434904458,0.768366568560232
930,7,17,Walking Downstairs,0.7118247287056049,0.6269059066955671,9.83196223495966,0.6315540110342519,0.0636992077211679,0.1469829418071068,phone_A,9.877610381560894,0.651553561190504
931,7,18,Walking Downstairs,1.8767117651721368,0.1612965727727319,10.004737324519793,0.2454268133880155,0.3104738362260823,-0.0336257909882174,phone_A,10.180512392142314,0.3971888940168384
932,7,19,Walking Downstairs,1.888998604687713,-0.8219403217513099,9.762162202430003,-0.3703336001064566,0.3370459551797506,-0.2205646583852913,phone_A,9.977159540048751,0.5471706496144139
933,7,20,Walking Downstairs,0.854570245973678,-1.5024242371847325,9.139035427636236,-0.839885885760348,0.1050790407041446,-0.3022370628745681,phone_A,9.301050340761192,0.8987753601817271
934,7,21,Walking Downstairs,-0.5802199066786062,-1.6526469915601902,8.959679828475018,-0.8856650649735891,-0.2839217013953379,-0.2814954110399603,phone_A,9.129280357596715,0.9717272283282236
935,7,22,Walking Downstairs,-2.197163222078739,-0.872367233260765,8.70420499903123,-0.5334056015526543,-0.5814716797891274,-0.0486235889929194,phone_A,9.019519692272018,0.7905663182624787
936,7,23,Walking Downstairs,-2.3913418871452317,-0.1749009813374363,8.89508204120777,0.0303037332227577,-0.5858698479602892,0.1016873032771811,phone_A,9.212577863676655,0.5954007916051455
937,7,0,Sitting,0.1455845037219489,-0.2182632781071459,9.701213446854418,-0.0083566936483299,0.0031910797988203,0.0004523590158489,phone_A,9.704760483789542,0.00895667056967577
938,7,1,Sitting,0.1315808499957496,-0.165070024487352,9.732159405514247,-0.0121551895961787,-0.0005078678986374,-0.0039594940718922,phone_A,9.734448537406179,0.01279391094336938
939,7,2,Sitting,0.1738487602453304,-0.2474077525190927,9.715218356850444,0.0012698451900545,-0.0116297682900855,-9.47365034489494e-05,phone_A,9.7199229270982,0.011699273152331664
940,7,3,Sitting,0.1478532808859129,-0.1787678504506235,9.7305194991158,-0.0106309139070208,-0.0026952655441853,0.0067045562747997,phone_A,9.73328455659734,0.012854254614489195
941,7,4,Sitting,0.1445438908786792,-0.0855364382396176,9.707517916882864,-0.011512644732173,-0.0148533591986952,-0.0007396265274551,phone_A,9.708970775795903,0.018807187870992552
942,7,5,Sitting,0.1691000641553771,-0.1959992445798732,9.64908598645188,-0.0116191627258273,0.0027065408832182,0.0034045310304396,phone_A,9.65255773924794,0.012406495779994132
943,7,6,Sitting,0.1285423077563163,-0.2064197186298675,9.713792886164672,-0.0068894957712225,-0.0170758709783399,0.0106117412343522,phone_A,9.716836134278788,0.021252283963740327
944,7,7,Sitting,0.152878308366539,-0.1287756133197238,9.716710542008796,-0.0059004071825961,-0.0040635262422075,0.0096907840222335,phone_A,9.718766315378705,0.01205148726950814
945,7,8,Sitting,0.0853379577248817,-0.1915350034695002,9.683534608063136,-0.0094944265338991,-0.005591284661133,0.0071203801433217,phone_A,9.685804599006692,0.013118933369555559
946,7,9,Sitting,0.1561040716812148,-0.1220391133206167,9.680115234627298,-0.0061115209797797,-0.0136647143768545,0.0047478161970817,phone_A,9.682142995331098,0.01570403980918836
947,7,10,Sitting,0.1339054955274896,-0.2325503288864261,9.762373747307576,-0.0029136968039207,-0.0127308735163881,0.0181548466243593,phone_A,9.766061208046867,0.022364329310521694
948,7,11,Sitting,0.1151882545638197,-0.1404597056314253,9.690259227809726,0.004881343367457,-0.0102832314705686,0.0082047859111143,phone_A,9.691961677856916,0.014031780870421565
949,7,12,Sitting,0.1523231963218144,-0.125465446833083,9.7015974671518,0.0029560906996478,0.0051662283113852,0.0099290986565244,phone_A,9.703604348340514,0.011576501514745154
950,7,13,Sitting,0.1238536838933991,-0.1320532596218686,9.736407320879428,-0.0059424427840793,-0.0120580666233507,-0.0004881846614359,phone_A,9.738090434806264,0.013451688414428932
951,7,14,Sitting,0.0904034325598102,-0.1454159747818724,9.703105685318157,0.009652509899991,-0.0074058425782233,0.0039665327420826,phone_A,9.70461635134506,0.012796516465697324
952,7,15,Sitting,0.1012312344771183,-0.0942050541603706,9.733688720991012,0.0006099026570985,-0.0134193038296547,0.0168774939518366,phone_A,9.734670948327466,0.02157080199292558
953,7,16,Sitting,0.0943968664172442,-0.1148505938964133,9.763514829803125,0.0030852075508448,-0.0154679774184563,0.0132611173972615,phone_A,9.764646601853714,0.020606651005770332
954,7,17,Sitting,0.1076490424675758,-0.1555808016359677,9.725547445503462,0.0099725212506933,-0.0126374566109226,0.0091844775005596,phone_A,9.72738746102574,0.018534052893168465
955,7,18,Sitting,0.0958982161339378,-0.1205760056991525,9.695425664199682,-0.0013965769251437,0.0007155190211664,0.0148698117130772,phone_A,9.696649619896034,0.014952380912746394
956,7,19,Sitting,0.1351508761864927,-0.090889541644466,9.730355225363567,0.0035780700133827,-0.0087762663299585,0.011049771302297,phone_A,9.7317182182734,0.014557571279169408
957,7,20,Sitting,0.1330662224959162,-0.1006501344833121,9.703228546534628,-0.0005574978825839,-0.009218251378309,0.0119979161491385,phone_A,9.704662863563337,0.015140573116118812
958,7,21,Sitting,0.0764611541714325,-0.0928130168123099,9.738755047848638,0.0239160577213863,-0.0120389016181131,0.0105138700478488,phone_A,9.739497443204364,0.028765507686921495
959,7,22,Sitting,0.0979429960677892,-0.0967176832068296,9.721605339795342,0.0051636397210004,-0.0102517805240575,0.0023565632057379,phone_A,9.722579777171331,0.011718172606015645
960,7,23,Sitting,0.1511261628661362,-0.1177689129828931,9.717694441233606,0.0027067049779839,-0.0121242672434202,0.0129902592409666,phone_A,9.719583009941854,0.017974174339179895
961,7,0,Standing,-0.0093228141917974,0.1014939261612604,9.68487335847979,-0.0123132963555228,0.0027257612004667,-0.0033217771965285,phone_A,9.685409640366466,0.013041520041938266
962,7,1,Standing,-0.0332037782797884,0.09127588066005,9.689590937567065,-0.0139957508630158,-0.017421121868772,-0.0110376561879908,phone_A,9.690077724903146,0.024924012187256393
963,7,2,Standing,-0.0499883333511018,0.0870294613095495,9.658780183127533,-0.0105068642948042,-0.0035096571043462,0.0021168797221105,phone_A,9.659301609670555,0.011277990515043083
964,7,3,Standing,-0.0235394436888556,0.0440467531672853,9.668307578850284,-0.0200610009690146,-0.0239357191275979,-0.005743594885551,phone_A,9.668436567570147,0.03175454758366726
965,7,4,Standing,-0.0307230489785116,0.0848352462899332,9.704031588715404,-0.0140980351317166,-0.0018953834474678,-0.0017584381517007,phone_A,9.704451040606987,0.014333149609259193
966,7,5,Standing,-0.072922763458008,0.0455490669942879,9.679143972691824,-0.0165927455937105,-0.0228753102411422,0.0061804122945187,phone_A,9.679525840196455,0.028927435439325456
967,7,6,Standing,-0.0535358116996855,0.110873319640909,9.64059421199284,-0.0119965189112803,-0.0216038026802982,0.0046102222963971,phone_A,9.641380385424712,0.02513751988283973
968,7,7,Standing,-0.0519133964715586,0.0975741566969403,9.697786796169892,-0.0041330757026237,-0.0247187563498921,0.0063977797723555,phone_A,9.698416595545657,0.025865630018704563
969,7,8,Standing,-0.0555198894654567,0.1448163815603406,9.67736368392915,-0.0069289464289389,-0.0264640903218565,0.0064623975798755,phone_A,9.678606413814194,0.02810909030294052
970,7,9,Standing,-0.0628000960870302,0.1128038853316895,9.658851664867925,-0.0041119184126639,-0.0287515426822159,0.0036646247931976,phone_A,9.65971449125368,0.029274366850789543
971,7,10,Standing,-0.1067317708150056,0.1525387331463401,9.641815030085295,-0.0012446670965921,-0.033343452763202,0.0105999467442431,phone_A,9.643612228329689,0.035009911587063625
972,7,11,Standing,-0.0803392603653301,0.1582592165538328,9.653730173835958,0.0049084875843284,-0.030169693580569,0.0111421955905996,phone_A,9.655361549191781,0.0325338621084265
973,7,12,Standing,-0.1099137792661997,0.1275005225653392,9.653436645200896,0.0073228240146917,-0.0318274733179704,0.008184002788537,phone_A,9.654904271148137,0.0336688240216234
974,7,13,Standing,-0.0771640405113306,0.2024399084639573,9.62172266128944,0.0002915854726031,-0.0363267713693558,0.0106550211300207,phone_A,9.624161427181988,0.03785827274837653
975,7,14,Standing,-0.0983420903573559,0.158220811025546,9.658441723470904,0.0143082440674349,-0.034958499412319,0.0113968941670662,phone_A,9.660238170845533,0.03945518630179943
976,7,15,Standing,-0.1209200770981015,0.1126224058140248,9.62785948828482,0.0077008569723273,-0.026141610694301,0.0158525842963509,phone_A,9.629277428628422,0.03152762973446538
977,7,16,Standing,-0.1036187431962735,0.1149436987380041,9.62296333247938,0.0216747681804989,-0.0470176678387538,0.0231606546985979,phone_A,9.62420761393185,0.056717480468912194
978,7,17,Standing,-0.1617705993178592,0.1905397203118864,9.641368928259554,0.0271842820290005,-0.0104197838881754,0.0035025359170442,phone_A,9.644608334330066,0.02932277005261788
979,7,18,Standing,-0.0949431799510241,0.1324839023446495,9.678111950934746,0.0227371788206838,-0.027925039916341,0.0128804579447446,phone_A,9.679484341979464,0.038245174230474153
980,7,19,Standing,-0.0878481813876833,0.1493223187605468,9.70262437163745,0.0244635454093266,-0.0358784030349195,0.0289948191133413,phone_A,9.70417096690625,0.052215173979846964
981,7,20,Standing,-0.103033517059527,0.2405821488407196,9.70648957177766,0.0248901673464676,-0.026469258179672,0.0210787176603567,phone_A,9.710017275113723,0.04200540914361302
982,7,21,Standing,-0.0562073640438554,0.2106169730753021,9.684913920681156,0.0310251818006421,-0.0245164099152339,0.028948803750453,phone_A,9.687366846988082,0.049006627097535636
983,7,22,Standing,-0.0863984208009771,0.1959376914921677,9.67106860413359,0.0312019657877766,-0.0306571713082121,0.0172199447989301,phone_A,9.673439109847262,0.04701011934169966
984,7,23,Standing,-0.0403628769687649,0.2060529650828771,9.707533533440488,0.0216790138493045,-0.0166678098004375,0.0211799517614483,phone_A,9.70980402938845,0.034588811509492105
985,7,0,Laying,7.394241636366148,0.0568915668220047,6.1880058254175765,0.0055781593787951,-0.0042343169634829,0.0072167520811132,phone_A,9.642067315817084,0.010056182814703126
986,7,1,Laying,7.365313456443626,0.0344089483101969,6.247148176496826,0.0102857739067866,-0.0045358101424215,0.0011494860824068,phone_A,9.657944223617207,0.011300090121909329
987,7,2,Laying,7.394934742972322,0.0716996815385772,6.263642740609457,0.0048088880244658,-0.023710060694796,0.0130582310335424,phone_A,9.691409653870865,0.027491994833189724
988,7,3,Laying,7.364147212396531,0.0393734184370603,6.237862146888818,0.0041993300277352,-0.015657689942415,0.0143492750877274,phone_A,9.651069298037156,0.021649464717584048
989,7,4,Laying,7.408333841697498,0.0779757536783109,6.221456082725529,-0.0035773511123168,0.0003463537275562,0.0013830920653465,phone_A,9.674502897693742,0.00385101876736673
990,7,5,Laying,7.415967069034243,0.0745532274776097,6.241362589947698,-0.0073850520141468,-0.0066633045915577,0.0144533960999318,phone_A,9.693128119029806,0.017545349245684776
991,7,6,Laying,7.356138523465106,0.093023928515047,6.246633267060549,-0.0004366118512966,-0.0006065992549278,-0.0021280732799519,phone_A,9.651002776956979,0.0022555018176930925
992,7,7,Laying,7.398497364123059,0.1229075412751087,6.281092334727324,0.0063238513017859,-0.0074743299948957,0.0075756695995711,phone_A,9.7059255317568,0.012379316380219165
993,7,8,Laying,7.382626246740059,0.0978651413966588,6.225633221258408,0.0090840432494875,0.0072269793157178,0.011314959192551,phone_A,9.6577045352709,0.01621040941239507
994,7,9,Laying,7.357045224754208,0.0524802031186462,6.2659821801229025,0.0047296817407761,-0.0001970726037698,0.0087703261408378,phone_A,9.663922665895864,0.009966310631163886
995,7,10,Laying,7.411962032063565,0.083946707190512,6.229040656214524,0.0032237773667841,-0.0125050469779993,0.0241836266781601,phone_A,9.682209237109754,0.027415629479207216
996,7,11,Laying,7.389412689935934,0.1057948983051381,6.234746493499173,-0.000148440823882,-0.0065695559360104,0.0191188155576909,phone_A,9.668850826281988,0.020216582505546477
997,7,12,Laying,7.3795127863363055,0.069665153849479,6.252897730684926,0.0096811838361926,0.0048680276042077,0.0148866210281087,phone_A,9.672682783373318,0.0184128894761255
998,7,13,Laying,7.409421224062403,0.1111214112282053,6.221054709858663,0.0014203789503138,-0.0112948576520804,0.0050114076744439,phone_A,9.675401415273395,0.012438066273449781
999,7,14,Laying,7.414077955358922,0.1020627307729812,6.2527606035617405,-0.0078543432664255,0.0077588940842752,0.0078659872604027,phone_A,9.699277493432474,0.013555991337363044
1000,7,15,Laying,7.4464346224521965,0.0602095485369362,6.231378435422043,-0.0050264083475201,-0.00216425594514,0.0068380837180351,phone_A,9.70994804216957,0.00875832025030772
1001,7,16,Laying,7.369337833993265,0.0637103790662325,6.272057726068515,0.0129342645396549,0.0067910811186765,0.00953158340948,phone_A,9.677288217422332,0.017443195356186693
1002,7,17,Laying,7.4027302731372435,0.067322531497024,6.245201304969537,0.0060122138315066,-0.0010201847289861,0.0199339011121597,phone_A,9.685426534730569,0.02084581266313159
1003,7,18,Laying,7.423204388364986,0.0799649066311349,6.279508338259752,0.0093045654898976,-0.0054624827910596,0.0097519842860407,phone_A,9.723301021155699,0.014543550278855587
1004,7,19,Laying,7.385665646584429,0.1460157022436175,6.263215046759339,0.0110435401931926,-0.0047793024795818,0.028835163313511,phone_A,9.684897539488565,0.03124529013318404
1005,7,20,Laying,7.433591267189693,0.0857941278960559,6.249684132218847,0.0091192492511541,-0.0020050985773982,0.0100927827432443,phone_A,9.712064225103145,0.013749377829999757
1006,7,21,Laying,7.41330113406882,0.1414228649579066,6.224687922335938,0.0040258303560965,-0.0054381027748164,0.0118045082930747,phone_A,9.681103958825865,0.013606126851047775
1007,7,22,Laying,7.4537168063500125,0.1313976429791049,6.282147956434006,0.0095787918641116,-0.0039009222596068,0.0058242101777021,phone_A,9.748873910168962,0.011869788214012715
1008,7,23,Laying,7.424779663549806,0.1197970580061949,6.291706015135439,0.0102497418672274,-0.0026634671042766,0.015647652525382,phone_A,9.732793482256838,0.01889445143198001
1009,8,0,Walking,-0.5798616578918327,0.8616492847401029,9.811440442301429,0.4510174620057272,-0.1226357117350796,0.1754818709333155,phone_B,9.866257780182629,0.4992495927420611
1010,8,1,Walking,-0.089297394470065,0.7742083922399726,9.885263383926096,0.4490452313569641,0.0645660207125319,0.1354910888278052,phone_B,9.915936911299102,0.4734640704286068
1011,8,2,Walking,0.6396275937654239,0.6223756033003687,10.089247891131802,0.5041524858777138,0.2499367430138573,0.0643716080297858,phone_B,10.128642448966058,0.5663760309594622
1012,8,3,Walking,1.2766980785363171,0.3430131062382581,10.283183566004174,0.3002596731711003,0.306699093712527,0.0307570667810987,phone_B,10.367809808581939,0.430309426545455
1013,8,4,Walking,1.4762068376727693,0.2315794885787495,10.168815637266402,0.0683782492265593,0.3018543687008198,-0.0570313371995753,phone_B,10.278016693498602,0.3147129140881123
1014,8,5,Walking,1.5618710379900471,-0.2310410678839379,9.727029970481643,-0.1969791459808738,0.2910011727168032,-0.0779945918322769,phone_B,9.854335754428565,0.35995225076250403
1015,8,6,Walking,0.752708580878102,-0.775869191655118,9.753285267131943,-0.4194535455024368,0.1678100119430775,-0.146012519163461,phone_B,9.813007526357051,0.47478535433958013
1016,8,7,Walking,0.0527295938535208,-0.9843619351003496,9.521070054226168,-0.3670919291422483,-0.0068122823010978,-0.1199443830199943,phone_B,9.571965514293538,0.38625062673033217
1017,8,8,Walking,-0.7562339111111565,-0.3663936470093792,9.430713715101971,-0.2957763002778159,-0.1024518270318629,-0.0967978291011024,phone_B,9.468077693444204,0.32764281830506475
1018,8,9,Walking,-1.2265735834152385,-0.2563851820559216,9.440855185393907,-0.0619142527022432,-0.2033825152650525,0.0011496695151339,phone_B,9.52365280492149,0.21260090296894454
1019,8,10,Walking,-1.204377658724355,0.4233836235426581,9.46487921503687,0.1715084615492924,-0.2265042759929623,0.0972693850238991,phone_B,9.550587300933667,0.30030097017663576
1020,8,11,Walking,-1.015522487989393,0.796927959586758,9.6534126011201,0.4090280966037232,-0.1512943907412225,0.1330673501798044,phone_B,9.739340580544846,0.4559615073280826
1021,8,12,Walking,0.0234914636034579,0.9476075880213488,9.971071044636124,0.515301634020814,0.006546257853641,0.1537151434477822,phone_B,10.016025647277408,0.5377796694200884
1022,8,13,Walking,0.5758606801178768,0.892645146175831,10.018348144827012,0.508548232017991,0.1724368517947554,0.1133903079273882,phone_B,10.074508942417786,0.548828875039733
1023,8,14,Walking,1.3612006613731984,0.5117043534074173,10.128743355578605,0.3158030769145709,0.3344419559162213,0.0217731024145079,phone_B,10.232602335134336,0.46049655075204493
1024,8,15,Walking,1.516016509182191,0.0893439075169772,10.218990864204894,0.0773962722846414,0.4132350425454043,-0.0503832165560405,phone_B,10.331217869768619,0.4234286856857874
1025,8,16,Walking,1.3285040736772755,-0.3675676968880972,9.8111398680052,-0.1907995197109177,0.3174454272747824,-0.0867627477017782,phone_B,9.907496888474599,0.3803995667825457
1026,8,17,Walking,0.7979787613390653,-0.7192942603676707,9.918853682553411,-0.3027792975870408,0.2431526135073674,-0.167663229528161,phone_B,9.976863871600608,0.42297689657778925
1027,8,18,Walking,-0.0206630613035595,-0.5387304635904634,9.61325572137212,-0.4018229343898739,0.0661866548730528,-0.1051128047068786,phone_B,9.628361389094026,0.4205841718352224
1028,8,19,Walking,-0.763495341302855,-0.5767835626183279,9.5766028825368,-0.3379293170802438,-0.1086823004198094,-0.0998903181623361,phone_B,9.624288398843316,0.3687629881501591
1029,8,20,Walking,-1.288710751258126,-0.3166390259885857,9.50923384712342,-0.117819949856205,-0.2271498968729828,0.0116066232940274,phone_B,9.601383443674404,0.2561509905071906
1030,8,21,Walking,-1.3780228522181248,0.2469944262328238,9.68396012823754,0.1383408592758814,-0.2309427185525445,0.1004470629726942,phone_B,9.784632695871618,0.2873366406455491
1031,8,22,Walking,-1.1257537947938494,0.6566917244465088,10.09632888070502,0.3604178239013444,-0.1521296495003571,0.1637849633056307,phone_B,10.180099336195475,0.42411077827368265
1032,8,23,Walking,-0.0105683196176522,0.934614588818579,9.66626508286911,0.5043261604011224,0.0596458495591622,0.1712913336755621,phone_B,9.711348864668935,0.5359507667938592
1033,8,0,Walking Upstairs,2.1462372195010744,0.2560225746739298,10.875323027618336,0.1991632329877913,0.5656989505104298,-0.03300946725146,phone_B,11.088035566147866,0.6006420905256109
1034,8,1,Walking Upstairs,1.841961311719267,-0.113489714682694,10.4810838085805,-0.2054618951214966,0.4896826968274468,-0.1820423712228775,phone_B,10.64231268060179,0.561376129559822
1035,8,2,Walking Upstairs,0.8918978880754251,-0.7559727150049061,10.216569024281114,-0.4876970030116184,0.3652473162227284,-0.2010875385980518,phone_B,10.283251393235782,0.6416308650102824
1036,8,3,Walking Upstairs,-0.1493595309655069,-0.9521487052603111,9.89226518819228,-0.4526818945745365,0.0235272603328883,-0.1438163696302538,phone_B,9.939104888265339,0.4755602778071241
1037,8,4,Walking Upstairs,-0.9412040477751028,-0.6027122665841455,9.696606728407172,-0.2420478988982806,-0.1465114853294936,0.00232991221865,phone_B,9.760804740452013,0.2829456293804047
1038,8,5,Walking Upstairs,-1.2551646726949937,0.4798087562709363,9.717955693638048,0.11301461619561,-0.2544656706006347,0.1605504225011364,phone_B,9.810418832123732,0.32140553690527046
1039,8,6,Walking Upstairs,-1.249144934343278,0.8889979513891928,10.035437276004563,0.5116135659829129,-0.1395948630601042,0.3096829570216958,phone_B,10.151880699909329,0.6141161946734698
1040,8,7,Walking Upstairs,-0.1220430326861021,1.2560191699503795,10.51866146017887,0.7600188163052416,0.1065220613866675,0.2750894739649877,phone_B,10.594088803241284,0.8152605530665759
1041,8,8,Walking Upstairs,1.0248872923583092,1.0355905747249607,10.495303869835848,0.6734915901550321,0.3382775416322336,0.1676155283070904,phone_B,10.595954186418892,0.772086512323565
1042,8,9,Walking Upstairs,2.0648428517744266,0.7716521143126219,10.749456875015484,0.4136969781736375,0.5353450846372757,0.0466408568323495,phone_B,10.97314203388732,0.6781702728086412
1043,8,10,Walking Upstairs,1.9920166619594832,0.2081537334355813,10.669248962118694,0.0138237472397854,0.5793996526785897,-0.0769358822614776,phone_B,10.855612915627482,0.584648769340338
1044,8,11,Walking Upstairs,1.606628660469536,-0.6609765919215533,10.545745325481606,-0.3661837719637633,0.4801320273378773,-0.1743887743983048,phone_B,10.687885206046495,0.6285131368247862
1045,8,12,Walking Upstairs,0.5928998884241181,-0.7656124996117553,10.066435314257763,-0.5445242375491025,0.231540538002808,-0.1257846962542004,phone_B,10.112903278158596,0.604929298206677
1046,8,13,Walking Upstairs,-0.6678278207588997,-0.6805460208790015,9.613076863413816,-0.43230085038986,-0.0043054210103845,-0.1081446382292393,phone_B,9.66024759861857,0.4456431584525963
1047,8,14,Walking Upstairs,-1.475447258756382,0.0664477776150921,9.719624471968306,-0.0409918067519647,-0.2195982540147681,0.0628973856338109,phone_B,9.831198288947633,0.2320771477476689
1048,8,15,Walking Upstairs,-1.4555274644131209,0.602903836766868,9.635385380438906,0.3441857285151249,-0.2033289317654167,0.195029867255801,phone_B,9.76333471031414,0.4447955927481388
1049,8,16,Walking Upstairs,-0.7193740130939732,1.0465652070186595,10.28856280446332,0.6335556993497069,-0.0422370667140516,0.3216241106408284,phone_B,10.366644697521135,0.7117716365019101
1050,8,17,Walking Upstairs,0.6316748653691461,1.1587286884180077,10.491017018979166,0.7829287006181532,0.1934179498507682,0.2138766944675551,phone_B,10.573698662313607,0.8343447093452874
1051,8,18,Walking Upstairs,1.5752726117395377,1.062916708866663,10.991911734793309,0.6034285796137302,0.4634022849411558,0.1108604939828654,phone_B,11.154971954997086,0.7688678543868596
1052,8,19,Walking Upstairs,1.9795478796245949,0.5303685064578365,10.864808168425377,0.2192542224364441,0.5623317572055238,-0.039125880758479,phone_B,11.05639892085354,0.6048307645640957
1053,8,20,Walking Upstairs,1.9124395111600745,-0.1609196836370761,10.432446957258046,-0.1796983434014137,0.4959909137403705,-0.1469729271721579,phone_B,10.607510053939647,0.5476308267946323
1054,8,21,Walking Upstairs,1.3046500881266971,-0.7465571633247419,9.996532487034631,-0.4732258891118933,0.2975203054717732,-0.2083935251718465,phone_B,10.108912959111839,0.5965642761910138
1055,8,22,Walking Upstairs,0.0973756761189751,-0.847892908409453,10.012526058733323,-0.5123461623708637,0.0788805573189108,-0.1234512145510231,phone_B,10.048834881877825,0.5328798502413242
1056,8,23,Walking Upstairs,-1.3785021327585285,-0.4315372191236024,9.62423979529255,-0.2514184925354301,-0.1165311082723449,-0.0466925644102242,phone_B,9.732033915826717,0.28101770968245404
1057,8,0,Walking Downstairs,-0.3203800557692455,1.090837737979738,9.770867112395065,0.6812210378115406,-0.1580554160740814,0.1755707158905775,phone_B,9.83678882963434,0.7210192044500017
1058,8,1,Walking Downstairs,1.5438236365781948,0.6468267922345389,10.127970603708476,0.5196845732764295,0.2012376796642214,0.0661904694566559,phone_B,10.265357512994518,0.5612039180770542
1059,8,2,Walking Downstairs,2.24344888360505,-0.1589121320405904,10.060293917032784,0.0125131313536511,0.3338947284308692,-0.1445543419246743,phone_B,10.308628893123725,0.364057997988608
1060,8,3,Walking Downstairs,1.8534007620641284,-0.9409770879199902,9.644883162096432,-0.5858997052831119,0.2758597115111448,-0.2753328425766436,phone_B,9.866321679091026,0.7036939812782146
1061,8,4,Walking Downstairs,0.34016377660039,-1.6730676764163146,9.165493573420454,-0.8820789922208352,-0.0829002409133452,-0.3219582951119617,phone_B,9.323150716854885,0.9426520791109602
1062,8,5,Walking Downstairs,-1.2284472637491,-1.5137441046105344,8.858986411820506,-0.7473177757691514,-0.3971789293832166,-0.2262755059051883,phone_B,9.070950564239459,0.8760339973421115
1063,8,6,Walking Downstairs,-2.136565586109118,-0.7153241933893504,8.567448156401095,-0.3048636523479891,-0.6375380846520122,0.0318386686039129,phone_B,8.858767923250639,0.7073968876968443
1064,8,7,Walking Downstairs,-1.920195756188168,0.2955086203530198,9.069337766997672,0.2577035773232067,-0.6362390864871893,0.0933992376491109,phone_B,9.275093779508447,0.6927732143585419
1065,8,8,Walking Downstairs,-1.0372569288445987,0.8433159226624476,9.30039887683713,0.6331540843381052,-0.3531284444911121,0.1964071006286554,phone_B,9.395983341307364,0.7511055465113352
1066,8,9,Walking Downstairs,0.575516975423957,0.818268396520389,10.196019157353966,0.6695976623534244,-0.0001561737760586,0.1262421144854603,phone_B,10.244978751313946,0.6813942509951042
1067,8,10,Walking Downstairs,1.8372975204878508,0.1433244795612562,10.028318933617928,0.2944481015098148,0.2728502165629266,-0.0735670590832665,phone_B,10.196243657327543,0.4081164507139242
1068,8,11,Walking Downstairs,2.0021113066010408,-0.6832885284679728,9.642269490031698,-0.3059437074536549,0.3429063759784742,-0.2186911482718206,phone_B,9.87161049756076,0.5089323659874911
1069,8,12,Walking Downstairs,1.3355270142871316,-1.303591983140857,9.563983255252658,-0.700323159910275,0.1266752052037602,-0.3235919856935925,phone_B,9.744370691386543,0.7817997883891051
1070,8,13,Walking Downstairs,-0.3713176296994643,-1.706634299789369,8.9214682156064,-0.900857457393492,-0.2359922840776597,-0.3047135026804917,phone_B,9.090823534609966,0.9798402091165029
1071,8,14,Walking Downstairs,-1.9331679546875409,-1.1084818187434755,8.668541946528393,-0.6365893323304782,-0.5920058369115592,-0.1613351522069465,phone_B,8.950390480992318,0.8841639668703754
1072,8,15,Walking Downstairs,-2.4161734834748807,-0.2104097850006487,8.862321944785261,-0.0091797631047405,-0.6412242137681827,0.085304378221859,phone_B,9.18819442724704,0.6469386348929095
1073,8,16,Walking Downstairs,-1.5543311064334675,0.6119089797145011,9.414791940344635,0.5083354475726559,-0.4954422830318225,0.2172975110161391,phone_B,9.56183481701395,0.7423517975788069
1074,8,17,Walking Downstairs,-0.4391970089774999,0.9067033196414878,9.756157506300855,0.7325126999714662,-0.131551558312478,0.1459928103058272,phone_B,9.808038244740597,0.7584158284047886
1075,8,18,Walking Downstairs,1.5027367430253955,0.4789565757253329,9.963484108016834,0.4996668531747926,0.1600945645069323,0.011430706671079,phone_B,10.08754839844514,0.524812247190616
1076,8,19,Walking Downstairs,2.147472332489635,-0.1301183284258123,10.171920175742327,-0.0168056905523866,0.3343534069684459,-0.142145946706673,phone_B,10.396948026217819,0.36370331611285334
1077,8,20,Walking Downstairs,1.8698178662749083,-1.4592552341768603,9.54167262784366,-0.5642918575414495,0.2167881366126344,-0.2996747073075024,phone_B,9.83204766203126,0.6747053630018033
1078,8,21,Walking Downstairs,0.3210375513537592,-1.7093208903052046,9.143908663000357,-0.8633436909683663,-0.0645001317267403,-0.3373686552939823,phone_B,9.30784124556849,0.9291610222682173
1079,8,22,Walking Downstairs,-1.250530379431579,-1.4800684621495372,8.546553520208425,-0.7744486016106386,-0.4259605934169675,-0.1912214538984765,phone_B,8.76344715031237,0.9043111788050924
1080,8,23,Walking Downstairs,-2.146336073783887,-0.6038177725906233,8.591130739098828,-0.342994971309304,-0.6699797297372032,-0.0547908675335263,phone_B,8.87574683169879,0.7546657722245541
1081,8,0,Sitting,0.3229317966361809,-0.2115236916711007,9.875724322347402,-0.0054798104405769,0.0051022051216523,-0.0325035951537366,phone_B,9.883266570745773,0.03335482749897052
1082,8,1,Sitting,0.2431917091101607,-0.1739188256831043,9.836395653023231,-0.0089055040376795,0.0019416668622099,-0.0198630406469936,phone_B,9.840938441435412,0.021854483661552147
1083,8,2,Sitting,0.2769391948144757,-0.1984702175107127,9.904108680679496,-0.0056535393343113,-0.0036091247071768,-0.0224956510525553,phone_B,9.909967432013799,0.02347429667604317
1084,8,3,Sitting,0.2869872336813071,-0.1493453645285908,9.900470846528892,-0.0011484323277085,-0.0041592041253082,-0.0261824368579876,phone_B,9.905755331784182,0.026535596386548663
1085,8,4,Sitting,0.2681787471532726,-0.1986554416971072,9.8533894808308,-0.0018355104919513,0.0039683597937161,-0.025135212354123,phone_B,9.859039917045047,0.02551266113727267
1086,8,5,Sitting,0.2865112515691855,-0.1920312642621206,9.894335861949314,-0.0184104974026288,-0.0031044068794608,-0.0238600104473819,phone_B,9.900345794606677,0.030296598080223773
1087,8,6,Sitting,0.2822369386167458,-0.2156094437550011,9.811578531312785,-0.0176609667073358,-0.0035523781588878,-0.0232846377191069,phone_B,9.81800480738699,0.029439828282981247
1088,8,7,Sitting,0.3047127199823864,-0.1873675977185154,9.873852227108706,-0.0120987078653541,0.0024322927459726,-0.0273093364740893,phone_B,9.88032966358782,0.029968227152574713
1089,8,8,Sitting,0.2549056100089937,-0.2309358979319786,9.905038276877663,-0.010185913612335,-0.0094895253766324,-0.0245000803707163,phone_B,9.911008602830456,0.028179032385148708
1090,8,9,Sitting,0.2667941518773938,-0.2114601336682993,9.853983862260408,-0.0170021270820703,-0.00430056968148,-0.0259500229446034,phone_B,9.85986270012395,0.03132045522858147
1091,8,10,Sitting,0.2382224875837114,-0.239791778113144,9.867108677994931,-0.0145951320180617,-0.0093858441298927,-0.0225411624226743,phone_B,9.872896419683745,0.028446721287710378
1092,8,11,Sitting,0.2636810662050537,-0.1897521417687308,9.876863373392045,-0.0152761890160987,-0.0120042993827193,-0.0298735305040951,phone_B,9.882204393587198,0.03563555779421209
1093,8,12,Sitting,0.2254959768126344,-0.2073984862253542,9.84133405256032,-0.0134712701227291,-0.0155590794696855,-0.0333971620679048,phone_B,9.846101690604794,0.03922920476957724
1094,8,13,Sitting,0.2561119300816743,-0.2200422895253495,9.83809261976464,-0.0207158827786949,-0.0084026516628399,-0.014948964973182,phone_B,9.843885326687689,0.026892822611936377
1095,8,14,Sitting,0.2208387912288555,-0.2135551196220291,9.883929885973483,-0.0250097539781942,-0.0003174404802577,-0.0082484716528647,phone_B,9.888702925645406,0.026336777462636147
1096,8,15,Sitting,0.1585620790828832,-0.210279749132818,9.837391003395853,-0.0156191183130691,-0.0158027428643352,-0.0177064020197544,phone_B,9.84091567180169,0.028411269091666958
1097,8,16,Sitting,0.2187561150577545,-0.2299850012063053,9.84940153954439,-0.0107150371447729,-0.0215572990598391,-0.032069535079421,phone_B,9.854514601228942,0.04009967885132519
1098,8,17,Sitting,0.266812413764958,-0.2223410427920417,9.84873995872526,-0.0158550147827896,-0.0123105746157243,-0.0111242354990502,phone_B,9.854861905579426,0.022949517567263173
1099,8,18,Sitting,0.2270175221593867,-0.2430112076936206,9.816173885646013,-0.0154198441538821,-0.0183271669443969,-0.0316178487357735,phone_B,9.821805391865125,0.039665413153225325
1100,8,19,Sitting,0.2286574706664581,-0.2306930172739,9.88685688320979,-0.0015561126745134,-0.0192935960565047,-0.0181367228547941,phone_B,9.892190987651993,0.026525554685226955
1101,8,20,Sitting,0.173186267608152,-0.1861465938786148,9.835968814181657,-0.0183565797242206,-0.0205873346656896,-0.0230118945615315,phone_B,9.839254369679379,0.03592143731979296
1102,8,21,Sitting,0.191849019110453,-0.175931653603728,9.827848909639004,-0.0006796834841231,-0.0278034185268013,-0.0099375132879806,phone_B,9.831295549599043,0.029533814886733793
1103,8,22,Sitting,0.1707650543323474,-0.1973785120331355,9.834449173281149,-0.0123168243284035,-0.015994963388099,-0.0100132841330054,phone_B,9.837911847676,0.022534615027811712
1104,8,23,Sitting,0.2223709422674848,-0.204912806954792,9.850702229007156,-0.0140246778147357,-0.0276449074907857,-0.0252454711642213,phone_B,9.855342332916983,0.03997832302992171
1105,8,0,Standing,0.0848208301763149,-0.007423632972595,9.82780399101728,-0.0038485574949449,-0.0034709230115559,-0.0333896409868912,phone_B,9.828172819472268,0.03378944845033031
1106,8,1,Standing,0.033590817827768,0.048342481499207,9.766345123088731,-0.0076056668657984,-0.014000926383576,-0.0189035305559317,phone_B,9.766522533729132,0.02472277443069167
1107,8,2,Standing,0.0148477361236298,0.0571804933730517,9.817205466368298,-0.0172353520354508,-0.0235611542517485,-0.0261458790678958,phone_B,9.817383217180737,0.0391891865403409
1108,8,3,Standing,0.0641385305520036,0.0771719260038055,9.840531271984744,-0.0194435858659269,-0.0240619632947955,-0.0375786521574075,phone_B,9.841042880313763,0.0486742869171515
1109,8,4,Standing,0.0731132008670338,0.0123633750797819,9.84817506117278,-0.0130020311849937,-0.0187974964301604,-0.0306788129936305,phone_B,9.848454215189808,0.038256871979758
1110,8,5,Standing,0.0418134702840148,0.0316708410459449,9.798056005424668,-0.0118864804864757,-0.0243872325668231,-0.0329264764669025,phone_B,9.798196410253682,0.04266354864693242
1111,8,6,Standing,0.0294056202374634,0.0316608260873423,9.815950734434804,-0.0183345968460432,-0.0334998018915849,-0.0168623221846947,phone_B,9.816045839301141,0.041746042659667984
1112,8,7,Standing,0.0424192781626257,0.0575064000834816,9.790841964714,-0.016606604819681,-0.0206150988774731,-0.0283799097073119,phone_B,9.79110273458588,0.03880954651062314
1113,8,8,Standing,-0.022356423712411,0.08529141903279,9.796560676983978,-0.0030414789759017,-0.0398735439413081,-0.0219921184276239,phone_B,9.796957463093866,0.04563774067298813
1114,8,9,Standing,0.0354218309734719,0.0431884390229103,9.78880766616384,-0.0191738731033653,-0.0274423119513603,-0.0284403878516841,phone_B,9.788967027859616,0.043926911525555126
1115,8,10,Standing,-0.0279358359007344,0.0163787552676818,9.832453396382531,-0.0034393090373988,-0.0364284757505109,-0.0293524773700089,phone_B,9.832506723444737,0.046908747797369074
1116,8,11,Standing,0.0043352335859288,0.0436692502662065,9.76451492425113,-0.0188502422841301,-0.0422389632288828,-0.0296697627914374,phone_B,9.764613535803253,0.054952310897008534
1117,8,12,Standing,-0.0573135917497253,0.0777162320715706,9.781881556109264,-0.0037851975590841,-0.044623337442593,-0.0189895996664014,phone_B,9.782358173685793,0.04864334343532536
1118,8,13,Standing,-0.0004922186268258,0.0573186184676916,9.80051692255267,-0.0127157374581134,-0.0328556098364788,-0.0206257213171003,phone_B,9.800684548313118,0.04082403038262239
1119,8,14,Standing,-0.0280323176109154,0.0704286682879047,9.806357761232096,0.0035075274437806,-0.0461361185279568,-0.0095556418269691,phone_B,9.806650730469828,0.04724568204947278
1120,8,15,Standing,-0.0779906290123767,0.1008962722534242,9.781995741594242,0.0045562034738788,-0.0473735216434988,-0.0141345489926621,phone_B,9.782826957711983,0.049646701987427114
1121,8,16,Standing,-0.0894861145928153,0.0959430213481562,9.794050428546186,0.0023327519494769,-0.045832422587208,-0.0119606306094308,phone_B,9.794929128123187,0.0474247759767556
1122,8,17,Standing,-0.0804693645918549,0.0951074284414665,9.76949962314546,0.0228626825465922,-0.0397579593800436,-0.0094794410419065,phone_B,9.770293937657241,0.04683222597483949
1123,8,18,Standing,-0.0370086921927419,0.0575799561909127,9.732866503040976,0.0096681161698138,-0.0546968254827634,-0.0109339710223926,phone_B,9.733107184279326,0.056610660749397836
1124,8,19,Standing,-0.0612154767730387,0.1388635844076106,9.770973147165304,0.0177586293476818,-0.0463504468143004,-0.0058879674494185,phone_B,9.772151588687954,0.0499840074111615
1125,8,20,Standing,-0.0781903211814432,0.159174442852761,9.799882796618686,0.0292845044744112,-0.0508888993014801,-0.0020557140705575,phone_B,9.801487288011286,0.058749367952071446
1126,8,21,Standing,-0.064334637363563,0.1249906380831864,9.82170195152691,0.0200649205621189,-0.0615300851365674,-0.0235281491979815,phone_B,9.822707917361722,0.06886309765585522
1127,8,22,Standing,-0.027515468507614,0.1722703575777295,9.856842585981424,0.0248784285591439,-0.0524348762169021,-0.0064217605995275,phone_B,9.858386274737065,0.058391707122261084
1128,8,23,Standing,-0.0544021784898253,0.1243085948116493,9.854934389896492,0.0414096106847144,-0.0406498254153194,-0.0028528693918551,phone_B,9.855868508301693,0.05809735817679272
1129,8,0,Laying,7.546230562076248,0.0756527615584247,6.4173468037118155,0.0163104886185787,-0.0089694022820845,-0.0100071294858623,phone_B,9.906243437118597,0.021133500817930344
1130,8,1,Laying,7.472986767688188,0.0997536074207266,6.422280464493496,0.0200256501710007,-0.0062922691034533,-0.0120209992284328,phone_B,9.853992509478125,0.024189331071601698
1131,8,2,Laying,7.480162534375993,0.0903333283270694,6.403263548570754,0.0097832036616613,-0.0047236611389178,-0.010799587353255,phone_B,9.846967844130692,0.015318457345354674
1132,8,3,Laying,7.469180227274079,0.0642666200885356,6.445262493017964,0.0100409185109493,-0.0057377896066352,-0.0108826212258311,phone_B,9.86580924556439,0.015879978553463
1133,8,4,Laying,7.5099829458525535,0.0429085204825967,6.424648164504181,0.0178657781330934,-0.0103716282932815,-0.0144403345789088,phone_B,9.883207426022848,0.025204760750813425
1134,8,5,Laying,7.479824719861036,0.0907809081512479,6.423375443660851,0.0063726267154336,-0.0032025924355236,-0.0197569440176826,phone_B,9.85980583497232,0.021004851974726586
1135,8,6,Laying,7.489693162591318,0.0292614464839297,6.39909471705852,0.019173377623438,-0.0078636340444747,-0.0100846461515659,phone_B,9.851130549328017,0.02304680537251676
1136,8,7,Laying,7.495716978224843,0.0832183171763209,6.400143987895437,0.0108042763266146,-0.002874325486087,0.0007341959579939,phone_B,9.856700328799489,0.011204158944184455
1137,8,8,Laying,7.533405594825568,0.047822733101485,6.442906071994272,0.0229225635611983,-0.0127141376626262,-0.0186413739963436,phone_B,9.912896928874583,0.032165105956501086
1138,8,9,Laying,7.512667192955206,0.0505871771313464,6.417396746437953,0.001778837949781,0.0057235825283235,-0.0224783998935329,phone_B,9.880572271674755,0.023263751270671956
1139,8,10,Laying,7.514451104002006,0.0854865074950972,6.424849006974199,0.0032257745092793,-0.0105755096538377,-0.0156806399210974,phone_B,9.887010068762851,0.019186700965987978
1140,8,11,Laying,7.501317675912699,0.0627589063254238,6.390407711476647,0.0134665698315525,-0.001593410872509,-0.0135203580819856,phone_B,9.854492187534763,0.019149087286391045
1141,8,12,Laying,7.556975776521797,0.0449354567765346,6.407091686265392,0.0047774382010401,-0.0032655069269264,-0.0155639363068393,phone_B,9.90760949767521,0.016604925914255445
1142,8,13,Laying,7.500803740590362,0.0035241375035273,6.410960203112628,0.0096892513468994,-0.0011372159373636,-0.0081788328357406,phone_B,9.867242770921035,0.01273059929094362
1143,8,14,Laying,7.570996177755449,0.0712781970921854,6.459246542955647,0.0115890182956678,0.0084390872984166,-0.0046274979144043,phone_B,9.952232393169524,0.015064437474908765
1144,8,15,Laying,7.54634028267068,0.0681246105208693,6.41920726147355,0.0061914250726649,-0.003734297414036,-0.0123592260386026,phone_B,9.907477705762025,0.01431884038182464
1145,8,16,Laying,7.5049178969437875,0.0438384382420237,6.3650685646448615,0.0162232841149634,-0.0029387598023112,-0.0137042387560991,phone_B,9.84072214225993,0.021439156152579155
1146,8,17,Laying,7.559649203575707,0.0542592538926372,6.459622223916248,-0.0021249347855539,0.0128378318133304,-0.0102621362816822,phone_B,9.943739710162797,0.016572166864174197
1147,8,18,Laying,7.528624413611225,0.0805037025220115,6.393820616380119,0.0030312431896676,0.0071665284269427,-0.0283295544711105,phone_B,9.877631724345171,0.02937875459410594
1148,8,19,Laying,7.537507066088182,0.0562990646421212,6.471748088069112,-0.0052994176241637,0.0081841299945065,-0.0208209733738376,phone_B,9.934822880727921,0.022990796923037096
1149,8,20,Laying,7.512332886109937,0.0105598112421258,6.3947613451950085,0.0060540270599317,-0.0081445226129908,-0.0133532099327684,phone_B,9.865507060630113,0.016771783081845782
1150,8,21,Laying,7.506857675050271,0.0089008394640724,6.408163113208486,0.0050881652339963,-0.0031537247916934,-0.0179134993494683,phone_B,9.870032718481243,0.018887267257430108
1151,8,22,Laying,7.54067208850751,0.0644096692744713,6.412968477746567,-0.0037606754978706,-0.0010742694122993,-0.0156110647577147,phone_B,9.899093334667745,0.01609354149465083
1152,8,23,Laying,7.486495583342817,0.013216227246349,6.402066944882205,0.0006974139695113,-0.0061603361999678,-0.014500576180735,phone_B,9.850596527867108,0.015770315086097754
1153,9,0,Walking,-1.2700643050384386,-0.3601301610736804,9.290063881017533,-0.1583440246285725,-0.1715521548412989,-0.0304830478032865,phone_A,9.383391923245787,0.23544041320394513
1154,9,1,Walking,-1.4349294319890933,0.0642683211225116,9.574283616763916,0.0303056194998186,-0.212445716205357,0.075170458512746,phone_A,9.681428596344775,0.22738120137841503
1155,9,2,Walking,-1.0548148564763091,0.6338511386210952,9.605072828031007,0.2803843104929974,-0.1734351846043046,0.1356796699271311,phone_A,9.68358537315358,0.356516616247964
1156,9,3,Walking,-0.4499784406118382,0.7859932437917406,9.731920837059372,0.4428693758012506,-0.0916717480217754,0.1812397212853199,phone_A,9.773973048617032,0.4872215409642082
1157,9,4,Walking,0.0206297940610973,0.981396093083175,9.808844634663346,0.4986266151581372,0.1325482566507163,0.093274119223154,phone_A,9.857839365037647,0.524306783288239
1158,9,5,Walking,1.0803920644695113,0.6242933120474586,10.0914632511192,0.4116932530726693,0.2760535449847285,0.0926049788723776,phone_A,10.168314496568502,0.5042544758712073
1159,9,6,Walking,1.4016689599949528,0.3702574291964107,10.289094167776346,0.2038260029693166,0.4021124803080039,0.0249778430645578,phone_A,10.39072784893617,0.45151232425046867
1160,9,7,Walking,1.0955198362141365,0.1752497962538425,9.903831493903324,-0.0227475364211564,0.3601436515366568,-0.0503763231706039,phone_A,9.96577916985205,0.3643606374069211
1161,9,8,Walking,0.8368528415112783,-0.4488620105520236,9.761744240868351,-0.2377122762071203,0.2862820466817058,-0.1042003643354144,phone_A,9.807825977605267,0.3864223756972023
1162,9,9,Walking,-0.0336478780887561,-0.7397682669611587,9.64141433417949,-0.3872178380217339,0.150752351911978,-0.1429990855020964,phone_A,9.66981176816924,0.4394458603100665
1163,9,10,Walking,-0.5463275382834009,-0.5489836562256262,9.161635483193493,-0.3562670670867751,-0.0483858428041432,-0.116522485192391,phone_A,9.19431463246716,0.3779482800991307
1164,9,11,Walking,-1.1325191116944195,-0.2724215686949242,9.494517260498762,-0.2219326371009517,-0.1511571468574194,0.0020172052796292,phone_A,9.565702852344527,0.2685268097859101
1165,9,12,Walking,-1.4533521931099176,-0.0840027599574173,9.340463312767865,0.0380130021020531,-0.2319536031606604,0.0390352650522962,phone_A,9.453229287289096,0.23826710697393136
1166,9,13,Walking,-1.480203727651003,0.5353201419243228,9.495485805448912,0.2707639343045184,-0.1645828058709373,0.1017601735137164,phone_A,9.625062151029653,0.3327998512949696
1167,9,14,Walking,-0.7351028345362353,0.7329514921011101,9.803652074942889,0.4723213527343519,-0.1113116656609655,0.1808667363476037,phone_A,9.858457692440966,0.5178711456318649
1168,9,15,Walking,0.1551961955759361,0.8316179024839923,9.929819171873511,0.5083620397861445,0.0936378476781363,0.1661580076985787,phone_A,9.965790635015361,0.5429626999487942
1169,9,16,Walking,0.8356686143963685,0.5880036287968029,10.186016567141436,0.443740034479207,0.2475769806413342,0.0567388145166001,phone_A,10.237139434756429,0.5112913774119768
1170,9,17,Walking,1.2378189881205135,0.3784583687251347,9.945713510161886,0.2082922677221675,0.311249285384178,0.0271889181039674,phone_A,10.029588416800882,0.37550103024182085
1171,9,18,Walking,1.3506841618831786,-0.2864510491835502,10.031187006987556,-0.0339157916283497,0.3763612452679462,-0.0788903502469371,phone_A,10.1257648934733,0.38603336024688484
1172,9,19,Walking,0.885028019882873,-0.5806574424640115,9.749724476829057,-0.2565818880883853,0.2922432835226566,-0.12874855121541,phone_A,9.80701611274022,0.4096542340793899
1173,9,20,Walking,0.2609328972578821,-0.7603475038152139,9.914267341376917,-0.40570859549595,0.1311362420659738,-0.0531964749034813,phone_A,9.946804070641099,0.42968132771233936
1174,9,21,Walking,-0.4186948864001292,-0.8730074996401767,9.549809213324162,-0.4031337122319356,0.0004661387248574,-0.1054630702604783,phone_A,9.598765728634941,0.41670069163846907
1175,9,22,Walking,-1.1712696263554985,-0.2661013712902964,9.439576150985523,-0.2164406372132304,-0.1505183302082799,-0.0400374275939648,phone_A,9.515686017712028,0.26665579456351585
1176,9,23,Walking,-1.3605903567718218,0.0942743804268751,9.422270672790813,0.0339836486897718,-0.2077274484275246,0.0613576081569222,phone_A,9.520466291578327,0.2192494864012642
1177,9,0,Walking Upstairs,-0.8719486262272401,1.0019679700151185,10.102178540361225,0.6541106533157002,-0.0736190767069392,0.286919704375246,phone_A,10.189123881916965,0.7180553126292242
1178,9,1,Walking Upstairs,0.2323567547598914,1.4470761866892754,10.549549410543182,0.7721923216045998,0.1510953818467592,0.305920884538072,phone_A,10.65086906862805,0.8442146549054192
1179,9,2,Walking Upstairs,1.2990481728640215,1.0853972047669591,10.64316366874018,0.6026811731446302,0.4652716523904957,0.1920199695920396,phone_A,10.776945120354293,0.785222246057317
1180,9,3,Walking Upstairs,1.967837009816401,0.4705819513596614,10.740216631423609,0.2553236199474418,0.55490011905341,0.0191356487698693,phone_A,10.929139177449288,0.611122300429626
1181,9,4,Walking Upstairs,1.7210080042874722,-0.1936684984426215,10.447150009695337,-0.1494701013465699,0.5129410753043406,-0.0995887723480405,phone_A,10.589727067454941,0.5434774894222546
1182,9,5,Walking Upstairs,0.8446219375077761,-0.7989729618067604,9.993059986511854,-0.4905366959764198,0.3714626969349638,-0.1972021106051331,phone_A,10.060466783655814,0.6461419795530843
1183,9,6,Walking Upstairs,-0.2866790079016942,-0.6723439420581505,9.652768782131776,-0.5232327300753653,0.0638396672552465,-0.112045200104185,phone_A,9.680401664770505,0.5388897102411286
1184,9,7,Walking Upstairs,-1.1077691430990824,-0.3745334411306994,9.621989027977785,-0.3040886656267236,-0.1476509010595378,-0.0342283882436584,phone_A,9.692786009577048,0.33976799099987826
1185,9,8,Walking Upstairs,-1.489090669330581,0.2898707591775301,9.55080031376223,0.0858362894645532,-0.2386003261862627,0.1059140789701913,phone_A,9.670532700522461,0.2748013398244948
1186,9,9,Walking Upstairs,-1.30264033610443,0.8335101188989866,9.804357367691916,0.4527974039729563,-0.1990990183127802,0.2396628776109045,phone_A,9.925574762046177,0.5496400668096357
1187,9,10,Walking Upstairs,-0.3940939608699056,1.1999788848204085,10.370097995375165,0.737291357219133,0.0633239657084546,0.2778679697689026,phone_A,10.446731154178947,0.7904549820746077
1188,9,11,Walking Upstairs,0.6873539151923591,1.2997650937788172,10.445828167283796,0.7412218038537081,0.2845154574109105,0.243495441688291,phone_A,10.548799495874196,0.830450984788904
1189,9,12,Walking Upstairs,1.643269939346354,0.96199187571891,10.571818447174048,0.4439470206265702,0.5179290273512136,0.1184869008858993,phone_A,10.741932309529698,0.6923717066559893
1190,9,13,Walking Upstairs,2.143747792145418,0.1447544405139297,10.79426762191362,0.0431466681462715,0.5936237540729055,-0.0799475961834497,phone_A,11.006035704915261,0.600535106806626
1191,9,14,Walking Upstairs,1.5027775015729532,-0.7874667234896015,10.12010570191442,-0.3198221969273321,0.424143307231426,-0.1445250418574616,phone_A,10.261334390699782,0.5505190918038521
1192,9,15,Walking Upstairs,0.5246919482449405,-0.8932063975229428,9.767032835256376,-0.5363254825270369,0.2024897556675221,-0.1682552316548425,phone_A,9.821814990830624,0.5974587411172226
1193,9,16,Walking Upstairs,-0.718321807688727,-0.7396197559413049,9.816361377016047,-0.4655494293523065,0.0066454139234531,-0.109584680811398,phone_A,9.870358366693292,0.4783191768735686
1194,9,17,Walking Upstairs,-1.4972120045990445,-0.028665022289561,9.699274617488712,-0.1435529945705169,-0.1865687015154202,0.0673578474942246,phone_A,9.81419347555769,0.24485183735142368
1195,9,18,Walking Upstairs,-1.6495774986077862,0.6142640763291058,9.972819758924214,0.2988750975634029,-0.2038064204147986,0.2133082450570497,phone_A,10.126971917773385,0.41995688868638126
1196,9,19,Walking Upstairs,-1.1093201869457403,1.186897251798706,9.972871787356947,0.6217518934582097,-0.0192986068921786,0.270522143386657,phone_A,10.104330163378116,0.6783288902216673
1197,9,20,Walking Upstairs,0.0844526049923009,1.49346169648099,10.341448225918048,0.7573708360066097,0.2039405953490367,0.2652236974184379,phone_A,10.449072278948472,0.8279770282664717
1198,9,21,Walking Upstairs,1.0849401887796526,1.1822803820623713,10.631395737371845,0.6663275080155551,0.4017948033890243,0.1900172105031394,phone_A,10.751811821253524,0.8009606433877002
1199,9,22,Walking Upstairs,2.1149920137613902,0.4150558623463859,10.649176374613248,0.2831003286687068,0.5354217034177274,0.0245016216623032,phone_A,10.865101014015632,0.606153879841706
1200,9,23,Walking Upstairs,1.7707853997399294,-0.2220103387054973,10.443986982439574,-0.1442439867106622,0.5378118296502925,-0.127521579547964,phone_A,10.595368498159537,0.5712351924246165
1201,9,0,Walking Downstairs,-2.4399928364992647,-0.0235869439374571,8.797026660702514,0.107657634675957,-0.6909730887344674,0.0900627376383208,phone_A,9.129172988568179,0.7050852943936506
1202,9,1,Walking Downstairs,-1.53296825571622,0.6408832507725563,9.532253094115868,0.5688510591490938,-0.4306426645918473,0.1956060154488199,phone_A,9.675979126911962,0.7398015580826902
1203,9,2,Walking Downstairs,0.0515984993182902,0.7928486236859155,9.799900050799328,0.6649924353036235,-0.0890722492720983,0.1063363503853397,phone_A,9.832055347223653,0.6793056926117346
1204,9,3,Walking Downstairs,1.2888464049976402,0.6410648990162584,10.14813089073585,0.4301411316147335,0.2640819675994465,0.0325423926379721,phone_A,10.249714622170378,0.5057862058583671
1205,9,4,Walking Downstairs,1.8446402682370495,-0.5542514118223276,10.040138875969747,-0.1520975931896109,0.399643533647149,-0.1847756512258264,phone_A,10.223222632588403,0.4658225768744797
1206,9,5,Walking Downstairs,1.4673379233362236,-1.29950957764257,9.618746591793968,-0.6349334311114854,0.1598114673694516,-0.3162369496963231,phone_A,9.816419495966619,0.727107953057189
1207,9,6,Walking Downstairs,-0.3568749117065819,-1.791836691696169,9.02746911809322,-0.9059887663192008,-0.145921041206578,-0.288871746578514,phone_A,9.2104960295546,0.9620579405289063
1208,9,7,Walking Downstairs,-1.95232152574759,-1.1767021479053814,8.593736077449122,-0.6950680799609033,-0.4718300376417636,-0.1380702757365334,phone_A,8.890921608789112,0.8513557548073114
1209,9,8,Walking Downstairs,-2.4922522186583667,-0.759201461657304,8.692257695203317,-0.1945917631270707,-0.6837121588333899,0.022964117787445,phone_A,9.074307236401653,0.7112352783146181
1210,9,9,Walking Downstairs,-2.1362669679712765,0.2443539616747684,9.151404570189774,0.346204761053104,-0.5801231685596134,0.1607266890196069,phone_A,9.40061439610846,0.6944304830857354
1211,9,10,Walking Downstairs,-0.6223860540079994,0.9197312135394756,9.60068650879203,0.6687630428050355,-0.2578690017028994,0.2407553517243373,phone_A,9.664701306583858,0.756110817833609
1212,9,11,Walking Downstairs,0.8764055086663632,0.8651846888099383,10.04827907934373,0.5579618039649765,0.0653167424645402,0.1002600175007335,phone_A,10.123465000569162,0.5706485105906064
1213,9,12,Walking Downstairs,1.7106718363475548,-0.074018965290906,9.7990372985331,0.1101676084763609,0.3078777813413536,-0.0814310011217007,phone_A,9.947512700013926,0.3369816584693557
1214,9,13,Walking Downstairs,1.61125391630532,-0.8733571679609655,9.658552948714677,-0.4052455422264878,0.2894877416275356,-0.2344312833805023,phone_A,9.830897059208942,0.5504408493875435
1215,9,14,Walking Downstairs,0.5965544878176844,-1.707449977039003,9.188431674604413,-0.8673224898382135,0.0330409254321272,-0.3400342077520598,phone_A,9.364749826872021,0.9321819921958052
1216,9,15,Walking Downstairs,-0.9684958544476172,-1.7346784459739146,8.757810072236616,-0.8432873274206115,-0.302134404108842,-0.2712728362493776,phone_A,8.98033021622133,0.9359528120697027
1217,9,16,Walking Downstairs,-2.224799609997407,-0.9460034735535272,8.797298474217028,-0.522018774549565,-0.6231923815584507,-0.0100705854215718,phone_A,9.123437746873774,0.8130029287188677
1218,9,17,Walking Downstairs,-2.4669519748499997,-0.2649403080394717,8.771392899452445,0.0181496060952485,-0.6414942033277742,0.1252382948372497,phone_A,9.1155569665054,0.6538569045275046
1219,9,18,Walking Downstairs,-1.6375594158513738,0.6758295288839663,9.43626078767844,0.517669865644691,-0.4746427809750393,0.2012278960267944,phone_A,9.60111264623183,0.7305891632563968
1220,9,19,Walking Downstairs,-0.0709478603271614,0.9065033762979644,9.660262054759288,0.6956760152235099,-0.0936315435086459,0.1862764117536203,phone_A,9.702960627393411,0.7262443704930709
1221,9,20,Walking Downstairs,1.4265066661408687,0.5060657138067067,9.873877811101142,0.4192455829357564,0.2161745340108283,0.0155814541863671,phone_A,9.989218528182798,0.4719545207755752
1222,9,21,Walking Downstairs,2.0267647965707187,-0.495727259625129,10.071486686889838,-0.1050544913404444,0.3565645198356369,-0.1964165961997822,phone_A,10.285347108423373,0.420421434062449
1223,9,22,Walking Downstairs,0.9929248981982322,-1.1369468568689358,9.4829166718281,-0.6871883436642482,0.2203355621021545,-0.3241366929473194,phone_A,9.60230475529919,0.7911006101057627
1224,9,23,Walking Downstairs,-0.2492821057878061,-1.5805078323425663,8.823437462901092,-0.903349355468028,-0.1121531492742553,-0.2990070698216768,phone_A,8.96734047742633,0.9581354887070931
1225,9,0,Sitting,0.0541315168197595,-0.1888549567111803,9.716223023046409,-0.0239753617708306,-0.0140322838192792,-0.0199180355246484,phone_A,9.71820900420261,0.034182614007535556
1226,9,1,Sitting,0.013542533383689,-0.1786257346643354,9.810375593761732,-0.0200850067548078,-0.0234936171908966,-0.010356913284688,phone_A,9.81201099897318,0.03259790173983003
1227,9,2,Sitting,0.02659824322277,-0.1887224335258894,9.799025139334484,-0.0206300161946454,-0.0198828326163349,-0.0067646868331657,phone_A,9.800878394550546,0.02943952426571
1228,9,3,Sitting,0.0041562990566609,-0.1614049013680943,9.77584203045296,-0.0102133782163592,-0.0203549984866187,-0.0065430106914378,phone_A,9.777175268009577,0.023694937157311042
1229,9,4,Sitting,-0.0050672593818452,-0.1954664232800662,9.802224311136332,-0.0101612029407001,-0.0285123103234758,-0.0070573952723933,phone_A,9.804174327580048,0.03108068070707391
1230,9,5,Sitting,-0.0517566537784212,-0.1911298591365104,9.795311224455844,-0.0136754599218352,-0.0224557400530012,-0.0255617257788263,phone_A,9.797312455883732,0.03666988260403346
1231,9,6,Sitting,-0.0050891317765681,-0.1652114940938375,9.782765741585496,-0.0060297521939395,-0.0251423973024202,-0.007762147542905,phone_A,9.784162012752128,0.02699535123147856
1232,9,7,Sitting,-0.0311543200184784,-0.1754901960875506,9.73961984642258,-0.0217062960315112,-0.03103407525246,0.0029909242269256,phone_A,9.74125054361129,0.03798977154332676
1233,9,8,Sitting,-0.0068662251283273,-0.1614312857098964,9.758525152482946,-0.0201207638132036,-0.0194690229840341,-0.0183799038563755,phone_A,9.759862722225952,0.033491922282084356
1234,9,9,Sitting,-0.0158911636676494,-0.1647081220911143,9.777504489494694,-0.0124455062260431,-0.0365932585462829,-0.0094357667595891,phone_A,9.778904608219388,0.039786818050693
1235,9,10,Sitting,-0.0223159567376604,-0.1789701914533309,9.796547415762946,-0.0140363427093575,-0.0241535290761518,-0.0029633026370816,phone_A,9.798207468748844,0.028092579910111114
1236,9,11,Sitting,0.0191919154180688,-0.159179639681829,9.79279852697861,-0.0064231028421099,-0.0236586631811605,-0.0122204102363232,phone_A,9.79411095900496,0.027392097765303637
1237,9,12,Sitting,-0.0716381252314732,-0.1425529210998395,9.784690266371276,-0.0011472578528429,-0.0296300413805655,0.0064357105842533,phone_A,9.785990852495294,0.030342609042717527
1238,9,13,Sitting,-0.0176737751171831,-0.1375654238794029,9.78982767306726,0.0077176786111389,-0.0285065381106669,-0.0057361365470241,phone_A,9.790810103179794,0.030084689472983445
1239,9,14,Sitting,-0.0437570094412665,-0.1053536591670614,9.786702282887548,0.0015364477015421,-0.0079357712207659,0.000800208970211,phone_A,9.787367145624582,0.008122651710120067
1240,9,15,Sitting,-0.038618063580408,-0.1451396829495508,9.753149425584157,-0.0021456626281174,-0.028990697690743,-0.0040281221584929,phone_A,9.754305746703555,0.029347745890161526
1241,9,16,Sitting,-0.0402803535350547,-0.0965368089232713,9.786480559956114,0.0002781033026509,-0.0218763987091865,0.0029377045439222,phone_A,9.787039573474551,0.022074516300875615
1242,9,17,Sitting,0.0024203345774499,-0.1153836511455646,9.78397730927926,0.0070349331009255,-0.0216594625909972,0.0016742773378763,phone_A,9.784657951786693,0.02283475001109998
1243,9,18,Sitting,-0.0086468388766678,-0.0904835876185505,9.770420207570838,0.0067169112730814,-0.0233609466313704,-0.0024069478059598,phone_A,9.770843007640613,0.024426299807887374
1244,9,19,Sitting,-0.0216472093835158,-0.1339236522677868,9.771909633342034,-0.003059928572127,-0.0293320358937863,0.0033625360008052,phone_A,9.77285127424508,0.029682286652102766
1245,9,20,Sitting,0.0322222456281435,-0.1076728800832534,9.721171114772934,0.0108127648682907,-0.0282656496702557,0.0049576678262339,phone_A,9.721820794733587,0.03066661549069024
1246,9,21,Sitting,0.0025730726223542,-0.122948512638726,9.785633132536743,0.0080548796615021,-0.0162621096027921,0.0025514837388799,phone_A,9.786405814294831,0.018326138828576845
1247,9,22,Sitting,0.032730642030839,-0.0913966510730428,9.806967326030424,-0.0013649586734036,-0.0169622973486916,0.0003059100975739,phone_A,9.807447821761961,0.01701987733543716
1248,9,23,Sitting,0.0264477563988506,-0.1361548688225195,9.762826150439375,0.0223120765703246,-0.0286634077690219,0.010265079510707,phone_A,9.763811349868734,0.037746411262190076
1249,9,0,Standing,-0.2564607510169018,0.1307858896197104,9.693572316274578,0.0110209013740874,-0.0530460322338387,-7.696468590545277e-05,phone_A,9.697846220505904,0.05417884943789127
1250,9,1,Standing,-0.2213058545049779,0.14696897703207,9.692204681876222,0.0194777058095371,-0.0462123374334977,0.0004752518305801,phone_A,9.695844870707832,0.05015164024209775
1251,9,2,Standing,-0.2230668029247973,0.1449556672368341,9.703647567172942,0.0286512458329255,-0.0455973052489646,0.0045690591367889,phone_A,9.707293497774367,0.05404520732813835
1252,9,3,Standing,-0.2480041464053874,0.1868677143611035,9.723525547408798,0.0113817831788849,-0.0486013482103951,0.0142273145866329,phone_A,9.728482649951962,0.05190426299010747
1253,9,4,Standing,-0.2121100468622425,0.158837581262682,9.775118949001556,0.0280809663438789,-0.0448880268674638,0.0063461881787806,phone_A,9.778710064028413,0.05332681999951531
1254,9,5,Standing,-0.2186712141472208,0.151777124150566,9.745271904335189,0.0282048901509959,-0.0519079897541039,0.0071334056965829,phone_A,9.748906496871166,0.05950496370534094
1255,9,6,Standing,-0.2274979209617036,0.2050653365696724,9.703597405108315,0.0266107756620325,-0.0429310599270664,0.0147989291296601,phone_A,9.708429826533699,0.052632856574397424
1256,9,7,Standing,-0.2131384287394146,0.2304013510246171,9.77093959980106,0.028739229619859,-0.0366346419079578,0.0075154714227903,phone_A,9.77597941054092,0.047164845145235626
1257,9,8,Standing,-0.1818990754365897,0.1576012982082614,9.738533725936604,0.0359624281552864,-0.0285516086933594,-0.0031456046786996,phone_A,9.741507305034796,0.046025921246592216
1258,9,9,Standing,-0.1596670416535549,0.1920167170100531,9.716781263588915,0.0169481169102021,-0.042743674869167,0.0101940929058689,phone_A,9.719989820377092,0.04709755766806198
1259,9,10,Standing,-0.1857447409172438,0.2151148317498552,9.754845727445998,0.0297220128058745,-0.0335629937799593,0.0105769188282728,phone_A,9.758985124790827,0.04606239039179389
1260,9,11,Standing,-0.167940015510362,0.1824258298508979,9.795719775980183,0.033718172873177,-0.033705790980999,0.0069999029035794,phone_A,9.798857533495202,0.04818707470079277
1261,9,12,Standing,-0.1361194205383873,0.200775897606025,9.76026183713729,0.0437310231050249,-0.0129512679540342,0.0112088639184912,phone_A,9.763275607458072,0.04696569337050895
1262,9,13,Standing,-0.1212239610459099,0.2309859125377151,9.766711472226543,0.0387047397516176,-0.0307729263810989,0.008238817470329,phone_A,9.770194610254398,0.05012891371859537
1263,9,14,Standing,-0.156734785114807,0.1950353279124912,9.767068542959173,0.036831171220288,-0.017136763315065,0.0080962345919998,phone_A,9.770272897665732,0.04142164705734699
1264,9,15,Standing,-0.1767625029911982,0.1855130500197527,9.75148217814199,0.0396650836629768,-0.0145785420384918,0.009532116992962,phone_A,9.754848268671951,0.043321057285418796
1265,9,16,Standing,-0.1391065493840422,0.208442444369081,9.78100923921977,0.0306607566080544,-0.0104639333306243,0.0119254707741868,phone_A,9.784218958220356,0.03452235145108289
1266,9,17,Standing,-0.0852920572055563,0.1842367454291708,9.825144981032883,0.0334690024070306,-0.0083927560899184,0.0028329223127161,phone_A,9.827242329957288,0.03462135072085674
1267,9,18,Standing,-0.1046574378008345,0.1351938388548802,9.790580802102186,0.0355812200380696,-0.0122849215919691,0.0151867524107346,phone_A,9.792073477861736,0.040590392541872605
1268,9,19,Standing,-0.1187336663333811,0.1770599965550384,9.777513602893368,0.0299368591857715,-0.0012896781334066,0.0121542549815487,phone_A,9.779837431198224,0.03233581175342595
1269,9,20,Standing,-0.0984900143528828,0.1677042406952488,9.772728825905698,0.0391434465466198,0.0014233237105319,0.001188297320055,phone_A,9.774663866341522,0.03918733607243409
1270,9,21,Standing,-0.1079600195521075,0.1470112870199937,9.806940862344852,0.0323136699480846,-0.0157214067022243,-0.0016462070780805,phone_A,9.808636845243184,0.03597284937219195
1271,9,22,Standing,-0.0255722084604912,0.1674807584000556,9.84041832579803,0.0303771582396695,-0.0080732319908571,-0.0030789398650177,phone_A,9.841876679220356,0.03158209442371602
1272,9,23,Standing,-0.0631886372208014,0.1417701924727877,9.778911017689992,0.032772677934639,-0.0059171369934422,0.0035004911811406,phone_A,9.780142753725341,0.0334860324272073
1273,9,0,Laying,7.317687915226778,0.0320371718475681,6.310421560206288,-0.0091655415851708,-0.0202565065398147,-0.0098280311387226,phone_A,9.662867228341305,0.024308916179269533
1274,9,1,Laying,7.254845820477756,0.0116717265716361,6.345750730469301,-0.0090336456255396,-0.0162108474367486,-0.0194649541438244,phone_A,9.638541198820306,0.026893916927932904
1275,9,2,Laying,7.297543879598617,0.0214342143601341,6.272617826160458,-0.0130159819983563,-0.0070014065665176,-0.0141090248427223,phone_A,9.62290707080134,0.02043281829077345
1276,9,3,Laying,7.326070736601253,0.0218931869278728,6.3089108432840995,-0.0246973971542608,-0.0085252463715819,-0.0180763099288757,phone_A,9.668202923906117,0.031770965244012184
1277,9,4,Laying,7.296635650795542,0.0278858586048316,6.35693826221846,-0.0134263206775449,-0.0064622098380432,-0.0209551293031432,phone_A,9.677413575497726,0.02571271450155784
1278,9,5,Laying,7.315372375205114,0.0141050509876612,6.351307132198827,-0.0165322269109146,-0.0117014072439032,-0.0058492560502447,phone_A,9.687826083693759,0.02108201258094121
1279,9,6,Laying,7.305061204890895,-0.0123354354453979,6.38345963822182,-0.0198261627376044,-0.0111078410250954,-0.0100195887784181,phone_A,9.701166338279984,0.02483652593309635
1280,9,7,Laying,7.312172103036502,0.0105133415442277,6.314165024668173,-0.0148027968380306,-0.0178853397848557,0.0009201100362979,phone_A,9.661089553125906,0.023234775142588468
1281,9,8,Laying,7.2980975344908785,0.0301402650913275,6.309557768282545,-0.015533770836527,-0.0143934880785782,-0.0211459433152846,phone_A,9.647468854047482,0.029926935261786147
1282,9,9,Laying,7.297697631312428,0.0050906647932738,6.346378995790137,-0.0205707297437484,-0.015594746072456,-0.0170876487874145,phone_A,9.67124309440815,0.03095704715144429
1283,9,10,Laying,7.335896665585114,-0.0063317878299256,6.3303437599844425,-0.007528290055751,-0.0134785389957764,-0.0197928161869539,phone_A,9.689616715807384,0.025101827368435328
1284,9,11,Laying,7.263858372246877,0.0371234878777432,6.283997168127731,-0.0109293103399073,-0.0123835036230728,-0.0090892727299112,phone_A,9.60487568969274,0.018852476369097225
1285,9,12,Laying,7.307893373458166,-0.0073985262542808,6.2903816617975785,-0.0088977500721667,-0.0173102823088703,-0.027658648686555,phone_A,9.64231620240198,0.03382035891479866
1286,9,13,Laying,7.31048101807813,-0.0095622344565481,6.325739851603336,-0.004710065464166,-0.0138940443096586,-0.0049748569041432,phone_A,9.667378591023063,0.015491235753553914
1287,9,14,Laying,7.296286396688103,0.0565173921873452,6.2868356788780195,-0.0129700780709731,-0.0104108196620653,-0.0118700831476966,phone_A,9.631370216710039,0.020432987180938906
1288,9,15,Laying,7.319451227676362,0.0066032565205065,6.364486345333414,-1.5827355502921747e-05,-0.0132062827936137,-0.0071771253256292,phone_A,9.699541036423588,0.015030545022382507
1289,9,16,Laying,7.318670802685002,-0.0116191504397989,6.279353996851533,-0.0050135370401578,-0.0136964679251542,-0.0116043642691421,phone_A,9.643306691198108,0.018638402757982078
1290,9,17,Laying,7.2874232519454125,-0.0408512169288904,6.30683141861885,-0.0168486203547151,-0.0102654308159522,-0.0040157783808646,phone_A,9.637651633971684,0.020134089343663907
1291,9,18,Laying,7.299865065925154,0.0295061764224499,6.273644075673282,-0.0085405143428965,-0.0124217502698717,-0.00224404312455,phone_A,9.625357685997544,0.015240603483888641
1292,9,19,Laying,7.336746702207765,-0.0217953816996749,6.300890029803272,-0.0162682951646805,-0.0155772456064257,-0.0093532307957367,phone_A,9.671067282295901,0.02438833603521144
1293,9,20,Laying,7.276326986095016,0.0471847078885121,6.282633795739622,-0.01776863503193,-0.023160745107072,-0.0113038823965497,phone_A,9.613461822704803,0.03130371003647516
1294,9,21,Laying,7.24989962772249,0.0213311472405822,6.305643052174714,-0.0159257462294444,-0.0121639596565799,-0.009197674700345,phone_A,9.60846678358897,0.022049683158379678
1295,9,22,Laying,7.305667150517548,0.0187925625629116,6.30883140963285,-0.0142463376588027,-0.0178271906000132,-0.0042571869241372,phone_A,9.652692858976136,0.02321401520385613
1296,9,23,Laying,7.267358792168214,0.0378225268921665,6.288819165209422,-0.0059573141418459,-0.0216290509311172,-0.0031022358159105,phone_A,9.610680561248017,0.022647942578146407
1297,10,0,Walking,0.80874226382173,0.9291550332210028,9.949686373902829,0.4309911071210894,0.1965316589998637,0.1482737451707713,phone_B,10.025649707828368,0.49634980700476544
1298,10,1,Walking,1.2088949679026677,0.4615487041977529,10.146053981858566,0.2612046909597198,0.3830746885970309,0.0155767754707443,phone_B,10.22823863881534,0.4639145864888718
1299,10,2,Walking,1.583858025103873,0.3164067503619229,9.919234526300794,0.0040908553769593,0.3903218533741191,-0.0407230520800115,phone_B,10.049872290886002,0.3924617832220532
1300,10,3,Walking,1.0627797334482632,-0.3717228584228083,9.518076888525178,-0.2003066337512342,0.3116090864154206,-0.1224219150131787,phone_B,9.584438757756216,0.390141122591426
1301,10,4,Walking,0.4212468132671803,-0.6484754580044839,9.564745376817058,-0.3897202789861315,0.1908507737298611,-0.1268001763169391,phone_B,9.595953492001989,0.45208870634016246
1302,10,5,Walking,0.1204401086911731,-0.5697381601872199,9.576976208241978,-0.4221424876911614,-0.0202831084498463,-0.1257923208332162,phone_B,9.594664177770266,0.4409528233077518
1303,10,6,Walking,-1.0464295489532482,-0.3706843549440206,9.247598379870114,-0.340623775797234,-0.0856065811829485,-0.0661983488659402,phone_B,9.313994711577795,0.35740070617274083
1304,10,7,Walking,-1.461853428671477,0.1150722171579332,9.260759870736818,-0.0509109255540814,-0.2353355330913686,0.0177708737118572,phone_B,9.37613622157494,0.24143433771660283
1305,10,8,Walking,-1.2145929342723036,0.5248316096874981,9.554007143057882,0.1706653410950136,-0.2017781767765619,0.1276445094582551,phone_B,9.645192414053357,0.29348630644237794
1306,10,9,Walking,-0.8054516928568581,0.8105273293398542,9.47323668764813,0.3982637966300643,-0.1225565202101829,0.1458370298635577,phone_B,9.541903390903478,0.44147773628083037
1307,10,10,Walking,0.034577532574544,0.8415115941712151,10.042564676454482,0.4869056072886523,0.0366339971513803,0.1482508744916823,phone_B,10.077819339998848,0.510291526427754
1308,10,11,Walking,0.454982488448385,0.9348454827715869,10.035947682341847,0.4699132856770792,0.1895564275151868,0.0594319704490251,phone_B,10.08965762670646,0.5101786886764306
1309,10,12,Walking,1.0659240155656613,0.9092005297425572,9.92020502417316,0.3263236071437029,0.2988462616759462,0.0336337474620028,phone_B,10.018647979237228,0.44376504331155203
1310,10,13,Walking,1.5584194460894536,0.1383733389399592,10.185650013931264,0.0528247345612029,0.3835349322735684,-0.0530363391094438,phone_B,10.305109633438022,0.3907714806913168
1311,10,14,Walking,1.359112396506,-0.0047478174269066,9.827509589110717,-0.1482629401622131,0.3131533745765595,-0.0939546179384121,phone_B,9.921046001917826,0.35899081557357976
1312,10,15,Walking,0.7629367552245319,-0.6240813205328424,9.670118307526767,-0.360998907135848,0.1837228381244199,-0.1322173245967743,phone_B,9.720223149119308,0.42609354973444175
1313,10,16,Walking,-0.0472404818573641,-0.5829428344539409,9.451842701099054,-0.4075225845986384,0.0310662386575216,-0.118429412976791,phone_B,9.469919981588374,0.425517677658999
1314,10,17,Walking,-0.8648829669064888,-0.0861251505043721,9.178384957033094,-0.3246650424522391,-0.1272744021469827,-0.0103092447729514,phone_B,9.219446323260728,0.34887310552717404
1315,10,18,Walking,-1.3975820595345128,0.0104220522013054,9.371614370750946,-0.0968138958224077,-0.1804835504917951,0.0521708014041695,phone_B,9.475257260168215,0.21135050258182414
1316,10,19,Walking,-1.3329796944526344,0.4284024432977426,9.221060159373188,0.1480909190387407,-0.239748788195654,0.0968334616102478,phone_B,9.326752595733737,0.2979716782354437
1317,10,20,Walking,-1.0965947632069464,0.8422692883848536,9.420701240740527,0.3678881078442889,-0.1681656775022889,0.1317715397247552,phone_B,9.521635862399872,0.42542342867370114
1318,10,21,Walking,-0.0667702549148735,1.074577113514518,9.962424882709929,0.5214917406268358,-0.0091785698819371,0.1977676806241234,phone_B,10.020433313159094,0.5578081544639966
1319,10,22,Walking,0.3977906777982753,1.0601905688614284,9.92390418627812,0.4404713161483462,0.192430458142033,0.1446924389842113,phone_B,9.988298942466345,0.5019764570867928
1320,10,23,Walking,1.309916646577555,0.7297515726223659,10.066502713279412,0.3268872790537366,0.3188984741274001,0.0610846397054372,phone_B,10.177568268264654,0.4607416447597098
1321,10,0,Walking Upstairs,-1.107472176377333,-0.3891224458972278,9.498123364168782,-0.2858824642821947,-0.1526265937197083,0.0491536137015697,phone_B,9.570384440570813,0.32778001500162324
1322,10,1,Walking Upstairs,-1.5692745563775727,0.5094257018645603,9.72379630790542,0.1035737418343691,-0.2401031611525107,0.1637550882768995,phone_B,9.862776070490971,0.3085332671359382
1323,10,2,Walking Upstairs,-1.4100206650876888,1.0343567482822305,10.076370644146136,0.5688161930893605,-0.1176917579624044,0.2797041153275287,phone_B,10.226988682740455,0.644699622726824
1324,10,3,Walking Upstairs,-0.0216462569925065,1.5691329335233877,10.279118677137498,0.7539935468933301,0.0826793673342216,0.3054823796597726,phone_B,10.398217515621917,0.8177173294129022
1325,10,4,Walking Upstairs,1.289017532547449,1.5652061707710545,10.545802347997467,0.6664677047789799,0.3868327837423195,0.2101599076134778,phone_B,10.738965672692292,0.7987402524346066
1326,10,5,Walking Upstairs,1.954440611984705,0.8101042376968871,10.712101418175257,0.3597621448005444,0.5504444650354708,0.0925780499069397,phone_B,10.919030349576923,0.6640697292033761
1327,10,6,Walking Upstairs,2.2346540059807833,0.262579749948206,10.3220906863064,-0.0268809194187382,0.6156222941149292,-0.1050802890401415,phone_B,10.56447740249664,0.6251041993019122
1328,10,7,Walking Upstairs,1.4190756005722105,-0.2591248404774786,10.222209508265452,-0.3280811800317207,0.4076415934015733,-0.1932204013450954,phone_B,10.323492067801693,0.5578019835550423
1329,10,8,Walking Upstairs,0.4808176046915081,-0.8218192524067126,9.760672288459658,-0.5391971020456523,0.2091397677213473,-0.1461514942065378,phone_B,9.807002394988588,0.5965175743897009
1330,10,9,Walking Upstairs,-0.7245797749009988,-0.5146926336940879,9.69483895067039,-0.3116890849611121,-0.0468890537498965,-0.0628927854412495,phone_B,9.735493137833865,0.32140966305637897
1331,10,10,Walking Upstairs,-1.6023546351340918,0.0415554143930265,9.515500652324889,-0.0803404412841244,-0.2128360552000985,0.1240025910799607,phone_B,9.649560606245057,0.2590953791433015
1332,10,11,Walking Upstairs,-1.237957727080518,0.810699073226886,9.618925529866688,0.3870121895040183,-0.2005508391845266,0.1693111217993168,phone_B,9.732086141752468,0.4676166484282346
1333,10,12,Walking Upstairs,-0.5417148916517097,1.4931031122805387,9.83275349150393,0.6522096888600809,-0.0331055545653627,0.2959567147515605,phone_B,9.960213509379292,0.7169824495708249
1334,10,13,Walking Upstairs,0.4535961058775988,1.4122388688780123,10.55717169403943,0.7450690151373999,0.2371387624040194,0.2197948852792171,phone_B,10.660864984956172,0.8122022048401674
1335,10,14,Walking Upstairs,1.3986024243033006,1.2869893272473265,10.687134916856683,0.5932654998880644,0.4425829468015257,0.1151578891599377,phone_B,10.8548276357026,0.7490693943772697
1336,10,15,Walking Upstairs,2.2335273211773905,0.3725614901867939,10.756352285714131,0.2244200731466858,0.5905908248058387,-0.0300080561148042,phone_B,10.992113575323158,0.6325048418848617
1337,10,16,Walking Upstairs,1.731806113016776,-0.1671939891620313,10.183799658714976,-0.2446780716678005,0.531773148403877,-0.1176781781227417,phone_B,10.331354302894535,0.5970746969389449
1338,10,17,Walking Upstairs,0.8144924917092232,-0.5217684236066205,10.022476898050938,-0.4552478777311223,0.3322504238227497,-0.1509730131289027,phone_B,10.069045807765917,0.5834670727661567
1339,10,18,Walking Upstairs,-0.1673019106826987,-0.5163975196201243,9.493798537103505,-0.5144076200794614,0.0581601785730974,-0.1312162453009326,phone_B,9.509304232734198,0.534055717129163
1340,10,19,Walking Upstairs,-1.1229869541263875,-0.1460731441870155,9.561329755705426,-0.2724569679211012,-0.1707478660329137,0.028506775373067,phone_B,9.628159936349663,0.3228006650639436
1341,10,20,Walking Upstairs,-1.4732771330073873,0.3374099462857272,9.598972736262295,0.0912909579059346,-0.2268018422862445,0.1432371069471507,phone_B,9.71723564466777,0.28335487196518633
1342,10,21,Walking Upstairs,-1.1681909922516225,1.3155275629979135,9.78807491447512,0.5459203237343973,-0.080576156334508,0.2814230751880159,phone_B,9.944933056323817,0.6194517447583724
1343,10,22,Walking Upstairs,-0.1066545453812978,1.359507835712884,10.13676915054252,0.7367383856996967,0.0690000250008842,0.2573619167795933,phone_B,10.228085136466442,0.7834408775536187
1344,10,23,Walking Upstairs,1.0165796904078643,1.4026577088090884,10.643936702727036,0.6684143970257984,0.3265872143551789,0.198028037037335,phone_B,10.783982170176794,0.7698390209547041
1345,10,0,Walking Downstairs,1.0777622233154955,-1.3015495310279728,9.022270749327726,-0.8054634008596255,0.0883783973462187,-0.3279232966302268,phone_B,9.17915966011594,0.8741371286672793
1346,10,1,Walking Downstairs,-0.8653206192444318,-1.225979703890143,8.62431080076586,-0.865569180614541,-0.2786947499369669,-0.2547686717413815,phone_B,8.75388729631852,0.9443451943929319
1347,10,2,Walking Downstairs,-1.8038329433766769,-0.8218826171797552,8.50264020650082,-0.5174128416714608,-0.5924150621331747,-0.1009680943611159,phone_B,8.730646872095877,0.7930108515321241
1348,10,3,Walking Downstairs,-2.4934059919218976,-0.0956028196193658,8.768320906472884,0.028859648086538,-0.6941019016046309,0.0960506366688917,phone_B,9.116450233427518,0.7013102408373508
1349,10,4,Walking Downstairs,-1.635159888439952,0.9917613478106102,9.187656118090263,0.4899102210295902,-0.4675089430629541,0.1750812156741929,phone_B,9.384581150805587,0.6994498327936434
1350,10,5,Walking Downstairs,0.130516954483535,1.1185103472039222,9.7111222296165,0.7052560717769256,-0.1501932091829164,0.1462639544569915,phone_B,9.77619532490844,0.7357562580340586
1351,10,6,Walking Downstairs,1.4670268281977628,0.5912385551553675,9.868375107538458,0.468150604202003,0.215280057081509,0.0039412457389051,phone_B,9.994326290793136,0.5152921740233327
1352,10,7,Walking Downstairs,1.9584701095029968,-0.2501716348893311,10.115061375730884,-0.0623782748382983,0.331346377725231,-0.1426527959984546,phone_B,10.305952534895678,0.3661028426680274
1353,10,8,Walking Downstairs,1.3396072865872135,-1.106641430014225,9.497765971129835,-0.6178458706116624,0.2188817467018351,-0.2921796784593446,phone_B,9.655400632767828,0.7176431588022946
1354,10,9,Walking Downstairs,0.1123826824278245,-1.4885939848195564,8.931679027370754,-0.9124487563605732,-0.0909213650958558,-0.3048177923464694,phone_B,9.05557464587009,0.9663039450120371
1355,10,10,Walking Downstairs,-1.412828955732679,-1.3815698098902,8.497858493915277,-0.751003761587662,-0.4098403255321596,-0.1946712005466662,phone_B,8.724587083659879,0.8774238534900933
1356,10,11,Walking Downstairs,-2.364158258009336,-0.4316820666689457,8.482294740579146,-0.2473074631657249,-0.6415413936864939,-0.0260181244970677,phone_B,8.81617364516228,0.6880503498676679
1357,10,12,Walking Downstairs,-2.0941377204203304,0.4054217325933568,9.127055188599956,0.2855400336927298,-0.5876321527320068,0.1683311201974386,phone_B,9.372988636987438,0.674670307478121
1358,10,13,Walking Downstairs,-0.9289248473839672,1.0820499480367023,9.520738046882244,0.6149063618092325,-0.3047240183570556,0.2051626386121028,phone_B,9.626951044826429,0.7162808593278326
1359,10,14,Walking Downstairs,0.7604691186830316,1.008781288529477,9.9344458472218,0.653777088859806,0.0196767974307704,0.1118763501674139,phone_B,10.014447925868915,0.6635721332318861
1360,10,15,Walking Downstairs,1.9352695374411049,0.3917555057907688,10.055015284534887,0.2765913563037727,0.3168819931850095,-0.0306490343132316,phone_B,10.247051914140725,0.4217301735602974
1361,10,16,Walking Downstairs,1.8760965352306893,-0.7225940763641074,9.689438524064515,-0.351365373287462,0.3248060924363272,-0.2282742390028361,phone_B,9.895812211250101,0.5301563462050769
1362,10,17,Walking Downstairs,0.8621305910086048,-1.364631605589233,9.205593409735464,-0.7918713835232198,0.1026778397542377,-0.3495874444244887,phone_B,9.34603865818513,0.871673337964871
1363,10,18,Walking Downstairs,-0.5947185636715101,-1.5200137656344412,8.816574872293941,-0.8899528297155388,-0.2369346295434899,-0.2827790194844458,phone_B,8.966388598340952,0.963388826827564
1364,10,19,Walking Downstairs,-1.9681079845342928,-0.8335000656689072,8.46478344406722,-0.5573529750826315,-0.5789579959896752,-0.1220207648229317,phone_B,8.730448450865063,0.8128491662060154
1365,10,20,Walking Downstairs,-2.39624072603593,0.1416484767961039,8.682689346623851,0.0213966296595104,-0.6448677170997444,0.0451399994758516,phone_B,9.008392098375113,0.6467996659483538
1366,10,21,Walking Downstairs,-1.5013909530269232,0.6557314356967124,9.293984087362908,0.4974159004978012,-0.4753000744055104,0.1644912510463678,phone_B,9.437282380311977,0.7073825771594332
1367,10,22,Walking Downstairs,-0.0415698111565256,1.230862720539845,9.623442369130888,0.6760092218167706,-0.1215447311365999,0.1923525597253654,phone_B,9.701927340379223,0.7132749097516919
1368,10,23,Walking Downstairs,1.1017525944212083,0.9796419799430912,10.06170129745932,0.473635701473718,0.1930716412484198,-0.0071928191169286,phone_B,10.169139107489643,0.5115263170274901
1369,10,0,Sitting,0.1153791899486428,0.056390529596349,9.740517233147797,0.0013714268539919,-0.0261171417291612,0.00297631040933,phone_B,9.74136377611218,0.026321936238993315
1370,10,1,Sitting,0.1019938813255527,0.102405534820002,9.803925462264392,0.0109900503922051,-0.0132656728616638,-0.002265338988881,phone_B,9.804990775876623,0.017375012081447174
1371,10,2,Sitting,0.1633818129153411,0.0471817594095108,9.711207082275015,0.0114082155283512,-0.0135169030088592,-0.0015392321527699,phone_B,9.712695955811697,0.017754528552241
1372,10,3,Sitting,0.1064081435961118,0.0380763702479253,9.706650692006768,0.0091917696664298,-0.0292048023981469,0.0007290075983045,phone_B,9.707308595055084,0.030625815332720394
1373,10,4,Sitting,0.1190524540897464,0.0200149676513021,9.760325397379304,0.0025809082198499,-0.0137790545256976,-0.0082882355091052,phone_B,9.761071967180774,0.016285523593542475
1374,10,5,Sitting,0.124587236478406,-0.001269578427727,9.701984434284189,0.0163588712745654,-0.0054627709858986,0.0001313735101369,phone_B,9.702784422752853,0.017247370675594068
1375,10,6,Sitting,0.1265471654364272,0.0534700466787851,9.78068470296216,0.0033869081870994,-0.0156328617560368,-0.0002972417129337,phone_B,9.781649476940473,0.015998308235157452
1376,10,7,Sitting,0.1367704812831473,0.0500416405123402,9.76844239566334,0.0014273816523027,-0.0133863105217637,-0.0029005021648644,phone_B,9.769527991040741,0.013771116170259947
1377,10,8,Sitting,0.1582243019188564,0.099802143331486,9.759166419652344,0.0135299197172279,-0.0258365534139498,-0.0027990536023161,phone_B,9.760959205119198,0.029298821152653087
1378,10,9,Sitting,0.1599580985011377,0.1150220253619423,9.716618141515598,0.0080586790183425,-0.0052877822552529,-0.0046489496660114,phone_B,9.718615372964633,0.010701200011996252
1379,10,10,Sitting,0.1583210655510885,0.076686270362584,9.772445410528576,0.0185540144900149,-0.0102430342909375,0.0080095192439671,phone_B,9.774028629261343,0.022656645905792933
1380,10,11,Sitting,0.1591413884449244,0.0510430913354525,9.764361739368155,0.002623608194068,-0.0089079165826308,-0.0023469041116797,phone_B,9.765791906237094,0.009578217825279848
1381,10,12,Sitting,0.1559421038793145,0.0828883383255904,9.743527024814597,0.0145128745660164,-0.0135302038405698,0.0067926589360357,phone_B,9.745127361901694,0.020972128159955566
1382,10,13,Sitting,0.1675809522443684,0.0867821547760494,9.778654015945468,0.0145557851349014,-0.0088348568263968,-0.0103275522373281,phone_B,9.780474880163496,0.019914414660016682
1383,10,14,Sitting,0.2073203855571277,0.0690482904208664,9.795865224803872,0.0143259948871043,-0.0129590282213589,-0.0060750098546826,phone_B,9.798302144310483,0.020250340409035242
1384,10,15,Sitting,0.2031951858566912,0.0636069254412965,9.801405651416578,0.0090965139386413,-0.0010011003595032,0.0016621721395933,phone_B,9.803718012475688,0.009301160357037883
1385,10,16,Sitting,0.1987020068665776,0.0614778181325573,9.7855669222786,0.0171932167783574,-0.0062940208503584,0.0019674235575632,phone_B,9.787777173600153,0.018414455112959256
1386,10,17,Sitting,0.1973045965214364,0.0732775251714046,9.824485670207652,0.0170068380354922,-0.0043315645593367,-0.0003233095641254,phone_B,9.82673991635167,0.0175527639012043
1387,10,18,Sitting,0.1831648080977836,0.0648709446266085,9.790652235339204,0.0145519506916365,0.0008288319487954,-0.0087020350491327,phone_B,9.79258029222813,0.016975619144157836
1388,10,19,Sitting,0.2295969777439605,0.0657131467110413,9.759622764006645,0.0170119895272224,0.0062283902453668,-0.0009437902378302,phone_B,9.762544211708162,0.01814087574335728
1389,10,20,Sitting,0.2272204484796128,0.085568205798412,9.820426967103868,0.0128039075335768,-0.0094353636609454,0.0090123962212192,phone_B,9.823427959030989,0.018280848481154254
1390,10,21,Sitting,0.2403109050026911,0.0518151482333324,9.76087439509942,0.0108060369661371,-0.0020965756430924,-0.0016238359406974,phone_B,9.763969638295539,0.011126675491944142
1391,10,22,Sitting,0.2362385010135168,0.0482965495321764,9.759635250855018,0.0093376308030446,-0.0026313807405813,-0.0033183344976022,phone_B,9.7626134521341,0.010253138907371069
1392,10,23,Sitting,0.1878444274126862,0.0538033579887889,9.806169556688138,0.0098124336143746,-0.0032176368453634,-0.011825695595298,phone_B,9.808116113951654,0.015699812630022028
1393,10,0,Standing,0.0694241735427516,0.3571197190201136,9.750498189254913,0.0248774511603631,0.009019335127663,-0.0023971097351238,phone_B,9.757282877330574,0.026570323999973586
1394,10,1,Standing,0.021781209540786,0.3454359235873876,9.815006941584969,0.0128782501090894,0.0019864388507275,-0.0065797081578848,phone_B,9.821107965079849,0.014597528031241336
1395,10,2,Standing,0.0712649552160857,0.3379847752176178,9.79249195421966,0.018401003301401,0.011036141547515,-0.0075679105658555,phone_B,9.798582095159361,0.02275228808466842
1396,10,3,Standing,0.0653432698027599,0.3086657284104962,9.718127899169838,0.0166470539036841,0.017003787914553,-0.0057795966949011,phone_B,9.723248127011203,0.024487893847184458
1397,10,4,Standing,0.0954018615361784,0.3069240286994819,9.75649222863832,0.0178456551765219,0.0177660701579635,-0.0012749722089191,phone_B,9.76178490246828,0.025213611634799966
1398,10,5,Standing,0.1013585016904577,0.3096691443566109,9.76638362166639,0.0042444753475797,-0.0022265447453111,-0.0186235030579411,phone_B,9.771817516224145,0.019230391015999278
1399,10,6,Standing,0.0842881504963575,0.2928193743645855,9.722456921427217,0.0052898793755023,0.0050058193572221,-0.0205262116842783,phone_B,9.727230657660245,0.02177995448462432
1400,10,7,Standing,0.0744040625192245,0.2833171214058399,9.741365104938655,0.0077820027097674,-0.0043471610306878,-0.0269770268193128,phone_B,9.745768243885014,0.0284115707276363
1401,10,8,Standing,0.0831482622998185,0.2849648804752013,9.764039366897626,-0.0043040764598207,0.0014146004872843,-0.0166069524600357,phone_B,9.768550730530825,0.017213861818909014
1402,10,9,Standing,0.0702335912639035,0.3126642654780835,9.742580534840654,-0.0046421789624621,0.021326383895179,-0.0191420212080638,phone_B,9.747849361685109,0.029030698432763208
1403,10,10,Standing,0.0922048971876735,0.2815807891288171,9.765361984189113,-0.0057603046100169,0.0068939025515776,-0.0186744047000808,phone_B,9.769855892801989,0.020722943625200305
1404,10,11,Standing,0.0597859597782738,0.265408623712991,9.79386590857564,-0.0032902866182589,0.0065255738625678,-0.0153211914961789,phone_B,9.797643876651568,0.016974922949124283
1405,10,12,Standing,0.0472478456270261,0.2430159429595444,9.762648353660408,-0.0045345899715931,-0.0012252723005586,-0.0244000199968319,phone_B,9.765786808274958,0.02484803360965985
1406,10,13,Standing,0.1172725879380685,0.2446973714963526,9.780118726813086,-0.0149306641895909,0.0033172438624193,-0.0242237260994226,phone_B,9.783882254711518,0.028648171776309534
1407,10,14,Standing,0.0791078909141168,0.2695887927926654,9.704075770819628,-0.0207789437379669,0.005532088136026,-0.0238995568452706,phone_B,9.708142084941528,0.032148986289005664
1408,10,15,Standing,0.0351469564433296,0.2549081188627465,9.752842249066154,-0.0236026388508223,-0.0006997886472168,-0.0309349567191424,phone_B,9.756236230882232,0.03891716603361983
1409,10,16,Standing,0.0162612912876478,0.2275427680323648,9.721291829823206,-0.0286676407772912,-0.0084781511402591,-0.0304597897797494,phone_B,9.723968067690556,0.04267916901627083
1410,10,17,Standing,0.040527360610066,0.1708237703686572,9.690470981361328,-0.0357029911175547,-0.0040425464343526,-0.0350902580836397,phone_B,9.692061239390048,0.05022322140992678
1411,10,18,Standing,0.0198971845784719,0.2574394366810911,9.752910349986564,-0.0366970674950897,-0.0072779398407529,-0.0302284674370112,phone_B,9.75632775466199,0.04809785249525423
1412,10,19,Standing,-0.02119946809071,0.2109546856053686,9.73721280097874,-0.0232611320180515,-0.0159779984746951,-0.0199014171843861,phone_B,9.73952074941937,0.0345317694879014
1413,10,20,Standing,-0.0582403913022435,0.193243526389448,9.68151137281282,-0.0270357597810056,-0.0155982746375698,-0.0246355968272278,phone_B,9.683614896595921,0.039763690845280066
1414,10,21,Standing,-0.0174637201335091,0.2118595537711231,9.711440298427908,-0.026897622251281,-0.0188244299741507,-0.0208537624098201,phone_B,9.713766628963995,0.038893709687680036
1415,10,22,Standing,-0.0034298937239189,0.1975966649253463,9.69255592766486,-0.0207479417369848,-0.0264816957467231,-0.0117421644818224,phone_B,9.694570470994153,0.035631948061557055
1416,10,23,Standing,-0.0684556036872414,0.2040244836809334,9.666712883118803,-0.0141563365961831,-0.0256086686070804,-0.0247185745939814,phone_B,9.669108031471803,0.0383042256625809
1417,10,0,Laying,7.411787516993458,0.2448486449526002,6.286056990348252,-0.0194439342781125,-0.0136520653892714,-0.0015850304753051,phone_B,9.721576906135201,0.023810875481849597
1418,10,1,Laying,7.436886700906602,0.28689376488549,6.285704989833836,0.0069609654560611,-0.0202231785441554,0.0029916278456389,phone_B,9.74164662948075,0.021595875246816585
1419,10,2,Laying,7.398186100021564,0.2255842877604094,6.286777300711963,0.0107767706347508,-0.0121338541339424,0.0074293736982871,phone_B,9.711210772616557,0.01784838354043913
1420,10,3,Laying,7.39540217300148,0.2823571200827878,6.276130875268895,0.0040136433821275,-0.0115141664206342,0.0024655536781906,phone_B,9.703685774343683,0.012440430720075382
1421,10,4,Laying,7.4220548816633904,0.2385628522674169,6.315456680868723,0.0133160978923069,-0.0159006150964447,-0.0124854457652514,phone_B,9.748271846272791,0.024208146965016122
1422,10,5,Laying,7.429974911505163,0.2495651269199055,6.291179587243821,0.0065038761782147,-0.0147097601091837,-0.0030747019092533,phone_B,9.738878299738838,0.01637471342167693
1423,10,6,Laying,7.416730384554466,0.2953094230731011,6.296208832682927,-0.0040309504853811,-0.0187113138716861,-0.0006306551907043,phone_B,9.733310994583688,0.019150967458327242
1424,10,7,Laying,7.392771150238122,0.2201460914343363,6.312334988548509,0.0076815126119098,-0.0133014927438234,0.0002745783901283,phone_B,9.723533441554084,0.015362641000597565
1425,10,8,Laying,7.427511459169584,0.2748180166219115,6.312542197897412,-0.0118940533208921,-0.0120852753390298,0.0015818545255071,phone_B,9.751494265936424,0.01703011004545342
1426,10,9,Laying,7.414372661198739,0.261130971007727,6.317153007816441,0.0043667415198483,-0.001138350607222,0.0051813878512445,phone_B,9.744102496757462,0.006871030029853882
1427,10,10,Laying,7.423515666744048,0.2556566035946541,6.228072524062546,0.0020367327899548,-0.0178440568184892,-0.000324755258565,phone_B,9.693442758810654,0.017962853620099275
1428,10,11,Laying,7.4321631717199965,0.2782986365741911,6.335173468952658,0.0039264748364906,0.0044234627527287,-0.0003455115003931,phone_B,9.769796437178808,0.005924829580947958
1429,10,12,Laying,7.397459432961147,0.2470569087507992,6.291843026020696,0.0076987932079518,-0.0144741748046699,-0.0036324523660935,phone_B,9.71445993571195,0.016791898740966846
1430,10,13,Laying,7.4280699206318515,0.2500236681370849,6.322328961061823,0.0080293534418001,-0.0013210013807474,-0.003951182546995,phone_B,9.757590792419277,0.009045850145838231
1431,10,14,Laying,7.464043671197494,0.227156001672761,6.268190790602741,-0.0030926128574252,-0.0077939954469431,0.0051130127489479,phone_B,9.749551967246308,0.009821075230532815
1432,10,15,Laying,7.420810769669749,0.2492790270643737,6.298329807110393,0.0076092960093372,-0.0102440575030022,-0.0054534698348737,phone_B,9.736505064535011,0.013877407291075956
1433,10,16,Laying,7.404108382510951,0.2467550929007611,6.33396785144814,0.0046734108673935,-0.011347697142074,0.0049970328043606,phone_B,9.74683834681893,0.013250710788918535
1434,10,17,Laying,7.424982799960224,0.2963104229175823,6.340391948934935,0.0043929483998701,-0.0154323988906076,0.0111355293851068,phone_B,9.7682516098099,0.01953092281100217
1435,10,18,Laying,7.451151691756266,0.2523899501043234,6.32994314382142,0.0081733730512954,0.0018886915824219,-0.0067715813508231,phone_B,9.780160654329137,0.010780792963412682
1436,10,19,Laying,7.451270935694417,0.2304288620657572,6.3234025429868685,0.0036984317412669,-0.0038310554776244,-0.0038855550962721,phone_B,9.775477263962618,0.00659188302563179
1437,10,20,Laying,7.438852263345012,0.2378721440292272,6.327173677695857,0.012625019846793,-0.0084026502928398,9.034848784749512e-05,phone_B,9.76863516057927,0.015165876859744519
1438,10,21,Laying,7.457723995264205,0.2591975926853266,6.269879785555826,-0.004297621273716,-0.0093004266492944,-0.0163013402386572,phone_B,9.746600592356032,0.019253601690272553
1439,10,22,Laying,7.483883151364239,0.2675211645258129,6.307889023909386,-0.009829421164245,-0.0151170154552823,-0.0037302322424397,phone_B,9.791299123951799,0.018413481726221367
1440,10,23,Laying,7.499674254150441,0.2401136076048082,6.330786668944803,0.0002079179169067,-0.0034099492952409,0.0033111450612139,phone_B,9.817414543076664,0.004757590322073343
1441,11,0,Walking,1.3985771603739992,-0.0774362618619813,10.077721269682083,-0.0962624334010982,0.3750802101565662,-0.095511059477469,phone_A,10.17459976793061,0.3988407985874857
1442,11,1,Walking,1.0494682426140944,-0.5261141183945083,9.696863799140727,-0.3349379229788399,0.2395073611109743,-0.1156315257231376,phone_A,9.767668462684199,0.4276889500756158
1443,11,2,Walking,0.082931721275909,-0.6478473585928196,9.694475193854744,-0.3970071407346404,0.140804628620116,-0.1284263617937937,phone_A,9.71645167510725,0.44037931790529594
1444,11,3,Walking,-0.8770032022246592,-0.658077980511097,9.579620616064783,-0.3180365867956757,0.0063742521504761,-0.12202880318603,phone_A,9.642164300242934,0.3407035814870986
1445,11,4,Walking,-1.1858351386732728,-0.5159543445490555,9.65693594452422,-0.1699096604641717,-0.1538865917349629,-0.0074609313629952,phone_A,9.743142496054093,0.22936006917433685
1446,11,5,Walking,-1.2049835928659565,0.2444981402587035,9.671706901025038,0.0564632529594361,-0.2199801154270006,0.0920373863759862,phone_A,9.749547639711365,0.24505148562895993
1447,11,6,Walking,-1.0636741508560754,0.5063659351789571,9.64291609841708,0.3153122026902442,-0.1248479026296483,0.1204327305970649,phone_A,9.714609618539509,0.3598789054049445
1448,11,7,Walking,-0.6133825206110208,0.8704911957202682,9.942489588574396,0.4421846591665946,0.0048847518231608,0.1772194376036233,phone_A,9.999354592038824,0.4764009473827648
1449,11,8,Walking,0.2520481203478607,1.1144811008384845,10.013981995133484,0.4952406500242153,0.0914764155294458,0.1424870094100589,phone_A,10.07895985595511,0.5233868396178349
1450,11,9,Walking,0.7301543121206919,0.8207297550943435,10.2295643849108,0.3935344263722339,0.2747010579155848,0.1047772394933798,phone_A,10.288377430646737,0.49123139748586686
1451,11,10,Walking,1.219220657038494,0.3892820283855208,10.267273872989394,0.1499134611942973,0.3900545091405129,-0.0393409050977607,phone_A,10.346736311085923,0.41971927852078883
1452,11,11,Walking,1.3751679945353246,-0.2207936870034815,10.25082508569952,-0.085315072551171,0.3389112713700192,-0.0736470437011246,phone_A,10.34501096195753,0.3571601860677779
1453,11,12,Walking,0.9499587350984976,-0.6486209849312273,9.96195086793203,-0.3237954244345736,0.2707579429481802,-0.1423651742416857,phone_A,10.028140200235278,0.44544492745025305
1454,11,13,Walking,0.4040775721288889,-0.5199533971638601,9.831110415434845,-0.3944692422239466,0.0877400737934385,-0.1248498721307434,phone_A,9.853139713816672,0.4229560192042142
1455,11,14,Walking,-0.294242985420876,-0.4906011536402093,9.59669252961066,-0.3997010673428266,-0.0315361921484147,-0.046478698538531,phone_A,9.613728513657307,0.4036282250636744
1456,11,15,Walking,-1.263584115570248,-0.5069915268740488,9.588125175219696,-0.2292019288709713,-0.1814184102448318,0.0172153730266259,phone_A,9.684308421416846,0.29281825906589526
1457,11,16,Walking,-1.3115313178315888,0.0031127261304924,9.38351055643876,0.0679881543560282,-0.2110461413294786,0.0988427607910647,phone_A,9.474723977484233,0.24276069340731626
1458,11,17,Walking,-1.0982356153873538,0.4231764225371939,9.603222337782867,0.2986359687534561,-0.1392891137306313,0.0865023552775524,phone_A,9.675075142880724,0.3406868892483887
1459,11,18,Walking,-0.5936904663324619,0.7904895307202381,9.7375729256002,0.4486565159325764,-0.0926332075871846,0.1542584910039978,phone_A,9.787628341399891,0.48339348618230166
1460,11,19,Walking,0.0048137611100958,0.8475780351101097,10.04154400008514,0.4743898917479976,0.1433564822006256,0.1636084907630474,phone_A,10.07725248287166,0.5218856087605572
1461,11,20,Walking,1.054046734302395,0.7421097725249477,10.105865768319022,0.4614830385360434,0.2477330619506698,0.08959671643568,phone_A,10.187750701693323,0.5313810651838936
1462,11,21,Walking,1.4111539488803913,0.2633363376569462,10.273865318584669,0.2355373618618818,0.3980710645536435,0.0343196658513301,phone_A,10.373669075047081,0.4638062750026923
1463,11,22,Walking,1.5634467376612036,-0.0452643833040877,9.991741879768195,0.0240224012435206,0.3458922002921875,-0.1048171137430235,phone_A,10.113422781522239,0.36222246937192254
1464,11,23,Walking,1.1288692668097886,-0.2371153091447015,9.943755856737626,-0.2288008239376423,0.2599369296290449,-0.1368148711973365,phone_A,10.010437054883383,0.37233766046461486
1465,11,0,Walking Upstairs,-0.8174864588523055,-0.7281516449524807,9.530058783076992,-0.3696943930626344,-0.0381422340370346,-0.0549157092954302,phone_A,9.592732110163235,0.37569204064859524
1466,11,1,Walking Upstairs,-1.456991075116623,0.1277788096563307,9.669950703049665,-0.0519824102536592,-0.1870713358364505,0.1107386896159952,phone_A,9.779933385078724,0.22351937957430337
1467,11,2,Walking Upstairs,-1.295993870713103,0.8093910313759543,9.794318196251108,0.4114203127215468,-0.1740870421196728,0.2125331619390986,phone_A,9.912788855010144,0.494715389772446
1468,11,3,Walking Upstairs,-0.6313459700009255,1.2033479506159066,10.406071862202529,0.6625755208010646,-0.0194925235849572,0.2741901992918188,phone_A,10.494425931198482,0.717332938479894
1469,11,4,Walking Upstairs,0.751289399400001,1.516645560297288,10.440385000283412,0.7932388877677466,0.2954421229095733,0.2152234533556067,phone_A,10.576686081725368,0.87340432557358
1470,11,5,Walking Upstairs,1.2708685972226417,1.0315076463824957,10.941052107554102,0.5924436010009505,0.465670223005482,0.1707728270624057,phone_A,11.06280869563269,0.7726587444815695
1471,11,6,Walking Upstairs,1.7577484410112878,0.3390134972064539,10.685611972910111,0.1932463540801188,0.6202666304441359,0.002819848671257,phone_A,10.83452412285679,0.6496789959313057
1472,11,7,Walking Upstairs,1.5609877026728718,-0.2016037554986164,10.51598449206488,-0.2840642462816113,0.4690122519673964,-0.1113859504991633,phone_A,10.633120732855248,0.5595282106200459
1473,11,8,Walking Upstairs,0.7724577520822015,-0.8900688335914682,10.056886781679808,-0.4877040078659346,0.312175421671268,-0.2119162055328862,phone_A,10.125704185231209,0.6166175243630253
1474,11,9,Walking Upstairs,-0.1456996751416325,-0.6077284828995875,9.73289363966018,-0.4996841984211521,0.064114735423778,-0.1416020124671203,phone_A,9.752937039948602,0.5233030932308625
1475,11,10,Walking Upstairs,-1.2469599423315545,-0.4451637259605634,9.649820159841443,-0.2598909161867793,-0.1758722403681448,0.0579939994010684,phone_A,9.740231463264768,0.31912009841914557
1476,11,11,Walking Upstairs,-1.5564901953896926,0.4314967804933233,9.54414117857003,0.1633569575817028,-0.1981489907285568,0.1677252460307982,phone_A,9.679849277566074,0.3067250825628509
1477,11,12,Walking Upstairs,-1.3475600080375043,1.0824127702585722,10.145399472184923,0.5950272712355605,-0.1206109887298953,0.2073660102473282,phone_A,10.29158228022742,0.6415645924786805
1478,11,13,Walking Upstairs,-0.1808826387866112,1.262524574335464,10.561823856724931,0.6939243549170553,0.1129622734984293,0.3119353858952556,phone_A,10.638553003594955,0.7691522414675831
1479,11,14,Walking Upstairs,1.089327042957976,1.3827400690763976,10.548382742189297,0.6514805653314149,0.4155981788881384,0.1986179630807794,phone_A,10.694249949429176,0.7978708345077132
1480,11,15,Walking Upstairs,1.8899807149221064,0.6163459450497519,10.815298300813772,0.3528568199865133,0.5847002662288866,0.1246650972000958,phone_A,10.996480653479185,0.6942072624217027
1481,11,16,Walking Upstairs,2.032993136158262,-0.03580088226798,10.318537066908345,-0.0802295621075165,0.6155294770622376,-0.109697665806355,phone_A,10.51696486615788,0.6303545808922454
1482,11,17,Walking Upstairs,1.295109176188776,-0.4785385194109219,10.457195977783874,-0.3962173670240435,0.4253610711610718,-0.164493408237306,phone_A,10.54795025635728,0.6041343593475585
1483,11,18,Walking Upstairs,0.1629723042363454,-0.8602507080599605,9.966926138995026,-0.5249950412744023,0.2440299822871081,-0.144960415849846,phone_A,10.005308986375587,0.596811484290574
1484,11,19,Walking Upstairs,-0.7286907021065585,-0.6925082492396825,9.75198542142461,-0.4133064591028051,-0.0449553765968579,-0.0400428672775911,phone_A,9.803661432050767,0.4176681053670184
1485,11,20,Walking Upstairs,-1.5059508764410214,0.3185629708727148,9.860990259027124,-0.0150147530137601,-0.1790916577796616,0.1324145108767904,phone_A,9.980405768168575,0.2232327650347755
1486,11,21,Walking Upstairs,-1.5987234547871103,0.904811426748146,9.800270055462814,0.361400926044116,-0.1651311129028383,0.2505564576776448,phone_A,9.97095249025195,0.46974189964068985
1487,11,22,Walking Upstairs,-0.7842589742137551,1.2083503254399155,10.293075223191552,0.6837237700959171,0.0156198465662518,0.3676834888292845,phone_A,10.393390697837997,0.7764749328591377
1488,11,23,Walking Upstairs,0.5522052989526317,1.307678369165282,10.468516127240369,0.754733436136657,0.2258109295160848,0.2601515849815653,phone_A,10.564316509631176,0.829633643652416
1489,11,0,Walking Downstairs,-2.0323940365966893,0.7298854774802449,9.108858961079298,0.3792846368310353,-0.5243951004107247,0.1982148783128983,phone_A,9.36133910843235,0.6768575884596563
1490,11,1,Walking Downstairs,-0.4743780730514416,1.0375811282971288,9.843310603761685,0.6699323553765599,-0.2108024370453313,0.2273303058448083,phone_A,9.909206466519787,0.7381910973454844
1491,11,2,Walking Downstairs,1.1148896609778718,0.6151420247991116,9.981518637293297,0.602026456556731,0.0547410645952543,0.1103179132774874,phone_A,10.062409898899107,0.6144936781913827
1492,11,3,Walking Downstairs,2.0205666137438403,-0.000950003846673,10.070699741884342,0.0948164567909928,0.3261789583136926,-0.1009238954730832,phone_A,10.271401249794154,0.35435646742011867
1493,11,4,Walking Downstairs,1.6705795796468317,-0.9547140922817694,9.763872926619456,-0.460427863146803,0.3540551269468264,-0.2678409116910755,phone_A,9.951659643351292,0.6395995653960148
1494,11,5,Walking Downstairs,0.6253887364992425,-1.5705133839797307,9.211565569876766,-0.886787036886374,0.0023654409762783,-0.3520861987709093,phone_A,9.36539180222262,0.9541286786726807
1495,11,6,Walking Downstairs,-0.9814101764454016,-1.3772104545423776,8.633392523614654,-0.8610209181992116,-0.3533282403742097,-0.2537033432936467,phone_A,8.797462193004119,0.9646570651899682
1496,11,7,Walking Downstairs,-2.0543261996803097,-0.9323732486014074,8.713390566484179,-0.424695483475328,-0.57588225444788,-0.0915030105570176,phone_A,9.000708370650388,0.7213732914471627
1497,11,8,Walking Downstairs,-2.3222814262317137,-0.0445986085905029,9.01369469444938,0.1262409308889738,-0.6574025705882283,0.115336015604063,phone_A,9.308150842313092,0.6792770487386909
1498,11,9,Walking Downstairs,-1.4091192128129808,0.8732887725831119,9.55285152032188,0.5888137976908464,-0.4157259485742313,0.2310773033715664,phone_A,9.695629036094278,0.7569190662168158
1499,11,10,Walking Downstairs,0.0580409880656821,0.8302203930690869,9.550132275293,0.6863582167795136,-0.0746350159369863,0.1774029337351528,phone_A,9.58632678000059,0.712832230081179
1500,11,11,Walking Downstairs,1.2843430565510785,0.4251862408421083,10.210897213051007,0.3633902274844465,0.2647900234505552,-0.0028453149651249,phone_A,10.30013312155747,0.44963797634029323
1501,11,12,Walking Downstairs,1.9680934946467332,-0.3251668060978204,10.1150899404315,-0.1620490563079007,0.3367401991777946,-0.1914110192100306,phone_A,10.30990639911329,0.41987145255137864
1502,11,13,Walking Downstairs,1.357737876061617,-1.3637987025925773,9.531109988823516,-0.6938007802541506,0.1975229439374366,-0.3314119779018953,phone_A,9.723448804839613,0.7938568732207502
1503,11,14,Walking Downstairs,-0.4138369560565922,-1.528803032808239,9.158766071186148,-0.9443696665933256,-0.125421417975143,-0.2747723211417096,phone_A,9.294702560385264,0.9914960553295646
1504,11,15,Walking Downstairs,-1.6081824854703226,-1.3144367303120632,8.624579532858764,-0.6963987866090688,-0.4666518040022769,-0.16683456189735,phone_A,8.871153642180552,0.8547332608554808
1505,11,16,Walking Downstairs,-2.4296736764020133,-0.5608051591150048,8.846353223752988,-0.1736984259859199,-0.6333635386337491,0.0253999944608799,phone_A,9.191070773293816,0.6572409565595128
1506,11,17,Walking Downstairs,-1.7959032597973157,0.4003698025349473,9.34022204166386,0.353830190017983,-0.5173320723415944,0.2046409017306355,phone_A,9.519732784323093,0.659322512206688
1507,11,18,Walking Downstairs,-0.6967630132917191,1.181542545364041,9.763026672216233,0.6622069736080061,-0.2508151311972001,0.2339080326218482,phone_A,9.858915319932628,0.7457474597057417
1508,11,19,Walking Downstairs,1.0145491617536295,0.6989648513371743,10.06886136315228,0.5930439180526708,0.1016164567565318,0.1603667068829759,phone_A,10.14395539301118,0.6226913149382327
1509,11,20,Walking Downstairs,1.9116095997776632,0.0803758586301263,10.268570540318828,0.1245877340573964,0.3621714783489898,-0.1261445489625551,phone_A,10.445298104033046,0.40324028871135353
1510,11,21,Walking Downstairs,1.713117359273472,-0.7219181838366003,9.99457502141125,-0.461368139215467,0.2883734049630713,-0.241052648461787,phone_A,10.165995613289224,0.595085002250586
1511,11,22,Walking Downstairs,0.5413879442603347,-1.5258972454239992,9.398574128756556,-0.8530913847777333,-0.0001993872772363,-0.3545325622743093,phone_A,9.537015202017612,0.9238280620602861
1512,11,23,Walking Downstairs,-0.9698673681008636,-1.7370768612571363,8.818777966412126,-0.88647474354166,-0.2707957342348763,-0.1958546856692511,phone_A,9.040405054780335,0.9473789413511675
1513,11,0,Sitting,0.08802116331096,-0.0692859385947695,9.921358899308172,0.0120891422178153,0.0033185023353166,0.0143527311862291,phone_A,9.9219912656361,0.019056775955450054
1514,11,1,Sitting,0.1079719552980033,-0.0492018846788374,9.893473219122528,0.0250095235245765,-0.0132508927901653,0.0007291471041799,phone_A,9.894184711540488,0.028312436881383664
1515,11,2,Sitting,0.1231684727558559,-0.0581021105785029,9.940647917596744,0.0255158284470548,-0.000974415622779,0.015746193081744,phone_A,9.941580726904307,0.029999159716782225
1516,11,3,Sitting,0.0934409889201702,-0.0091908649074179,9.9247416406573,0.0153421344983989,0.0062183284813844,0.0027301019743013,phone_A,9.925185757667466,0.016778026012002782
1517,11,4,Sitting,0.138941099597678,-0.0645502098967818,9.91698601652856,0.0136900052447715,0.0025612812775151,-0.0022786559272228,phone_A,9.91816933767407,0.014112713354245104
1518,11,5,Sitting,0.1096618122793857,-0.05249734622543,9.93537551899137,0.0188773402815024,0.0228677783613443,-0.0109934518429574,phone_A,9.93611938272715,0.031625073070439276
1519,11,6,Sitting,0.1547687018280884,-0.0425847362110984,9.94656443873873,0.0221812326259826,0.0111877590945598,0.0029014368209981,phone_A,9.94785961625945,0.025011824603417162
1520,11,7,Sitting,0.1289724129609855,-0.0284550230268125,9.88067979541318,0.0221647591108881,0.0131734103327577,-0.0015058801483281,phone_A,9.881562467096318,0.025827949226758847
1521,11,8,Sitting,0.146186760711893,-0.0491222357052495,9.961424171348348,0.0364204518197314,0.021738162796605,-0.0024670311129444,phone_A,9.962617883095348,0.0424862716066886
1522,11,9,Sitting,0.1720302780846214,-0.02993964074532,9.907055043168937,0.0088676996366781,0.0151106627230591,0.0052400999823924,phone_A,9.90859376637497,0.018287341868129924
1523,11,10,Sitting,0.1201094395255061,-0.0667010365490292,9.945538089062609,0.0159967779136974,0.0250177184546669,-0.0086416461359905,phone_A,9.946486977156054,0.030926706715019257
1524,11,11,Sitting,0.2231355607755818,-0.08929755141524,9.881369291706797,0.0146120653884907,0.0106950209675477,-0.0010060001479096,phone_A,9.88429171009524,0.018135819934908013
1525,11,12,Sitting,0.1661987242013481,-0.0581613030704843,9.911748145985555,0.0166905643019055,0.0165253665323881,0.0052194686865139,phone_A,9.913312063208194,0.02406045571296009
1526,11,13,Sitting,0.1670038398979829,-0.080037482536381,9.891154766265768,0.0121064050868467,0.0116819743018093,-0.0101564973292839,phone_A,9.892888298741346,0.019651666741391467
1527,11,14,Sitting,0.1879102188651679,-0.103236174500379,9.96901722016819,0.0130630346195421,0.019836805925161,-0.008940645413182,phone_A,9.971322494739068,0.025378669846706114
1528,11,15,Sitting,0.1967633286969108,-0.0619412353502251,9.916748323209609,0.0121969764390398,0.0107357077666355,-0.0132362904268353,phone_A,9.918893578924878,0.0209576010022288
1529,11,16,Sitting,0.1522811336600825,-0.0563867289937646,9.933829971459092,0.0161196363299266,0.0159704225123283,-0.0006812846420933,phone_A,9.935157115452899,0.022701568654939337
1530,11,17,Sitting,0.1797560901361083,-0.0921193726968164,9.943377082247247,0.0081990900151778,0.0182949134988126,-0.0045906010515596,phone_A,9.94542839854206,0.020567025915785776
1531,11,18,Sitting,0.1813526806043763,-0.0759447350017048,9.923085823307032,-0.0005158746344832,0.0230152427357594,-0.0103761277925216,phone_A,9.925033433407359,0.02525136734498091
1532,11,19,Sitting,0.1607295658087826,-0.0817983339587216,9.95123299709637,0.0071033080007643,0.019791508802013,-0.009704683899546,phone_A,9.952867080558402,0.023159052113676578
1533,11,20,Sitting,0.2034285738810187,-0.1394738727958235,9.952126755127503,-0.0066133383482185,0.0148097783088244,-0.0100740694676888,phone_A,9.955182725394277,0.01909326198700376
1534,11,21,Sitting,0.2427224213955405,-0.0414676994837364,9.94899798891501,0.005384836798334,0.0123625828246799,-0.0067505044598911,phone_A,9.9520447510742,0.015079762329187155
1535,11,22,Sitting,0.1753097048070854,-0.1077169635897252,9.934187187284154,-0.0009840143635419,0.0288947731457717,-0.019995741396311,phone_A,9.936317804340057,0.03515260834420984
1536,11,23,Sitting,0.1911177827892337,-0.1132000228534796,9.918901960250423,0.0022583538840839,0.0170256923091731,-0.0080657120410974,phone_A,9.921388831667267,0.018974458400763287
1537,11,0,Standing,-0.1007670988174251,0.0875612364914289,9.832581670329178,-0.0239681153346592,-0.0046016247678595,-0.020213258567548,phone_A,9.833487849284877,0.031689451322455174
1538,11,1,Standing,-0.1103260374521082,0.1407350289574256,9.84344053615186,-0.0210335854794618,-0.0064669157442228,-0.0237665275660207,phone_A,9.845064741873115,0.03238951296193144
1539,11,2,Standing,-0.1164614719776908,0.0955877781888337,9.798890557940249,-0.0154379097932805,-0.013000306490546,-0.0186533845486072,phone_A,9.80004879907671,0.02748246318567199
1540,11,3,Standing,-0.1298382487255809,0.181073625441993,9.810918915443343,-0.0288591034697648,-0.0220857397104398,-0.0107464214918219,phone_A,9.813448710523065,0.03789608589967808
1541,11,4,Standing,-0.0917451442185512,0.0944216284183817,9.857336059861892,-0.0103586776748493,-0.0160070809863864,-0.015527957807642,phone_A,9.858215194062991,0.02458955710361747
1542,11,5,Standing,-0.1295138747521743,0.1385839189489255,9.833652471013895,-0.0169262055375537,-0.0181352347081118,-0.0006382803339043,phone_A,9.835481699796011,0.024815127918317595
1543,11,6,Standing,-0.1358701706278615,0.1443098157659614,9.836074619911724,-0.009001775500721,-0.0184665203127887,-0.0056170217791319,phone_A,9.838071455049736,0.02129777613496913
1544,11,7,Standing,-0.1314370487651981,0.1357797523665916,9.804604220616946,-0.0058514183855138,-0.0213339086036123,-0.0112597419724691,phone_A,9.806425228485683,0.0248225007345391
1545,11,8,Standing,-0.088736400884379,0.0979086620098828,9.84580289359816,-0.0106398484019742,-0.0217203619513848,0.0076399229718745,phone_A,9.846689538851338,0.02536432377045233
1546,11,9,Standing,-0.1850417027434749,0.1260004587916509,9.821816323889696,-0.0076550005598317,-0.018522366185389,-0.0093125202717288,phone_A,9.824367279758835,0.02209977639000054
1547,11,10,Standing,-0.1488191643049363,0.1189965282861814,9.7780147803134,-0.0008972406556928,-0.0342844831782055,0.0046780572156902,phone_A,9.779871183274139,0.03461379850441375
1548,11,11,Standing,-0.2064610997457135,0.1347315392055783,9.834963521366088,0.0001262791987143,-0.0347454157628528,0.0094693288478379,phone_A,9.838052969971576,0.03601288730160389
1549,11,12,Standing,-0.1951263472829924,0.1644311503719464,9.821319361675735,0.0111552762466412,-0.0233283456097869,-0.0061029123523874,phone_A,9.824633626687731,0.026568730421483517
1550,11,13,Standing,-0.1789009750433476,0.1724402200035195,9.847664742452988,0.0031743718267045,-0.014161245134094,-0.004121273982089,phone_A,9.850799057340373,0.015086497256736567
1551,11,14,Standing,-0.1704360347997207,0.1578950327444618,9.799314904176953,0.0082307908219133,-0.0319585490989995,-0.0005472351042715,phone_A,9.802068754836817,0.033005972858357026
1552,11,15,Standing,-0.1929521416919553,0.2129648061827671,9.815424792365954,0.0113699284082747,-0.0280584020007316,0.0093101979882418,phone_A,9.819630766594445,0.031673790133550685
1553,11,16,Standing,-0.1601865457691652,0.2015598707036651,9.802767148200669,0.0130551130974689,-0.0326411569904065,0.012502417933869,phone_A,9.806147555118972,0.03731208332233938
1554,11,17,Standing,-0.1482297869888064,0.1906802206634313,9.828397814300184,0.0180228569626088,-0.0292697183878712,0.0086087509528371,phone_A,9.8313648397587,0.035435157408538705
1555,11,18,Standing,-0.1635217587857406,0.2720124011912275,9.877952627516274,0.0337424078868036,-0.0186362812896569,0.0043597926189585,phone_A,9.883050046592594,0.03879263927585962
1556,11,19,Standing,-0.1351944717145712,0.2185249583244891,9.891859183000529,0.0310346651812708,-0.0195417336281471,0.0085574858684645,phone_A,9.89519624863018,0.03765979766934505
1557,11,20,Standing,-0.0994796890737372,0.1980769614077818,9.901637002509055,0.0299951700629949,-0.0277645661171461,0.0040207330713752,phone_A,9.904117629583933,0.041070033518523126
1558,11,21,Standing,-0.1762312459158929,0.256268837852322,9.834413595643952,0.0343766112020653,-0.0105160487287683,0.0050715451705609,phone_A,9.839330360318117,0.03630508571840632
1559,11,22,Standing,-0.132862910035706,0.2126091593655437,9.855410032088638,0.0507834614817635,-0.0104535652656739,0.0079087528754672,phone_A,9.858598384562718,0.052447929977060784
1560,11,23,Standing,-0.1319826069511255,0.2485889989900118,9.873117849596518,0.0344979674627407,-0.0095733311598314,0.0039890198705518,phone_A,9.877128731112997,0.036023196805444295
1561,11,0,Laying,7.351613489880698,0.0948550163220682,6.4413549365313365,0.004921985287819,-0.0114588892715051,0.0006498630742091,phone_A,9.774777327238404,0.01248817058360999
1562,11,1,Laying,7.300999967266923,0.1431254170040032,6.41777425220118,0.0166302662416715,0.0061289504638348,-0.0061279852683369,phone_A,9.721775134163543,0.01875318619611008
1563,11,2,Laying,7.293460348421995,0.1085959588355719,6.394347877870881,0.0169828265117166,-0.0001482615239859,0.0060672882951545,phone_A,9.700208333820008,0.01803469891800464
1564,11,3,Laying,7.337781579366267,0.1246220086975831,6.424973557296592,0.0131596955967816,0.0020155017562428,-0.0056598296393369,phone_A,9.753914822444328,0.014466288642070132
1565,11,4,Laying,7.386474946301714,0.1233879545689652,6.41533175690539,-0.0099781782865601,0.0042033359365438,0.0014939567836092,phone_A,9.784258698073883,0.010929957995578572
1566,11,5,Laying,7.349488977666097,0.122183271381446,6.413288412364338,0.0052450348006295,0.0034455894667134,0.0049121523989547,phone_A,9.75500821346695,0.007969423945524374
1567,11,6,Laying,7.342365397595034,0.1574703401104174,6.426660066194212,0.0048850632308547,0.0021447054527314,-0.0069038715253853,phone_A,9.758949028775117,0.008725081448757388
1568,11,7,Laying,7.35517854966957,0.0966295183195456,6.403921129268803,-0.003770576239141,0.0002083614468057,0.0110702982874792,phone_A,9.752855714672776,0.011696673195462654
1569,11,8,Laying,7.347719426255344,0.1526518363878471,6.489414177862407,0.0111793465731734,-0.0030107713947459,-0.0022081739405196,phone_A,9.80432454185215,0.01178637206039814
1570,11,9,Laying,7.352012040340944,0.1220558696585834,6.417656124659532,0.015061345106436,0.0080747491456628,-0.0081950044624555,phone_A,9.759779137409632,0.018952672326619572
1571,11,10,Laying,7.332951085398617,0.1275291410247928,6.447595209976095,0.0163835796541694,0.018482053619361,-0.0009944921048497,phone_A,9.765240360296616,0.024718353562081293
1572,11,11,Laying,7.344479209584717,0.1550267194495815,6.41657773070011,0.0090343204624956,0.000146793385303,-0.0138333454526879,phone_A,9.753864768279394,0.016522770376980866
1573,11,12,Laying,7.3594744708426125,0.1368662398499137,6.466432309053058,0.0102468725088103,-0.0045111596704917,0.0004286329778661,phone_A,9.797721350505947,0.011204136915184385
1574,11,13,Laying,7.305688512731883,0.1121922184564898,6.451558526826323,0.0090418575750694,0.0089453605667502,-0.0097600404804359,phone_A,9.74721904770844,0.016032250442678246
1575,11,14,Laying,7.3535232335664285,0.1315420492717632,6.4605851345164735,0.0148518860422842,0.0076686202025978,0.0113371564457659,phone_A,9.789319053829184,0.020196964403109162
1576,11,15,Laying,7.352045421429405,0.1776942350304676,6.4115982457020175,0.0045962486596379,0.0087472943965697,-0.0069091738399588,phone_A,9.756676646492561,0.012057252761398587
1577,11,16,Laying,7.377269524607008,0.1476580812847194,6.465508382009237,0.0109672625566237,0.0049928048290939,0.0051885582193249,phone_A,9.810642547024925,0.013119835534131805
1578,11,17,Laying,7.348123103344983,0.1281970218805491,6.4515734094167625,0.0113662779294047,0.0026473671974812,0.0016330542206644,phone_A,9.779271295726732,0.01178421372576048
1579,11,18,Laying,7.406324600535285,0.1354209243955803,6.42890251642179,0.0014906009350954,0.0052799507580764,0.0060509504549268,phone_A,9.80830110064494,0.008167849935166395
1580,11,19,Laying,7.389165216353101,0.1497618761750764,6.465576704331721,0.0162906641654225,0.0126616824206107,0.0079785005485096,phone_A,9.819667679392978,0.022121492076113466
1581,11,20,Laying,7.409333753189986,0.1432887616598135,6.409467626024361,0.0160279906231506,0.0111233088849502,0.0114389189346541,phone_A,9.79796068498097,0.022615776580949057
1582,11,21,Laying,7.403960926408785,0.1965561061775508,6.459086853926408,0.0135350028997599,-0.0014088166746317,0.0037971337826282,phone_A,9.827363567571348,0.014127961384517072
1583,11,22,Laying,7.359976692230113,0.1535079364311608,6.445880875361619,0.0150828082755527,0.0067822499579301,0.0074717860514099,phone_A,9.784794420736214,0.018147110149193655
1584,11,23,Laying,7.307583135390998,0.1531829360921892,6.475486886045501,0.0235365709785573,0.0122261815107164,0.0118677686210676,phone_A,9.765048218207015,0.029056731058480167
1585,12,0,Walking,0.6527444943172901,0.8789525512312055,10.042356138631131,0.4602276026021717,0.1903396381654095,0.1467922760670017,phone_B,10.101858728832024,0.5192172920529635
1586,12,1,Walking,1.0768131609800142,0.4538625552121698,10.266360519414544,0.2885909053538179,0.3249294569903756,0.0938878470181881,phone_B,10.332650972392184,0.4446108303794537
1587,12,2,Walking,1.6804850331313468,0.2788398009245807,10.191004492229592,0.1440915082066549,0.3115328266075124,-0.0430390457285766,phone_B,10.332393437234272,0.3459297967052873
1588,12,3,Walking,1.4270487920123405,-0.2869880251527196,10.111029917444174,-0.1588949088274943,0.3386976532737918,-0.1078413061453807,phone_B,10.215270743980117,0.38935002208246133
1589,12,4,Walking,0.7170421994117773,-0.6316966778120513,9.798024089600135,-0.3570107491030508,0.2423442669266904,-0.1171835411929364,phone_B,9.844514526825618,0.4471234740134688
1590,12,5,Walking,0.151482016733059,-0.8042817625597443,9.372956936681202,-0.3955579075017896,0.1280859878958106,-0.0872636229802196,phone_B,9.408620392589977,0.4248376376665255
1591,12,6,Walking,-0.7851970323496941,-0.4718781854001954,9.542513310949069,-0.3475429205807138,-0.0683324205342194,-0.065918177935716,phone_B,9.586384286638394,0.36027851382534937
1592,12,7,Walking,-1.2159456617369044,-0.1706692335746879,9.57564308561013,-0.1357336285532493,-0.24947599274864,0.0283138861755083,phone_B,9.654045387431058,0.2854182282695178
1593,12,8,Walking,-1.533450436598617,0.2341941318808003,9.673868349989936,0.1472888732416507,-0.1985601636731569,0.1169859948211977,phone_B,9.797450994307086,0.2735066247150354
1594,12,9,Walking,-0.6529783648390791,0.5999513843267662,9.75341397969888,0.3469786505696579,-0.1265576844045412,0.1551469448180802,phone_B,9.793641134322263,0.4006015550635876
1595,12,10,Walking,-0.0685465711070033,0.8388152663457051,10.07550316763518,0.5032449863720249,-0.0082726971254162,0.1822393482509692,phone_B,10.11059215696547,0.535289766273601
1596,12,11,Walking,0.537577532063242,0.9367367998237464,10.047065097692004,0.4661006300943184,0.1515264292169866,0.0916408748428348,phone_B,10.104948417106545,0.498606163286748
1597,12,12,Walking,1.2587462909816196,0.499491239943655,10.123798439191692,0.3612913504265097,0.3204924148973975,0.0183278616417966,phone_B,10.213972222461766,0.4833039813741839
1598,12,13,Walking,1.4657937632018043,0.2954361689694934,10.122676214142995,0.1495047855737162,0.3473415475758437,-0.0735104323373777,phone_B,10.232517169423808,0.38522930216204104
1599,12,14,Walking,1.4614231862360707,-0.2659050906880283,9.770843704406342,-0.1365282764025968,0.3745153548995087,-0.1263399298530945,phone_B,9.88310932563529,0.41816683176485153
1600,12,15,Walking,1.135204750092652,-0.640472135230281,9.798556518451264,-0.3534340450826654,0.2356562009461447,-0.1355077451188622,phone_B,9.884867435930696,0.44588318902495505
1601,12,16,Walking,-0.0712530114888948,-0.3306675729607557,9.536057715302082,-0.4083525603279291,0.0986849151779834,-0.0774983741203351,phone_B,9.542055060888423,0.42719611889781506
1602,12,17,Walking,-0.5101421490763597,-0.6946926979546311,9.489656724657172,-0.3759664625554771,-0.0643128183501658,-0.1106088048942358,phone_B,9.528715952775945,0.39714131904241784
1603,12,18,Walking,-1.2655212795088318,-0.2197804650112907,9.487929441783816,-0.1491809418322874,-0.1611260422017985,0.0287535156373956,phone_B,9.574479236697858,0.2214572634688102
1604,12,19,Walking,-1.2235253297807462,0.0730663695427475,9.720217239959585,0.0847605989441305,-0.1838978260653135,0.1438724364636791,phone_B,9.797192256916304,0.24839896847392787
1605,12,20,Walking,-0.9380401238653016,0.7562742259984057,9.31387370606548,0.3316211414428159,-0.1352108046378244,0.1755877093843507,phone_B,9.39149154242438,0.39885534574515513
1606,12,21,Walking,-0.5053221323472679,0.8526481935910348,9.580597957884244,0.4905185013896905,-0.0725759608149824,0.1979883419930909,phone_B,9.631729680077706,0.5339242023536476
1607,12,22,Walking,0.5633972357333551,0.8505203560383027,10.119636367772824,0.4857628259418042,0.1477890128530345,0.111019268283511,phone_B,10.170931203052051,0.5197426221864512
1608,12,23,Walking,1.1734360203330263,0.488052399365796,9.927007768465996,0.3630141035660666,0.2815887895081604,0.0785538777387151,phone_B,10.008028300995454,0.4660924773822626
1609,12,0,Walking Upstairs,-0.195855896959644,1.359658200421763,10.32365112881788,0.7258498387096785,0.0375305410685765,0.3007512734204167,phone_B,10.414643660917578,0.7865862052768079
1610,12,1,Walking Upstairs,0.7935532803652897,1.4835010747867277,10.402732622898776,0.7086280708092283,0.2689229988799409,0.2337378076252667,phone_B,10.53790056278737,0.7931624579988992
1611,12,2,Walking Upstairs,1.7837204818142145,1.005407855200735,10.837057516599906,0.4904183340423927,0.4869185572807337,0.0816014436501722,phone_B,11.028795008097548,0.6958869300360938
1612,12,3,Walking Upstairs,2.136556899112095,0.1030527514060867,10.713059800912408,0.0862302623572981,0.5611524537013168,-0.0100778986596941,phone_B,10.924520380805797,0.5678285819528742
1613,12,4,Walking Upstairs,1.7379691653032696,-0.5428672603486574,10.293363835278791,-0.3127544376157642,0.4440493793048279,-0.1391782178887722,phone_B,10.453161279121677,0.5606833026264029
1614,12,5,Walking Upstairs,0.802279481530369,-0.6828246422785272,10.072651148822716,-0.5061550707698393,0.2627747226888079,-0.1946781334640465,phone_B,10.127596112822975,0.6026135463124324
1615,12,6,Walking Upstairs,-0.4801289929659633,-0.8372338989968064,9.605541737620248,-0.4699373831873031,0.0083614120447984,-0.0222284031604242,phone_B,9.65390680111842,0.4705370965560265
1616,12,7,Walking Upstairs,-1.450069097024533,-0.2132570299420996,9.446206518176758,-0.1979665736156874,-0.1887605859791199,0.0570559707020997,phone_B,9.559236189728255,0.2794220944754995
1617,12,8,Walking Upstairs,-1.5412191323775577,0.4809946654956508,9.716709250340028,0.1916370802403485,-0.2405381540205069,0.1703758484668967,phone_B,9.849931519451562,0.3515839925301688
1618,12,9,Walking Upstairs,-0.9311305714332933,1.2002906389692396,10.069192952829464,0.592196754105805,-0.1456404858591116,0.2861863638275452,phone_B,10.183140403645892,0.6736547940418456
1619,12,10,Walking Upstairs,0.040043528491231,1.5151056758036805,10.623941753164452,0.7664869666416502,0.1081394949486496,0.2748886004675122,phone_B,10.731509076903283,0.8214378631803227
1620,12,11,Walking Upstairs,1.2988504732797137,1.2201447377037389,10.651828097009096,0.6863291138620513,0.3980406135169832,0.1780095428888241,phone_B,10.7998707187224,0.8131244553591616
1621,12,12,Walking Upstairs,1.7861875749244542,0.7559255616851042,10.659486742137542,0.3485534055070973,0.5510843721612175,-0.0032475124472427,phone_B,10.83450723906858,0.6520690209387449
1622,12,13,Walking Upstairs,2.01089341816134,0.0503570012136632,10.62513469855233,-0.0749215256234314,0.5015398127763273,-0.0609529207956632,phone_B,10.813866816692194,0.5107550071756305
1623,12,14,Walking Upstairs,1.3488733666347157,-0.7249835585816052,10.10146308119944,-0.4084195361655852,0.41205007548478,-0.1786635073906627,phone_B,10.21687901955707,0.6070522474234471
1624,12,15,Walking Upstairs,0.2733595849387448,-0.9826800156681932,9.716442636186132,-0.5762872344870599,0.1225638730858368,-0.1081926908400003,phone_B,9.769833313735052,0.5990279943122396
1625,12,16,Walking Upstairs,-0.6554045774726331,-0.465657922092995,9.557456137889009,-0.3684641393694718,-0.0824202525551813,-0.0788779674261729,phone_B,9.591212659943077,0.38572095325225697
1626,12,17,Walking Upstairs,-1.547207483549147,0.2979339779803062,9.535172323969816,-0.015547735454736,-0.2219609610505866,0.1143622411370789,phone_B,9.664477580303323,0.2501741843319687
1627,12,18,Walking Upstairs,-1.3873927564059998,0.8403332226844508,9.983100620072207,0.4690123162310399,-0.1885323982539168,0.2326033447384504,phone_B,10.114015848126854,0.5564362802255913
1628,12,19,Walking Upstairs,-0.2904175603982735,1.260314769026845,10.118907713845942,0.7188014849952049,0.0279015155138724,0.2952503043900661,phone_B,10.201226837873266,0.7775775277370799
1629,12,20,Walking Upstairs,0.6739060570357142,1.2294954151965507,10.602387293965334,0.7889261030048889,0.2277574968164604,0.236859247835336,phone_B,10.694691425232255,0.8546228271253358
1630,12,21,Walking Upstairs,1.632359187374931,0.946283753100881,10.795430164945255,0.5485968545538729,0.4901665229842325,0.0976269331590327,phone_B,10.959076690314745,0.7421271772135107
1631,12,22,Walking Upstairs,1.8918163670446768,0.3944862124681227,10.620390772480157,0.1893305275869752,0.6176757161271668,0.0239525445222955,phone_B,10.794780622996802,0.646485160973292
1632,12,23,Walking Upstairs,1.6318926881016094,-0.2494623286769378,10.495667548968896,-0.2399511919400169,0.4851189330910703,-0.1065724352617878,phone_B,10.624704348704823,0.5516109477833822
1633,12,0,Walking Downstairs,1.4102831824576438,-1.3741153486228506,9.61016698184176,-0.6685340556964185,0.2057184044719802,-0.2937861672992032,phone_B,9.809811469387437,0.7586620839746473
1634,12,1,Walking Downstairs,-0.0357327039556138,-1.5739043827979875,9.114522981969245,-0.9001304883976302,-0.1723618072533705,-0.2875205643620612,phone_B,9.249485446292038,0.9605267115878051
1635,12,2,Walking Downstairs,-1.6602146108370883,-1.4299484172955306,8.57832147815932,-0.7050707067664655,-0.4805968542745139,-0.2271540840433439,phone_B,8.853737313293884,0.8830045389330069
1636,12,3,Walking Downstairs,-2.384125712979849,-0.3119802389979483,8.6874071377528,-0.2124453853606914,-0.6282347918925629,0.0373393168877461,phone_B,9.014012972139279,0.6642335583896587
1637,12,4,Walking Downstairs,-1.8561467633679127,0.1287682766926541,9.328742255259018,0.3699170445262464,-0.5111067343098176,0.1529532121555079,phone_B,9.512480966672085,0.6492021247628255
1638,12,5,Walking Downstairs,-0.8838744751864089,0.9952865211567636,9.607975296442616,0.6983151541236227,-0.2488394152781309,0.2084132419650656,phone_B,9.699743225680459,0.7700657040156054
1639,12,6,Walking Downstairs,0.8721753870731427,0.9317502589312948,10.000764499169762,0.5963069707736739,0.1077886484557307,0.1433673299281184,phone_B,10.0818718013417,0.6226994358596338
1640,12,7,Walking Downstairs,2.051993716120279,0.1303965272285411,9.832106522707583,0.158984578623192,0.2949238233732947,-0.0754912499041545,phone_B,10.044799656497853,0.34344590060911745
1641,12,8,Walking Downstairs,1.7781818789422144,-0.7892690780432464,9.658510591960685,-0.4461678286075483,0.3300758423934977,-0.2701300980957564,phone_B,9.85249731424325,0.6172406847522081
1642,12,9,Walking Downstairs,0.7443984285158318,-1.340406423553568,9.383435267650128,-0.805458939725803,0.0538179107864778,-0.3005274427167576,phone_B,9.507874411395049,0.8613809929012307
1643,12,10,Walking Downstairs,-0.6760877739520486,-1.4549766311720351,8.605220697933204,-0.869947251805868,-0.2966210874079756,-0.2682642471227208,phone_B,8.753506436593405,0.9574748021248352
1644,12,11,Walking Downstairs,-1.8770430068939763,-0.9208814439995612,8.682660277343397,-0.4638894841676394,-0.5982828124892662,-0.0777495792503454,phone_B,8.930839970315738,0.7610392725181735
1645,12,12,Walking Downstairs,-2.198720137854576,-0.1622128588937611,8.859524769934495,0.0996496537832925,-0.6455168368719363,0.1405973268709879,phone_B,9.129724114412253,0.6681239768991587
1646,12,13,Walking Downstairs,-1.6129904965362605,0.5913794446057948,9.466782771065931,0.5803937197740106,-0.4513664402102426,0.2187405335946473,phone_B,9.621405511876594,0.7670957921527468
1647,12,14,Walking Downstairs,0.2065012534490406,0.9221669689483992,9.779290386449995,0.7023537842752896,-0.0737156683859442,0.1485626331101172,phone_B,9.824843772234182,0.7216686871466836
1648,12,15,Walking Downstairs,1.4900655473641302,0.5445989559942286,10.157990012410542,0.4229788924824275,0.2074765741723368,0.0582236013396616,phone_B,10.281130504499195,0.4747079734625383
1649,12,16,Walking Downstairs,1.974301138468316,-0.3464324407791899,9.787693217990972,-0.1394370515056538,0.3533875595546303,-0.1568842946070672,phone_B,9.990836749286217,0.4110208516303337
1650,12,17,Walking Downstairs,1.4911090396436764,-1.1089132054479198,9.79441144877126,-0.6717699229905469,0.1591261923723232,-0.3243445012274644,phone_B,9.969131872592788,0.7627550917628355
1651,12,18,Walking Downstairs,-0.1073773170703881,-1.6842271731134515,9.041122830547195,-0.8631582248703853,-0.0896481230371914,-0.2905742734764003,phone_B,9.197285093760913,0.9151569895552478
1652,12,19,Walking Downstairs,-1.2793944195849616,-1.3267028333729125,8.508424341019118,-0.6937636848062724,-0.5180608207162672,-0.1964219033341925,phone_B,8.70576103828904,0.8878494401792547
1653,12,20,Walking Downstairs,-2.2705547355593527,-0.4847686426527031,8.713830513153017,-0.2502558402236121,-0.6534162747517025,0.0384933834858329,phone_B,9.017830207762115,0.7007585563149449
1654,12,21,Walking Downstairs,-1.9955755643915167,0.3448751537411638,8.960552177293561,0.3233225840814235,-0.567202305506817,0.178819836310048,phone_B,9.186553000275179,0.6769287130911867
1655,12,22,Walking Downstairs,-0.8018638083807148,0.7242173503188363,9.680762207545593,0.6565082077785268,-0.2661093695993838,0.1923680589768438,phone_B,9.740874357917603,0.7340454301905798
1656,12,23,Walking Downstairs,0.7521088870280271,0.8971110824738943,10.30914264511477,0.6295055487745522,0.0783558913093891,0.1241245594918622,phone_B,10.375398698342535,0.6463929052131434
1657,12,0,Sitting,0.1663975591640256,-0.1824717041651417,9.89078127356274,-0.0048145234422453,-0.0058219714150206,-0.0099486256876794,phone_B,9.893863667545457,0.012492003050223808
1658,12,1,Sitting,0.1509576730862042,-0.1253096950219794,9.890419576732183,-0.0132366804796351,-0.0127439226906304,-0.0210468454132484,phone_B,9.892365245103788,0.02793898669447216
1659,12,2,Sitting,0.2195488177481059,-0.1213997443615419,9.799866388938048,-0.0195061337564885,-0.0181978341459598,-0.0109763438496533,phone_B,9.803077109884594,0.028846673049689842
1660,12,3,Sitting,0.1855498124793033,-0.1317413760713282,9.861496709616825,-0.0133125142674898,-0.0053274408091415,-0.0119667914065051,phone_B,9.864121951641906,0.018676422523166206
1661,12,4,Sitting,0.2518848759217918,-0.1324823151546566,9.817894526830669,-0.0196584241481383,-0.0141206100094675,-0.0197311041535457,phone_B,9.822018656799552,0.031227579767661297
1662,12,5,Sitting,0.1785898898546869,-0.1649125622533083,9.843058024078143,-0.0212156848528389,-0.0162742054350526,-0.0053319484907974,phone_B,9.846059199868565,0.027265082450375795
1663,12,6,Sitting,0.2244174320338875,-0.1428472963311557,9.833937042317068,-0.0169529599439919,-0.0203079991316401,-0.0127521801060578,phone_B,9.837534563401826,0.02936725688672037
1664,12,7,Sitting,0.183152596524836,-0.1264319642768636,9.89275492289324,-0.0095145147293821,-0.0222152299890863,-0.0101266296733192,phone_B,9.895257949120534,0.026202882714391886
1665,12,8,Sitting,0.1384092766656778,-0.0922883806251153,9.794535371366583,-0.0193575290873299,-0.0207283135388454,-0.0032569897472348,phone_B,9.795948009969054,0.028547940324042596
1666,12,9,Sitting,0.1853817971717639,-0.0755742800226181,9.847894560223402,-0.0110163436463993,-0.0133863222313374,-0.0136176845013762,phone_B,9.849929195268423,0.022045289324383602
1667,12,10,Sitting,0.1047580665272699,-0.0967214194369332,9.808819396798697,-0.0100286754926203,-0.0183565133158642,-0.0046294358949473,phone_B,9.809855617922967,0.02142352888665192
1668,12,11,Sitting,0.1708805535234579,-0.0841518975018274,9.838319612234065,-0.0113228373812529,-0.0192873858833791,-0.0090382501084702,phone_B,9.840163336952038,0.024122600722142937
1669,12,12,Sitting,0.1393495721253896,-0.0365992993658813,9.837657210644238,-0.0049252243848687,-0.0249607097808162,0.0013372049818722,phone_B,9.838712172134429,0.02547710708002348
1670,12,13,Sitting,0.1603744758176887,-0.0797709985929206,9.83830932051996,-0.0003059778138996,-0.0138208721879358,-0.0023904820258009,phone_B,9.839939718867194,0.014029416765266233
1671,12,14,Sitting,0.1359104003373825,-0.0733121402391214,9.810346211501182,-0.0096386569839616,-0.0224187744097317,-0.0138309298216952,phone_B,9.811561501429928,0.02804995141210712
1672,12,15,Sitting,0.1571902894687667,-0.1163115021506791,9.821352031163494,-0.0053729792642838,-0.0224320768436764,-0.0047306452839452,phone_B,9.823298472136287,0.023546676676285756
1673,12,16,Sitting,0.1328715120137046,-0.090153418118931,9.822329981835829,-0.0074451344802871,-0.0166651090857705,-0.0145777268268772,phone_B,9.823642336199663,0.023359495022565138
1674,12,17,Sitting,0.1278109612569698,-0.0966931656076158,9.844516219279338,-0.0102025870540508,-0.0265531516699299,-0.0018490699917052,phone_B,9.84582067690381,0.028505818810130867
1675,12,18,Sitting,0.1584562805440623,-0.0728806480048923,9.805170796983926,-0.0030389441983971,-0.0185504814933556,-0.0077286484716576,phone_B,9.806721895706225,0.020324555411490686
1676,12,19,Sitting,0.1288491846090793,-0.0775578570058148,9.825991502645342,0.0174483803442835,-0.0265654656076081,0.0028756522670684,phone_B,9.82714232845013,0.03191299602902998
1677,12,20,Sitting,0.111134347226538,-0.0602344695504869,9.858444939059613,-0.0008493110897996,-0.0245481417638261,-0.0045077307178142,phone_B,9.859255329431608,0.024973030044599824
1678,12,21,Sitting,0.1015273237586741,-0.0435844124678037,9.824019081764837,-0.0103906072551127,-0.0136664079765779,-0.0032801463267313,phone_B,9.82464036580268,0.017478409139193466
1679,12,22,Sitting,0.1241935489820545,-0.0245597618147776,9.835666735088584,0.0045229216808669,-0.0315737191788843,-0.007630629143938,phone_B,9.836481451374636,0.03279608306567445
1680,12,23,Sitting,0.1267772583066346,-0.0526164831703858,9.848328661604418,0.0040178257060186,-0.0239371241540539,-0.0082254522246679,phone_B,9.849285171752518,0.025627853996595742
1681,12,0,Standing,-0.0908660654274544,0.2074189410730219,9.778710175338036,-0.0074669463149449,-0.0408225413717293,-0.0063529872471217,phone_B,9.781331808717143,0.04198327784105131
1682,12,1,Standing,-0.0892939615341466,0.1664691437153825,9.747446582872724,-0.0087306061360567,-0.0402558650280735,0.0055790247062061,phone_B,9.749276910280729,0.041567820117656876
1683,12,2,Standing,-0.1023477827684232,0.1942638827282753,9.805204725484662,0.0057350821833818,-0.0477627185751175,0.0001259314409457,phone_B,9.807662985310875,0.04810596960943451
1684,12,3,Standing,-0.0771834907286529,0.1956302520779716,9.800035712139978,0.0045283809551017,-0.0448471004686591,-9.753154669477602e-05,phone_B,9.802291999628867,0.04507525004837058
1685,12,4,Standing,-0.1104950249482698,0.220248339999158,9.724583699181244,0.0107367858930719,-0.0445727716559016,-0.0059864799038332,phone_B,9.727705104709552,0.04623687366206556
1686,12,5,Standing,-0.0930687256466286,0.1817134518883428,9.776735719308776,0.024937462982649,-0.0381987842986144,0.0072644290032107,phone_B,9.778867157881773,0.04619303097487485
1687,12,6,Standing,-0.0997870162459746,0.204489707291414,9.838480520448256,0.0219505590118593,-0.0486168090673327,-0.0030798628339428,phone_B,9.841111341725547,0.053431327139595766
1688,12,7,Standing,-0.0933779465387758,0.215888852653781,9.756009012043297,0.0229636476105603,-0.045294286789516,0.0099180905905472,phone_B,9.758844157002917,0.05174234289549726
1689,12,8,Standing,-0.0935679993872787,0.2105511510910796,9.811152697607447,0.0205817641438315,-0.0455430671075561,0.0048468589650151,phone_B,9.813857753885829,0.05021226960278149
1690,12,9,Standing,-0.0722553814871043,0.2269065827051423,9.833561034769032,0.0373312816520717,-0.046357650047212,-0.008301840601666,phone_B,9.836443974422695,0.06009639643989938
1691,12,10,Standing,-0.0692401701900626,0.2331271106556622,9.781785609659323,0.0260063821752193,-0.0431200098016773,0.0180538950706067,phone_B,9.784808233390617,0.053494021033764015
1692,12,11,Standing,-0.0851457497927467,0.2810205926225146,9.82020741468225,0.0304036385109888,-0.0414209255936967,0.0145373146376977,phone_B,9.824596482276812,0.053398575155343415
1693,12,12,Standing,-0.0614659648810927,0.2805157487887573,9.80589313340688,0.0358097472842777,-0.0337828086285906,0.0096002848037767,phone_B,9.810097211238707,0.05015756800038689
1694,12,13,Standing,-0.1023121968936878,0.2414350416064864,9.811098123559598,0.0409802124665991,-0.027723708719242,0.0043347972929084,phone_B,9.81460162487828,0.049666611586936193
1695,12,14,Standing,-0.0800605100143888,0.2578993054737797,9.841740402416551,0.0358085750288169,-0.0356530148567396,0.0043898750840722,phone_B,9.84544442295958,0.05072142069405255
1696,12,15,Standing,-0.0435624184105596,0.267259644780818,9.810268518866256,0.0390884415487694,-0.0239428269964052,0.0070422840011196,phone_B,9.8140049834043,0.046376276168357634
1697,12,16,Standing,-0.0666568283863467,0.3061906582527184,9.833202547999733,0.0460101925085632,-0.0257862226226751,0.0128858642637674,phone_B,9.838194356789268,0.0542946828855777
1698,12,17,Standing,-0.0438587421162033,0.29836063770006,9.86493985996576,0.0495045505373458,-0.0326935455167784,0.0207697777889012,phone_B,9.869548171022323,0.06285659958797182
1699,12,18,Standing,-0.0333301482626566,0.2604484454899687,9.836051021391176,0.048643377363226,-0.0196455563032805,0.0110685103152826,phone_B,9.839555070578738,0.053615650367836526
1700,12,19,Standing,0.0075047258055223,0.2836171851445722,9.830139017755869,0.0397070775653564,-0.017690720830597,0.0115884167810117,phone_B,9.834232463035692,0.044987831863491506
1701,12,20,Standing,-0.0368365476745236,0.3011305645184076,9.836361366378377,0.0534445783633215,-0.0258230693012439,0.0103103913949952,phone_B,9.841038638178027,0.060244983486494944
1702,12,21,Standing,-0.0090499170043657,0.2544332335468707,9.839782094804905,0.0540904921413484,-0.0138202973833892,0.0057922602426138,phone_B,9.843075222946034,0.056127820540056175
1703,12,22,Standing,-0.0265889316643848,0.2337020962823252,9.841759304391784,0.0388839698515621,-0.0133555092694143,-0.0040956909441379,phone_B,9.844569561269607,0.04131715652816025
1704,12,23,Standing,0.0271618409281057,0.2994220159950682,9.898557454477148,0.0301916502471561,-0.0142377860348876,0.003266089603207,phone_B,9.903122284857956,0.033539791846671
1705,12,0,Laying,7.369893745952933,0.1767103419977229,6.376310956309931,0.0045801698682558,-0.0096396028653623,0.0015472510488088,phone_B,9.746994500006819,0.0107839642632948
1706,12,1,Laying,7.41065089958093,0.1177512203720969,6.341635433364759,0.0022171027424783,-0.0060102160422354,0.0057493160997316,phone_B,9.75438117335314,0.008607721943678334
1707,12,2,Laying,7.4078496261077,0.1139651615684915,6.399389574093989,-0.0017108913787619,-0.0284486745836336,-0.0011035220386128,phone_B,9.78986266819398,0.02852143046491719
1708,12,3,Laying,7.450278391319009,0.1876569591136269,6.366071351460358,0.0029406062521399,-0.0287810422938857,0.0030068890229146,phone_B,9.801465589101614,0.029086714187901767
1709,12,4,Laying,7.405982268834201,0.1617613301049779,6.40089593281516,0.006345114989213,-0.0154737449233382,-0.0013865723227818,phone_B,9.790107703030317,0.01678153297482607
1710,12,5,Laying,7.415958667782557,0.1311281307925044,6.390420955066643,0.010336607146032,-0.0182469268142148,0.0078520891866863,phone_B,9.79035839649904,0.02239310362701845
1711,12,6,Laying,7.363956771375074,0.1189422583427411,6.373017734313735,-6.711181637619398e-05,-0.0209298997280758,0.0010930987629242,phone_B,9.739474402316475,0.02095853218927106
1712,12,7,Laying,7.436724956862691,0.1508505601886557,6.406366333020709,0.0109191329724534,-0.0215111877589066,0.0043870822478919,phone_B,9.816779694400545,0.024519485196855588
1713,12,8,Laying,7.423064903942896,0.1788063040173424,6.378208930542579,-0.0002707632360499,-0.0283924018264038,0.001857536300178,phone_B,9.788534794552156,0.02845438868274019
1714,12,9,Laying,7.347306481643288,0.1954911960971111,6.3973488550899855,0.0062929926493079,-0.0245122804515761,0.0102027733979784,phone_B,9.744085473592177,0.027286447816296258
1715,12,10,Laying,7.378914200808332,0.1267548429866903,6.364206453828662,0.0112705974806452,-0.0138793326207339,0.0113944712670738,phone_B,9.745130340845414,0.021201325831746103
1716,12,11,Laying,7.433954636935393,0.1537778508775491,6.409816401637181,0.0070244741303303,-0.0282605071518605,0.0004019088914016,phone_B,9.816978938254413,0.0291232043574368
1717,12,12,Laying,7.388820793333576,0.1394544589302105,6.361283800613718,0.008732502622263,-0.013328469848338,0.0148959513842225,phone_B,9.750900053536833,0.021812704513356557
1718,12,13,Laying,7.367059776509739,0.1245007084724811,6.366461253381583,0.0165255928783038,-0.0179742247468047,0.0004205327399121,phone_B,9.737602326439855,0.024420172460763452
1719,12,14,Laying,7.429394376064002,0.1819848830412732,6.386769902162833,0.0074481419252782,-0.014802209559266,0.0035110670315337,phone_B,9.798971837693994,0.016938353452311573
1720,12,15,Laying,7.406796964890791,0.1465842206919809,6.411365022565093,0.0142404685752531,-0.0098731203928256,0.0130585072320664,phone_B,9.797332783234546,0.021697789349699435
1721,12,16,Laying,7.425703703929244,0.1479865168644051,6.415257962686356,0.0159114410048146,-0.0001153968427798,0.0070151392874182,phone_B,9.814199418981298,0.017389636295877416
1722,12,17,Laying,7.433135794368379,0.1690955947247496,6.387787291804354,0.0119206693053635,-0.0136040382643119,0.0083793925394421,phone_B,9.802240944958093,0.019934553747569965
1723,12,18,Laying,7.446071968179391,0.1706725137883302,6.379710807714807,0.0118471703398112,-0.0229274536658692,0.0153010644608167,phone_B,9.806825523702502,0.030002435739372047
1724,12,19,Laying,7.405252504411934,0.1881807350456933,6.399216158977708,0.0159437274178944,-0.0153021257446653,0.0006718779125113,phone_B,9.788929670421734,0.022109023411516545
1725,12,20,Laying,7.396185445718825,0.2081747365244135,6.396169571682715,0.0211634563885972,-0.0058837503718676,0.0029817819109462,phone_B,9.780484704661106,0.02216757605411457
1726,12,21,Laying,7.432647282666735,0.1669795039622431,6.365404902971899,0.0135663098872466,-0.0102529505094502,0.0024840756122874,phone_B,9.78726250603586,0.017185412120563213
1727,12,22,Laying,7.415639500819284,0.1623319719320107,6.448132477935851,0.0039184687425532,-0.0103428947104612,0.0039727300447575,phone_B,9.82835048867478,0.011752125436982524
1728,12,23,Laying,7.409481508056677,0.1604501327100151,6.41302970040016,0.0194891685509842,-0.0118023267536021,0.0120468192647332,phone_B,9.800668875211278,0.02577301810042065
1729,13,0,Walking,1.248956510408503,0.3837201121159612,10.08970185832601,0.1236106223942173,0.4027643290013388,-0.0103814738821947,phone_A,10.173947959334242,0.4214338212395288
1730,13,1,Walking,1.6064118406266286,-0.025768018726065,9.804467750209117,-0.0860208070721805,0.3832494184586436,-0.1038288542162923,phone_A,9.93523079034328,0.40627592466955986
1731,13,2,Walking,0.8137545138805893,-0.4199480942349811,9.623816057901395,-0.2729407514184747,0.2582446940878165,-0.0907152062039563,phone_A,9.667284433957313,0.3865439489191595
1732,13,3,Walking,0.0062684387127164,-0.5811118204014231,9.718624714341273,-0.4162038657999106,0.1089501888343488,-0.1417354893664353,phone_A,9.735984623002398,0.4529732337564474
1733,13,4,Walking,-0.5885659682287124,-0.4853222882746584,9.247796435192106,-0.3502521906100952,-0.0386730739725927,-0.0896795105182219,phone_A,9.279207214477161,0.363613281226701
1734,13,5,Walking,-1.1972497300123612,-0.086250740767489,9.444783572248848,-0.2020553910170376,-0.2062209136496198,-0.0303005163050086,phone_A,9.52075537092091,0.29029565541682156
1735,13,6,Walking,-1.2078462185344363,0.2552945576411829,9.51797583928704,0.058876106894798,-0.2389981031141662,0.1004883505496566,phone_A,9.59770451076928,0.26586537542795596
1736,13,7,Walking,-1.1000487950023423,0.6694737239309064,9.394742761037834,0.2917695596857911,-0.1392925480806901,0.1236907417640421,phone_A,9.4825889905918,0.34616656324404116
1737,13,8,Walking,-0.3351644574528468,0.6527127465036107,9.713671400213476,0.4622387276069005,0.0077639209138698,0.1365612117866285,phone_A,9.741343912125943,0.4820517444551317
1738,13,9,Walking,0.4223965806588608,1.1162579155063574,9.8744921684644,0.4892419278715849,0.1337659115110866,0.1055191273893846,phone_A,9.946358438662246,0.5180591368897127
1739,13,10,Walking,0.9948756086508538,0.953450565458442,10.128143102892182,0.3882874424222791,0.2846828459693454,0.093658645043878,phone_A,10.221454307980048,0.49049301985196064
1740,13,11,Walking,1.5623057054903675,0.3572164435486401,10.245535828311526,0.2134287538271858,0.3888150120394644,-0.025801413991333,phone_A,10.370120882331337,0.44429118774901044
1741,13,12,Walking,1.3490314490638586,-0.0615908432729843,9.957459672492524,-0.1147835453568901,0.3846455775053746,-0.0507370888864128,phone_A,10.048615945086832,0.4046007102907855
1742,13,13,Walking,1.1236169382234178,-0.480983591258043,9.671113677041538,-0.2753955529361415,0.2790845970477279,-0.1200307060461395,phone_A,9.748040828452758,0.4100466964630132
1743,13,14,Walking,0.4206044235476599,-0.4598439872170674,9.431539120901176,-0.3847965354608875,0.1225355614159931,-0.1367410400761961,phone_A,9.45210530848958,0.4263583581394348
1744,13,15,Walking,-0.3231170651300392,-0.4191931047844634,9.582809119355367,-0.348814517260143,-0.0372516946007126,-0.0977644212462854,phone_A,9.597414136884867,0.36416636069751485
1745,13,16,Walking,-1.2380948385252313,-0.0914747422136973,9.318068363402125,-0.1872113871729179,-0.1467573854284532,-0.0470772216471505,phone_A,9.400406612624872,0.24249143997885508
1746,13,17,Walking,-1.3838731994416626,0.3576111237792838,9.445498342548689,0.0242456161450081,-0.2189939868734816,0.0958692357480567,phone_A,9.553032486445003,0.2402855104909786
1747,13,18,Walking,-0.9684680537087376,0.4286612012903519,9.756162677307406,0.3062639898048356,-0.1784002268853357,0.1063797574810031,phone_A,9.81348006482064,0.3700553001993523
1748,13,19,Walking,-0.3859150186032088,0.9681007709866886,9.583452368645434,0.4486237198790359,0.0253209213179448,0.1658436039971853,phone_A,9.639953776158073,0.4789660656886544
1749,13,20,Walking,0.1655585541506711,0.8745878279019109,10.156564771640598,0.523251006995335,0.1467078072135211,0.1535832874384275,phone_A,10.195495155415331,0.5647146387330741
1750,13,21,Walking,1.132071574242948,0.7304624370752482,10.07837165667346,0.4173509293764992,0.3018674827764846,0.0956071909712329,phone_A,10.168025210001485,0.5238764266262118
1751,13,22,Walking,1.3671798540338989,0.479435703481689,9.866273786638676,0.1493612251024379,0.3868009859550036,-0.0045646678111823,phone_A,9.97208091523342,0.4146620485311991
1752,13,23,Walking,1.4617596367095371,0.1260228387327228,10.134629883498258,-0.0298110108465305,0.4251239402173684,-0.0627613568344572,phone_A,10.24028055606346,0.4307644934594014
1753,13,0,Walking Upstairs,-1.1158830337772176,-0.3893534504876585,9.655260410005418,-0.3118627096581609,-0.1575204210885201,0.0065402151721909,phone_A,9.727324639359813,0.3494478604165915
1754,13,1,Walking Upstairs,-1.56678861481854,0.3946699202477984,9.872963426845203,0.1810413553788586,-0.2327403346837202,0.1411691375830804,phone_A,10.004298962810756,0.32691399656798875
1755,13,2,Walking Upstairs,-1.1978807348785323,1.1965127777337865,9.929118727473677,0.4960712601508018,-0.1181024139890501,0.2690929354298476,phone_A,10.072435643206752,0.57658120263836
1756,13,3,Walking Upstairs,0.0736120591007346,1.4669338606097877,10.287586782295085,0.809875805439829,0.1023594064230848,0.2954308404471934,phone_A,10.391908173665755,0.8681334285738759
1757,13,4,Walking Upstairs,1.05045150167842,1.4704456976893987,10.440584897883054,0.696620288236592,0.3291348113269097,0.1876441528206441,phone_A,10.59582332417521,0.7929816379323106
1758,13,5,Walking Upstairs,2.091250573097602,0.8111609768665762,10.775385161297004,0.4488666097568462,0.5422073254472121,0.0902823537143666,phone_A,11.006372538860015,0.7096625398845777
1759,13,6,Walking Upstairs,2.153096143309528,0.1917704638293369,10.613117961045628,0.0392540384321171,0.5598920710441397,-0.1008930028732096,phone_A,10.831014346228196,0.5702625788004151
1760,13,7,Walking Upstairs,1.3753753332495788,-0.3168837353429367,10.322158005536965,-0.3829962739836763,0.3909032885420549,-0.1814105486710457,phone_A,10.418206107593914,0.5765425518099269
1761,13,8,Walking Upstairs,0.4798040503454172,-0.707710911947234,9.842700654321012,-0.5383520323005643,0.2288861821247511,-0.1520911124132786,phone_A,9.879768359237392,0.604436515711039
1762,13,9,Walking Upstairs,-0.6359303621715675,-0.4829975063822698,9.642707520260858,-0.3970294155478006,-0.0686384734438989,-0.0575987383577556,phone_A,9.675717148511445,0.4070150015753008
1763,13,10,Walking Upstairs,-1.2983895041910798,0.2123195179984005,9.614000940218986,-0.0923866482112321,-0.2184005423063963,0.0664723578741994,phone_A,9.703602885570296,0.246277615728246
1764,13,11,Walking Upstairs,-1.3360422144188422,0.7713389015170365,9.645660838552889,0.3244089316740013,-0.2428934086776162,0.1336199978646005,phone_A,9.76825191690384,0.4267231734488229
1765,13,12,Walking Upstairs,-0.6328601613592094,1.6143091931334272,10.353880743756411,0.6531218784901843,-0.0218535505833824,0.2428818116549624,phone_A,10.498064231600058,0.6971637829580968
1766,13,13,Walking Upstairs,0.3630737018486593,1.3488520362482332,10.460136121626356,0.7655922461751739,0.2335104580645242,0.2691072424391881,phone_A,10.552993509503242,0.8444390619590474
1767,13,14,Walking Upstairs,1.5360879070853133,1.194601416469937,10.549595570352205,0.5579144752033643,0.4243823273300558,0.1582484806764354,phone_A,10.727562877956977,0.7186177725522243
1768,13,15,Walking Upstairs,2.0671779703013917,0.3313411533376286,10.630391902156765,0.1854445158569491,0.6214135051620876,-0.0201231357130502,phone_A,10.834585534954007,0.6488060984995255
1769,13,16,Walking Upstairs,1.9730025521018413,-0.0136768781399972,10.2619337760729,-0.1952048793611576,0.5456284926072593,-0.1256185803802306,phone_A,10.44989047560317,0.5929548250988591
1770,13,17,Walking Upstairs,1.0611954851442924,-0.7761037431175405,10.072747909324598,-0.488284937974125,0.3464484223710075,-0.1519860575969584,phone_A,10.158185040772526,0.6176960836201093
1771,13,18,Walking Upstairs,-0.0655516043821864,-0.6206895385600468,9.759628183006052,-0.4860951007029712,0.1165058887542813,-0.1264329132957867,phone_A,9.779565163474345,0.5156038698519597
1772,13,19,Walking Upstairs,-1.091737903935487,-0.1511669211702581,9.482456124278968,-0.3006064922385907,-0.1231295787744573,-0.0061798473514133,phone_A,9.546293376898767,0.3249051351678701
1773,13,20,Walking Upstairs,-1.618597880647212,0.4744047728419143,9.813478740484864,0.0922866688451513,-0.1904092856120622,0.0829713153733983,phone_A,9.957373347307975,0.22728124530770774
1774,13,21,Walking Upstairs,-1.128642505319569,1.30611107384086,9.90234060494755,0.5317251696579224,-0.109543204019513,0.2119145493763113,phone_A,10.051671975269427,0.5827856774423785
1775,13,22,Walking Upstairs,-0.0884763781325335,1.4758449403980285,10.538865677832892,0.7248364933548143,0.0803978481531135,0.255540696095007,phone_A,10.642069165955935,0.7727566262719948
1776,13,23,Walking Upstairs,0.9398602126689962,1.537603509074008,10.609067788254317,0.7029447219839438,0.3350162687236401,0.1940466085141113,phone_A,10.761035317582145,0.8025093574223436
1777,13,0,Walking Downstairs,-1.2958900351548428,-1.3838096111837916,8.64148071453156,-0.8237553068620758,-0.3740135504888501,-0.2188918823992876,phone_A,8.847002258552845,0.9307913824875108
1778,13,1,Walking Downstairs,-2.257076281146667,-0.6644227139321244,8.875432958941875,-0.3175623575918347,-0.641996966556884,-0.0648366149920126,phone_A,9.182002019732709,0.719172957410905
1779,13,2,Walking Downstairs,-2.287471943776649,0.4176612206455791,8.865336047045721,0.2126133523801481,-0.5589171046320611,0.1331001076961908,phone_A,9.16521423731299,0.6126241964935347
1780,13,3,Walking Downstairs,-0.9851898726835132,1.035090983231341,9.349748880924205,0.6526856137169461,-0.3822647556363112,0.2433146501317287,phone_A,9.458319965255374,0.7945608049252624
1781,13,4,Walking Downstairs,0.4426242593290465,0.9859420485696928,9.743200366104508,0.646581735441433,-0.0119054129105352,0.0867951515068349,phone_A,9.802956254729663,0.6524899062729783
1782,13,5,Walking Downstairs,1.73647264659329,0.4050367580952084,10.132266485515492,0.3249984262662566,0.2654714303657005,-0.0324083202671106,phone_A,10.287964626750787,0.42089114583047477
1783,13,6,Walking Downstairs,2.004341152325347,-0.2803339600886985,9.727380358508183,-0.2725808246256555,0.3158620326740025,-0.2450470667514049,phone_A,9.935688160523895,0.48385658470462345
1784,13,7,Walking Downstairs,1.214457577828938,-1.2247843994899406,9.503613887270376,-0.7150033074812854,0.2097140602472774,-0.3180177358781077,phone_A,9.658865407070254,0.8101512186669931
1785,13,8,Walking Downstairs,-0.3862581538249408,-1.649850718209601,8.939997358659026,-0.8886541043766829,-0.1822530520733131,-0.3176164398530819,phone_A,9.09916235301928,0.9611464483004183
1786,13,9,Walking Downstairs,-1.7250585419536533,-1.040677335958699,8.619784341626787,-0.6449930978527271,-0.4897689658637137,-0.0897175310544695,phone_A,8.852091187222356,0.8148245035462414
1787,13,10,Walking Downstairs,-2.4569781305778533,-0.1002604683320255,8.376323892367463,-0.0705269434232154,-0.6927299935786566,0.0380401057107162,phone_A,8.729810745113207,0.6973492262809141
1788,13,11,Walking Downstairs,-1.8922317756734424,0.6585519427892601,9.251018862095592,0.4024105565950818,-0.5210840224122749,0.1743916685914818,phone_A,9.465494268186326,0.6810838924439786
1789,13,12,Walking Downstairs,-0.1170711056066763,1.1462921844803726,9.524688101025218,0.6894029003156671,-0.1486780904439203,0.2142162888178312,phone_A,9.594132312918148,0.7370686209143547
1790,13,13,Walking Downstairs,1.1061438729920077,0.7978729889751192,9.971736934933578,0.5249299208696097,0.1158296442683898,0.0568625542369134,phone_A,10.064576149734888,0.5405564525466904
1791,13,14,Walking Downstairs,2.208270834346015,-0.0172241583685569,9.966036534871842,0.0487182880645791,0.4015918987627606,-0.1163958870538535,phone_A,10.207773555670947,0.42094836650933337
1792,13,15,Walking Downstairs,1.8704505003870937,-0.96420198832096,9.581464928994986,-0.521209372108142,0.2580600722384733,-0.2808390107816852,phone_A,9.809828782106308,0.6458519647983779
1793,13,16,Walking Downstairs,0.5731942550345168,-1.5493580181586053,9.092961989479262,-0.8489703302577395,-0.0324139179856442,-0.2933323602175973,phone_A,9.241808246471662,0.8988020679148115
1794,13,17,Walking Downstairs,-1.1046694751688495,-1.3819045741860978,8.449121625034609,-0.8198908851812001,-0.3616132826051322,-0.1844806144830656,phone_A,8.632358376258122,0.9148870568981291
1795,13,18,Walking Downstairs,-2.110018687455669,-0.5311052036223687,8.468724698428895,-0.3855126964301177,-0.5823730440448283,-0.0683511353951294,phone_A,8.743772047377863,0.7017480169182261
1796,13,19,Walking Downstairs,-2.057339293794877,0.3598504897033129,8.936794781409317,0.1867347602632951,-0.6364128619952213,0.1747845074570143,phone_A,9.177605260075033,0.6858868898371873
1797,13,20,Walking Downstairs,-1.0251972250376609,1.0045885997139925,9.359569946044989,0.6216605435863148,-0.3639681690845903,0.2196157839453154,phone_A,9.468990293574539,0.7531040778781753
1798,13,21,Walking Downstairs,0.5680847087367383,0.9551603531227194,9.690557058956038,0.6753390950344904,-0.0524518521568124,0.1421550194864934,phone_A,9.754073387532038,0.6921287016457921
1799,13,22,Walking Downstairs,1.685406555984556,0.5424479958820356,10.27584529828757,0.2765442475966053,0.3359344482792352,-0.0226264700741126,phone_A,10.427264343130988,0.4357070478744421
1800,13,23,Walking Downstairs,2.0808145892001453,-0.6083823090379707,9.953644753564866,-0.241213812129911,0.3440359126373561,-0.2529669036637764,phone_A,10.18699966961558,0.4904457836455533
1801,13,0,Sitting,0.2906409767131624,0.0276308173370746,9.844987224683234,0.0231927850396134,0.0109883552045918,0.0062489924357048,phone_A,9.849315158608114,0.02641399504916836
1802,13,1,Sitting,0.2737473682207272,0.0318395578004777,9.81841326766326,0.015752240104298,-0.000165941265201,-0.0051161445603954,phone_A,9.822280309259893,0.016563077611658233
1803,13,2,Sitting,0.2413494622442385,0.0681175554541546,9.855720299498255,0.0193187406858578,0.0148923367315165,-0.0107481598764505,phone_A,9.858910294055251,0.02665555056160036
1804,13,3,Sitting,0.2615376661673693,0.0727128791796183,9.798714970866076,-0.0011189007319183,0.0231364011973271,0.0035947327232658,phone_A,9.802474391392094,0.023440714634227432
1805,13,4,Sitting,0.3216669952420788,0.0466380541220479,9.845832069404398,0.0120839839375843,0.0050499873713788,-0.0059561006417905,phone_A,9.85119555702923,0.014387500655430669
1806,13,5,Sitting,0.2976020571784111,0.0136963571270085,9.810871229875154,0.0046852228882791,0.0119663623539491,0.004187926869764,phone_A,9.81539346454473,0.01351605981657953
1807,13,6,Sitting,0.3304526878663415,0.0132991196897518,9.82185463988905,0.0032481709748732,0.0222150666010711,0.0030013011899643,phone_A,9.827421045860032,0.02265099573098089
1808,13,7,Sitting,0.2465402649018471,0.0211608955093939,9.827546432955,0.0109304238229655,0.0285107749538068,0.0039502456141546,phone_A,9.830661156687437,0.030788681261600285
1809,13,8,Sitting,0.2797494066324537,0.0225264329017265,9.815265554189462,0.0025800730851459,0.0204826199327035,-0.0049354036209938,phone_A,9.819277217287873,0.02122622682754511
1810,13,9,Sitting,0.2914586106833485,-0.0202405583968515,9.800499655374974,0.0022303973890302,0.0139152950039966,-0.0077666610357433,phone_A,9.804853456169077,0.01609133714783761
1811,13,10,Sitting,0.2965677541269975,0.0223514901212692,9.78942380097886,8.781796586916158e-05,0.0283172649881049,-0.0112991180526432,phone_A,9.793940492828714,0.03048844497788053
1812,13,11,Sitting,0.2865779583232167,-0.0104325656303398,9.83782009523757,0.0091728739974984,0.0255965295981144,-0.0107936328650781,phone_A,9.841998780272352,0.02925451170789256
1813,13,12,Sitting,0.2633554763331616,0.0381878896961217,9.82939473777603,-0.001997419250014,0.027295617370863,-0.0147802876770907,phone_A,9.832996254085181,0.031104618871390207
1814,13,13,Sitting,0.3194116750152332,0.0231822383887637,9.78331464921481,0.00285340638119,0.023190277054247,0.0035403083936118,phone_A,9.788554886184878,0.023631856917111463
1815,13,14,Sitting,0.2642065998785866,0.0182849202968849,9.805032172820969,-0.0094366912399795,0.0174322192824524,-0.0126821964377376,phone_A,9.808608228274995,0.0235323504383981
1816,13,15,Sitting,0.2545627425195825,-0.0133763092883837,9.826683465366658,-0.00187401794154,0.0144687951471868,-0.0140976035925871,phone_A,9.829989269782534,0.020287937384322607
1817,13,16,Sitting,0.2788537752641297,-0.0192752843327145,9.828528091686572,-0.0029415464392204,0.0087867703708131,-0.017049288767959,phone_A,9.832501991539958,0.019404594211081615
1818,13,17,Sitting,0.2807244872781901,1.3174006735058167e-05,9.831189008206549,0.004857546374932,0.0173882869835192,-0.0095200143926798,phone_A,9.83519616240634,0.020410265922879808
1819,13,18,Sitting,0.2375080205484692,-0.0205576009535201,9.76975077909978,-0.0073230936286793,0.0341075304069686,-0.0126563498665121,phone_A,9.772658950383082,0.037109763172246894
1820,13,19,Sitting,0.2492754959510001,-0.0241378866592646,9.781537058092145,-0.0138023928823319,0.02779765415457,-0.0084055783936821,phone_A,9.784742619470576,0.0321538391783573
1821,13,20,Sitting,0.2762346673794691,-0.046950766498913,9.784481147633157,0.0002008369212538,0.0161996385112312,-0.0335809990974176,phone_A,9.78849228912838,0.03728474384710542
1822,13,21,Sitting,0.3245894866139997,-0.0351783965641273,9.798591091839384,-0.0034698030476578,0.0162700332411016,-0.0108276644207803,phone_A,9.804028928939331,0.019849227482829603
1823,13,22,Sitting,0.2497088206799824,-0.0728607801902605,9.79475153837662,-0.002250222991579,0.0086497718373275,-0.0198480513037424,phone_A,9.798204982901025,0.021767572140816375
1824,13,23,Sitting,0.2868525912178498,-0.0556545831891777,9.775217384021374,-0.0138374966919418,0.0111530018877448,-0.0250373174537751,phone_A,9.779583669389615,0.030703957905922334
1825,13,0,Standing,0.1154745377065168,0.3184797015357502,9.819443866937874,0.0414604594572503,0.0239648453335922,0.0016330757914618,phone_A,9.825285825109246,0.047916077122506076
1826,13,1,Standing,0.1115160887379907,0.289719069214885,9.790646996146316,0.0310864698048792,0.0212013505128666,-0.0017779885929607,phone_A,9.795567445547146,0.03766997626672724
1827,13,2,Standing,0.1166479712290611,0.3169258002511195,9.820908828070335,0.029838377599868,0.0171883715189851,-0.0121934409684995,phone_A,9.826713536138444,0.03653010944302309
1828,13,3,Standing,0.1015512032157519,0.2718407839933001,9.794491680645852,0.0245326054398122,0.0097215136765493,-0.011880129762457,phone_A,9.798789585502766,0.028939489300982054
1829,13,4,Standing,0.1312156678679684,0.2577559900539299,9.797096964695005,0.0163354993817035,0.0144039715254177,-0.0101745814906036,phone_A,9.801365447606715,0.0240384076898536
1830,13,5,Standing,0.1358879080441283,0.2502754632901413,9.777897313560272,0.0177014012687404,0.014408794197862,-0.0220300750324085,phone_A,9.78204371313106,0.03172187199783226
1831,13,6,Standing,0.0874067061141815,0.2522478436290453,9.748271749755707,0.0095129105401828,0.0289060305177423,-0.0218777083734772,phone_A,9.751926528331436,0.037479170093707846
1832,13,7,Standing,0.117292005765552,0.3072930501344829,9.788294341978482,0.0061252725790974,0.0176090963026081,-0.0124670013014845,phone_A,9.793819099742727,0.022428226818319477
1833,13,8,Standing,0.1641011038775779,0.2321815536923346,9.755636954393736,-0.0031409434921425,0.0185063879446317,-0.0248114762040412,phone_A,9.75977918972051,0.03111207598669276
1834,13,9,Standing,0.1063075331325483,0.2144874588146626,9.797586100041576,-0.0010116003084786,0.0193182170029069,-0.027217082665185,phone_A,9.80051016780848,0.03339141255111902
1835,13,10,Standing,0.1162766339258202,0.199261005815156,9.75596371044536,0.0123567941934795,0.0213013966261699,-0.0194445108223564,phone_A,9.758691158324583,0.03137720290411729
1836,13,11,Standing,0.18700027861748,0.1990749209883577,9.791373212422318,-0.0128761149483844,0.0127542565189372,-0.0276955419874032,phone_A,9.795181943859484,0.03309846584799474
1837,13,12,Standing,0.106519321390917,0.2165358309870641,9.750007718161484,0.0003156313434202,0.0090803723869944,-0.0184244344379373,phone_A,9.752993624325782,0.02054294453551607
1838,13,13,Standing,0.1127687250660233,0.1718886873912334,9.73431904658544,-0.0082263038911765,0.0143057437529797,-0.0124674514929303,phone_A,9.736489603903564,0.02068244972831974
1839,13,14,Standing,0.0782266225433524,0.1956149309672759,9.726474506940756,-0.0086105066095524,0.0065843092822989,-0.0230736369740725,phone_A,9.728755878315598,0.025492875004781212
1840,13,15,Standing,0.0719507575371458,0.2126654795871664,9.729443332129245,-0.0169678330705487,0.0086259480094941,-0.0398383415435399,phone_A,9.73203324443728,0.04415209842252391
1841,13,16,Standing,0.0492985912353582,0.1662868795454926,9.76890983037419,-0.0164074164889393,0.0001944500492216,-0.022047184743057,phone_A,9.77044937305282,0.027483076279005682
1842,13,17,Standing,0.0391366957346111,0.1820909791406007,9.736649370791438,-0.0173862252468087,-0.0016089427554738,-0.0277038994648068,phone_A,9.738430560176045,0.03274714599288436
1843,13,18,Standing,0.0144700034967844,0.1916885753025014,9.737436956808878,-0.0241671213393603,0.0028494080913344,-0.0167635758079508,phone_A,9.739334288272994,0.029549726803665025
1844,13,19,Standing,0.0567678586915609,0.1966372227870473,9.741460171374122,-0.0028752728570162,-0.006247861700015,-0.0271478876547116,phone_A,9.743609960257757,0.028005548984757482
1845,13,20,Standing,-0.0169405710968775,0.2329635322932014,9.765776013314683,-0.0215586432377686,-0.0115500830335566,-0.0221702571549544,phone_A,9.768568991032415,0.03301060160997137
1846,13,21,Standing,0.0410846406876498,0.157785988081287,9.66872412687089,-0.0026696357995772,-0.0080450952108795,-0.0166869183422438,phone_A,9.670098789943692,0.018716403394221152
1847,13,22,Standing,-0.0053930949840399,0.2034643634362125,9.676722108153882,-0.0200260470726239,-0.0119743035597744,-0.0320701641833799,phone_A,9.678862412034594,0.039660079902157495
1848,13,23,Standing,-0.0182532426480408,0.1854988077530233,9.704092003757571,-0.0172433232678428,-0.0211868167843183,-0.028264462563764,phone_A,9.705881959200648,0.03930767414627857
1849,13,0,Laying,7.442292742696047,0.1947088756717659,6.315973933794657,0.0112183385689505,-0.0053560727718846,-0.0122223978711953,phone_A,9.763050729491534,0.01743346338244714
1850,13,1,Laying,7.468312562232413,0.1994717220339774,6.3170058693815045,0.0085005541890074,-0.0045604051525092,0.007735401143368,phone_A,9.783662128716937,0.012364996867128705
1851,13,2,Laying,7.466036615990831,0.2596865522832493,6.324701270998519,0.0160682930324403,-0.0125391834120705,-0.0009971405331543,phone_A,9.788308639602802,0.020406260090001127
1852,13,3,Laying,7.448678142145888,0.2630926759548191,6.304805167993419,0.0156002391267346,-0.0001091292343657,0.0079239203748788,phone_A,9.762304647355537,0.017497653674379138
1853,13,4,Laying,7.4525604339484115,0.2541868115335592,6.2758580243025,0.0046242901857974,-0.0147629467196309,0.0057469808864842,phone_A,9.746366599816211,0.016503225287159407
1854,13,5,Laying,7.474393786667783,0.2568272896334191,6.3025615802518455,0.011201459579165,-0.0013771472036077,0.0097296919942937,phone_A,9.780327459126564,0.014900877069082033
1855,13,6,Laying,7.501587141140088,0.2550876247658053,6.32878205906165,0.022845785380724,-0.0017635849089132,-0.0012585852198503,phone_A,9.817961177532105,0.022948293578143767
1856,13,7,Laying,7.457742706446783,0.211529859570068,6.317134993398674,0.0083556328175555,0.0063532221255294,0.0043518552958097,phone_A,9.77593298268109,0.011363039895811056
1857,13,8,Laying,7.49846780372394,0.1959387721016024,6.370046806137089,0.0058271656081684,-0.0065465521575883,-0.0026494380662431,phone_A,9.840879417931841,0.009156021310804304
1858,13,9,Laying,7.497211999502679,0.2428996255549738,6.317391092274122,0.0106830872679988,-0.0071647550065061,0.0078401403169447,phone_A,9.806967839568259,0.01506419158363017
1859,13,10,Laying,7.486300981465925,0.2715760073648581,6.334375822637002,-0.0002624249314764,-0.0059226372645614,0.0037856833469719,phone_A,9.810340104975063,0.007034052702089465
1860,13,11,Laying,7.458929839349657,0.224212052414185,6.297827200703569,0.0214012333192956,0.004741457416225,0.0039389823599986,phone_A,9.764657333604196,0.022271277198427197
1861,13,12,Laying,7.454188140808379,0.2429216141965481,6.292898086683246,0.0150361236207306,-0.0126994178679576,-0.0085580384543996,phone_A,9.758304057498608,0.02146159942571559
1862,13,13,Laying,7.463839380452607,0.2981359218941886,6.282237738195421,0.0084266723545473,0.0042360532664834,0.0113696432539985,phone_A,9.760342940917884,0.014772330282341036
1863,13,14,Laying,7.47882986639602,0.2564667511972844,6.319708062095425,0.0128709973718598,0.003898104951836,-0.0033103424176127,phone_A,9.794762955532956,0.013849771206911547
1864,13,15,Laying,7.493765892265591,0.1988229880433195,6.35126542803654,0.0161905791674962,0.0025875748344064,-0.0093481321871754,phone_A,9.825203833306958,0.0188737376449796
1865,13,16,Laying,7.453049092164187,0.268923849121838,6.324642202879418,0.0176184249218814,-0.0009301294922589,0.00019020953,phone_A,9.778617479034516,0.017643985299972464
1866,13,17,Laying,7.445121518873101,0.2413436409176394,6.339936586942473,0.0178384291698347,-0.0006040686173158,-0.0018483029939344,phone_A,9.781762474638732,0.017944098698430697
1867,13,18,Laying,7.494729368357903,0.233361158834128,6.324271471783424,0.0272757007051694,-0.0004199456895063,0.0065110390990195,phone_A,9.809272928417913,0.02804521052673832
1868,13,19,Laying,7.454295215092517,0.2547290748131698,6.349909877618168,0.012706438808915,-0.0015531928505375,-0.0119840961384775,phone_A,9.795547943284191,0.017535237537368388
1869,13,20,Laying,7.469631497570806,0.2511400360528966,6.305984063019349,0.0162378278803608,-0.0026451346173804,-0.0017689799569049,phone_A,9.778747416221801,0.016546693975057918
1870,13,21,Laying,7.458160626912849,0.2355734852688537,6.321081633746034,0.0083754679660306,0.0027170506087207,-0.006188421276152,phone_A,9.779352116795684,0.010762313206345792
1871,13,22,Laying,7.455792224584779,0.2640445019928499,6.325251734346073,0.0021401696523343,0.0033815110237103,0.0046737691075122,phone_A,9.780969619524411,0.006152971689727036
1872,13,23,Laying,7.47138221769914,0.2737879572314878,6.3134492344065025,0.0181845218569348,0.0137849877367895,0.00164296273605,phone_A,9.785507310502812,0.022877981742733016
1873,14,0,Walking,0.9411649107447448,0.4880100278750229,10.084905218591322,0.3274501160571952,0.3249855135610549,0.0678752312450011,phone_B,10.14047624347566,0.46631127966946667
1874,14,1,Walking,1.3330185074360728,0.033619262641372,10.168869963202726,0.0622080652934269,0.4105554423329942,-0.031499108334387,phone_B,10.255924381766581,0.41643463886023363
1875,14,2,Walking,1.2030054408239157,-0.237400268476874,9.996164632157836,-0.1999393756543138,0.3249720844408329,-0.0724448591443053,phone_B,10.071091714969535,0.38836949831223216
1876,14,3,Walking,0.7149657782272738,-0.8187082134723135,9.851443851420887,-0.3547525910949408,0.2145220479337236,-0.1611950162927569,phone_B,9.911226218815791,0.4448066357597144
1877,14,4,Walking,0.0674139043750135,-0.9618953446330488,9.519091126923726,-0.3991453992775009,0.1135270616113549,-0.1053586368622663,phone_B,9.5678045115485,0.42814236632687835
1878,14,5,Walking,-0.8959770440584115,-0.4027128562162794,9.332956708496,-0.3168775128195413,-0.0727109256841227,-0.084973228883117,phone_B,9.384510292535355,0.33603375793417417
1879,14,6,Walking,-1.2060396568415692,-0.3027120806811059,9.559151094950762,-0.1753314261738155,-0.1826661537594243,0.0083872476796561,phone_B,9.639685467574301,0.2533345192764809
1880,14,7,Walking,-1.246295637051102,0.1967839004332041,9.71616627501155,0.1325963851994898,-0.214480253478296,0.1199757437471769,phone_B,9.797747894392575,0.27924498131170383
1881,14,8,Walking,-0.9532699706697384,0.6617557633434097,9.463885189265712,0.3220661021288481,-0.1047535162835338,0.1250344592995363,phone_B,9.534766237454477,0.3610172978218102
1882,14,9,Walking,-0.2812653686927208,0.9274320564328086,9.852981638758669,0.430360609553356,-0.0118512031707996,0.2216058825240144,phone_B,9.900529662631213,0.48421056622194747
1883,14,10,Walking,0.2904136112086121,0.7453902896154369,9.98726594688572,0.5095104434033189,0.163691774624632,0.120186840417906,phone_B,10.019252858534479,0.5484895310089766
1884,14,11,Walking,1.2213507151156775,0.6694053189802207,10.07739371007821,0.3130814660346279,0.3396604051326521,0.0659197525717051,phone_B,10.173183623542656,0.4666204120785803
1885,14,12,Walking,1.1953530147356806,-0.0188389599239055,10.023209730506778,0.0850227020259889,0.3301628454665837,-0.0469372924705548,phone_B,10.094253664237613,0.3441503651180073
1886,14,13,Walking,1.1696477768939928,-0.3030032396664052,10.227921639963649,-0.1396329943284043,0.3554175589039802,-0.079834537054688,phone_B,10.299042089363365,0.39011865834527415
1887,14,14,Walking,0.7508860810847686,-0.542158809851832,9.865506615094072,-0.3226635186435802,0.3215028973840954,-0.1083063822139065,phone_B,9.908884238617974,0.4681945447333715
1888,14,15,Walking,-0.0944349897745229,-0.6818291615311386,9.543377762495552,-0.3911162090070906,0.0585345738696708,-0.1507073825340963,phone_B,9.568169526638968,0.4232149577182505
1889,14,16,Walking,-0.6791337085904333,-0.4936298724130582,9.564978287499576,-0.3174101122163845,-0.0596919048362833,-0.0665516781155591,phone_B,9.601755187746699,0.3297596529295218
1890,14,17,Walking,-1.3130958415294205,-0.1890524909387772,9.595277259704313,-0.1565511177042433,-0.1860140982489514,0.0489108355420146,phone_B,9.686552907199273,0.24799549801404938
1891,14,18,Walking,-1.3981161293442734,0.1613110589253607,9.609463611923184,0.0894299408174056,-0.2342450696619021,0.1015012084464062,phone_B,9.71197924615472,0.27050131661711896
1892,14,19,Walking,-1.10956559931804,0.787613470455128,9.811852697680886,0.3100400842283529,-0.1332063737597872,0.1597930588652671,phone_B,9.905752074376787,0.37336659397979755
1893,14,20,Walking,-0.313793411920228,0.7644025503061956,9.94093349062546,0.4691461755063299,-0.0141158015284451,0.1484342931742762,phone_B,9.975216099379404,0.49227038224450753
1894,14,21,Walking,0.3780259633802645,0.903568588277258,10.246146955553424,0.486040518806894,0.1412350390569739,0.1614381319570465,phone_B,10.292855155762547,0.531267345720853
1895,14,22,Walking,0.8965048968428727,0.7668505480986186,10.31400522754879,0.3957953725361129,0.3072807855381971,0.0623434436367094,phone_B,10.381256408888385,0.5049377813616798
1896,14,23,Walking,1.3782418410487978,0.2901510138636085,10.098819038490271,0.1771296249240107,0.392366577522706,-0.03241876321488,phone_B,10.196562369516366,0.43171450217821594
1897,14,0,Walking Upstairs,-0.9451742177320698,-0.7018335427132301,9.57721083207569,-0.3439654752863945,-0.0261013632664794,-0.0196115352062923,phone_B,9.649294893699267,0.34551142045743094
1898,14,1,Walking Upstairs,-1.4027740689682484,0.1849426259363489,9.75984938501372,-0.0127808691624043,-0.1925027787646989,0.1201204053147294,phone_B,9.861878060572979,0.2272654444073097
1899,14,2,Walking Upstairs,-1.5162372431170723,0.8346923731717047,10.109682668997618,0.3921433759822134,-0.1840870811563702,0.242087574382496,phone_B,10.256771928978292,0.4962568633739992
1900,14,3,Walking Upstairs,-0.689456630225836,1.0980641289233988,10.43804586030189,0.6869346090279362,0.0054826075351344,0.2713490916507792,phone_B,10.518264907196249,0.7386064890084916
1901,14,4,Walking Upstairs,0.6970015890319436,1.4552883783824486,10.6076750634538,0.7259256561415295,0.2530789780388394,0.2615763475479708,phone_B,10.729699237685447,0.8120586265573627
1902,14,5,Walking Upstairs,1.5763939076402864,1.0097872903884872,10.827666863382737,0.5639042557597097,0.4851427679271862,0.1400704811606037,phone_B,10.988314603626531,0.7569486472862785
1903,14,6,Walking Upstairs,1.8760989442649825,0.6434077987255382,10.693811773969411,0.1601720090623213,0.5983001363803965,-0.0294404374938153,phone_B,10.876181825494635,0.6200684357711563
1904,14,7,Walking Upstairs,1.6820574318587924,-0.3499708009062387,10.334934825630835,-0.2395516264779308,0.4732611094941534,-0.090721954231333,phone_B,10.476768328811868,0.5381370945097645
1905,14,8,Walking Upstairs,0.8402171192195653,-0.6977282437859937,9.86297896402666,-0.5214488610810889,0.341212429353704,-0.065086583186026,phone_B,9.9232627474253,0.6265549456983422
1906,14,9,Walking Upstairs,-0.277427092397865,-0.6351782563643036,9.827788166585062,-0.5140708471219833,0.0722801975853932,-0.135277618902554,phone_B,9.852199625272709,0.5364636958822485
1907,14,10,Walking Upstairs,-1.472408273038032,-0.4640571913343724,9.77062238902355,-0.2293682543722059,-0.1514883386673479,0.022784256254574,phone_B,9.89183486862919,0.2758217453338662
1908,14,11,Walking Upstairs,-1.7286838539358285,0.3020430795340861,9.70985096434086,0.1468870375018506,-0.2258283359409756,0.1419056265258065,phone_B,9.867156816351102,0.3044855430716241
1909,14,12,Walking Upstairs,-1.0390180465674477,1.1098324544238456,9.946972514458508,0.5575033386849881,-0.0589863094232037,0.24386253185777,phone_B,10.062482237568338,0.6113577445230906
1910,14,13,Walking Upstairs,-0.0238235057052249,1.3734315085385194,10.604981055670716,0.7674552741085099,0.1134562684159747,0.2814330438262548,phone_B,10.693573063256512,0.8252663089919255
1911,14,14,Walking Upstairs,1.0824501005051153,1.2236823632235545,10.584917323556526,0.7166421733695747,0.4059452175209654,0.172203519213446,phone_B,10.71025543545414,0.8414401798758526
1912,14,15,Walking Upstairs,1.81701045706056,0.6781721818357126,10.658500932010371,0.3260067242941812,0.5359444116803143,0.0492905970786357,phone_B,10.833516817125878,0.6292426874082439
1913,14,16,Walking Upstairs,1.7657364134231257,0.0157234758290528,10.752901092815266,-0.0262273805509259,0.5685613934278652,-0.1277673688388504,phone_B,10.896924071555617,0.5833304673400846
1914,14,17,Walking Upstairs,1.3794106738619372,-0.5815639885541689,10.319549692780386,-0.3496515100497332,0.4077397950310208,-0.2346964923916277,phone_B,10.427564257376266,0.5861658148279639
1915,14,18,Walking Upstairs,0.0619752758851367,-0.7682085235625522,9.91100201720958,-0.5628194141093573,0.1472812472430889,-0.1598477687179686,phone_B,9.940922807045006,0.6033313914027625
1916,14,19,Walking Upstairs,-1.0624419114708648,-0.529807784107857,9.632865076548777,-0.4096859222080568,-0.0809161452077655,-0.044618975555541,phone_B,9.70574925940003,0.41997717841613263
1917,14,20,Walking Upstairs,-1.543056901414291,0.0295418015194529,9.708293888615833,-0.0426910723943888,-0.2289562679834643,0.076391927717241,phone_B,9.830201806004535,0.24511064222398635
1918,14,21,Walking Upstairs,-1.4981375090751887,0.963258831191965,9.757372422307949,0.3682607741335393,-0.1790283296038101,0.2177684189651241,phone_B,9.918598699392119,0.46377820654353086
1919,14,22,Walking Upstairs,-0.5327288131786695,1.2030480730370985,10.254153850442762,0.709110967147278,0.0391541993124578,0.3212377277902569,phone_B,10.338220148699637,0.7794646193434278
1920,14,23,Walking Upstairs,0.4717383030496789,1.3530795217205456,10.629107601155075,0.7627108864094752,0.2282009109461307,0.2746873029668797,phone_B,10.725264081391948,0.8421737744761407
1921,14,0,Walking Downstairs,1.720735169456234,0.0892913712136092,10.152178600510686,0.2000032198555882,0.2899431672814422,-0.0528351172330943,phone_B,10.297360477765352,0.35617394320588913
1922,14,1,Walking Downstairs,1.892744300725466,-0.4674397846877617,9.961737802228944,-0.2917491001830137,0.3506571973554919,-0.193123643756484,phone_B,10.150724160403279,0.49535315613467923
1923,14,2,Walking Downstairs,1.114187026375654,-1.524856113688691,9.304809073011771,-0.769093590952339,0.1146683104189666,-0.3098081501007195,phone_B,9.494528465511058,0.8370393437151769
1924,14,3,Walking Downstairs,-0.7011020436103169,-1.6743277759157886,9.117794188792203,-0.9153048750392484,-0.2232148673347828,-0.2588687608466528,phone_B,9.296724608480696,0.9770470442164902
1925,14,4,Walking Downstairs,-2.2052563470223276,-1.2036309113093204,8.63058333397807,-0.566715616260692,-0.5551216275450999,-0.1159322354475021,phone_B,8.98881814319778,0.8017274438971835
1926,14,5,Walking Downstairs,-2.616985526013366,0.0788275196750289,8.880435734100917,-0.0122595748893182,-0.6563461807158075,0.0605419173657219,phone_B,9.258345740396502,0.6592464864335738
1927,14,6,Walking Downstairs,-1.4986322024546934,0.4076153070084509,9.357850134601213,0.4606109045882871,-0.4907025082420382,0.1847447320117004,phone_B,9.485853037992825,0.6979125826539759
1928,14,7,Walking Downstairs,-0.3641133701883135,0.9776989117528808,9.523858991460228,0.689672215565017,-0.1459351122042458,0.1592561690754798,phone_B,9.580833147363046,0.7227083431682679
1929,14,8,Walking Downstairs,1.4146733204688524,0.5609788651309146,10.101892437812204,0.4728265429264835,0.1903927846398594,0.0910683590128271,phone_B,10.215881201144487,0.5177912689028455
1930,14,9,Walking Downstairs,2.235146543343002,-0.1186571495882061,10.19470438274881,0.0133441095911996,0.3589486175191623,-0.0944329721916079,phone_B,10.437526385164464,0.3714024252971981
1931,14,10,Walking Downstairs,1.5979096930599554,-1.092965877787606,9.70982365763894,-0.6302469288362057,0.2610382108159097,-0.3215078276586097,phone_B,9.900937594976945,0.7541348832000804
1932,14,11,Walking Downstairs,-0.0418203239302798,-1.581109158063031,9.014014810566778,-0.8888956499752488,-0.0495333583728732,-0.3070266448043353,phone_B,9.15172760271642,0.9417294679240016
1933,14,12,Walking Downstairs,-1.5161459320856876,-1.3250728772241855,8.76402596251568,-0.7722510141119987,-0.4376468793197694,-0.2092743541472304,phone_B,8.992367190511299,0.9119770693822754
1934,14,13,Walking Downstairs,-2.235292561197816,-0.5690266640330409,8.647417065877233,-0.3369373019441293,-0.6504795426657798,-0.0345721863164947,phone_B,8.949756761485292,0.7333795858454023
1935,14,14,Walking Downstairs,-2.393073346402294,0.2323304285797568,9.14523202796301,0.2320658008368203,-0.5958042001914592,0.145649608197054,phone_B,9.456005833045237,0.6557827302176952
1936,14,15,Walking Downstairs,-0.9295207330892258,0.8102164291639629,9.514352427700302,0.6211236965702119,-0.3562835400731423,0.2282118813960873,phone_B,9.59392315863623,0.75154059782452
1937,14,16,Walking Downstairs,0.5152009146058147,0.8947067907606089,10.170694693787524,0.6783591093880681,-0.0081950254383038,0.1562609830823603,phone_B,10.222962524536687,0.6961722018046778
1938,14,17,Walking Downstairs,1.7378430736265484,0.2047322287209471,10.185468286076702,0.2154319971511343,0.337561261821461,-0.0217035626470895,phone_B,10.334688095956409,0.4010356536651067
1939,14,18,Walking Downstairs,1.7639622088476803,-0.743634445794614,9.697359094181651,-0.3237240410879328,0.3246133801133988,-0.2511295079346919,phone_B,9.884499393733737,0.5227208921427074
1940,14,19,Walking Downstairs,1.0139134562142589,-1.2730667299370024,9.4084990845585,-0.7868376194664586,0.1323115786753186,-0.315183491600962,phone_B,9.548223626397895,0.85788135930149
1941,14,20,Walking Downstairs,-0.767147640814174,-1.684827705015894,8.895848682896112,-0.8838988311026638,-0.2324194645755001,-0.2690396989729191,phone_B,9.086434046829392,0.9527215284445169
1942,14,21,Walking Downstairs,-2.177872316298612,-1.04038152457713,8.711204870397179,-0.527025035605842,-0.5508907471036654,-0.1097690001871988,phone_B,9.039392227180588,0.770250113146289
1943,14,22,Walking Downstairs,-2.1056477785439265,-0.1973294351791732,8.856676881071776,-0.0619236720066595,-0.6053253013291224,0.0441943250940432,phone_B,9.105680471496152,0.6100872068438242
1944,14,23,Walking Downstairs,-1.7023469945355956,0.5669796037364286,9.290501033276811,0.446798252039464,-0.4527827405451869,0.1923629637361163,phone_B,9.462180542040771,0.6645633137470597
1945,14,0,Sitting,0.0720334680608915,-0.1552275567425332,9.880699451385384,-0.00317576120632,-0.0065539215019986,-0.0139140132369343,phone_B,9.882181240166595,0.01570474802890863
1946,14,1,Sitting,0.0567616875887552,-0.1413752672301539,9.864777726684784,-0.0075235924218706,-0.0193929325167357,0.0011315193647819,phone_B,9.865954006190103,0.02083196127593295
1947,14,2,Sitting,0.0042880827150318,-0.1421657962555749,9.877746931977704,0.0009575228727783,-0.014895390463884,0.0093919523889534,phone_B,9.878770872607245,0.01763514323162212
1948,14,3,Sitting,0.0614538668810162,-0.1418626966528567,9.847121009059672,-0.0127483505951461,-0.0085010212741836,-0.0030504419769107,phone_B,9.84833456831766,0.015623475985048364
1949,14,4,Sitting,0.0675194893758785,-0.1441949652657493,9.853478766441294,-0.0012722853088994,-0.0143095671011645,0.0020980388983576,phone_B,9.854765084473755,0.014518408581831283
1950,14,5,Sitting,0.0623082240406817,-0.1203514912147277,9.880324707482666,-3.0290958020030368e-05,-0.0203211495135745,0.005049730507289,phone_B,9.881254126957426,0.0209391932340153
1951,14,6,Sitting,0.0421488317452311,-0.0970552816168033,9.893892129717493,-0.0010672395036831,-0.0038451853383318,0.0015693543618874,phone_B,9.894457929881401,0.004288044257877779
1952,14,7,Sitting,0.0451876177980189,-0.1232961487376301,9.891869360540776,-0.0007247777562092,6.030393350157231e-05,0.0160263568038228,phone_B,9.892740940058077,0.01604285048748285
1953,14,8,Sitting,0.0620760999838708,-0.0731927028682417,9.843546168808537,-0.0056288797260932,-0.0114496307616489,0.0047335343365386,phone_B,9.84401400808672,0.013608257745358506
1954,14,9,Sitting,0.036844701920767,-0.1490775951688382,9.912629510641905,0.0171569019969063,-0.0014412803508164,0.0115267056025589,phone_B,9.913818914862714,0.020719592593223438
1955,14,10,Sitting,0.049368718151324,-0.1255124490281741,9.887566999293249,0.0181564525183005,-0.0107601749385382,0.0027714375241581,phone_B,9.88848683119444,0.021286591993730647
1956,14,11,Sitting,0.0736459452604091,-0.0716449835239654,9.866559424726594,0.0051961534060875,-0.0110977727988726,0.0063641235743822,phone_B,9.867094385409446,0.013808064317093784
1957,14,12,Sitting,0.0761210740672053,-0.1177950347939124,9.917078503749735,0.0085603722687221,0.0065122013720732,0.0082582277841229,phone_B,9.918070182130913,0.013560496533091914
1958,14,13,Sitting,0.0489736068232464,-0.0802115836345593,9.883552059389896,-0.0016998117817462,-0.0081711625487989,0.0051587233493949,phone_B,9.883998868018182,0.00981171157789756
1959,14,14,Sitting,0.0147407284800058,-0.093487534040909,9.842497492499003,0.0080361130533402,-0.004478436068461,0.0075795264136105,phone_B,9.842952509178653,0.011919929667576752
1960,14,15,Sitting,0.0476890185533119,-0.0910972034571295,9.876805340814023,0.0111601091003511,-0.0047372209857456,0.0018450794895882,phone_B,9.87734056734406,0.012263507496733021
1961,14,16,Sitting,0.0683192547233982,-0.0799516658839556,9.894506819212705,0.0265110382146227,-0.005014698911605,0.0057666341974212,phone_B,9.895065688760752,0.027590513267391478
1962,14,17,Sitting,0.0549493238675089,-0.1085374857277263,9.91807412447838,0.0086679059484393,-0.0066075792517278,0.0043532758537112,phone_B,9.918820199633078,0.011736426532695465
1963,14,18,Sitting,0.0449653619958342,-0.1260778069500256,9.891613363205662,0.0187321809780169,-0.0009980619633636,0.0170312202288315,phone_B,9.892519013089315,0.02533679526615098
1964,14,19,Sitting,0.0926149239052794,-0.067511121744283,9.95249486612965,0.0135178689204224,-0.0007384701579997,0.0076278590091577,phone_B,9.95315474289565,0.01553905889645722
1965,14,20,Sitting,0.1168338036395587,-0.0791400997149425,9.89143127684308,0.0181334090931159,-0.0049149532955165,0.0108700070449889,phone_B,9.892437818736356,0.021705629324981924
1966,14,21,Sitting,0.0931022146172058,-0.0828226884294332,9.92394723834414,0.0060821462046623,0.0020896422746979,0.0048089429369646,phone_B,9.924729538356376,0.00803025774568129
1967,14,22,Sitting,0.1589209242720128,-0.0733754091544773,9.896996712696293,0.0070330462721577,0.0100963426215736,0.0053460367341643,phone_B,9.898544526442324,0.013415661853279885
1968,14,23,Sitting,0.0722513536742933,-0.0683507792830668,9.930181901334432,0.0192911737421215,0.0035501131069839,0.0082072710539984,phone_B,9.9306799707133,0.021262925141543838
1969,14,0,Standing,-0.0786247957718727,0.2331153219461088,9.916834547188705,0.0375420875204489,-0.0062366734672977,0.0105981045090807,phone_B,9.919885687252227,0.03950473706425771
1970,14,1,Standing,-0.0574414650425487,0.1759976654563889,9.8482742633166,0.0420261322144371,0.0104720622542101,0.0029070741677895,phone_B,9.850014246977334,0.04340865071593943
1971,14,2,Standing,-0.0633420353316644,0.2079073720332627,9.889198544653947,0.0373128373286884,-0.0037977789188531,0.0027451699724768,phone_B,9.89158660399693,0.03760594251460048
1972,14,3,Standing,-0.0633945807931767,0.2105976027022261,9.870067695283543,0.038843534622407,0.0039516305246303,0.0056169551399333,phone_B,9.872517740304023,0.0394459852305573
1973,14,4,Standing,-0.0393695315725862,0.2064903900999652,9.92119165260497,0.0268105274788951,0.0004295018163688,0.0049326906466467,phone_B,9.923418365106775,0.027263900904352798
1974,14,5,Standing,-0.0361795761246618,0.1733749939341903,9.867115319417216,0.0315101477253429,0.006454768214934,-0.0033795463068001,phone_B,9.868704706136878,0.032341533291129855
1975,14,6,Standing,-0.0055838960921778,0.1825437582567441,9.931606367056627,0.0283164604817064,0.0147620178031575,0.002528770590856,phone_B,9.933285379658324,0.03203332303295987
1976,14,7,Standing,-0.0890071401404596,0.1632007684149932,9.900255046124808,0.0278146876630865,0.0040277565898,0.0018751141398792,phone_B,9.902000138362297,0.028167281125080365
1977,14,8,Standing,-0.0445596752416781,0.1901859564484597,9.90292777341182,0.0273498305651137,0.0226979910466263,0.0033056669099862,phone_B,9.904854100293404,0.03569509018356633
1978,14,9,Standing,0.0100934657925882,0.1677682978605798,9.973483862253904,0.0126533091606135,0.0144021935804581,0.0042907983645993,phone_B,9.974899920824157,0.019645364930402847
1979,14,10,Standing,0.0113886083784013,0.1805185101875655,9.918766272795033,0.0043924776683207,0.0281012578372792,-0.0040137040000869,phone_B,9.92041536465371,0.028724281921472906
1980,14,11,Standing,0.0265569758275674,0.1090020193883805,9.90677149506332,0.0103277066036776,0.0227079479580199,-0.0025446584110341,phone_B,9.907406732772959,0.025075639784153714
1981,14,12,Standing,0.0062176673029156,0.1246751014813214,9.896922058797252,0.0093683904251691,0.0226613000724367,-0.0001317297496321,phone_B,9.897709269231123,0.024521798728037017
1982,14,13,Standing,0.0012830154958825,0.1104598341694452,9.898564078593385,0.02282166171772,0.0296791330541766,-0.025478475707484,phone_B,9.899180463003631,0.045286111632402454
1983,14,14,Standing,-0.0016483558899227,0.1568957650716009,9.888413924924269,0.0011053971617975,0.0180130527572587,-0.0058087470644672,phone_B,9.889658687174736,0.01895873189272034
1984,14,15,Standing,-0.0338953380965277,0.1546577079816457,9.888273994429625,-0.0049888099303106,0.0258730255149371,-0.0197897200859945,phone_B,9.889541470133791,0.03295352325471991
1985,14,16,Standing,-0.0221905247430054,0.1022199120726774,9.939618150692906,-0.0066495525174548,0.0054154623283409,-0.0152972473548065,phone_B,9.940168525301589,0.017537090908876632
1986,14,17,Standing,-0.0011854624267703,0.1280105842705751,9.938967077577612,0.002863213233239,0.0184068020163515,-0.0183170932082387,phone_B,9.939791480920418,0.026125165149477252
1987,14,18,Standing,0.0226767510181662,0.0915143212347103,9.861369739236936,-0.0109606377355202,0.0084281086060728,-0.016781748737894,phone_B,9.861820432352525,0.021743865455499733
1988,14,19,Standing,-0.0301225072101971,0.1118307824670518,9.863678737853162,-0.0187494663752958,0.0047264890591086,-0.0136056653214618,phone_B,9.864358657962734,0.023643102948298675
1989,14,20,Standing,-0.0297942194954887,0.0731450527579279,9.857092661609604,-0.0112743506212791,0.0208636327949143,-0.0202533092362865,phone_B,9.857409073068654,0.031186514559232298
1990,14,21,Standing,-0.0375582124452091,0.1050799300852363,9.844670775394412,-0.0159039526128867,0.0102496522746583,-0.0239789056873831,phone_B,9.84530319933996,0.030544704916380633
1991,14,22,Standing,-0.0444963925769919,0.0767848981744994,9.873198563782138,-0.0248540620643641,0.0083054284308673,-0.008182250685205,phone_B,9.873597405677916,0.027452755213185055
1992,14,23,Standing,-0.0063487731863095,0.1036873589547893,9.82515315735364,-0.0166434848662217,0.0029523750350372,-0.0149492340623869,phone_B,9.825702312851952,0.022565498130812232
1993,14,0,Laying,7.288791056025176,0.1015419715328379,6.452124120720608,0.0103020120168753,0.0032474819081898,0.0074715373673457,phone_B,9.734818513950842,0.013133981154680643
1994,14,1,Laying,7.343487681538781,0.1241010604325406,6.428190497936274,0.0092838660390619,0.0117259956469607,0.0070185901008964,phone_B,9.760319947618033,0.01652119092402812
1995,14,2,Laying,7.336216614239602,0.1140606804694047,6.430597525574522,0.0063619772882309,0.0029630245840888,0.0031081880364287,phone_B,9.75631429310267,0.007675617406546453
1996,14,3,Laying,7.333320167640357,0.0922665505119585,6.439720270083762,0.0126415378515232,0.0008908427906892,-0.0059485561092148,phone_B,9.759922896949128,0.01399954998968515
1997,14,4,Laying,7.353546316723422,0.1154892128603686,6.4131487925650825,0.0139125492252843,-0.0057709724429532,0.012316645918557,phone_B,9.757892120025856,0.01945669333587778
1998,14,5,Laying,7.339201262262248,0.0561315260983258,6.443380159188542,0.0069463344202144,-0.0002594170817485,0.0015437095190106,phone_B,9.76648216053449,0.007120526538033699
1999,14,6,Laying,7.339318741090549,0.1010044914775835,6.39342764873333,0.0171002126060242,0.0020814597605735,0.0014878606010326,phone_B,9.73404944461499,0.017290560288036383
2000,14,7,Laying,7.3161634224861825,0.1325954610361581,6.408285686248044,0.0103296143500306,0.0005144313570453,0.0026201032288832,phone_B,9.726764838186625,0.010669138351876113
2001,14,8,Laying,7.318666912842792,0.0979235912998126,6.441844969547353,0.0109688892258825,-0.0002267578775675,0.005104146393608,phone_B,9.750376455427526,0.012100423975716788
2002,14,9,Laying,7.370351978079634,0.071881516038546,6.442320753559393,0.0038570080502011,-0.0013581289755229,0.0070772074207556,phone_B,9.789318256389075,0.008173609379574554
2003,14,10,Laying,7.3363926918564175,0.0829540049889736,6.476410126226193,0.0150603047633786,-0.0061650193640455,-0.0034894832133741,phone_B,9.7863898971558,0.016643218932085216
2004,14,11,Laying,7.366738230170358,0.1060904532388793,6.481613898475735,0.0131892508446232,0.0076950657208046,-0.0009432396713918,phone_B,9.812818456745022,0.015299022039580933
2005,14,12,Laying,7.366055929879153,0.0810681380545218,6.47749628066372,0.0119490453450268,0.0014163188971724,0.0098321312395752,phone_B,9.809348096134004,0.015538868961035256
2006,14,13,Laying,7.411662310470345,0.107184024425506,6.459358581150466,0.006723902392009,0.007340982097027,-0.0042375229949316,phone_B,9.831965210446018,0.010819310636944914
2007,14,14,Laying,7.357447245819293,0.1132891272701352,6.4912721013971435,-0.0015825677349767,0.0056026418904213,0.0123225328842527,phone_B,9.812312566146089,0.013628607172839858
2008,14,15,Laying,7.3532304443225485,0.1074053679782933,6.426128856664795,0.0034385823432312,-0.0032136179347864,0.0005930816356042,phone_B,9.766097785852983,0.004743725812950526
2009,14,16,Laying,7.336329027961472,0.1140441936742914,6.427894599865031,0.0059779636735006,0.0054753154573057,0.0038410244738357,phone_B,9.75461730010947,0.008970429089364027
2010,14,17,Laying,7.34960797492169,0.0838693139320503,6.450317846175245,0.0150566318856636,0.0093988767385304,0.0002203634995384,phone_B,9.77907826758426,0.017750763582403954
2011,14,18,Laying,7.361466549086198,0.058386825206481,6.44523609987033,0.0060212098590078,0.0034583618861785,-0.0008958486262908,phone_B,9.784460493953892,0.007001269875044952
2012,14,19,Laying,7.355975747339892,0.1336224049123703,6.4765290503915285,0.0026020761682479,0.0063722599609684,0.0003874248147984,phone_B,9.801717333361161,0.006893953537894366
2013,14,20,Laying,7.388115126983895,0.1115284094133239,6.45201142146119,0.0111123420937195,0.0063134635541528,0.0112418826408293,phone_B,9.809441120590925,0.017021277689046883
2014,14,21,Laying,7.369432578385102,0.0854962691460541,6.444371536787673,0.0149873367694351,0.0077410176200821,0.0084615156326448,phone_B,9.790085323609837,0.01887169478442186
2015,14,22,Laying,7.355393530488733,0.0866815725489316,6.466979144767067,0.0020306568605671,0.0156148570588084,0.0045701911127745,phone_B,9.794444698002396,0.016396157326022148
2016,14,23,Laying,7.350686138631149,0.1028943087000604,6.437101481195855,0.0090255152639223,0.0223811079487751,-7.619121702934651e-05,phone_B,9.771358627470432,0.024132544911292943
2017,15,0,Walking,0.6670481779117705,0.9680869530167892,10.085682607283143,0.433868229314472,0.2552701354111823,0.0686644208164821,phone_A,10.15397160105889,0.508054411581458
2018,15,1,Walking,1.4720129692982424,0.4202136212168667,10.135544350299638,0.2445597420260336,0.3151901836505715,0.0680180768042349,phone_A,10.250495643925191,0.40469837911915074
2019,15,2,Walking,1.7004608524208176,0.0621812835456323,10.075091968921292,0.0148129720827976,0.4154793930562674,-0.100942017384081,phone_A,10.217774307786478,0.4278222073126852
2020,15,3,Walking,1.2468706865079902,-0.4161014764082692,9.588561582545356,-0.2305108193327978,0.35925387244282,-0.1257572411258575,phone_A,9.678240551350578,0.4449870406991947
2021,15,4,Walking,0.6718311666274135,-0.4530377687523705,9.66888635587476,-0.3692542403868342,0.1362859404959776,-0.1473938749386245,phone_A,9.702781235253589,0.4202945467049911
2022,15,5,Walking,-0.0929845295214968,-0.6246362574586364,9.53885295521212,-0.3886463070005395,0.0671153259924683,-0.113009022407178,phone_A,9.55973494810506,0.41026998193099495
2023,15,6,Walking,-0.6995653236841278,-0.4070345959151893,9.602351032733331,-0.305114392554833,-0.1310089855101828,-0.0459491084668071,phone_A,9.63640047736747,0.33521555363289224
2024,15,7,Walking,-1.262542665103444,0.1113668183891482,9.458496010096828,-0.0258785077575251,-0.2353232787248665,0.0277646054852111,phone_A,9.543037426441451,0.23836446042001921
2025,15,8,Walking,-1.2405769194344378,0.4059344006803028,9.510087728541164,0.1704598166601706,-0.1807222151050339,0.115719611762283,phone_A,9.599249055797976,0.274058564315554
2026,15,9,Walking,-0.6222237700365176,0.7773216544474294,9.797755068097867,0.4138044819273663,-0.1350475768939158,0.1786345185174442,phone_A,9.848217897107517,0.4705127931247494
2027,15,10,Walking,0.1597475464675372,0.9768254585902452,10.02545684765334,0.5132907768654127,0.0478856911811638,0.1730833008794844,phone_A,10.074199335893233,0.5437998621536555
2028,15,11,Walking,0.763573250333678,0.9614952900026256,9.900764398992097,0.4589805883446535,0.2005106005835642,0.1122246866053176,phone_A,9.97660528364592,0.5132855557165501
2029,15,12,Walking,1.4312117492815082,0.4815127140170988,9.944363441417748,0.3037096663914437,0.2934171241653194,-0.0035205499598759,phone_A,10.058359002344636,0.422309796813984
2030,15,13,Walking,1.5908467888829991,0.1579765410681604,10.104998837661627,0.0305658504462509,0.3384936692073962,-0.0691500924722619,phone_A,10.230676986513162,0.34683421197441167
2031,15,14,Walking,1.2195223551250012,-0.4404156777941745,9.929239606255804,-0.2099295869227467,0.3285148001758726,-0.1004487352478006,phone_A,10.013540827416415,0.4025945277981698
2032,15,15,Walking,0.7046093408052668,-0.5177062258078657,9.651362067503804,-0.356847103565217,0.2025051817488661,-0.1903283510818637,phone_A,9.690886637322798,0.45229756265490434
2033,15,16,Walking,-0.0376013125859559,-0.6225635505866791,9.578864067457456,-0.4290056979581863,0.0229868356528552,-0.1347592519512284,phone_A,9.599147673416368,0.4502603019147664
2034,15,17,Walking,-0.7378095490268038,-0.6254913409246321,9.29309287748674,-0.2801571720958135,-0.1374197651499992,-0.0680235983868968,phone_A,9.343295862692223,0.3193735162284218
2035,15,18,Walking,-1.147262240095628,0.0299315941284303,9.4925422669112,-0.0624377926463325,-0.2193834961311125,0.0337426854922511,phone_A,9.561666446648927,0.23057789388726152
2036,15,19,Walking,-1.3461370873804797,0.3826641266133263,9.451493086246964,0.1565786846288622,-0.2012319523758023,0.1471059083608192,phone_A,9.554540200930242,0.29436598208988685
2037,15,20,Walking,-0.8124376229209557,0.9584695054091792,9.61279100648168,0.3355518972864277,-0.1109055201592616,0.1473125598827325,phone_A,9.694558763462721,0.3828787020369785
2038,15,21,Walking,-0.191567726975218,0.7271732818855078,9.78896928842507,0.4544190374571621,0.0106935286164618,0.161049666597628,phone_A,9.817810290774405,0.48223231773593517
2039,15,22,Walking,0.6285312750868346,1.03934802851687,10.132245804531408,0.423876212419372,0.2031359283058388,0.1318611066345147,phone_A,10.204788137516061,0.4881829577797102
2040,15,23,Walking,1.215667534928017,0.6087706598023633,10.136435394136589,0.2901470320121221,0.3140204883498226,0.0836968066763916,phone_A,10.227207427798614,0.4356596409316908
2041,15,0,Walking Upstairs,-1.5450560631823242,-0.011277929402407,9.458138378498068,-0.1343645517316991,-0.2140257039916435,0.1162339325655487,phone_A,9.583512248486258,0.2781567216711319
2042,15,1,Walking Upstairs,-1.4250156463959218,0.7301742144734021,9.545785301657306,0.3407506245412783,-0.2028384666652243,0.1993864537996667,phone_A,9.679144642027605,0.44385739786915474
2043,15,2,Walking Upstairs,-0.6832064491701674,1.291831352832891,10.028769733554585,0.6705817096382138,-0.0162285278231808,0.2819514161409341,phone_A,10.134684093005083,0.7276261371614516
2044,15,3,Walking Upstairs,0.3208133090916187,1.4266850188863416,10.61109320732796,0.7359688632295557,0.2193597362215834,0.24792305595646,phone_A,10.711379480580762,0.8069911419547287
2045,15,4,Walking Upstairs,1.5237364286804689,1.096650854344548,10.643259248992594,0.6371081953513668,0.4073940028843813,0.1693729557800856,phone_A,10.807561391992596,0.7749605953335417
2046,15,5,Walking Upstairs,2.2632698304358936,0.6218414881100803,10.519364585785915,0.197796184476389,0.5484576537227672,0.0138669719393751,phone_A,10.77803824684173,0.5831992982088267
2047,15,6,Walking Upstairs,1.899132474291897,-0.316765376235522,10.320709701270308,-0.2062981107246675,0.5219537179084709,-0.0656392489984194,phone_A,10.498766270204644,0.5650691153621115
2048,15,7,Walking Upstairs,0.9092413247976304,-0.768733378009775,9.920814278651326,-0.458094090090974,0.3363731641294064,-0.188159516714801,phone_A,9.992008143745586,0.5986661044798289
2049,15,8,Walking Upstairs,-0.1833409287039327,-0.8128820182547353,9.76337322723363,-0.4461110379922258,0.0931718183310394,-0.1227039154696595,phone_A,9.798869722881427,0.4719664149292815
2050,15,9,Walking Upstairs,-1.203593072109404,-0.4967084337102948,9.66475530052001,-0.2702727506427909,-0.150916884497496,0.0321573794875118,phone_A,9.752069040479478,0.3112191556153872
2051,15,10,Walking Upstairs,-1.515244087886129,0.4281843280896328,9.702311241804326,0.1046456810121229,-0.2506877875165773,0.1459299580724351,phone_A,9.82924971183142,0.30836769939063047
2052,15,11,Walking Upstairs,-1.0553522621249152,0.9517716786210288,10.013005237790113,0.4823671845351757,-0.1270078631283995,0.2686705400797635,phone_A,10.113353134218615,0.5665624035528534
2053,15,12,Walking Upstairs,-0.3355805367144771,1.3858678045607953,10.445725589814923,0.714324382585244,0.0411771662223181,0.2872199803429694,phone_A,10.542600578892007,0.771005966048322
2054,15,13,Walking Upstairs,1.2284053926109155,1.2866319509340536,10.690504681625637,0.7254714475307111,0.3118202470397805,0.2261302472615369,phone_A,10.837494725886588,0.8213863745965226
2055,15,14,Walking Upstairs,1.79265329675692,0.8526440155402317,10.527543088391496,0.4395894519854038,0.5432550824895968,0.0897747580561607,phone_A,10.713065440738687,0.704573969240738
2056,15,15,Walking Upstairs,2.1946930417029824,0.2650998982789385,10.574063132548682,0.0107949548204005,0.5569408528724369,-0.0929548508475783,phone_A,10.802674050182771,0.5647479516952207
2057,15,16,Walking Upstairs,1.5014153773375762,-0.4216654452967647,10.461003087907637,-0.3353169307347294,0.4296167037519304,-0.1868176046006474,phone_A,10.576607938667111,0.5761152433053278
2058,15,17,Walking Upstairs,0.4530952318262268,-0.6445908567763527,9.859097395542964,-0.5139128263927367,0.2121358366110528,-0.1379397930745445,phone_A,9.890530527557427,0.5728310333938714
2059,15,18,Walking Upstairs,-0.8515711828848966,-0.3934000403769893,9.494075999620124,-0.4153778023966732,-0.0429810053468091,-0.072070374441563,phone_A,9.540304825206135,0.4237690696790638
2060,15,19,Walking Upstairs,-1.431296917380039,-0.005724556387941,9.644342372052003,-0.0840546979986493,-0.1659697875270183,0.0811495447277283,phone_A,9.7499735089694,0.2029689908260011
2061,15,20,Walking Upstairs,-1.232266120110059,0.6870468283853937,9.916465143455362,0.3211012554798191,-0.2227969231879501,0.2151440844402035,phone_A,10.016326376298384,0.4461294232869502
2062,15,21,Walking Upstairs,-0.6912298514426116,1.248156209097811,10.18732891031842,0.6724577104154544,-0.0571407910485357,0.2126896393876633,phone_A,10.28675667821711,0.7076025190752941
2063,15,22,Walking Upstairs,0.5698856027652133,1.414485579274681,10.395338176011483,0.7398252135161868,0.1839443146829572,0.2540466603165416,phone_A,10.506597681831014,0.8035649090623871
2064,15,23,Walking Upstairs,1.3638665416133628,1.105391950876251,10.77022375468112,0.6633078378705042,0.4537174172346746,0.1917901460789824,phone_A,10.912366518509717,0.8262083530293943
2065,15,0,Walking Downstairs,1.5893734355544924,0.5944885858741029,9.991791906451146,0.3753238819574461,0.2610469628549945,0.0458966999914933,phone_A,10.134862115401646,0.45947800845473874
2066,15,1,Walking Downstairs,2.0324810077796083,-0.5001627610829797,9.880594717163424,-0.2039458964913196,0.3432855386310254,-0.1659629011508223,phone_A,10.099866028784575,0.43241481737706317
2067,15,2,Walking Downstairs,1.2978372561180695,-1.1714439350829382,9.517200628960548,-0.6806943792894656,0.1536242054424671,-0.3045595681585195,phone_A,9.676454425475157,0.7613814845732749
2068,15,3,Walking Downstairs,-0.0947849462547538,-1.3590107440734314,8.925383639925919,-0.8875030021886201,-0.1294493326995842,-0.2983657889295657,phone_A,9.028752267528485,0.9452200022395546
2069,15,4,Walking Downstairs,-1.492947303438601,-1.0752833263064423,8.819376364154936,-0.6874058364816454,-0.4303065468676904,-0.1758844803023096,phone_A,9.009246657478748,0.8298348382162802
2070,15,5,Walking Downstairs,-2.1009307354630096,-0.2927943307160118,8.873617820378975,-0.1932959435094409,-0.6329853406867166,0.0670585850150042,phone_A,9.123635881459753,0.6652297476253586
2071,15,6,Walking Downstairs,-2.072072436946083,0.5010226607643508,8.847442884201055,0.367546419894242,-0.5803540844370256,0.1768429862937357,phone_A,9.100645772677396,0.7093480640003884
2072,15,7,Walking Downstairs,-0.25293265141419,1.23184203321144,9.45192977772265,0.6967190005099642,-0.2359307057484813,0.2051781426113646,phone_A,9.535218206414475,0.7636613999620705
2073,15,8,Walking Downstairs,0.9823822824022622,0.9003627582139692,9.8410643978763,0.5595280204583748,0.1040296223883318,0.1115653827325902,phone_A,9.930874912529356,0.5799487931159057
2074,15,9,Walking Downstairs,1.8528215387196536,0.0324310084120729,10.030766624474628,0.152395029286104,0.3198245361869283,-0.0363396368155623,phone_A,10.200503835562447,0.3561355754515172
2075,15,10,Walking Downstairs,1.734632902584775,-0.7845077045662482,9.678547624932143,-0.430713275299911,0.2749884160719149,-0.1993030656333323,phone_A,9.864009720865704,0.5485018381593282
2076,15,11,Walking Downstairs,0.4613003238344182,-1.2460911274017723,9.21890972623851,-0.8280742231381505,0.0656281547728566,-0.2923909400917925,phone_A,9.314174017436766,0.8806284321849389
2077,15,12,Walking Downstairs,-1.0107174996214483,-1.397542091913212,8.9938945953953,-0.8749004119512729,-0.2755215471359155,-0.23175067642714,phone_A,9.157773406008197,0.9460820417876625
2078,15,13,Walking Downstairs,-2.1691592987547974,-0.95852074273072,8.607574809177164,-0.5211528023674025,-0.6102401200599814,-0.0744653245189301,phone_A,8.928289767542312,0.8059394096964901
2079,15,14,Walking Downstairs,-2.425137916666812,0.1705390517453003,8.846096493667996,0.0854488430229263,-0.648682427766806,0.1251999144929722,phone_A,9.174083096326871,0.6661572002586489
2080,15,15,Walking Downstairs,-1.3582056884101568,0.7573090601360029,9.37488894356706,0.5681558491451214,-0.4578502201717387,0.2081098691578436,phone_A,9.50298807790527,0.7587737546001564
2081,15,16,Walking Downstairs,0.2561188332618118,1.1031279123335986,9.81531983842989,0.7051391451474692,-0.1007737578182018,0.1538307591493334,phone_A,9.880434786910758,0.7287252340522905
2082,15,17,Walking Downstairs,1.5253992476812075,0.7391153550527269,10.089682682100753,0.3889886631600233,0.2734539438332034,0.0155143938244656,phone_A,10.231071840153648,0.4757414590727777
2083,15,18,Walking Downstairs,2.2951657026813033,-0.3977358752207052,9.801634248675365,-0.1595412065748516,0.3357706306754151,-0.188827899033371,phone_A,10.074622244729975,0.4169547798897171
2084,15,19,Walking Downstairs,1.66767801112422,-1.148190079750538,9.534048041697083,-0.6900327496517946,0.174929504290945,-0.2711448568897316,phone_A,9.746669301326108,0.7617513114404498
2085,15,20,Walking Downstairs,-0.3105160375413175,-1.6852166988815998,8.937878636771865,-0.8672620125691829,-0.152913536909153,-0.2846231188782063,phone_A,9.100662066982965,0.9254924462228603
2086,15,21,Walking Downstairs,-1.601437302198132,-1.0774503452967996,8.466511354589429,-0.6887488952415628,-0.4883752946680622,-0.1411569592689202,phone_A,8.683738549544403,0.856043664942763
2087,15,22,Walking Downstairs,-2.450236749804279,-0.4023529764017884,8.695290355257463,-0.2228419636167886,-0.685221817963521,0.0128640854576259,phone_A,9.042876887912621,0.7206614775721538
2088,15,23,Walking Downstairs,-1.9462242488639552,0.4132354708737292,9.05417361433059,0.3146709631968077,-0.5738170786681025,0.2057218699078555,phone_A,9.270200225437128,0.6860068094478265
2089,15,0,Sitting,0.1492580441283111,-0.0854531945503353,9.774735254366693,-0.0070589512893703,-0.0021016355011091,-0.0017200493863776,phone_A,9.77624823258672,0.007563348132725524
2090,15,1,Sitting,0.2122430337188232,-0.1064160718904557,9.763265261383696,-0.0202954458871812,-0.0168139533148185,0.0117590644331742,phone_A,9.76615175234649,0.02885982928182249
2091,15,2,Sitting,0.1367047213800096,-0.1085178816867126,9.771347103990482,-0.0083389612455912,-0.0104487482975461,-0.0044009882894803,phone_A,9.772905839010042,0.014074207386744277
2092,15,3,Sitting,0.0933329967306571,-0.1126189770668848,9.836276382777964,-0.0101022013602686,-0.0169163155171936,0.0103758003136352,phone_A,9.837363831874363,0.02226821580524785
2093,15,4,Sitting,0.1859373611118371,-0.0824591265456566,9.792416555315578,-0.0167036680573276,-0.0198288023307135,-0.0090825365315848,phone_A,9.794528789208112,0.02747155616792518
2094,15,5,Sitting,0.0967488815749249,-0.1215799833667718,9.819751089129849,-0.0214828363552306,-0.0071640746415714,-0.0038566972500391,phone_A,9.820980271383723,0.02297194673975375
2095,15,6,Sitting,0.1747676724932457,-0.0844079090012772,9.753452375810143,-0.0032482435921482,-0.0111213087069701,-0.0042072894510608,phone_A,9.755383215519892,0.01232622725389518
2096,15,7,Sitting,0.1206805390570814,-0.0945295773828205,9.78973604494852,-0.009081068369992,-0.0222313206028781,-0.0089719326702822,phone_A,9.790936189316707,0.02563577567245623
2097,15,8,Sitting,0.1124148838004147,-0.0507558710148708,9.787845800564146,-0.0104179850285806,-0.0262164262794582,-0.0010019328411291,phone_A,9.788622920521739,0.028228341933952288
2098,15,9,Sitting,0.1604652366776818,-0.0931752957035219,9.811582885742844,-0.0068523386424983,-0.0195867361966784,-0.0010186624143568,phone_A,9.813337324871357,0.020775765998493786
2099,15,10,Sitting,0.1151018658668544,-0.061061339476332,9.78121154999211,-0.0037915667915831,-0.0186472745774385,0.0171245339774765,phone_A,9.782079345026993,0.02559973616753046
2100,15,11,Sitting,0.1298642092413987,-0.1048855158017575,9.82413740790266,-0.0056213844646508,-0.009567066874234,0.013617984215217,phone_A,9.825555531043488,0.017566394791230847
2101,15,12,Sitting,0.1096554090942763,-0.0351403060179757,9.781209409875576,-0.0029810490886942,-0.0177383013707999,0.0121615650239179,phone_A,9.781887173224254,0.021712615066396525
2102,15,13,Sitting,0.1444131883654609,-0.0473928656236686,9.859296751795643,-0.0037760195767692,-0.0315009268080595,-0.0023307836965227,phone_A,9.860468228875037,0.03181193590856806
2103,15,14,Sitting,0.1589990649382816,-0.0472591345933576,9.802489857705512,-0.003428114280404,-0.0245449806331794,0.002087252697005,phone_A,9.803893182755164,0.024870960287528433
2104,15,15,Sitting,0.1344126370215116,-0.0438721867454958,9.810832191993295,0.0032695035154897,-0.0242627894084225,-0.001315594960558,phone_A,9.811850988738716,0.024517410002190366
2105,15,16,Sitting,0.0848400475969591,0.0380899753606588,9.83848750178238,0.0106640633800583,-0.0255423651463756,0.0080914878403752,phone_A,9.838927024967068,0.028837594222050202
2106,15,17,Sitting,0.1043130665506161,-0.0665845475073446,9.788512689384833,0.0119458527085558,-0.0161472273870973,0.0027787771392606,phone_A,9.78929493825106,0.020277030147800548
2107,15,18,Sitting,0.1183922890315239,-0.0113515417556715,9.790768883788363,0.0057992950636548,-0.0183892264249359,0.0114727980689923,phone_A,9.791491251457092,0.02243703561691618
2108,15,19,Sitting,0.1345256828044475,-0.0428329510039442,9.793181058517074,-0.0001880457323716,-0.029690991461656,0.0089271295964928,phone_A,9.794198643376768,0.03100457995210015
2109,15,20,Sitting,0.1508199253853017,-0.0575443847891971,9.815781332423212,0.0125647914777043,-0.0307830275364626,0.0084377892209485,phone_A,9.817108595307582,0.03430255174365254
2110,15,21,Sitting,0.174128290120422,-0.0059427955441609,9.764274133892007,0.0129936023928848,-0.0236091456668193,0.0146092700601604,phone_A,9.765828451290329,0.030653812714769642
2111,15,22,Sitting,0.1185830224264953,-0.0179486418882883,9.799739722864745,0.0101851684304843,-0.0218108980742774,0.0094723834966217,phone_A,9.800473596864931,0.025868493962171873
2112,15,23,Sitting,0.109591758884699,-0.001434590948829,9.819754109277318,0.0015188590292001,-0.0116630126943619,0.0100579301285247,phone_A,9.820365735467055,0.015475618124317825
2113,15,0,Standing,0.0613230331612708,0.1657822039248831,9.813072123329512,-0.0170402730868974,0.0043928404788075,-0.0113730784556175,phone_A,9.814663965271611,0.02095268163996963
2114,15,1,Standing,0.0457726864034534,0.1627694528233263,9.810205304586864,-0.0127885598482485,-0.0067531938628525,-0.0162676492557136,phone_A,9.811662303184779,0.021766701694294927
2115,15,2,Standing,0.0220942063789529,0.1296095872638953,9.748154496697312,-0.0314103239850808,-0.0158270452084563,-0.0006346364189155,phone_A,9.749041126723503,0.03517821166947625
2116,15,3,Standing,-0.0033172006736798,0.193011971483564,9.779894777347874,-0.0201355545376746,-0.0180957879878512,-0.01246216132002,phone_A,9.781799756739682,0.029802744239534898
2117,15,4,Standing,0.04978189436111,0.182098152950232,9.7721689278081,-0.0275796027176213,-0.0174896507034588,-0.0173655856177103,phone_A,9.773992200116194,0.03698764566225928
2118,15,5,Standing,0.0235661623273463,0.182627841158576,9.765902157160957,-0.0230019766705638,-0.0051706484129044,-0.0177009958563701,phone_A,9.767638058180397,0.02948138039628171
2119,15,6,Standing,-0.018072915802458,0.1530483738092786,9.73537355544792,-0.0251342067989846,-0.0214905339019324,-0.0027334523132726,phone_A,9.736593279947865,0.03318197041095005
2120,15,7,Standing,0.0175267446434715,0.1449495837366834,9.746472752164728,-0.0246906879230425,-0.0199386151187269,-0.0137713369948673,phone_A,9.747566295096059,0.03459520437274511
2121,15,8,Standing,-0.0435728583636211,0.1539749769648782,9.7396214296359,-0.0216425251328883,-0.023765486165309,-0.0114527396592195,phone_A,9.740935913973573,0.034122755933585644
2122,15,9,Standing,-0.0627180704956197,0.1652034018286979,9.702444633935324,-0.0101201937161345,-0.0244732752920256,-0.004816909505053,phone_A,9.704053668180263,0.02691769198039143
2123,15,10,Standing,-0.0436825665947719,0.1318610350512338,9.72123232940709,-0.0244792283417949,-0.029300769651035,-0.0030766737785431,phone_A,9.722224719759295,0.038304485949981405
2124,15,11,Standing,-0.0860017432358591,0.1690432943585544,9.682722664315207,-0.0189930823574365,-0.0232150826243553,-0.006972403148269,phone_A,9.684580018217135,0.03079434435661848
2125,15,12,Standing,-0.1010890810794706,0.1425231498208176,9.664526891690889,-0.0208382808354962,-0.0261126579874436,-0.0080126594327219,phone_A,9.666106345926714,0.0343556045869229
2126,15,13,Standing,-0.1001733802468064,0.1065033015183326,9.69826108251805,-0.0054317830089317,-0.0308021619939146,-0.0107852043901961,phone_A,9.699363158683592,0.0330847107270682
2127,15,14,Standing,-0.1116708138123988,0.1706081125663648,9.708445654708608,-0.0221448857764524,-0.0372978720090937,0.0020201777567984,phone_A,9.710586724249026,0.04342359198210026
2128,15,15,Standing,-0.0875155211673514,0.2003626334646144,9.699347237723938,-0.0070935068846368,-0.0395546804042148,-0.0003042221261451,phone_A,9.701811222100595,0.040186852736983525
2129,15,16,Standing,-0.1129932968528048,0.1696339455108766,9.663101194606558,0.0024038499798269,-0.0373107316888273,-0.0070223246672993,phone_A,9.665250532594069,0.038041848504168876
2130,15,17,Standing,-0.1001735559796338,0.1830525947199812,9.728949554646888,-0.0061438374266737,-0.0371448626688896,-0.0012415805415605,phone_A,9.73118710284697,0.037670002432402976
2131,15,18,Standing,-0.1425901220703776,0.2309478011738429,9.73633725037635,0.0007388440974353,-0.0370035126865582,0.0012152041916723,phone_A,9.74011970577596,0.03703083259895795
2132,15,19,Standing,-0.1288665519377622,0.2189432447886046,9.704151051826724,0.0061926750193131,-0.0461909330891757,0.011986249887636,phone_A,9.707476004055668,0.04812090720167675
2133,15,20,Standing,-0.1042915899631175,0.2304330408717818,9.704855854160416,0.007534071705863,-0.048919126324767,0.0082145275036371,phone_A,9.70815138283773,0.05017291718602385
2134,15,21,Standing,-0.1754279908565217,0.190334368517308,9.7775397962911,0.0136634543626764,-0.0438753784971376,0.0044960431072512,phone_A,9.780965525952489,0.04617307902891345
2135,15,22,Standing,-0.1430375262377157,0.2425556705627408,9.742413464196986,0.0239902439536052,-0.0424573605732617,0.0117258420139582,phone_A,9.746482088148577,0.05015630212383839
2136,15,23,Standing,-0.1478458018745381,0.2370366173672966,9.758987020181811,0.0156620170781215,-0.0435630586734238,0.0146550052561494,phone_A,9.762984809943214,0.048557265563428306
2137,15,0,Laying,7.427248917933646,0.2191787444311152,6.374934964535029,0.0169167739354256,-0.0126181322997823,0.0089135351287615,phone_A,9.79039639713368,0.02290950919615629
2138,15,1,Laying,7.420406894091,0.2045833872251832,6.380144133700269,0.011266701524129,-0.0032366858744058,0.0066979095796567,phone_A,9.788285447563926,0.013500988534942386
2139,15,2,Laying,7.449476765266463,0.2165864502249813,6.378190391038605,0.0114008104361201,-0.0037504620732642,0.0046202472941928,phone_A,9.809328541291864,0.01286044825901625
2140,15,3,Laying,7.434177876343249,0.19888053501401,6.328912480469232,0.0134962649297842,-0.01505419109922,0.0073069251129309,phone_A,9.765330887878715,0.021498115994494443
2141,15,4,Laying,7.432095570928432,0.1731873314594434,6.365087840653618,0.0110744917493289,-0.0120116867782121,0.0131564715092418,phone_A,9.786745201875268,0.020976599565642677
2142,15,5,Laying,7.413882415372933,0.2486542821734283,6.361134925077864,0.0036471394557106,-0.0125254522870756,0.0164926057715203,phone_A,9.771976205254726,0.02102842424766994
2143,15,6,Laying,7.424640186833297,0.1572712249037894,6.386035026081967,0.0081545801873256,-0.0022282220929094,0.0150636399047506,phone_A,9.79446065367912,0.017273546216884574
2144,15,7,Laying,7.443606905824675,0.2510848167912436,6.322364541295505,0.0056868666022347,-0.0072153543676987,0.0228453765415225,phone_A,9.769473923743007,0.02462342420799812
2145,15,8,Laying,7.483561241600325,0.2231380255109895,6.346389729800286,0.0064495651933524,-0.0101845489275904,0.0043912181918615,phone_A,9.81479200175562,0.012829837304125135
2146,15,9,Laying,7.477780038056742,0.1844725992216731,6.364182240609147,0.0150547813976438,-0.0147315458041832,0.0092068653297652,phone_A,9.821101772668296,0.022987632629568926
2147,15,10,Laying,7.4148731429963854,0.1827656152428297,6.353001571663595,0.0064483394849812,-0.0029387587851497,0.0100036942324162,phone_A,9.765980543007664,0.012259334549906829
2148,15,11,Laying,7.438609136494139,0.1988664739134972,6.346603110371117,0.0142077522999845,-0.0050770150053886,0.0055465448086882,phone_A,9.780175090485509,0.01607483953566697
2149,15,12,Laying,7.426018579597715,0.182953141275268,6.415703373447454,0.0095549681995975,-0.0102605174229784,0.0137207478607662,phone_A,9.815318312336997,0.01961720053782606
2150,15,13,Laying,7.43584146283342,0.1953874579214829,6.354375955500429,0.0174111122247928,-0.0065006237865125,0.0163420179231806,phone_A,9.783046984602889,0.024748060294084814
2151,15,14,Laying,7.423125617972458,0.1801944629475841,6.405057312327961,0.0105026096099618,0.011102095118563,0.0060753549030925,phone_A,9.806121718543057,0.016446010514389577
2152,15,15,Laying,7.45746218459854,0.2342894526353977,6.332707958044827,-0.0005898564647035,-0.006880004423316,0.0122946398763458,phone_A,9.786307979223713,0.014101083688952154
2153,15,16,Laying,7.412426608454447,0.2006524053839047,6.38417989190976,0.0210426225743005,0.0045751478838203,0.0093124022309942,phone_A,9.784788321970728,0.023461559587442435
2154,15,17,Laying,7.488242146204879,0.1981881704420189,6.359923211719884,0.0017854643960835,-0.0047162215943351,0.006591481214853,phone_A,9.826579885701614,0.008299292369974353
2155,15,18,Laying,7.460180845500105,0.1302512535152797,6.3663043293215935,0.0084992611416638,0.0023705873321799,0.0162873375884783,phone_A,9.808215660870626,0.018523889709635668
2156,15,19,Laying,7.46193549139046,0.1597362294259069,6.326664545901136,0.0121030836324367,-0.0057569695844726,0.011413624209875,phone_A,9.784307906900018,0.01760392427314275
2157,15,20,Laying,7.493662324107548,0.1426487426172103,6.386241137875143,0.0153693454761754,0.0059299573488625,-0.0066874449959393,phone_A,9.846796411148553,0.01777928837437188
2158,15,21,Laying,7.438758905264311,0.1479552812445582,6.3857114211576365,0.0097063253915411,-0.0160282833502957,0.0037569448127913,phone_A,9.804811837572425,0.01911107673811712
2159,15,22,Laying,7.481429257744312,0.1823051134160829,6.3764650262113385,0.0046301794544642,-0.0058668138286923,0.0051243063830463,phone_A,9.831801723158712,0.009061820026264407
2160,15,23,Laying,7.463959412517956,0.1925727404132812,6.390357166875154,0.0069110092205991,0.0073677355680882,0.0026361484083861,phone_A,9.827738249073299,0.010440060070685145
2161,16,0,Walking,0.4302732124732819,0.7996391487156174,10.18618896908593,0.4541457547361264,0.2244487198876728,0.1326125067621776,phone_B,10.226583179119924,0.52365224276595
2162,16,1,Walking,1.304237304919012,0.6281343377546141,10.316845404134025,0.3161557235912903,0.3040163315400733,0.095151290455312,phone_B,10.417911824670536,0.4488141480367205
2163,16,2,Walking,1.4663156452497028,0.3676685583491314,10.026933426817507,0.103382240403299,0.3967029314077572,-0.0275598487175079,phone_B,10.14024929112361,0.41087789996499585
2164,16,3,Walking,1.3108005061232113,-0.2293752962730887,9.969449355490294,-0.1433666417756786,0.3147638217973526,-0.0870056387061698,phone_B,10.057869130441054,0.35665142457752763
2165,16,4,Walking,0.725929663900657,-0.5414431962446971,9.937628903349916,-0.3036291482715899,0.2273866019284103,-0.1337572448083249,phone_B,9.978807685910489,0.4022267108924948
2166,16,5,Walking,-0.1465696430403774,-0.4041755603225697,9.4376870523644,-0.3889846163265356,0.067112664682488,-0.1096374524264306,phone_B,9.447474659515613,0.4096748863111382
2167,16,6,Walking,-0.9113967449715624,-0.5981687999800861,9.368245891614452,-0.3324768578007305,-0.0680277764630606,-0.0462365201329332,phone_B,9.431462295199267,0.34250029947075733
2168,16,7,Walking,-1.3531872201237598,-0.1477965464338428,9.492847453120152,-0.130220827198938,-0.1856424242197074,0.0036933904365178,phone_B,9.589948500385901,0.22679112557475
2169,16,8,Walking,-1.2493041965144152,0.2810419919356486,9.49629044886561,0.1101149360693804,-0.2602159693724418,0.0755516755732362,phone_B,9.582237623116841,0.2924819747333617
2170,16,9,Walking,-1.150266185347593,0.7569360042358358,9.558729181083374,0.3161472461314655,-0.181290424460244,0.1641587715316183,phone_B,9.657399648402123,0.3997041424707216
2171,16,10,Walking,-0.4415029483772578,0.910922063490484,9.999136748411429,0.5210751837546455,0.0327206673916857,0.1469227913378225,phone_B,10.050245746876612,0.5423802133319321
2172,16,11,Walking,0.2784245128311808,1.0111419765376368,9.98836817409548,0.5118891662296926,0.1551562372803911,0.193710265563992,phone_B,10.04327770637381,0.5688828029174473
2173,16,12,Walking,1.1666993406371324,0.8162498833998131,10.075351821765878,0.3538353067530312,0.2838705273084085,0.046558887119207,phone_B,10.17546881258816,0.45601494553264876
2174,16,13,Walking,1.5522729711792964,0.3748712402143055,10.054087504416213,0.1619161327427038,0.3473327983406183,-0.0466782430387008,phone_B,10.180115685504356,0.38605150591424653
2175,16,14,Walking,1.4002606026342772,-0.3109845083733968,9.94061981506444,-0.1147230034225374,0.3520962456493115,-0.0529102370482375,phone_B,10.043573240007252,0.3740756967501745
2176,16,15,Walking,0.852399886788645,-0.4361112718872369,9.676656272712917,-0.3063243562652416,0.1983897520687683,-0.0740752904180079,phone_B,9.723911518966975,0.3723979774619275
2177,16,16,Walking,-0.1280447181987238,-0.6825004476074574,9.419481114553744,-0.4100260790272084,0.0772710713535907,-0.1188241833511352,phone_B,9.445042444493174,0.4338333672040711
2178,16,17,Walking,-0.5794654958277654,-0.5035933463932711,9.387500953791925,-0.3331767333904804,-0.0547945792053913,-0.031170383722827,phone_B,9.418840728923639,0.33908815137730103
2179,16,18,Walking,-1.389369728713303,-0.2877389055449708,9.466370339951007,-0.1383250882313722,-0.226391380872376,0.0446380937494533,phone_B,9.572111017635203,0.2690342855122802
2180,16,19,Walking,-1.5076058997714916,0.3887014862041879,9.550794393431032,0.071088058270984,-0.2450695701992072,0.095293596026803,phone_B,9.676860954875645,0.2723847934633695
2181,16,20,Walking,-1.0954673002801498,0.6231471573084995,9.514943459317273,0.2981821287288841,-0.1568209629928123,0.1765436812946501,phone_B,9.598047198240343,0.3803591299447784
2182,16,21,Walking,-0.4709667518225494,0.9432466683284688,9.779134285155015,0.4856515501818857,0.0281349316609784,0.2177567004534611,phone_B,9.835801509065202,0.5329793459094029
2183,16,22,Walking,0.2612889538801133,0.8769156696616669,9.68443419082042,0.5240599017212133,0.1513794035269807,0.1464566787342278,phone_B,9.727564885697216,0.5648044468221661
2184,16,23,Walking,0.809428387566721,0.5868596210277375,10.17431509392326,0.3746054616844204,0.2958616433049387,0.095351942895836,phone_B,10.223319723056028,0.4867806044995089
2185,16,0,Walking Upstairs,1.9537424069608424,0.1260341867496561,10.277835303563766,-0.0990912883847854,0.5391166784235585,-0.045876464517834,phone_B,10.462642712822056,0.5500641111587479
2186,16,1,Walking Upstairs,1.4419353460254882,-0.5661999386693509,10.103663890557147,-0.4557393634957439,0.4157875395578198,-0.1613687143610113,phone_B,10.221730965253155,0.6376656706030026
2187,16,2,Walking Upstairs,0.4488438901330384,-0.8284228658331758,10.074167926872132,-0.5023212270450401,0.1190633801202232,-0.1225731142976791,phone_B,10.118132471022712,0.5305910590787593
2188,16,3,Walking Upstairs,-0.8942532938222663,-0.4989745162733117,9.711807074505195,-0.3424154894987256,-0.0804688111193075,-0.0236394726248377,phone_B,9.765646992074377,0.3525371209923674
2189,16,4,Walking Upstairs,-1.713165795991609,0.1351724863562304,9.65557878777168,-0.0455201084584085,-0.2212250636824996,0.1212832193355709,phone_B,9.807314126328865,0.25636346925369746
2190,16,5,Walking Upstairs,-1.57214626584892,0.810669855776436,9.843981394313564,0.4669594623912566,-0.1853703550567051,0.2766516690805908,phone_B,10.001639824942654,0.5735411528876171
2191,16,6,Walking Upstairs,-0.5994041792885078,1.125513957310432,10.32914270605192,0.6975612088472116,-0.0145333626041491,0.2782694682040852,phone_B,10.407557642417105,0.7511569447535923
2192,16,7,Walking Upstairs,0.5815316473386107,1.5617266277173896,10.693504917343592,0.8030241013677425,0.2944035929649964,0.2114885739440244,phone_B,10.822579014903493,0.8810497147363744
2193,16,8,Walking Upstairs,1.428383308167507,0.8491584422053708,10.816773702114064,0.5287273506537802,0.4609347141780354,0.1370701289746468,phone_B,10.943671333595805,0.7147038843611241
2194,16,9,Walking Upstairs,2.037902939479913,0.2232008124786684,10.508611004026346,0.1533082906962875,0.5965499111957776,-0.0060663767496484,phone_B,10.7067162205494,0.6159643086013801
2195,16,10,Walking Upstairs,1.5625025041678042,-0.5390172923010534,10.486202241639878,-0.268519253688104,0.4635636092369285,-0.161918145357432,phone_B,10.61566725031938,0.5596528345376038
2196,16,11,Walking Upstairs,0.5358305841220706,-0.8107086193014779,9.969683885308555,-0.5250530781825503,0.2860080136306254,-0.1568085670557883,phone_B,10.016933645246503,0.618118310254596
2197,16,12,Walking Upstairs,-0.1900264630478099,-0.8716793349243741,9.715214916474247,-0.4738108756299239,-0.0033293377859352,-0.0846198182095146,phone_B,9.756092239871268,0.4813193783644072
2198,16,13,Walking Upstairs,-1.256693849844892,-0.1968453049865248,9.757451392592458,-0.2615402628615464,-0.1969278237998678,0.0820684315595286,phone_B,9.84001449110405,0.3375190429336982
2199,16,14,Walking Upstairs,-1.4846502793685004,0.5531431530457166,9.8766336090397,0.1566779077884722,-0.2104368920331658,0.2170612126468525,phone_B,10.002901841315994,0.3405102382502961
2200,16,15,Walking Upstairs,-1.1680100538285232,1.4460798482186563,10.073758174532337,0.5293074197348171,-0.1085448241033975,0.2698180200533309,phone_B,10.24382732050017,0.6039454341010179
2201,16,16,Walking Upstairs,0.0941395671757824,1.5146354144565275,10.34926011530248,0.8097806516137491,0.1372554737514469,0.2757196260099306,phone_B,10.459931530895632,0.8663746770132298
2202,16,17,Walking Upstairs,1.07971451564246,1.371652146647243,10.641752450424304,0.6815693693327118,0.3688250481431366,0.1860056718000961,phone_B,10.78397460414307,0.7969735449136206
2203,16,18,Walking Upstairs,1.5939957367189574,0.7999336068745154,10.493899749183225,0.34696696827339,0.4933879528046839,0.0304586073725446,phone_B,10.644371664405242,0.6039416162251939
2204,16,19,Walking Upstairs,1.976776146339096,0.0330056904859289,10.511544861578084,-0.0815687810258617,0.535433717467787,-0.0579454709046537,phone_B,10.695854743091285,0.5447021290923885
2205,16,20,Walking Upstairs,1.2560389437824018,-0.4276888435067878,10.310977920802554,-0.4013040608291953,0.3581183548017167,-0.164997134357777,phone_B,10.396000060525006,0.562599110939725
2206,16,21,Walking Upstairs,0.1386230134011917,-0.8342411208991749,9.70964916430089,-0.52009513316484,0.2180835670706683,-0.1436677273733127,phone_B,9.746407619295045,0.5819792141104628
2207,16,22,Walking Upstairs,-0.9438826232840424,-0.6516327777734099,9.765525706492236,-0.3540901538235113,-0.0656176899201144,0.0043569813666969,phone_B,9.832651321376495,0.3601451117977862
2208,16,23,Walking Upstairs,-1.6115711325050674,0.0743121094545561,9.83297698930341,-0.0027641925863016,-0.2782958664862911,0.128029869533529,phone_B,9.964442798114986,0.30634600953298247
2209,16,0,Walking Downstairs,0.8385078560918848,-1.3541132354469578,9.070547921414466,-0.8002079855767718,0.0665520622418154,-0.2906508936864755,phone_B,9.209319066783207,0.8539554667371245
2210,16,1,Walking Downstairs,-0.7804229455277257,-1.3137704766885745,8.87036151258744,-0.8618580014594837,-0.2691539068325893,-0.1852470528705409,phone_B,9.001020286796228,0.9217155259841305
2211,16,2,Walking Downstairs,-2.0111747897482046,-0.9068152869988204,8.698665508459912,-0.5103516030470714,-0.5863666972352465,-0.0206374063484549,phone_B,8.974069290334437,0.7776313811183793
2212,16,3,Walking Downstairs,-2.511533288400809,0.1281595569903695,8.833084730942634,0.0130865959096036,-0.6598702383054835,0.0995115235455226,phone_B,9.184095502269411,0.6674597618674761
2213,16,4,Walking Downstairs,-1.5256010329427037,0.8013945971842552,9.197438785791784,0.5797139424550724,-0.440014269074379,0.2643071871010947,phone_B,9.35748748492345,0.7742991032018286
2214,16,5,Walking Downstairs,-0.0428507957275664,1.0497130492517084,9.90113915644079,0.6906941441595235,-0.1177380040143939,0.1972168290304047,phone_B,9.956720859382814,0.727883999012451
2215,16,6,Walking Downstairs,1.180491767773938,0.6583059276724608,10.026547243498388,0.4461504461337073,0.2124465946798746,0.0878546367961245,phone_B,10.117241577341913,0.5018986086680854
2216,16,7,Walking Downstairs,1.8413984017743072,-0.2688997638619813,9.879701627778308,-0.104862753776644,0.3219956853572306,-0.1411553779379634,phone_B,10.053435204495395,0.36688180554383315
2217,16,8,Walking Downstairs,1.455423246493359,-1.068282103530212,9.42224844296718,-0.5921990416040074,0.2336219972985812,-0.2976468593298008,phone_B,9.593656716818339,0.7027606956620279
2218,16,9,Walking Downstairs,0.1189532192530149,-1.4951007485819787,9.013348448988012,-0.8787381333832701,-0.1117822928552079,-0.274634544274219,phone_B,9.13728222064174,0.9274158295859464
2219,16,10,Walking Downstairs,-1.53761441956271,-1.3291308701125335,8.446762219968889,-0.7233145006695085,-0.4686958127790376,-0.149383603213194,phone_B,8.68784432260541,0.8747428723369743
2220,16,11,Walking Downstairs,-2.355687350094218,-0.5393164125100703,8.823273487280678,-0.244577307766457,-0.6492170130960205,0.0175264192832643,phone_B,9.148239181151027,0.6939798015363988
2221,16,12,Walking Downstairs,-1.941706024681338,0.3412777258561875,9.019814894346572,0.2882706969954077,-0.5738317056616348,0.1677771275756747,phone_B,9.232754383212285,0.663725836250408
2222,16,13,Walking Downstairs,-0.9477015749767372,0.941322552164405,9.585015827090594,0.6426952181139906,-0.363436704024455,0.2426434179807315,phone_B,9.677642007638218,0.7771867275681702
2223,16,14,Walking Downstairs,0.4380004626202488,1.0341578227205197,10.174159673933303,0.6257394376289966,0.0848873632357211,0.1415342307053157,phone_B,10.235958766927514,0.647138043003741
2224,16,15,Walking Downstairs,1.9726615686891091,0.1943762121334952,9.79037270405943,0.2078232795824613,0.3426275835473115,-0.025098466237717,phone_B,9.98902264792799,0.40151476878362224
2225,16,16,Walking Downstairs,1.7470909406072876,-0.6493698845375435,9.90977497140228,-0.3695257250116097,0.3719921418528899,-0.2295223949480557,phone_B,10.083533506937309,0.5723704611773285
2226,16,17,Walking Downstairs,0.8817870887753875,-1.3023559469036192,9.206686362138344,-0.81181194560227,0.0937294182013574,-0.2958316420463694,phone_B,9.340061737116644,0.8691031004977253
2227,16,18,Walking Downstairs,-0.7755668847816792,-1.6949505768454405,8.906864806743261,-0.8585391818900413,-0.2918710926696031,-0.2348929342677473,phone_B,9.099813302278257,0.9367245871361985
2228,16,19,Walking Downstairs,-2.1515132214036186,-1.0198072450439204,8.617503680651467,-0.5389540364051313,-0.5280945586592571,-0.0561016040997041,phone_B,8.94037950228961,0.7566390858430848
2229,16,20,Walking Downstairs,-2.543735023947194,0.2138031796042037,8.78845159840253,0.0384499527230062,-0.6340613806579363,0.0604190052087452,phone_B,9.151676413047419,0.6380930100672347
2230,16,21,Walking Downstairs,-1.650615631150928,0.7090899443719023,9.333395371903212,0.5444677934826875,-0.4753950620389421,0.2205008460026375,phone_B,9.504715128780736,0.7556892656633379
2231,16,22,Walking Downstairs,0.0220731100462904,1.0917399111239947,9.81276596084314,0.7097881426465995,-0.0829231995928213,0.2078642312761404,phone_B,9.873335761433921,0.744233164483041
2232,16,23,Walking Downstairs,1.2703746787658354,0.4287884504396193,9.905496542145393,0.4496814176148165,0.1952545075590883,0.0460822478756755,phone_B,9.99582778493778,0.49240356785820333
2233,16,0,Sitting,0.0558518077813496,-0.0181609620415259,9.858326238236993,0.0327799169435432,-0.0255821206010323,0.0269274172297816,phone_B,9.85850117738425,0.04953840578720808
2234,16,1,Sitting,0.0268494906407806,-0.0307812038862372,9.830496949428282,0.0318701652377678,-0.0225088266426437,0.0205359178914811,phone_B,9.830581806301145,0.04409170707465139
2235,16,2,Sitting,0.0799033129809594,0.0080977186339193,9.827746699115869,0.0373698484774473,-0.0182971397433601,0.0260252868717474,phone_B,9.82807485189522,0.049077555509338136
2236,16,3,Sitting,0.0735716844435234,0.0189589854670406,9.880347443487,0.0357185657565071,-0.0201247930680795,0.0318042089516438,phone_B,9.880639546097303,0.05188767621290013
2237,16,4,Sitting,0.1020333001731647,0.032808003925738,9.84920173092463,0.0247889001544375,-0.0087681344426861,0.0307285484246518,phone_B,9.849784865463537,0.040442718018919806
2238,16,5,Sitting,0.1321406418364188,0.0135860045472357,9.85076525890423,0.0112160050239908,-0.0228733985310715,0.0223823610051366,phone_B,9.85166087087751,0.03391107803098672
2239,16,6,Sitting,0.0701797275707947,0.0288450457184234,9.822529258895376,0.0229203082656371,-0.0148008509839108,0.0316718850247409,phone_B,9.822822317067542,0.04180327764494278
2240,16,7,Sitting,0.0871820003761379,0.0193640941912925,9.861904986513188,0.0311901886251227,-0.0057569596499612,0.0238882973746064,phone_B,9.86230934580472,0.0397066896421704
2241,16,8,Sitting,0.0646067050156238,0.0015175228234424,9.858126202903325,0.0272191244611722,-0.0141270561516914,0.0305319974684392,phone_B,9.858338022282336,0.0432742108115053
2242,16,9,Sitting,0.1118964610603484,-0.0167443115866173,9.848652425834867,0.0366988727489335,-0.00457998097977,0.029529604581083,phone_B,9.84930229990284,0.0473263249527426
2243,16,10,Sitting,0.0899460158020548,-0.0122892897408264,9.844416715678973,0.025752778214494,-0.0085028307133582,0.0198115554300633,phone_B,9.844835284774478,0.0335857327516226
2244,16,11,Sitting,0.1111741606828994,-0.0165416022998131,9.858153279270756,0.030741726221151,-0.0154651032234945,0.0242974604393347,phone_B,9.858794013276013,0.04212587960589758
2245,16,12,Sitting,0.1589024737521833,-0.0031680796960526,9.850469805596855,0.0289246569782203,-0.0112605344042322,0.0215161691321803,phone_B,9.851751896179119,0.037767458883292554
2246,16,13,Sitting,0.1023369277803845,-0.0475024106579994,9.860773574333416,0.0150207633797424,-0.0044420077455355,0.0277433942820264,phone_B,9.861419005907724,0.03185986019444503
2247,16,14,Sitting,0.1784066599165138,-0.0008236167920847,9.890768646541826,0.024126603166006,-0.0057413552339369,0.0088763140473973,phone_B,9.892377572356507,0.026340939454017352
2248,16,15,Sitting,0.1761912798875303,-0.0320369738629908,9.900401779835365,0.0240005477544325,-0.0084290760219322,0.0216434487238691,phone_B,9.902021265225093,0.0333993186720786
2249,16,16,Sitting,0.1920704503814747,0.0297150405442461,9.853384767951262,0.0154757496850522,-0.0011670755518356,0.0181036224366118,phone_B,9.85530138691041,0.02384537772788428
2250,16,17,Sitting,0.1716799714381708,0.0067449900941782,9.824090190907032,0.021395038604657,-0.0021081538039959,0.0186275198407784,phone_B,9.82559248017951,0.028446027574595696
2251,16,18,Sitting,0.1505510168429331,0.0149723310869138,9.890857047076455,0.0129741145656814,-0.0007250536726012,0.0150090942236973,phone_B,9.892014097496656,0.019852613455346436
2252,16,19,Sitting,0.1046079566390192,-0.0211439593970922,9.912369332575029,0.0059713416889637,6.391346539320964e-05,0.0166502749986397,phone_B,9.912943845144342,0.017688772258914427
2253,16,20,Sitting,0.1558455720574449,-0.0460332230087903,9.830284210119316,0.0066920712586187,0.0086934066277556,0.0103737956631921,phone_B,9.831627258580934,0.015098833497578503
2254,16,21,Sitting,0.1378203060761059,0.0269756340575749,9.84704242752472,0.0156950253269214,0.0075049680385444,0.0216473883469132,phone_B,9.848043800221019,0.027771708401075196
2255,16,22,Sitting,0.1183260067092208,-0.0472460952994303,9.872273267233858,0.0238567753318239,-0.0031204522810863,0.0118793126968425,phone_B,9.873095396091596,0.02683283477050126
2256,16,23,Sitting,0.1630516578400436,-0.0177666967170885,9.88086859274896,0.0058200228127095,-0.0015069567334192,0.0154310790267624,phone_B,9.88222979118627,0.016560850946344602
2257,16,0,Standing,-0.0778230400132034,0.3030710134835092,9.806957157624735,0.0572818159244844,-0.0134948990452778,0.0338319998558659,phone_B,9.81194767394618,0.06788168346539489
2258,16,1,Standing,-0.0610352247122938,0.3022539824760914,9.797673951636394,0.0318830380372511,-0.0043894746955476,0.0266155288317197,phone_B,9.802525064041033,0.04176340476517397
2259,16,2,Standing,-0.0470854776087649,0.2645261345727274,9.814727251945676,0.0495227359619908,0.0009240752161236,0.0210826272029047,phone_B,9.818404256708865,0.053831519223803886
2260,16,3,Standing,-0.0265796154448636,0.2953224810662956,9.835933060590644,0.05231794534057,-0.0100161265276889,0.0308151695158911,phone_B,9.840401466210633,0.061539132814581066
2261,16,4,Standing,-0.0257158700865617,0.2842207828979294,9.87438954895163,0.0407236825379611,-0.0058466706706943,0.0301230847395628,phone_B,9.87851262710387,0.05099021584197381
2262,16,5,Standing,0.003233092937086,0.3080866451093325,9.743523451180288,0.0391468900981418,-0.0021821549314504,0.0200461183724348,phone_B,9.748393563940926,0.044035073138380426
2263,16,6,Standing,-0.0064508402430383,0.2773491991925743,9.857772187377147,0.0321972027344847,0.0071100087699026,0.0232903752861016,phone_B,9.86167514623449,0.0403689691421648
2264,16,7,Standing,-0.0028550210988167,0.2754657825344101,9.86934516920788,0.0370430531695441,-0.001236421024767,0.0228923217111254,phone_B,9.873189131048777,0.04356345852199777
2265,16,8,Standing,-0.0078794595443923,0.3029175025444588,9.866925157430128,0.0241109634360155,0.0144713305122733,0.0026644318776841,phone_B,9.871577035183286,0.028246365462465218
2266,16,9,Standing,0.0067502223374682,0.2291408179387531,9.885099232992983,0.0262137063958829,-0.0035139265734046,0.012016592431473,phone_B,9.887756971430159,0.029050035742438685
2267,16,10,Standing,-0.0251619176089422,0.2302387601047084,9.82790259568545,0.0169410035646831,0.0033367328458527,0.0143345368769767,phone_B,9.830631334712594,0.022441264120824447
2268,16,11,Standing,-0.0315509664246918,0.1876508062118988,9.841501316421962,0.021348589853246,0.0062652316730018,0.0137182783419622,phone_B,9.843340715920053,0.026138220622415217
2269,16,12,Standing,0.0321371504736722,0.2452527136998976,9.897895170980492,0.0334678839420079,-0.0087990499938738,-0.0042761160316419,phone_B,9.900985330043504,0.03486843421587017
2270,16,13,Standing,-0.0091043089020863,0.2242505328769818,9.825771999812948,0.015829998038616,-0.0003065763044372,0.0033281101080459,phone_B,9.828334883501089,0.016178972273426583
2271,16,14,Standing,-0.0254108498791395,0.1981642863186028,9.845163206970463,0.0055094862129872,-0.0011486990512835,0.0096049192160794,phone_B,9.847190125490046,0.011132314269231128
2272,16,15,Standing,-0.0208725780699863,0.2229174771582881,9.79717403560771,-0.0014515454532061,0.0013968649332034,0.0074236574335271,phone_B,9.799731983586275,0.0076921327039189075
2273,16,16,Standing,-0.0426866966154326,0.2208269239825941,9.864098694517502,-0.0013114911074868,0.0072028844824828,-0.0103437319316268,phone_B,9.866662543109774,0.012672582375599867
2274,16,17,Standing,-0.0003535716743865,0.1585301612122562,9.835968527916432,-0.0060355749182857,-0.0036802620314124,-0.0018110038144489,phone_B,9.837245997696177,0.007297412420169469
2275,16,18,Standing,-0.0397558851259504,0.219047109586197,9.80429080330197,0.0098906826306852,-0.007372334524974,0.0112612635631686,phone_B,9.806818052881976,0.016703082837853926
2276,16,19,Standing,-0.0830761040399011,0.1601292716038719,9.788895423690844,0.0042024774139346,-0.0059521967411212,-0.0107875553088727,phone_B,9.790557524402908,0.01301771147328254
2277,16,20,Standing,-0.0839874575843355,0.13670919484466,9.820901402761928,-0.0021685538798536,-0.0110661928898957,-0.0019436826214501,phone_B,9.822211953514227,0.011442952116439767
2278,16,21,Standing,-0.0427941513322138,0.129325797023929,9.804244236025156,-0.0064366945797263,-0.0132787441348343,0.0035207939684897,phone_B,9.805190540769546,0.015170763760589897
2279,16,22,Standing,-0.0681759782925678,0.1663957460688152,9.7547600564582,-0.0063361465408353,-0.0079777185409125,0.0030312707514657,phone_B,9.756417337701292,0.01062917440225955
2280,16,23,Standing,-0.0661561826796775,0.1485104460301043,9.805820412345804,-0.0106448618065859,-0.0236395346714113,0.0061815334639336,phone_B,9.807168090344145,0.02665243025181567
2281,16,0,Laying,7.389855738716816,0.1557596775857594,6.376144711808364,0.0110299932265486,-0.0075144101055738,0.0176223808635483,phone_B,9.76163153894518,0.02210600409645332
2282,16,1,Laying,7.38447998426808,0.1480681156408816,6.420366129983231,0.0106673210655641,0.0005945804756117,0.0227018031331478,phone_B,9.78639719447158,0.025090179954595896
2283,16,2,Laying,7.418250207837234,0.1761194876599022,6.3788660559684525,0.0002977187447371,-0.0019036619245953,0.0204276186571267,phone_B,9.785263735842651,0.02051828865122802
2284,16,3,Laying,7.392200731316844,0.0736279725848254,6.407663083994352,0.0139002531532725,-0.0049268601924225,0.0194536005247377,phone_B,9.78305672724084,0.024411750499642882
2285,16,4,Laying,7.399050337358602,0.14072014129244,6.417132382735314,0.0001409678671217,-0.0034609097646091,0.0122509575314092,phone_B,9.795169016943097,0.01273121081337982
2286,16,5,Laying,7.362634795618449,0.1635695944607189,6.41750795466118,0.0146673616379279,0.001204430406176,0.0026939342271806,phone_B,9.768293325551966,0.014961264373088774
2287,16,6,Laying,7.349702874208123,0.1582517927045058,6.383253620765174,0.0036292765240823,0.0082521173791739,0.0131888032291554,phone_B,9.735969533438826,0.015975406722374824
2288,16,7,Laying,7.396404692821742,0.1769277767621568,6.384807529195311,0.0216039880049191,-0.008886382479689,0.0086097622085038,phone_B,9.772608300912026,0.02489634705291104
2289,16,8,Laying,7.358928755438727,0.1894439455204682,6.4027745932420865,0.0022368211075353,-0.0085136508888487,0.0202571432024322,phone_B,9.75629252984881,0.02208704305352246
2290,16,9,Laying,7.391109712857739,0.1838033037832019,6.380473977189799,0.0080205543808508,-0.0016369963130366,0.0079144621605878,phone_B,9.76589650854328,0.011386297062542173
2291,16,10,Laying,7.377946093935277,0.1171230181008269,6.393553685763721,0.008975159066478,0.0023731494389397,0.0153800919306018,phone_B,9.763469419173019,0.01796475845431507
2292,16,11,Laying,7.377741828471404,0.1837440195627355,6.4027017956723515,0.012203189916597,0.0049892484597493,0.0103598973936655,phone_B,9.77033400844657,0.016767167868812032
2293,16,12,Laying,7.3899579962903,0.1625534043675691,6.350830162786845,-0.0034165705243219,-0.0116858596470458,0.0102091414308445,phone_B,9.745303820444471,0.015888953351089693
2294,16,13,Laying,7.371160078628626,0.1055762976354875,6.382430697594919,0.0022551915784721,0.0030114500596232,0.0226920047921665,phone_B,9.750926564639524,0.02300177823571307
2295,16,14,Laying,7.3900560312798,0.1223691776096881,6.393978209973659,0.0023797858089872,-0.0057348005683955,0.0052135945434239,phone_B,9.772965758187315,0.0081075820143336
2296,16,15,Laying,7.366112695156922,0.1336988683545138,6.397003161757485,0.0048977326492662,0.0064277636538712,0.0142114959846698,phone_B,9.757004718492583,0.01634841120158169
2297,16,16,Laying,7.387322705558893,0.1288920572734063,6.350034140577653,-0.0020665296521414,-0.0089754411034306,-0.0054040283536263,phone_B,9.742283279857752,0.010678605257763213
2298,16,17,Laying,7.350422613735368,0.1750562461350969,6.384237060289713,-0.0013703564258751,-0.0026547612302968,-0.0019489377936511,phone_B,9.737445256934688,0.0035670705694373045
2299,16,18,Laying,7.381542257654613,0.1654439416018152,6.371028979064657,-0.0101914605746417,-0.0078164317609647,0.0172716916087556,phone_B,9.752156071937895,0.021523796253129987
2300,16,19,Laying,7.379737843362196,0.0966102806755412,6.432268055866679,-0.0075139551079454,-0.0070947642428084,0.0032113767490852,phone_B,9.789991650946758,0.010821651521362923
2301,16,20,Laying,7.346087923143932,0.1193846123304761,6.387989329746435,0.0073381918143853,-0.0082752578910693,0.0032297035658456,phone_B,9.735793143713394,0.011522149859798382
2302,16,21,Laying,7.382606263476831,0.1420698591838611,6.377093236154756,0.000854155866541,-0.0069705707760458,0.009749963400209,phone_B,9.756555602723052,0.012015832284682788
2303,16,22,Laying,7.364690737070244,0.1548741901286824,6.425785794082677,-9.816592801932272e-05,-0.0066866719044374,0.0105826286299733,phone_B,9.775140855194415,0.012518516143175553
2304,16,23,Laying,7.351318259369767,0.1460576124746302,6.380088663764167,-0.004054389213242,-0.0016012652252256,0.0090639622055113,phone_B,9.734923951125513,0.010057710130885019
2305,17,0,Walking,-1.38877876936151,0.3467833822675927,9.559410169232692,0.1395193034871496,-0.2114990917847632,0.1263388573621099,phone_A,9.665986135313645,0.2831236633538119
2306,17,1,Walking,-1.131094211036016,1.0029299406126158,9.766084042421785,0.3300429186307557,-0.1319971594337823,0.1766027514023468,phone_A,9.88239040433345,0.396913227342922
2307,17,2,Walking,-0.4288795502054535,0.7618466339283592,9.750912677747005,0.5044549735406285,-0.0383741489067446,0.1339041368570787,phone_A,9.790027886132892,0.5233332719229998
2308,17,3,Walking,0.4586098135847641,0.9106332144193034,9.958513697364804,0.4763266467008159,0.1361091107640241,0.1480846084196573,phone_A,10.010572954278008,0.5170510764334801
2309,17,4,Walking,0.9532665995416816,0.6305588298799074,10.163540949588906,0.3458786210163639,0.295805019528077,0.0156931778315083,phone_A,10.22760413203952,0.45538874149965414
2310,17,5,Walking,1.4205235375613738,0.2987708420533358,10.028389588878342,0.0982332908406232,0.3836791163595866,-0.0075193540277995,phone_A,10.132904266948874,0.39612622286948773
2311,17,6,Walking,1.283445846209701,0.0435026900990411,10.042020311907908,-0.1273395415585005,0.3793775256657087,-0.0912391417577363,phone_A,10.123798579039875,0.41044761762404325
2312,17,7,Walking,0.7739252192367819,-0.3389326075936888,9.656491362399969,-0.3161297117527098,0.2828320157388087,-0.1229151174544198,phone_A,9.693382329691023,0.4416334111891478
2313,17,8,Walking,-0.0208196701782131,-0.8334381861971054,9.29861554395157,-0.3402969706932365,0.1011516182121196,-0.1367971027268137,phone_A,9.335914722355577,0.3804564698416552
2314,17,9,Walking,-0.6894941819573005,-0.6276110808717081,9.39825186766386,-0.3511450433438237,-0.1036563805158892,-0.1223756799156227,phone_A,9.444386484247303,0.3860353529424495
2315,17,10,Walking,-1.452871530254488,-0.0632602988653354,9.288076816640404,-0.1297068442465976,-0.1579205635558205,0.0107790642446048,phone_A,9.401234413663424,0.20464349015834435
2316,17,11,Walking,-1.4366059268178444,0.2693454555075967,9.43638790229418,0.1340671982746817,-0.1648430910524003,0.1294533745213735,phone_A,9.548916179647549,0.2488080273944226
2317,17,12,Walking,-1.3650207565585708,0.6145176284508639,9.653264125038314,0.3481836163730923,-0.1919511528585124,0.1094005310870802,phone_A,9.768644831769876,0.41236579877154206
2318,17,13,Walking,-0.3140217546507733,0.8590601223185566,9.675359663125295,0.4548125477531342,-0.0027214282374582,0.1505248115971666,phone_A,9.718496723618523,0.47908201664403044
2319,17,14,Walking,0.3381933132405839,0.8328178134873849,9.817722378452263,0.5315753162884362,0.1646217593443147,0.1335340359327465,phone_A,9.858784556320566,0.5722796338235849
2320,17,15,Walking,0.9278484485817504,0.907574141379909,10.189364596149924,0.4017417005403745,0.286049041554513,0.0757157765951935,phone_A,10.271696278556455,0.4989522291289425
2321,17,16,Walking,1.4089763278353094,0.2727313059612928,10.088005642259956,0.1373924611206903,0.3899679675861945,-0.0432389039890268,phone_A,10.189575776052717,0.4157178212854002
2322,17,17,Walking,1.373445520654346,-0.0692160853702941,9.951782867703985,-0.0872275653612747,0.3588886890043805,-0.1024786830309771,phone_A,10.046348874621367,0.3832905160969964
2323,17,18,Walking,0.905354152729876,-0.3948727643774584,9.726025246287326,-0.3151239874804568,0.2638588411773796,-0.142401987050777,phone_A,9.776050211272995,0.43497464462777874
2324,17,19,Walking,0.2943027196987184,-0.5880073832564082,9.59230678534149,-0.4139926929962041,0.1307325028096524,-0.1407741400951588,phone_A,9.614817535330273,0.45639708113073696
2325,17,20,Walking,-0.7330629189702369,-0.4457743100212981,9.494760083358582,-0.4040440342371785,-0.0558340027789481,-0.0742046571295283,phone_A,9.533444551639434,0.4145785192321048
2326,17,21,Walking,-1.2602131646148946,-0.2108230990073535,9.187210903962567,-0.2387463604733561,-0.1972896648470921,0.0078899083141216,phone_A,9.275636247354273,0.3098149240239354
2327,17,22,Walking,-1.7940665955338648,0.1020288183335132,9.241770228861489,0.0697066606738443,-0.1641576679082682,0.0792759584233734,phone_A,9.414850067422822,0.19517027452797253
2328,17,23,Walking,-1.1720529046800698,0.7272709146388845,9.63401110698198,0.3085087018622934,-0.1368134402097553,0.1599564745288717,phone_A,9.73225569968755,0.37347236884472634
2329,17,0,Walking Upstairs,-1.2528899029267,-0.3400715595094774,9.698666905173024,-0.2764246204044077,-0.0999069438177546,-0.0234912008960255,phone_A,9.785168445762258,0.29486234874643164
2330,17,1,Walking Upstairs,-1.436124676694364,0.4334974986788142,9.56967652747654,0.1438093331134537,-0.2295997197299099,0.151059611647617,phone_A,9.686541333670483,0.3101873012579953
2331,17,2,Walking Upstairs,-1.283084862991053,1.033883800063176,10.096912351544256,0.5417179959925059,-0.1562564721325527,0.2328251510312135,phone_A,10.230486865855251,0.6099852647549409
2332,17,3,Walking Upstairs,-0.2142223269303203,1.4791371742309154,10.27670844133074,0.7978825904077349,0.1095426375092947,0.2690853575661161,phone_A,10.384819419405702,0.8491308186402932
2333,17,4,Walking Upstairs,0.8286272595155837,1.3509887951717563,10.610343096561005,0.7542687135665244,0.3720435156414632,0.2161172478239639,phone_A,10.728055484878503,0.8683572620777487
2334,17,5,Walking Upstairs,1.8550136214019768,0.9947306881396938,10.745734003837804,0.4479036360298674,0.5530333649870688,0.0924267810015724,phone_A,10.949948125847436,0.7176393800538047
2335,17,6,Walking Upstairs,1.874681261693047,0.1120099896552337,10.551566834179605,0.004976084535803,0.5445673322666196,-0.0467282787736973,phone_A,10.717394213468337,0.5465911386278072
2336,17,7,Walking Upstairs,1.458666902907395,-0.5954227748034635,10.227643458915988,-0.353075422119638,0.4634901698670311,-0.1830205390685135,phone_A,10.348281409833186,0.6107224484078337
2337,17,8,Walking Upstairs,0.1893321427592499,-0.6621816867232154,9.70408167546107,-0.5255597698231456,0.2140593013759857,-0.1611252315466509,phone_A,9.728490757077006,0.5899116852572889
2338,17,9,Walking Upstairs,-0.7503055391632678,-0.3627388146958696,9.443682341258846,-0.3973851253656148,-0.0922467399184962,-0.0341272070341618,phone_A,9.480383642679772,0.40937643452864825
2339,17,10,Walking Upstairs,-1.7501006889139956,0.2962731198659284,9.558160896527664,-0.0570332848802942,-0.1632999393121461,0.0629516053603579,phone_A,9.721577542086616,0.18407218796177122
2340,17,11,Walking Upstairs,-1.5603407767033208,0.6160259131542601,9.903456030049306,0.3211899782935062,-0.2135927619811909,0.2239443101926716,phone_A,10.044530482020582,0.44602233598174
2341,17,12,Walking Upstairs,-0.919810029847276,1.2446301549589447,10.174956887071152,0.6511295589450576,-0.0487353322157603,0.3220002880221438,phone_A,10.291982431358763,0.728030920101962
2342,17,13,Walking Upstairs,0.2897107773876746,1.4253939517167118,10.495109538217974,0.7875396272518062,0.1880107612516088,0.2731991936842093,phone_A,10.59542375138055,0.8545200467326821
2343,17,14,Walking Upstairs,1.4199058286167754,0.9777617088226837,10.937764596032013,0.6495197362979923,0.4327295920860065,0.1279894025421786,phone_A,11.072797518224158,0.7908932133168415
2344,17,15,Walking Upstairs,1.9890206790976992,0.4004548359502015,10.858211876540825,0.2344269167268714,0.6204993038667932,-0.0117067403468784,phone_A,11.046145594430955,0.6634096872633016
2345,17,16,Walking Upstairs,1.7778457255258866,0.0186500583089748,10.405200666239,-0.1636349237823545,0.5694162609587392,-0.1310665396693603,phone_A,10.5560070174828,0.6067863745556487
2346,17,17,Walking Upstairs,0.7982570328805365,-0.8016960992220298,10.146076212498103,-0.4521750236596504,0.3816093153842309,-0.1760973754696077,phone_A,10.208956530217518,0.6173315213537299
2347,17,18,Walking Upstairs,-0.3817370722902733,-0.9834720242545896,10.089292547550858,-0.4927387695922371,0.100773235487157,-0.1185155410177859,phone_A,10.144297142972373,0.5167133378504567
2348,17,19,Walking Upstairs,-1.372873196960455,-0.4210097606008326,9.799294146546355,-0.2675569749274631,-0.1419729269210108,-0.0349091844823018,phone_A,9.903948495624928,0.3048962085236108
2349,17,20,Walking Upstairs,-1.6694697419024729,0.3044468087207656,9.921904058268431,0.1059597905700877,-0.2429493191184293,0.1421325247262491,phone_A,10.065982178602928,0.30075488934150857
2350,17,21,Walking Upstairs,-1.227156730344525,0.8686426448670219,10.01507650958118,0.5427133156519323,-0.1322528308162261,0.2360555426662054,phone_A,10.127300290703154,0.6064245818469564
2351,17,22,Walking Upstairs,-0.3647993833478014,1.2299505302664888,10.32441454904611,0.7605841872544942,0.0546517759720905,0.3342407806258541,phone_A,10.403816255468412,0.8325815407225069
2352,17,23,Walking Upstairs,0.958243385007467,1.1765840358743558,10.427488849979492,0.706177006814757,0.3751760649610899,0.2426764067100404,phone_A,10.537319587771435,0.8356643363499692
2353,17,0,Walking Downstairs,1.5250301185596873,-1.0163944339813271,9.465950863046544,-0.5527142375397219,0.2567500810823594,-0.2854650436892158,phone_A,9.6417322224564,0.6729813694920538
2354,17,1,Walking Downstairs,0.3857151202008053,-1.5166099546459857,9.255044843269536,-0.9151229822997516,0.0260716399637462,-0.3214967696455417,phone_A,9.386412358266222,0.9703040637017395
2355,17,2,Walking Downstairs,-1.2900479718239246,-1.2450263347549608,8.655341812235566,-0.7611180416035893,-0.375369512327676,-0.2264961838552699,phone_A,8.839075530307095,0.8783526998538802
2356,17,3,Walking Downstairs,-2.4440137767437036,-0.6078072819388632,8.658923242362635,-0.2940055516548213,-0.6034296360333682,-0.0247615464161206,phone_A,9.017737230038296,0.6716991322222596
2357,17,4,Walking Downstairs,-2.177665205537633,0.0770330746127024,8.91676050238297,0.2542851332832743,-0.5682342055507471,0.1531454416631729,phone_A,9.17914907270007,0.6410963793915776
2358,17,5,Walking Downstairs,-0.928533428296722,1.07545455126805,9.444372553441738,0.6427705799921273,-0.3252549708765229,0.2044476324442103,phone_A,9.55065179699853,0.7488281838949081
2359,17,6,Walking Downstairs,0.6672945791705415,0.8619325720527784,9.98102543273391,0.6792285563966887,0.0173941908933922,0.1309097844044323,phone_A,10.040372428502693,0.6919475134389749
2360,17,7,Walking Downstairs,1.6752181616243005,0.4787750865205324,10.021790358530302,0.2564920067336504,0.3269059303678705,-0.0185974948020703,phone_A,10.172112045334517,0.4159344944109
2361,17,8,Walking Downstairs,1.9945390503020777,-0.4589638900002363,10.108381541911788,-0.2620915628503094,0.323050285860955,-0.201392160547249,phone_A,10.313496558993316,0.4621820819136667
2362,17,9,Walking Downstairs,0.8858371208258954,-1.3687472488197705,9.191022291793068,-0.7673761772298452,0.1454916795547806,-0.31486560177489,phone_A,9.334509478490121,0.8421249155443777
2363,17,10,Walking Downstairs,-0.7306306415515406,-1.69600090407069,9.129596644287709,-0.8745475442511512,-0.2413364070151336,-0.2651256648439138,phone_A,9.31449274455523,0.9451816157044216
2364,17,11,Walking Downstairs,-1.7101334996553912,-0.9689678584130268,8.311522961433242,-0.5272521985058486,-0.5792679751984013,-0.1276949981197225,phone_A,8.540776852003168,0.7936323333033392
2365,17,12,Walking Downstairs,-2.590099803843949,-0.2382571951024469,8.823915363650155,-0.0952019094009503,-0.6446691934756282,0.0975861546329185,phone_A,9.199286158705565,0.6589270294548127
2366,17,13,Walking Downstairs,-1.89305373494428,0.5363043024137559,9.216013848973637,0.4727892650754079,-0.5067877474498792,0.1682691330279524,phone_A,9.423703412812177,0.71321666502252
2367,17,14,Walking Downstairs,-0.2687008247536261,1.141815946066857,9.61626845311324,0.6840638858805429,-0.1564806827736894,0.1733422494393515,phone_A,9.687546786997043,0.7228258016202816
2368,17,15,Walking Downstairs,1.189207876801388,0.9372073052935718,10.050540840178035,0.4865401391424527,0.1905394714850596,0.0631937178097937,phone_A,10.163953172237106,0.5263269356219449
2369,17,16,Walking Downstairs,1.905963556073508,-0.0067641645975281,10.093085873567766,0.0101714063405727,0.3510866856103503,-0.0723198948685424,phone_A,10.271471427318302,0.3586021270344098
2370,17,17,Walking Downstairs,1.687916188120325,-0.8745962478682086,9.641981585460176,-0.5763636503508933,0.2943945594671103,-0.2738127077910047,phone_A,9.827603398044557,0.7027350944968401
2371,17,18,Walking Downstairs,0.1560595459808591,-1.52629392553821,8.989928124404479,-0.8463224058845079,-0.0163800550604252,-0.3084196807270789,phone_A,9.11990873918074,0.9009176545976428
2372,17,19,Walking Downstairs,-1.3501331475922482,-1.4408859892390888,8.464426837651827,-0.8232102830596076,-0.4089127307166455,-0.2343466379936536,phone_A,8.691693370119161,0.9485795371059571
2373,17,20,Walking Downstairs,-2.3146588117468583,-0.5353241444724903,8.654239334162227,-0.3055858300590277,-0.638187951114595,-0.0305566884294479,phone_A,8.974412282005616,0.7082374401911297
2374,17,21,Walking Downstairs,-2.270927945556116,0.4351350471772829,8.993662539774093,0.2390080578739306,-0.6407655399414951,0.1228439137985836,phone_A,9.286141401170104,0.6948352006501525
2375,17,22,Walking Downstairs,-1.00380694983729,0.7142667230402346,9.652999032685267,0.6538435899752141,-0.3613806176931627,0.1948734252909503,phone_A,9.731299793409253,0.7720641442785666
2376,17,23,Walking Downstairs,0.678430089675832,1.171081978233543,9.921934097312764,0.66835091670097,0.001661217032955,0.15057545580813,phone_A,10.013814289157684,0.6851048645199387
2377,17,0,Sitting,0.0630677069027736,0.0611039401433273,9.83544289182206,0.0175050118938224,-0.0082371864834133,0.0090127207894249,phone_A,9.83583489620724,0.021342582285035758
2378,17,1,Sitting,0.0503046128061308,0.0236228222296701,9.799579801492024,0.0285149776800427,-0.0053260161359309,0.0085408776404136,phone_A,9.799737388196183,0.030239328544827953
2379,17,2,Sitting,0.0653036530114697,0.061743671845795,9.846552690182373,0.036523742040413,0.0055079879399561,0.0167722774021477,phone_A,9.84696281747054,0.04056637712485462
2380,17,3,Sitting,0.0730867141085076,0.0284537177232786,9.874880026883856,0.0306522597742207,0.006465852164092,0.0061529152633789,phone_A,9.87519148306407,0.031925329124576345
2381,17,4,Sitting,0.0789658626647663,0.0489895097444,9.880147342902882,0.0219287787156248,-2.5509915931794767e-05,0.0025409508567064,phone_A,9.880584349976587,0.02207551625604364
2382,17,5,Sitting,0.1083610291697242,-0.0022619812682296,9.868949561007025,0.0289137931484751,0.0023373025556373,0.017139639942718,phone_A,9.869544704134164,0.033693288275788824
2383,17,6,Sitting,0.0557710391418273,0.0625826242810928,9.858403434490986,0.0132418423511632,0.0163363809537336,0.0133272809214948,phone_A,9.858759824179335,0.024896589089250933
2384,17,7,Sitting,0.086327944589282,-0.00321254439854,9.813026480563506,0.0401073352223095,0.0024212431013953,-0.0004015940108241,phone_A,9.813406724613992,0.04018235974330393
2385,17,8,Sitting,0.1084046540175831,-0.0205377967909465,9.829425117338628,0.0314059386688211,0.011915157723838,0.0044979950331503,phone_A,9.830044328866336,0.03389005645572066
2386,17,9,Sitting,0.1067766830633516,0.0085478140413538,9.854002830171858,0.0205772686790785,0.0068015433205666,0.0027410118327095,phone_A,9.854585029426955,0.021844864927473978
2387,17,10,Sitting,0.0926952997600265,0.0446082889330558,9.876263131885365,0.0191582945855551,0.004247317686564,0.0050054098802339,phone_A,9.876798862398548,0.020251767503767476
2388,17,11,Sitting,0.1691293957194496,-0.0085735039449049,9.85429649710471,0.0247838970431581,0.0118631735739962,0.0027017342483305,phone_A,9.855751504087168,0.02760934276365927
2389,17,12,Sitting,0.1483850090007525,0.0268054576134688,9.880640518599929,0.0271848059801047,0.0189439175324975,0.014420357725396,phone_A,9.881791016878099,0.03613630313939696
2390,17,13,Sitting,0.1568740627537503,0.071615538448475,9.890941362270764,0.0189303666936718,0.0196865883245598,0.0086037797345047,phone_A,9.892444555760258,0.028634691699710103
2391,17,14,Sitting,0.1754992241320067,-0.0128934810386911,9.875306976011558,0.0180650405553051,0.0186514586776157,0.0024477825244685,phone_A,9.876874712680463,0.026080917168587407
2392,17,15,Sitting,0.1431523864381826,-0.0264307102298681,9.88187191096258,0.0225030342308459,0.0174077990516984,0.0148043035286022,phone_A,9.882944078201467,0.03207156716448258
2393,17,16,Sitting,0.1250346728338636,0.0146940154784282,9.86505953632235,0.0214863808584797,0.0306832380532108,0.0028279295499812,phone_A,9.865862822819203,0.03756491508529339
2394,17,17,Sitting,0.1235819770656547,0.0500035450674483,9.8551973859184,0.0096207713297511,0.0136991559523566,-0.0057127468103771,phone_A,9.856099044499686,0.01768789390814581
2395,17,18,Sitting,0.0956486455333228,-0.008948925769302,9.86129428170863,0.0252173784008869,0.0226415803978828,0.004575195053003,phone_A,9.86176219836618,0.03419780323500811
2396,17,19,Sitting,0.1209001584271177,0.0189662743183039,9.897812830194162,0.0193195738939384,0.0220459325347671,-0.007222551279799,phone_A,9.89856936074226,0.030189970582300586
2397,17,20,Sitting,0.1718568235902681,0.0379214630980875,9.870910509312743,0.0121467972540028,0.0191052381418211,-0.0028711498518041,phone_A,9.872479277670772,0.022821005881798036
2398,17,21,Sitting,0.1384191327082051,0.0060205183369681,9.869451557940144,0.0204478478116392,0.0227862339556868,-0.0062506194264075,phone_A,9.870424011027483,0.031247354787646186
2399,17,22,Sitting,0.1365045183714376,-0.0279452865575951,9.857257316730704,0.023862237790593,0.0326880774695182,0.0032372350752509,phone_A,9.858242045659948,0.040600449405892816
2400,17,23,Sitting,0.1532295463251495,-0.0517034284101848,9.866702613044977,0.0069902811169997,0.0310514694081872,-0.0121296852273953,phone_A,9.868027816774989,0.034061518554197784
2401,17,0,Standing,-0.0424023611209651,0.279360306493334,9.8539783585696,0.0382533770784688,0.0182024898021984,0.0051719032542162,phone_A,9.858028688953523,0.04267786400673809
2402,17,1,Standing,-0.0323562668012966,0.2778089446388236,9.86171419928323,0.0311412738980182,0.016578534415476,-0.0027421096872885,phone_A,9.865679484255867,0.03538567378041053
2403,17,2,Standing,0.0132326268381225,0.236077390352959,9.811870908058848,0.0296468423717999,0.0180286699290696,-0.0114563204042139,phone_A,9.814719473987042,0.03654060042245743
2404,17,3,Standing,0.0240873960406748,0.2273174528579085,9.828814475832138,0.0191079188053356,0.0194963566056298,-0.009693288218656,phone_A,9.831472291948403,0.028968609190900375
2405,17,4,Standing,0.0094596771023905,0.2488463974267629,9.85623494687101,0.0158956643722768,0.0344020298374231,-0.017418649072265,phone_A,9.85938037317379,0.04170828620638515
2406,17,5,Standing,-0.0479453766432563,0.2811111364171123,9.840886018410542,0.0183020673542804,0.0242116260353227,-0.004106894698629,phone_A,9.845017006461049,0.03062735850151885
2407,17,6,Standing,-0.0019489478095656,0.2043906535519485,9.846460615261636,0.0169381641070638,0.0299130268530498,0.0015883702126037,phone_A,9.848581927646006,0.03441240326919045
2408,17,7,Standing,-0.0035002108930047,0.1892554676735966,9.866905864153496,0.0036424179547512,0.0227904821187271,-0.0119023042109386,phone_A,9.868721356669631,0.025968021281777328
2409,17,8,Standing,-0.0260115451396531,0.2307131000540181,9.824948534565198,0.009703792975376,0.0149976295904758,-0.0126565768518721,phone_A,9.827691429927576,0.021892497094881995
2410,17,9,Standing,-0.0390908331906081,0.1986464021536888,9.811814910381592,0.0146967671310192,0.0171837794172543,-0.0254862450716904,phone_A,9.813903419226962,0.03407089560047581
2411,17,10,Standing,0.0093511719090619,0.2073248741779411,9.80720724771312,-0.0018160258690642,0.0116401421103836,-0.0020816624267466,phone_A,9.809402889445703,0.011963451707846047
2412,17,11,Standing,-0.0309022357119064,0.1456633579708839,9.814178126522672,0.0054244515682977,0.0165922437057335,-0.0199417716803102,phone_A,9.815307690599587,0.026502858029972584
2413,17,12,Standing,-0.0645654521324455,0.1598158394414258,9.83938609310043,-0.00462693444665,0.0036837299441853,-0.0128846997554812,phone_A,9.840895715799634,0.0141772309166558
2414,17,13,Standing,-0.0446792324855412,0.1658728277874736,9.77110843424808,-0.012700418829435,0.0181717400392924,-0.014188812427733,phone_A,9.772618383148277,0.026321762338568443
2415,17,14,Standing,-0.045380281814014,0.1783335969353075,9.800055804773928,-0.0109576378227743,0.0081316556931901,-0.0089900483103293,phone_A,9.801783308074942,0.016340581984425756
2416,17,15,Standing,-0.0317370962180687,0.137613697822976,9.781930555855912,-0.0046297936303059,0.0182202409676221,-0.0054109431422119,phone_A,9.78294997292189,0.01956247621508294
2417,17,16,Standing,-0.0972477009273938,0.1968743795821114,9.783961917118814,-0.004586920034765,0.0090944583742093,-0.0236257304829246,phone_A,9.786425671934712,0.025727886609229037
2418,17,17,Standing,-0.074228916511812,0.1878919894240496,9.777492709041244,-0.0131745629251648,-0.0077213246497969,-0.0116962846326807,phone_A,9.779579592553604,0.01923515107363004
2419,17,18,Standing,-0.0936283470626899,0.1383926031217444,9.765547113699435,-0.0112580349873037,-0.004360353621111,-0.0153577149067754,phone_A,9.766976462030401,0.019534979975272086
2420,17,19,Standing,-0.1535771700015083,0.1948423782673393,9.77003528907965,-0.0189088124498082,-0.0185122413679671,-0.0085996240719361,phone_A,9.773184693301166,0.02782444613836036
2421,17,20,Standing,-0.1068387301702187,0.1669997330117009,9.787470103825708,-0.0069126431597358,-0.0053279011490418,-0.0155324821041066,phone_A,9.78947774186,0.017816541932209932
2422,17,21,Standing,-0.1420296897165811,0.1738404566573959,9.797388335856876,-0.0121013341086151,-0.0003381978245851,-0.0108424188342334,phone_A,9.79995975199471,0.016251606417638367
2423,17,22,Standing,-0.1326114061747503,0.2259683846751111,9.800746718440896,-0.0004658563897978,-0.0166146268694034,0.0011450680143209,phone_A,9.804248249353456,0.01666055308034033
2424,17,23,Standing,-0.1543018782977891,0.1635860544979777,9.70283595839948,-0.0072925096588779,-0.0208585131820989,-0.0083507172939418,phone_A,9.705441520223713,0.023621870133754434
2425,17,0,Laying,7.396530978651494,0.1461026418759165,6.413987793878074,-0.0100896911964838,0.0183954213226183,-0.0192114966595999,phone_A,9.791284692017248,0.028447759102939212
2426,17,1,Laying,7.3549525711567965,0.116104507995457,6.344839619752319,-0.0071759875579794,0.0031525991268412,-0.0158887033044294,phone_A,9.714205957314348,0.017716787840435993
2427,17,2,Laying,7.336834555557573,0.1344646255406856,6.384196584602246,-0.0024042577864478,0.0151762728181957,-0.017118430125173,phone_A,9.726519833012857,0.023003051147759312
2428,17,3,Laying,7.335201991603576,0.1490956399070064,6.362769925434348,-0.0094164304581045,0.0133141952172832,-0.0113394278302884,phone_A,9.711449886164072,0.019862516969774098
2429,17,4,Laying,7.324713747901535,0.1433391243726097,6.3534525892879365,-0.007433379750843,0.0038989732603261,-0.0144568304511411,phone_A,9.69733661360702,0.016716969632622453
2430,17,5,Laying,7.332370520644759,0.1585992361214461,6.358544563128439,0.0014357297062138,0.0098656931028202,-0.0115818814056585,phone_A,9.70669357356092,0.0152817929930711
2431,17,6,Laying,7.2991510465418035,0.107950014924705,6.33480852664554,-0.0088006198577882,0.0121842393417249,-0.0019396093174608,phone_A,9.665353499754449,0.015154823737744811
2432,17,7,Laying,7.39379506717955,0.1121394728290501,6.390712291987107,0.0052718190179144,0.0044341616726395,-0.0047612476573614,phone_A,9.773534895613261,0.008373968279822805
2433,17,8,Laying,7.367642228713923,0.1299590221352849,6.346582800173766,-0.0079799180648805,-0.0088010315629159,-0.007004250709757,phone_A,9.725130055542934,0.01379118475326828
2434,17,9,Laying,7.317014470308722,0.1048361219898838,6.3597954835256285,-0.0128374570195635,0.0097300053991623,-0.0043354349891187,phone_A,9.695189011228925,0.016681405946194775
2435,17,10,Laying,7.322909299555672,0.1305122066574604,6.318766519396515,0.0004849856650355,0.0055559430860478,-0.0054617536849262,phone_A,9.673099005605799,0.0078060532912283655
2436,17,11,Laying,7.343634037001764,0.1164962956771565,6.309861796738937,0.0018653797080823,0.0081072300368727,-0.0100271541486979,phone_A,9.68281406153515,0.013028838806580026
2437,17,12,Laying,7.339510958637973,0.1645533025563598,6.375658351125651,-0.0071016978907969,-0.0054085401799606,-0.0144872491541935,phone_A,9.723400552873843,0.017016662653589795
2438,17,13,Laying,7.319714262358562,0.1702935328918203,6.32837008119661,-0.007102820598892,-0.0006213882403855,-0.0095306221260835,phone_A,9.677576383294761,0.01190247629342425
2439,17,14,Laying,7.325482676175977,0.1024489381800928,6.373119762371658,-0.0041794035536201,0.0175188694456018,-0.0131258055370864,phone_A,9.710295965078549,0.02228598150662117
2440,17,15,Laying,7.363801534003798,0.1700297789267831,6.335188638265827,-0.0054420553366632,-0.0033108417920212,-0.0112758815286601,phone_A,9.715405202065996,0.012950797037536979
2441,17,16,Laying,7.32237065445342,0.1366390912542726,6.304933436685065,0.010952004585661,0.0002425748341838,-0.0051448777332171,phone_A,9.663745023720812,0.012102686225969507
2442,17,17,Laying,7.305103887678904,0.130399653144786,6.33559963471208,-0.0025406499170552,0.0013056415937055,-0.000420594833563,phone_A,9.670644736039348,0.002887300120573945
2443,17,18,Laying,7.324861049166505,0.1557107030666984,6.343899264979597,-0.0008269312510796,-0.0004494712336262,0.0010673517279167,phone_A,9.691382414127245,0.0014230528433464079
2444,17,19,Laying,7.325717051990578,0.1352537440381409,6.339089301745366,-0.0025392862759212,0.0007987615329465,-0.0049819579512017,phone_A,9.688574563711859,0.005648530765175901
2445,17,20,Laying,7.302204998569328,0.1595009223479512,6.364176839756057,0.0091711287185496,-0.0033745430987511,-0.0003292613588212,phone_A,9.687640849714038,0.009777809373266933
2446,17,21,Laying,7.267029039793634,0.1623454794842094,6.306794330122888,-0.0070657006125633,0.0018859453269844,-0.0077333213599263,phone_A,9.623498420137198,0.010643550825671104
2447,17,22,Laying,7.294440101329915,0.1308054426978631,6.361230124787208,-0.0063651242491382,-0.0007719692376239,-0.0059457477627846,phone_A,9.67942225322512,0.008744292977105859
2448,17,23,Laying,7.332600724655074,0.1654928728988933,6.296935158120629,0.0059135703779042,-0.0044354464180765,-0.0019193230732204,phone_A,9.666737488096391,0.007637231213041142
2449,18,0,Walking,1.24773933977465,-0.3392077186157499,9.880000232937167,-0.2679653770885243,0.298745764135674,-0.0941447116693047,phone_B,9.964252101348514,0.41221074906229616
2450,18,1,Walking,0.2761963461365202,-0.4823474390612304,9.79373939326503,-0.4003651180243284,0.1453395989390664,-0.0873248825614525,phone_B,9.809499211314478,0.43478898544555444
2451,18,2,Walking,-0.5334455612766458,-0.7038043377464422,9.751645630474254,-0.3717092077208428,-0.0301438242979523,-0.0734435749074287,phone_B,9.791552339390526,0.38009254655010744
2452,18,3,Walking,-0.9049717593085924,-0.3370422593139399,9.482299887882736,-0.2540462248360955,-0.1445860350085458,-0.0602391981750437,phone_B,9.53134736191324,0.2984516156259447
2453,18,4,Walking,-1.1997538959000855,0.2311090900766533,9.55716600236616,-0.0064961063579062,-0.1933380643584508,0.1063853843972595,phone_B,9.634949030432233,0.2207705970935404
2454,18,5,Walking,-1.07437892618269,0.2616879666405853,9.679303700777105,0.2462320013229532,-0.2143661060248426,0.1753730257350138,phone_B,9.742263125207987,0.37059239609470496
2455,18,6,Walking,-0.5677797272169967,0.7160001433989028,9.89036737940464,0.4084530434409312,-0.1001934693146068,0.164021841416206,phone_B,9.932491979537525,0.45141531260139955
2456,18,7,Walking,0.0941367148347846,0.845256403016327,9.78953492542406,0.4646810460916724,0.038176597117195,0.145568551700277,phone_B,9.826409016727192,0.4884425558941561
2457,18,8,Walking,0.7587287123488003,0.711305242469758,10.092602469849728,0.4191256337199593,0.1981303629508287,0.0962474436908666,phone_B,10.146045979657506,0.47348232066383555
2458,18,9,Walking,1.1993707566032463,0.5981802250849376,10.152439408416068,0.250391657405126,0.3269913159466924,0.0504701344913396,phone_B,10.24052419239549,0.414929557007222
2459,18,10,Walking,1.3989447983153087,0.2031018282325198,10.05465394581086,0.0114551159893013,0.3575938362317446,-0.083411145583422,phone_B,10.153539425804913,0.3673717335353973
2460,18,11,Walking,1.1218208094883602,-0.1300770312251573,9.92521276959276,-0.2239607966421476,0.2775704260896364,-0.1495508605549237,phone_B,9.989256753349602,0.3867418257247151
2461,18,12,Walking,0.4034891398401367,-0.6544219798849646,9.77787236516772,-0.3740226041284784,0.1337473187664483,-0.147553945034228,phone_B,9.808050754519783,0.42373744273007824
2462,18,13,Walking,-0.2214609231770165,-0.7914628038474494,9.60984863982823,-0.3768286590965322,-0.0116649009837182,-0.0948630482059631,phone_B,9.644928677329707,0.3887607312298624
2463,18,14,Walking,-1.1487734350534786,-0.3068295340027389,9.603426901794007,-0.2618037923129027,-0.1106805647487271,-0.0446660924357875,phone_B,9.676757361126802,0.28772638547063595
2464,18,15,Walking,-1.4167466137209797,0.1424227275708242,9.79756316299975,-0.0605033659220944,-0.2222943674836989,0.0742768086974979,phone_B,9.900489843123331,0.2420588511357627
2465,18,16,Walking,-1.3029669092595,0.4945742582913267,9.792199333910371,0.1933722132089688,-0.1984658404317092,0.123858901003988,phone_B,9.890879347086607,0.30351693530594837
2466,18,17,Walking,-0.9804797368691504,0.665611114854739,9.808933177947257,0.4337873336585979,-0.0865278950916736,0.1862848839084263,phone_B,9.880260561344707,0.47995894141520823
2467,18,18,Walking,-0.0553372712503002,0.9982533256232228,10.117253421910204,0.5132081779643691,0.0569589904463249,0.130059480665559,phone_B,10.1665327776416,0.5324870224082151
2468,18,19,Walking,0.5643648869281982,0.7416194792426152,10.36032863811118,0.4973322009649243,0.15527982071949,0.1567699649783219,phone_B,10.402159231008543,0.5440845180287683
2469,18,20,Walking,1.2390779522411532,0.6810593995370329,10.333888784573526,0.3201137324351917,0.3367803316299881,0.0056846035330237,phone_B,10.430168430536604,0.46467849980790155
2470,18,21,Walking,1.4102957041833954,0.1890551360879422,10.18074509177253,0.0573465556398999,0.3715311866840705,-0.0591065449648323,phone_B,10.279700698044172,0.38054912137635205
2471,18,22,Walking,1.0512972277490271,-0.3443859027562923,10.07335246439246,-0.2468877954369873,0.3019512704558271,-0.1580873067673426,phone_B,10.133916191826914,0.420855972782347
2472,18,23,Walking,0.505682899548426,-0.4382431769538842,9.706356803198242,-0.3403850063055891,0.2636989335378061,-0.0958333327306185,phone_B,9.729395390672286,0.4411157532087124
2473,18,0,Walking Upstairs,1.718323395901104,0.8855697073289736,10.698333395812108,0.5379905216247387,0.4925411013741002,0.1511108453713535,phone_B,10.871577918931017,0.7448926268192719
2474,18,1,Walking Upstairs,1.9547437832383256,0.4054909712776973,10.820727358059983,0.1394688664368807,0.5713604051620303,-0.0454611708855403,phone_B,11.003344343578656,0.5898906638949223
2475,18,2,Walking Upstairs,1.7090834438321858,-0.2745557976975076,10.458282565640406,-0.2425650610993829,0.5216510255805228,-0.1196503300873178,phone_B,10.600567028551287,0.5876000364579318
2476,18,3,Walking Upstairs,0.5936204881435709,-0.6933546531038705,10.028062305194467,-0.4975025739780717,0.260643514383077,-0.1345822956021167,phone_B,10.069516351632126,0.5775432858187372
2477,18,4,Walking Upstairs,-0.3518581768523847,-0.5304479613960291,9.96370807855646,-0.4851100230534312,0.0138979905124728,-0.0577704757988007,phone_B,9.98402012673544,0.48873542585043406
2478,18,5,Walking Upstairs,-1.349251679616666,-0.3663160497264992,9.858060723332024,-0.1999540944532085,-0.1341641335690249,0.0377200607976624,phone_B,9.956707727363353,0.24373029686829895
2479,18,6,Walking Upstairs,-1.563595194034704,0.6777705138814414,9.693918306371849,0.1945097772686864,-0.245498520733129,0.1216880743418933,phone_B,9.842573592862124,0.33602316076768685
2480,18,7,Walking Upstairs,-0.939083482803598,1.0663977991145988,10.310922866200093,0.5962562651433971,-0.0931735822404994,0.261238034908975,phone_B,10.408372226547192,0.6576079082807498
2481,18,8,Walking Upstairs,-0.0862743812777394,1.4549250695888432,10.682825904316228,0.7689629538622124,0.1072772369537916,0.2495296659655333,phone_B,10.781791109500906,0.8155228287287913
2482,18,9,Walking Upstairs,1.170823984701362,1.2302779386021054,10.82527749751139,0.6771602897614392,0.3672457655107156,0.2016680999523066,phone_B,10.957693439200126,0.7962948780782916
2483,18,10,Walking Upstairs,1.9665232290726633,0.988815466144966,10.967626321085431,0.4016448789142112,0.5253711563956452,0.0128031572218651,phone_B,11.186321860000982,0.6614358484126459
2484,18,11,Walking Upstairs,1.9483758736173244,0.1439855983282804,10.767060667042648,-0.0286160776887634,0.493561368445697,-0.0542746115759649,phone_B,10.942874202201033,0.4973604706709212
2485,18,12,Walking Upstairs,1.315917372499173,-0.7255922162309432,10.420777511734164,-0.3981784739398443,0.416628924445639,-0.1378807666665882,phone_B,10.528567164840833,0.5925680244582552
2486,18,13,Walking Upstairs,0.2113369191446218,-0.9237762417544124,9.959063450775623,-0.5650133038404593,0.1753340762407867,-0.1115773304248125,phone_B,10.00404771354067,0.602022900289224
2487,18,14,Walking Upstairs,-1.078384300376853,-0.572972079615996,9.65398922476504,-0.3854502417941336,-0.0726072117745494,-0.0545343735876323,phone_B,9.730915560994159,0.39600213888743807
2488,18,15,Walking Upstairs,-1.4562861389199695,0.2445871706361123,9.907907192269956,-0.0421119398559014,-0.1827539437339871,0.1397431332178405,phone_B,10.017345812793174,0.23388151425517043
2489,18,16,Walking Upstairs,-1.2155257665180743,0.8057899481351586,9.926832558766348,0.3795919971761435,-0.2154483530929939,0.2319074543187814,phone_B,10.0333845226508,0.4942561527581365
2490,18,17,Walking Upstairs,-0.4851512931082582,1.4912142887374302,10.324384058763387,0.7044169176102141,-0.0094076909015651,0.2722917733835691,phone_B,10.442796465745507,0.7552711488703533
2491,18,18,Walking Upstairs,0.6565337531287088,1.4754662445374207,10.736069129604838,0.7719537297492968,0.265280462564529,0.2641659366689335,phone_B,10.856851180863657,0.8579451770296723
2492,18,19,Walking Upstairs,1.4781462678078974,1.1838601010282603,10.915712426364848,0.5419893644891717,0.4803102020928763,0.1392240729592362,phone_B,11.07877334829705,0.7374508145939189
2493,18,20,Walking Upstairs,2.1503786434743284,0.2912689964369219,10.970027315523032,0.1637335172163548,0.5599783042873656,-0.030800003224408,phone_B,11.182596533986073,0.5842371146471399
2494,18,21,Walking Upstairs,1.5880594627991973,-0.4786817388383938,10.60929398838896,-0.1930296235151811,0.462782638587557,-0.1565989901227703,phone_B,10.738165019990591,0.5253108126052095
2495,18,22,Walking Upstairs,0.8630184069911415,-0.7007640421171365,10.254911226048195,-0.4965358685933944,0.2808417416031029,-0.1729493943893603,phone_B,10.314992742007101,0.5960968425064062
2496,18,23,Walking Upstairs,-0.6788956602379876,-0.8183727735550309,9.961786287688003,-0.4558440642742225,0.0714286129374093,-0.0952898295320428,phone_B,10.018374087423311,0.4711433001672098
2497,18,0,Walking Downstairs,-1.7290591618444098,-1.078440957903131,9.014282342545252,-0.6699427682431874,-0.4867950601601783,-0.2009518936958419,phone_B,9.241751275378721,0.8521586747182955
2498,18,1,Walking Downstairs,-2.4134880725959915,-0.4106309494281133,9.055112556747208,-0.190626888562561,-0.6522339698550552,0.0250991871302285,phone_B,9.38022419074045,0.679983625737066
2499,18,2,Walking Downstairs,-1.979988585406395,0.5735098169386477,9.164340537709233,0.3376961564392087,-0.5318778006503533,0.1357092024007178,phone_B,9.39331708181755,0.644476280800706
2500,18,3,Walking Downstairs,-0.512620744400738,0.7912940601850196,9.701507372817938,0.7098105523350982,-0.2664011243056488,0.1793014459499468,phone_B,9.747213531164425,0.7790696937741274
2501,18,4,Walking Downstairs,0.9122626467361804,0.890398889757944,10.13144590335519,0.584859447269507,0.0895982938760319,0.0966733575865833,phone_B,10.211328484194645,0.5995282857321683
2502,18,5,Walking Downstairs,2.1572131703934145,0.1268584313019464,10.162733692936248,0.1397179059960838,0.3630640290012642,-0.1146270053307611,phone_B,10.389938298067646,0.40555632501745015
2503,18,6,Walking Downstairs,1.823106101173177,-0.8098138682467267,9.725335065648052,-0.443685520804233,0.3072243260538032,-0.2677419577739882,phone_B,9.927822344122763,0.6024362072810574
2504,18,7,Walking Downstairs,0.681266025428321,-1.2326158048348324,9.405698769873425,-0.8650941911280823,0.0213451477274099,-0.3235413356535543,phone_B,9.510553846613243,0.9238628527717422
2505,18,8,Walking Downstairs,-0.9784078692782902,-1.4599691203177467,8.97838199348476,-0.8089372353358985,-0.3180911212265348,-0.276683026602233,phone_B,9.148777787873003,0.91220332674564
2506,18,9,Walking Downstairs,-2.014318559156703,-0.723987556208607,8.822406222946135,-0.4874924317498926,-0.5789425694873381,-0.0815101769395491,phone_B,9.078352758181781,0.7612274815866421
2507,18,10,Walking Downstairs,-2.612925458091199,0.1216555581223887,9.129392907221735,0.1267494701747516,-0.6612899842274629,0.1148008592240254,phone_B,9.496735985526485,0.6830440020289417
2508,18,11,Walking Downstairs,-1.4356396391594146,0.8367303562008696,9.519471486993265,0.5670019543355197,-0.432985287992231,0.2302442569158865,phone_B,9.663411212102668,0.7496531822654813
2509,18,12,Walking Downstairs,0.2271392463961566,0.94878528190148,9.972228017164824,0.6866226422451686,-0.1010389388827549,0.1376899998447017,phone_B,10.019836195005054,0.7075436778542535
2510,18,13,Walking Downstairs,1.4698048117489506,0.639790484073513,10.211645522333429,0.4155650469668095,0.2386077417905557,0.061031150334274,phone_B,10.336699779037009,0.48306600378627335
2511,18,14,Walking Downstairs,1.920989489492554,-0.4478089929625455,10.083297038900067,-0.0844989457132038,0.313775012811373,-0.1497042959481736,phone_B,10.274415442622994,0.3577795504451849
2512,18,15,Walking Downstairs,1.4703506606591012,-1.44959185692089,9.704684366818649,-0.6448179183559173,0.1906686558533975,-0.3133716314184897,phone_B,9.92190235169276,0.7418533976033846
2513,18,16,Walking Downstairs,-0.1906103927516003,-1.5856330449963327,9.106373002731008,-0.906312348750236,-0.1410625689731694,-0.2698875947354033,phone_B,9.245355252237601,0.956106707253192
2514,18,17,Walking Downstairs,-1.7721068799957589,-1.4604049759744129,8.967516261965322,-0.7168822218590246,-0.4845757031675398,-0.1748041841062401,phone_B,9.256861962705917,0.8827741698185871
2515,18,18,Walking Downstairs,-2.378852505178265,-0.4955286450154308,8.922997697277953,-0.2328303622695969,-0.6591406145621193,-0.0361408300403202,phone_B,9.247939002018308,0.6999874905710268
2516,18,19,Walking Downstairs,-1.9069126415549131,0.46039237339105,9.321175916033978,0.3657038865219326,-0.5568531129854261,0.174307939277885,phone_B,9.525365999144098,0.6886276060064024
2517,18,20,Walking Downstairs,-0.6962172469403998,0.9005836038495421,9.620505486278224,0.6801325421221185,-0.2910527388979066,0.2485821471628181,phone_B,9.687615552547971,0.7804390146331391
2518,18,21,Walking Downstairs,0.8759348228930978,0.8063342330252375,10.11962028919774,0.6099079805335921,0.0819056934003885,0.1213310374163608,phone_B,10.189413697894876,0.6272300279566447
2519,18,22,Walking Downstairs,1.862326962786459,0.0081434803318176,9.952438683861224,0.1558335377437591,0.330156931766738,-0.078536519317556,phone_B,10.125184629852964,0.3734376466639095
2520,18,23,Walking Downstairs,1.9422921504201311,-0.7680379270363474,10.068555778911357,-0.38291099677923,0.3287486128960322,-0.2733628866598808,phone_B,10.282907980138654,0.5739544840303555
2521,18,0,Sitting,0.1546648715567458,0.0090754098861164,10.01311154735278,0.0146895382772348,0.0049414725406489,0.0037684444012112,phone_B,10.014310083340133,0.01594997990197334
2522,18,1,Sitting,0.0789410049148668,-0.0066935993857622,9.939889573809015,0.0164405020645531,0.0099563287278606,0.0059234625914217,phone_B,9.940205290940769,0.0201123344976104
2523,18,2,Sitting,0.0977813872267746,0.0022276084264729,9.980344747163088,0.0279621903242277,-0.0095634027051702,0.0094654272292057,phone_B,9.980823985731496,0.031031227363109225
2524,18,3,Sitting,0.1094135379171674,0.0657773642019792,10.01697209253702,0.0216163800964517,-0.0048303966794643,0.0041092801098784,phone_B,10.017785577990098,0.02252746775775509
2525,18,4,Sitting,0.1235921921814696,-0.0200009839394203,10.047800054495484,0.0187803496428608,-0.0147179067810875,-2.000526583926642e-05,phone_B,10.048580049163474,0.02386040051917705
2526,18,5,Sitting,0.1702163297150068,-0.0079843822323601,10.003809798435414,0.0286162426859358,-0.0055023466166981,0.010273100164432,phone_B,10.005261007716575,0.030898248344187994
2527,18,6,Sitting,0.1345903122827697,0.0110514717142728,9.99855499561073,0.019547162108982,0.0051474990665111,0.0104304726199866,phone_B,9.99946692016328,0.022746055751071317
2528,18,7,Sitting,0.1512455699108049,-0.0170788567483027,10.04932791524535,0.0238330265413008,-0.0010966841008888,0.0014517909896707,phone_B,10.05048050880628,0.02390237576504017
2529,18,8,Sitting,0.184902047321543,-0.0046077629116929,10.006114296775314,0.0201932727024366,0.0042515330243979,0.0044259058678494,phone_B,10.007823605495556,0.021105270390203032
2530,18,9,Sitting,0.1930505484416854,0.0215381089829666,10.02418700336758,0.0268688039626828,0.0031954241660605,0.0082752659947403,phone_B,10.026068894780032,0.028295289170987944
2531,18,10,Sitting,0.1915062980629559,0.0128450494437698,10.034305006926234,0.0214408255158467,0.0157463405811964,0.0002377412753223,phone_B,10.036140524599976,0.02660287130018125
2532,18,11,Sitting,0.165687442673247,-0.0208956335448544,10.00254395001909,0.0046763510249629,0.0130460287893911,-0.0033582410677165,phone_B,10.003937946040265,0.014259905650150378
2533,18,12,Sitting,0.1767034032568427,-0.0541798830065676,10.027427394957003,0.0107804335728173,-0.0012964145455281,0.0032697774176311,phone_B,10.029130556213701,0.011339747927208679
2534,18,13,Sitting,0.1575289118755558,-0.036267215264937,10.016190377433388,0.0191119881629554,0.0012562655342537,-0.0045498135262517,phone_B,10.017494714047467,0.01968621593291011
2535,18,14,Sitting,0.1779068280159297,-0.0118709884390258,10.04827300000795,0.0066460104216146,0.0048269808441745,0.00773794693658,phone_B,10.049854826937052,0.011284725135667471
2536,18,15,Sitting,0.2285887633540813,-0.0537566208156748,9.99286583393297,0.0140728531395439,0.0037537404990733,-0.0045896027621319,phone_B,9.995624551372373,0.015270894431424849
2537,18,16,Sitting,0.1869720613502922,0.0061131859771712,9.978056883596157,0.0194467890865496,0.0041713081008486,0.0013241870564439,phone_B,9.979810373701948,0.01993316052234074
2538,18,17,Sitting,0.2218778353707788,-0.0282753458682299,10.0026436139305,0.0134028339646355,0.006892493986392,0.0016666969253434,phone_B,10.005144103725714,0.015163123368125248
2539,18,18,Sitting,0.1778755047715756,-0.0187355491304746,9.974345583295426,0.0016245135673146,-0.0003005887518738,-0.0025009409184118,phone_B,9.975949104270928,0.002997349396638422
2540,18,19,Sitting,0.1452742656314587,-0.0614621367543219,9.98047310478005,0.0151789893930273,0.0023389475269492,-0.0105683819811864,phone_B,9.981719571383834,0.018643044070851798
2541,18,20,Sitting,0.1898723976466406,-0.0059197773006096,10.004063961381606,0.0046559910136121,0.0160653777066735,0.0017519703973886,phone_B,10.005867394412421,0.01681796698326657
2542,18,21,Sitting,0.1940806116690324,-0.0665705736154341,10.01702214736336,-0.0046882274463217,0.0045241053316567,0.0044256382362964,phone_B,10.019123296270257,0.0078761208369944
2543,18,22,Sitting,0.2154077948152098,-0.0449702987284179,9.955907937470917,-0.0051751819323988,0.0040425092170646,-0.0058125169115148,phone_B,9.958339505421137,0.008769819932594099
2544,18,23,Sitting,0.1506454981179072,-0.065910215478616,10.046712895156046,0.0030949782728392,0.0091942533584838,-0.0114764758264052,phone_B,10.048058430378598,0.015027397736248291
2545,18,0,Standing,-0.2025496991126915,0.1565813379482972,9.903462520860922,0.0084323857492502,-0.0463480874708663,0.0026129903402963,phone_B,9.906771118689544,0.04718133169114362
2546,18,1,Standing,-0.1377943069359806,0.2560362401214743,9.922442449055293,0.0082779303666076,-0.0367963132576108,0.0114891505198269,phone_B,9.926701666822364,0.03942706405724204
2547,18,2,Standing,-0.2261883369709874,0.2528565486012712,9.89164497137341,0.0093838266958205,-0.0437266268524927,0.0069125321378541,phone_B,9.897461181416631,0.0452532562354489
2548,18,3,Standing,-0.2040736103615381,0.2174735516343117,9.920925832626828,0.0172009368630486,-0.0393833270540198,0.0046033812333973,phone_B,9.925407304518478,0.043221635757921824
2549,18,4,Standing,-0.1580268273370884,0.2597652938591521,9.935665345794044,0.0217405413797742,-0.035804189020243,0.0132513692939598,phone_B,9.94031671274435,0.0439339262876409
2550,18,5,Standing,-0.1063380464333975,0.2724336483327729,9.911886663343171,0.0169399595483121,-0.0424746781891013,0.0074169058679654,phone_B,9.916200134115053,0.046325705708822475
2551,18,6,Standing,-0.1571757851237047,0.232864540039123,9.947610570545368,0.0172185227072591,-0.0498806387825327,0.0098676258197717,phone_B,9.951577070226751,0.05368357000882978
2552,18,7,Standing,-0.1866050976308413,0.226964645438938,9.905885538117868,0.0240055653755411,-0.0389196249982544,0.0080989539459301,phone_B,9.910242313235019,0.04643917994562806
2553,18,8,Standing,-0.173521807215624,0.2659117423559672,9.95143135664923,0.0402537882140551,-0.03671940732536,0.0141774333664609,phone_B,9.956495614341609,0.056299928568055414
2554,18,9,Standing,-0.1581144067104932,0.2851488930329941,9.940299227174712,0.0420410111021595,-0.0473110612298783,0.0122664163111911,phone_B,9.945645217007167,0.06446897004225093
2555,18,10,Standing,-0.1376138365924965,0.2789307047974755,9.911684268483729,0.0287160222548778,-0.0292806119094201,0.0098176508794308,phone_B,9.916563161912919,0.04217049248850551
2556,18,11,Standing,-0.1816823915227423,0.3067799386645609,9.951353644296578,0.0379836577811782,-0.0375349300007631,0.0141926524264011,phone_B,9.957738788299844,0.05525450761246972
2557,18,12,Standing,-0.0983939803242989,0.2500138507203224,9.905533781282172,0.0367932038184765,-0.0299509303405004,0.0122317274141295,phone_B,9.909176948316057,0.048994012195604356
2558,18,13,Standing,-0.1030535616032521,0.3217952192062699,9.9563378423508,0.0454947789649947,-0.0257435473188862,0.0154207272873363,phone_B,9.962069836669974,0.05450049515099707
2559,18,14,Standing,-0.1412864343149118,0.272194293763117,9.92025511911739,0.0424860495794871,-0.0234383491527812,0.0066384641585544,phone_B,9.924994368686232,0.0489743792840984
2560,18,15,Standing,-0.0965621794553703,0.2784199764150152,9.931825334930952,0.040527343663016,-0.0289122735337218,0.0187608706832601,phone_B,9.93619627530296,0.05320108470757867
2561,18,16,Standing,-0.0917405232418051,0.3221445530411104,9.951808246238429,0.0423942551641658,-0.0082399579881861,0.0049885225489895,phone_B,9.957443487490046,0.04347476435581046
2562,18,17,Standing,-0.0444563931447186,0.3436309582669541,9.986142105042171,0.0430344196102621,-0.0081758442625357,0.0122261376552522,phone_B,9.992151557520883,0.045478392040204374
2563,18,18,Standing,-0.0832382502498987,0.2920985599463633,9.956553980429584,0.0391640328864757,-0.0073335062825502,0.0087765738459123,phone_B,9.961185538892225,0.04079987787729156
2564,18,19,Standing,-0.0554897014210569,0.2642877252459224,9.975056347337478,0.0373744980943083,-0.0183651972474784,0.0118617634042241,phone_B,9.978711151307927,0.04329936499301154
2565,18,20,Standing,-0.017739853763002,0.309025651401349,9.990114447835134,0.0426430338023813,-0.0106500323244558,0.0162150978946544,phone_B,9.994908615714296,0.04684848898434412
2566,18,21,Standing,-0.0480477796678544,0.3155945679669936,10.01097112464632,0.0371436180211309,-0.0102539112616792,0.0070080532953807,phone_B,10.01605967329287,0.03916508479312879
2567,18,22,Standing,-0.0609583088926814,0.2788418042818862,10.01484792079349,0.0343596698900727,0.0042849652042907,0.0063730658762035,phone_B,10.018914489297726,0.03520743970269891
2568,18,23,Standing,0.0376220871065488,0.2685496646781303,9.980477522432952,0.0333038192797867,-0.0055285562321913,0.0155876520386024,phone_B,9.984160751892288,0.03718446192577941
2569,18,0,Laying,7.392101300569305,0.0800472577269733,6.514374244003745,-0.0126106611833014,-0.0165238476911513,-0.0047612866171489,phone_B,9.853255349999175,0.021324543799364902
2570,18,1,Laying,7.370249653403823,0.1146574499012546,6.515228440028506,-0.001424558879561,-0.0001427258331249,-0.0131298992398964,phone_B,9.837780639456914,0.013207724736479381
2571,18,2,Laying,7.400262209469205,0.1608548734986865,6.487454737324254,-0.0165349225800457,-0.0177181932805989,-0.0085392959783033,phone_B,9.842602502796565,0.025695478467267968
2572,18,3,Laying,7.41126527124668,0.1147827824921635,6.4805384613562165,-0.0104687771625144,-0.0178035517132077,-0.0002879542859343,phone_B,9.845679598537675,0.02065537863497137
2573,18,4,Laying,7.356838257528343,0.1674943912348483,6.51106887058258,-0.0011838844149159,-0.0117627855832975,-0.0118362084167089,phone_B,9.825738718081064,0.01672903274760029
2574,18,5,Laying,7.335560946536632,0.0814930983357857,6.517558411904383,-0.0082553079020673,-0.0050300296366536,-0.0042170938638238,phone_B,9.813035370262117,0.010546809345003287
2575,18,6,Laying,7.348376619426692,0.0872909558851445,6.501814861955142,-0.0070155884293691,-0.0057577774874506,-0.0090561077840192,phone_B,9.812229876590589,0.01282121565223297
2576,18,7,Laying,7.369436274269845,0.1584383371779229,6.500605197226629,-0.0007262116103366,-0.0081554141752511,0.0069047350597547,phone_B,9.82810061188945,0.010710440229900916
2577,18,8,Laying,7.361702679804029,0.1358795759017829,6.492444482196216,-0.0097952481900738,-0.0192407874340876,0.003407832468081,phone_B,9.81656584348015,0.021857907272184007
2578,18,9,Laying,7.3256319586319725,0.1380659336003122,6.503355686762141,0.0006694100425964,-0.0154731870420369,-0.0086383615496441,phone_B,9.796814838706124,0.01773383538057566
2579,18,10,Laying,7.358778188692259,0.1132224282237833,6.461828134692768,0.0071273459117375,-0.0175138764462554,-0.0095470860055293,phone_B,9.793858207618324,0.021182109883513357
2580,18,11,Laying,7.341797503861907,0.1530345475434154,6.438129503404965,0.0028701283232971,-0.0186012671275615,-0.0016811688718798,phone_B,9.766008481619716,0.01889632514852742
2581,18,12,Laying,7.3295400441676035,0.172760957650209,6.49515356160976,-0.0080227367704955,-0.015291644013773,-0.0024059551014463,phone_B,9.794846777588539,0.017435231626875384
2582,18,13,Laying,7.349531900428799,0.1352471158908668,6.491789844663265,-0.0116426567172979,-0.0158642603521454,0.0010275682343534,phone_B,9.806999863620396,0.019704875245323085
2583,18,14,Laying,7.32705612683392,0.1424747481472413,6.492452007176247,-0.0042729744526602,-0.0069794880318351,-0.0127036581513053,phone_B,9.790709045065173,0.015111402790106606
2584,18,15,Laying,7.325699688021727,0.1579021834531558,6.537291938866288,0.0111802962628903,-0.0141473398338058,0.0008153949536932,phone_B,9.819724788026752,0.01805023871946561
2585,18,16,Laying,7.361866931155757,0.1604604954428177,6.499297488781055,0.0034688792738387,-0.0119786989640379,0.001548840840054,phone_B,9.821593563690067,0.012566672599989606
2586,18,17,Laying,7.317392097622925,0.121898004011849,6.478378422351212,-0.0087579669810905,-0.0249169498443303,-0.0037749464456971,phone_B,9.773866850787476,0.026679703818720035
2587,18,18,Laying,7.332748329192562,0.1343481629897101,6.505366591515608,-1.7694070156679467e-05,-0.0168002708622378,-0.0063695631681757,phone_B,9.803419912366419,0.017967213169494473
2588,18,19,Laying,7.360342372777529,0.1308161866525246,6.480701868512093,-0.0017733014275475,-0.01988770538455,-0.0037062046137154,phone_B,9.80771377170698,0.02030766791274484
2589,18,20,Laying,7.32350270893254,0.1278597894201677,6.508061766784502,0.0022925415138016,-0.0064236845005382,0.007106333860012,phone_B,9.798209428960734,0.009849845180758503
2590,18,21,Laying,7.3857033864540895,0.1507419131247621,6.505414345213526,-0.0025587076844212,-0.0109408507196421,-0.0037419408288088,phone_B,9.843360881323099,0.011842775040087329
2591,18,22,Laying,7.299341995839348,0.1766751874570235,6.46082316406527,0.0035251431743266,-0.0213512928851999,0.0073134523668978,phone_B,9.749556074581514,0.022842743438387
2592,18,23,Laying,7.367071072655611,0.1535312299542328,6.523474498881444,0.0014714595270868,-0.0028157717976294,0.0053882119720391,phone_B,9.84139357843628,0.006255125275468518
2593,19,0,Walking,1.0924191763565063,0.1342492972736634,9.955374375140254,0.0384701062887538,0.2890585896169427,-0.0544177329384664,phone_A,10.016031223987328,0.29664137770608867
2594,19,1,Walking,1.176791857885706,-0.3324005356175457,9.942210497948512,-0.1480810130041099,0.3371510668868682,-0.0745787566655051,phone_A,10.017129268327455,0.3757137464360992
2595,19,2,Walking,0.7587544910759143,-0.6825982833989475,9.749849874915297,-0.3290371176883842,0.190777956060349,-0.1486970601903888,phone_A,9.803123042052103,0.40837785082507616
2596,19,3,Walking,-0.0787125687347616,-0.8197044426362708,9.381626215408977,-0.4164703277144358,0.0483639735915069,-0.1048188586184668,phone_A,9.41769724972105,0.4321731145388473
2597,19,4,Walking,-0.7434297790929822,-0.5862508458818162,9.281353584748178,-0.2931696918078652,-0.1382126130819731,-0.0652104135300916,phone_A,9.329517793319075,0.3306109384797052
2598,19,5,Walking,-1.5463014583725827,-0.0783569506837711,9.57620532011089,-0.1281677316501639,-0.1904552201198232,0.0313569883075666,phone_A,9.700561650997624,0.2316968256644005
2599,19,6,Walking,-1.5807097399856525,0.2250065580397606,9.37816023808133,0.1403194381361323,-0.2152321615689605,0.1589951094613057,phone_A,9.513104681668128,0.3021487595955005
2600,19,7,Walking,-1.1610369179494493,0.6643520335872449,9.564290906683528,0.335993387760076,-0.1419994207254851,0.164818676719999,phone_A,9.657382196902134,0.4002756404037069
2601,19,8,Walking,-0.5206382366607323,0.937902814650357,9.727528976163672,0.4879132466952652,0.0344198281998086,0.1842546704790203,phone_A,9.786498140055313,0.5226794854089372
2602,19,9,Walking,0.4977135427227914,0.8421417849400495,10.039680725919713,0.4847501793220776,0.1812994558123085,0.131521987875317,phone_A,10.08722512066403,0.5339946276183878
2603,19,10,Walking,1.1323064862237084,0.483525810457315,10.012475333665725,0.3398125661611137,0.3257053715886887,0.0631364934101266,phone_A,10.087892619144359,0.4749134510654062
2604,19,11,Walking,1.5678358335789695,0.286665642401124,10.029554812122928,0.05773667552586,0.4015097257916519,-0.0048896396557178,phone_A,10.155405266209995,0.40566919057531187
2605,19,12,Walking,1.4561598202074262,0.0476456057561534,9.761435106548747,-0.1902975124994735,0.2618190761554052,-0.0714239537773423,phone_A,9.86956366133259,0.33145701542665384
2606,19,13,Walking,0.7817076045948438,-0.524598036712989,9.572578934247364,-0.3426399392752861,0.2228525469106604,-0.1084742325134346,phone_A,9.618759656608587,0.422885380180633
2607,19,14,Walking,-0.02185337929124,-0.5656451886582025,9.51524644122418,-0.3721725775716273,0.0716978419451096,-0.1443193568302297,phone_A,9.532069391630973,0.40556267677362273
2608,19,15,Walking,-0.62969946891275,-0.3582898700096546,9.462028957461117,-0.3159738059266317,-0.0615860001985378,-0.0991976698523145,phone_A,9.48972523542875,0.33685673387412607
2609,19,16,Walking,-1.142552432988298,-0.2172180469985793,9.517823128651758,-0.125759421991322,-0.240215896329407,0.0108653594923534,phone_A,9.588616524315054,0.2713616868790248
2610,19,17,Walking,-1.263140255916411,0.2578268091487491,9.402408755802492,0.1047846918027713,-0.2132826392214,0.148630320966792,phone_A,9.490378726943607,0.2802860826729348
2611,19,18,Walking,-1.3067133457856712,1.0221342997510412,9.674173885133696,0.3616823279091434,-0.1682581391587136,0.1609041931859036,phone_A,9.815390906865845,0.43013377814319204
2612,19,19,Walking,-0.3651696832645897,0.7975646511795517,9.75415130109655,0.5103306654059131,-0.0544025316306529,0.1852122026267678,phone_A,9.793514480260406,0.5456194493448021
2613,19,20,Walking,0.3484331229237431,0.8060645618876978,10.25433100762248,0.4556688657322794,0.1235463888174731,0.1356646662682492,phone_A,10.291863297429162,0.49122573941239656
2614,19,21,Walking,0.9582532258774366,0.6811535180249075,10.11701780080773,0.3498569922951356,0.2896127626129551,0.0524344456704542,phone_A,10.185100320658737,0.4571923429136519
2615,19,22,Walking,1.456957173725152,0.2621902746267202,10.008254745325653,0.1532935148063819,0.3602347804915316,0.0123376184425097,phone_A,10.117145397468175,0.391688927066249
2616,19,23,Walking,1.4254055701601185,-0.0124827595297578,10.018254850556426,-0.1326829249362399,0.3399028546429049,-0.0941667716564721,phone_A,10.119158419030029,0.37683695419668406
2617,19,0,Walking Upstairs,0.6351564313259459,-0.6951358015576912,10.02023964917861,-0.522311382919352,0.2617930059397831,-0.1949131184723017,phone_A,10.064384735384127,0.6159024942624528
2618,19,1,Walking Upstairs,-0.7472914375187888,-0.9274606373614952,9.624211345735429,-0.4830615968417168,-0.0342742097757827,-0.07633985616574,phone_A,9.697632275655044,0.4902560570135055
2619,19,2,Walking Upstairs,-1.476931022286119,-0.2949484667345582,9.874923585684185,-0.1648832638777018,-0.2207444269032487,0.0363478565815786,phone_A,9.989115860060988,0.2779132227762518
2620,19,3,Walking Upstairs,-1.584869152001401,0.5635873668995538,9.894797781121756,0.2521802330460119,-0.1780011100026818,0.1842804703783993,phone_A,10.036755655010559,0.3594976451441815
2621,19,4,Walking Upstairs,-0.9124624305505468,1.3181353746955438,10.21978907393483,0.647937846380502,-0.0977466655239331,0.2815536618105509,phone_A,10.344764727576345,0.7131972573364124
2622,19,5,Walking Upstairs,-0.1740350302899031,1.429763279674278,10.57221525166735,0.7898904769453531,0.1484759906571452,0.3190266885688171,phone_A,10.669875657910016,0.8647254555000465
2623,19,6,Walking Upstairs,1.194960924845598,1.163849794715581,10.623898184887643,0.6191591739094671,0.4145415736459273,0.1890333525870861,phone_A,10.754054612071965,0.7687238823579042
2624,19,7,Walking Upstairs,1.9931776187416612,0.6206855141276738,10.6856132121625,0.2504014779860042,0.5592625646827641,0.0397371723991429,phone_A,10.887623122024493,0.6140476848774836
2625,19,8,Walking Upstairs,1.7433042436879067,-0.0542454654014586,10.442588002280043,-0.0718146183188729,0.513414857894621,-0.0881633006012848,phone_A,10.587242154685043,0.5258563713450203
2626,19,9,Walking Upstairs,0.9950352186162827,-0.6545882711552027,10.14807366402093,-0.443817384743099,0.3732510068859358,-0.154887030011861,phone_A,10.217728709523263,0.6002334355960721
2627,19,10,Walking Upstairs,-0.0730505750546156,-0.6322304161082885,9.730432917820483,-0.5300130624854185,0.1291590607229767,-0.1293103643234501,phone_A,9.751224356652488,0.5606398841444276
2628,19,11,Walking Upstairs,-0.988195370541531,-0.3924636687526799,9.632472333560075,-0.3538097686362392,-0.1403029752551653,-0.0593243183502235,phone_A,9.690979366320558,0.38520858245319417
2629,19,12,Walking Upstairs,-1.788256677265515,0.4181769794036312,9.35673666726129,0.0606648686327947,-0.2501651426547455,0.1537786842823742,phone_A,9.535263760922387,0.2998511441120769
2630,19,13,Walking Upstairs,-1.6257278902956704,0.8775031226349147,10.060476223347289,0.4617356579089966,-0.1877754155334401,0.1976835994408596,phone_A,10.228694185674698,0.5362259131665537
2631,19,14,Walking Upstairs,-0.6401523692320774,1.5400016953593063,10.21488892244655,0.7184127929570685,0.0232933409062512,0.2589557076890785,phone_A,10.350137968909603,0.7640141224870795
2632,19,15,Walking Upstairs,0.7316970724677299,1.362822184472812,10.61399492699068,0.7293178488449719,0.2356050612229063,0.2302404943115519,phone_A,10.72611547684123,0.8002655526377068
2633,19,16,Walking Upstairs,1.719663254932852,1.055883718679289,10.720752482982784,0.5271526934509461,0.4831648212981592,0.1170964198900926,phone_A,10.90901764317575,0.7246031867882904
2634,19,17,Walking Upstairs,1.937936875588608,0.444157573172441,10.648492846051177,0.0894104354457059,0.5294153635645616,-0.0039951762158676,phone_A,10.832510105048398,0.5369271967201731
2635,19,18,Walking Upstairs,1.5037103200548814,-0.3308081920509352,10.59391955228389,-0.2718392957135448,0.5174730080695833,-0.1526304799863486,phone_A,10.705218833206095,0.6041282812412296
2636,19,19,Walking Upstairs,0.7326845208119548,-0.7139644356065318,9.981962490908552,-0.4645475553101618,0.2504879509666085,-0.1613625033955732,phone_A,10.03424870093689,0.5518935605949613
2637,19,20,Walking Upstairs,-0.6643668133927096,-0.5386261614665269,9.582315182356837,-0.4470012811221146,-0.0416044918966666,-0.076389866536923,phone_A,9.620408809327184,0.4553860897966916
2638,19,21,Walking Upstairs,-1.4777876389380438,-0.0662118973386582,9.565689933224984,-0.1955984751382137,-0.1977014039413281,0.024669333119902,phone_A,9.679393794021868,0.2792009752729157
2639,19,22,Walking Upstairs,-1.474533490178748,0.4248815448886178,9.693700206431332,0.2427658295630265,-0.1864830678513873,0.188935780515202,phone_A,9.81440762517089,0.3597331118448483
2640,19,23,Walking Upstairs,-1.0354072650309183,1.2056597020758426,9.80957995380894,0.5717764879508908,-0.1098130320882402,0.2616715092814273,phone_A,9.937481692655268,0.6383253347310351
2641,19,0,Walking Downstairs,-2.300931992428716,-0.4906907857171367,8.686429030077457,-0.2892227071163075,-0.6498705481137395,0.0165392417469017,phone_A,8.999395244989636,0.711516022402096
2642,19,1,Walking Downstairs,-2.190295354562763,0.458323915319044,8.926166218465449,0.3009253367175811,-0.567529823685711,0.1974413453867933,phone_A,9.202385446787499,0.6720336627874164
2643,19,2,Walking Downstairs,-0.7621075664917927,1.027184731488882,9.543780232661184,0.6490784963899187,-0.3601226712607496,0.184779764637636,phone_A,9.629104711490177,0.7649410397222232
2644,19,3,Walking Downstairs,0.6430374560823207,0.9228043659295888,10.12404840486809,0.6580189410286446,0.0280437204340901,0.1524662405948514,phone_A,10.186335021577468,0.6760335284062258
2645,19,4,Walking Downstairs,1.7129380019213394,0.3452798459730332,10.146305517907082,0.2423963015518406,0.2844766566817003,-0.0221953276831488,phone_A,10.295673384153808,0.37440027747555316
2646,19,5,Walking Downstairs,1.5983432381069014,-0.5186755443186164,9.772518795920393,-0.3657260254189456,0.2578783408115621,-0.2364932318106122,phone_A,9.915939140782058,0.506148014933074
2647,19,6,Walking Downstairs,0.9570013032554932,-1.4399300169166835,9.36072416092639,-0.8044639403897218,0.1015770848666371,-0.3075468337540564,phone_A,9.51905493024394,0.8672169224072528
2648,19,7,Walking Downstairs,-0.8921402303692055,-1.5013036873568069,9.00107643894308,-0.8663340633401828,-0.2857795790191743,-0.2032794766717288,phone_A,9.168926001010728,0.9346267825842679
2649,19,8,Walking Downstairs,-1.941824610812955,-0.8721182051520213,8.657823866065863,-0.5294712712291758,-0.5593927668897317,-0.1507858336731488,phone_A,8.915670870929237,0.7848544211139387
2650,19,9,Walking Downstairs,-2.3828112460113533,-0.0742996940790488,8.746089713523185,0.0105387410800585,-0.6967375350786272,0.0478046917867215,phone_A,9.065174855216776,0.6984551140966878
2651,19,10,Walking Downstairs,-1.4966821384932427,0.816211726698888,8.981305324631743,0.5030186160338666,-0.4576590784450169,0.2022428004320974,phone_A,9.141668575306369,0.7094939819944817
2652,19,11,Walking Downstairs,0.012065783822807,1.178316400752556,9.609308193846031,0.6932872172549464,-0.1479370124105873,0.157449342579163,phone_A,9.681290156158846,0.7261699668319312
2653,19,12,Walking Downstairs,1.1363106800421987,0.5712109062896189,9.971873954749237,0.4673894069260307,0.2184974713258606,0.0634577649361808,phone_A,10.052649105108978,0.5198277509071226
2654,19,13,Walking Downstairs,2.034146630379875,-0.2243012053389756,10.029167905525428,-0.0727795173378301,0.3252822254872135,-0.094302743478062,phone_A,10.235832766405654,0.3464078402538417
2655,19,14,Walking Downstairs,1.1530711744984918,-1.3052122220450575,9.590002108645637,-0.6222230951148572,0.1841731371639089,-0.3110633907990155,phone_A,9.746860649555984,0.7196122272741685
2656,19,15,Walking Downstairs,-0.0679345071772924,-1.42684029445427,9.171009007188356,-0.8536894553734299,-0.1354761939185309,-0.3380162317088063,phone_A,9.281589009058402,0.9281133865175397
2657,19,16,Walking Downstairs,-1.6736884256959164,-1.1620019574506184,8.721232624976066,-0.7589776124666308,-0.4410118862902874,-0.1906028678379618,phone_A,8.956080615669695,0.8982582887471288
2658,19,17,Walking Downstairs,-2.530799721348164,-0.4802006808626095,8.643204882222078,-0.3141393184038352,-0.6357703372533244,-0.0110836647732362,phone_A,9.018898522521717,0.7092321768809122
2659,19,18,Walking Downstairs,-2.14827414295973,0.3722208936080907,9.11854137259755,0.293064983696964,-0.6220630426953578,0.1721588835180943,phone_A,9.375576086338427,0.7088640172352558
2660,19,19,Walking Downstairs,-0.9117009540857136,1.0479292586827385,9.653380647580054,0.6409926682251774,-0.3057020192902848,0.1756532395964599,phone_A,9.752800228034882,0.7315595573139082
2661,19,20,Walking Downstairs,0.6172832824732164,0.9112074449754586,10.122300659122464,0.626389900963611,0.0532413678777408,0.0910450999533177,phone_A,10.181959943560507,0.6352071799879193
2662,19,21,Walking Downstairs,1.7141905087622669,0.1805278707867355,10.348646824897884,0.2061972438993058,0.2954918080165967,-0.0402016394834113,phone_A,10.491212061479382,0.36255880049137024
2663,19,22,Walking Downstairs,1.6434747848090498,-0.718013890616399,9.833076823078695,-0.3515932856639299,0.2538338103536238,-0.237839337398463,phone_A,9.995296550077374,0.4945876992169712
2664,19,23,Walking Downstairs,0.9470932238417936,-1.3082674304528714,9.432560281321328,-0.8238941662138971,0.1139087877509618,-0.3130278811547262,phone_A,9.569835040636358,0.8886862570268563
2665,19,0,Sitting,0.1350201137133258,-0.0589928297825324,9.859835130888651,0.0090218812684945,-0.0057718423817412,-0.0015749319753963,phone_A,9.860936030285306,0.010825382987663834
2666,19,1,Sitting,0.1789517539939383,-0.0234986656828523,9.878510504402415,0.0081360345724669,-0.0082161200120371,0.0144055132650658,phone_A,9.880159194220266,0.018472100558587265
2667,19,2,Sitting,0.1397610672544839,-0.014943590073566,9.807450420170197,0.0069398181351604,0.0007219435078201,-0.0019829717060284,phone_A,9.80845758572167,0.0072535822160153356
2668,19,3,Sitting,0.131033604193485,-0.0269487884551855,9.84133196498074,0.0174529145902552,-0.002920860089791,0.0009761219260594,phone_A,9.842241151667581,0.017722541165798165
2669,19,4,Sitting,0.2157871336915846,-0.0305317732649982,9.834906675560722,0.0052532542147906,-0.002127488062754,0.0048801927976778,phone_A,9.837321057749126,0.007479249096325262
2670,19,5,Sitting,0.1724494268337884,-0.0130280057271255,9.866424998473054,0.012431303100044,0.0013598509283461,0.0059579426436013,phone_A,9.867940554352895,0.013852204584719726
2671,19,6,Sitting,0.1791199640443134,-0.0544734341535014,9.901600746456072,0.0018080448972214,-0.0015042431738526,-0.0042886587997148,phone_A,9.903370570607118,0.004891254253953855
2672,19,7,Sitting,0.1234780361884825,-0.0060257667242146,9.895373703643305,0.0001540793180503,0.0030930103367624,0.0035871144087889,phone_A,9.89614590990053,0.004738970685846331
2673,19,8,Sitting,0.1793163556132184,0.0213125749111033,9.87594540737625,0.0007652437250814,0.0045013257736194,0.0053229395141391,phone_A,9.877596178763119,0.007012932107913932
2674,19,9,Sitting,0.1547267048768604,-0.0654042973106492,9.817086963777086,0.0076998966988374,0.0090662502101067,-0.0003928374991395,phone_A,9.818524050470659,0.011901244613306503
2675,19,10,Sitting,0.1623087142781691,-0.01197310445313,9.793423373024371,-0.0032707039565014,0.0138039702167243,0.001960212050671,phone_A,9.794775588917846,0.014320947224219536
2676,19,11,Sitting,0.1277365041062303,-0.0428956099663536,9.860384465808586,-0.0172840552303969,0.0028006010302623,-0.0027402546915794,phone_A,9.861305109436325,0.017722610617875674
2677,19,12,Sitting,0.1147316099092425,-0.0477024281549067,9.83010709143362,-0.0035616583214997,-0.0003930133827652,-0.0072817263807449,phone_A,9.830892344696782,0.008115627431208066
2678,19,13,Sitting,0.118857371827936,-0.0709165889322975,9.853531158033096,-0.0034222381671697,0.0011429802614552,-0.0080140495292135,phone_A,9.854503159457238,0.008788805823750821
2679,19,14,Sitting,0.1449600880321824,-0.0390708840511583,9.8430695022905,-0.0090700268786428,-0.0143402629992606,-0.0064162386111151,phone_A,9.844214401770422,0.018140469905215513
2680,19,15,Sitting,0.1409614250948986,-0.0839559662241536,9.818399725995642,-0.0026677910085738,0.0007845778622137,0.003012986734775,phone_A,9.819770461016933,0.004100092724711619
2681,19,16,Sitting,0.1136885071005135,-0.0725881305120503,9.778422548675495,-0.0114525130181393,-0.0056733328502121,0.0042414066802191,phone_A,9.779352823872516,0.013466116392150822
2682,19,17,Sitting,0.1596678806456951,-0.0431560112426964,9.81423444405579,-0.0162948354667823,-0.006201948271167,-0.0023340677988535,phone_A,9.815628048999582,0.01759072760682123
2683,19,18,Sitting,0.1923768016925703,-0.0616424384249068,9.813581940920947,-0.012542240968285,-0.0006559513349153,0.0077958493356959,phone_A,9.815660911788578,0.014782196978973526
2684,19,19,Sitting,0.175345269446638,-0.0687171774507714,9.823602819548189,-0.0107885919537864,0.0018430774120516,-0.0072345095482992,phone_A,9.825407898414664,0.013119785786991791
2685,19,20,Sitting,0.1204861187509749,-0.0524935879936909,9.819255762046213,-0.0080022037842074,0.0080251351726681,-0.0019745499020351,phone_A,9.820135243573272,0.011503777955924076
2686,19,21,Sitting,0.1473535717769147,-0.0011757397092657,9.821679933621136,-0.021275631343442,-0.0043387268749544,0.0039194670106466,phone_A,9.822785306417694,0.02206443431418649
2687,19,22,Sitting,0.1025758917683746,-0.1026580288766022,9.841928475002252,-0.0173213751896528,-0.0041777962693532,0.000809508992196,phone_A,9.842998353729673,0.0178364605495986
2688,19,23,Sitting,0.1133095409776524,-0.1229919005344049,9.77728795736738,-0.0130758768446041,-0.0028865302736031,-0.0099724171784419,phone_A,9.778718007027036,0.01669609884543584
2689,19,0,Standing,-0.0161237204568645,0.2778499594157237,9.791765149451548,0.0136807376763384,-0.0067318179149522,-0.0002818737254296,phone_A,9.795719744680458,0.015249898642481004
2690,19,1,Standing,0.0020543742513913,0.29434952391724,9.81663136148947,0.0141597485760194,0.0063293790779417,0.0044405112645152,phone_A,9.821043587626647,0.016133123055957144
2691,19,2,Standing,-0.019056579247571,0.2903461873846982,9.808616272015083,0.0126467155887452,0.0049054863727775,0.0007132680091364,phone_A,9.812931123440158,0.01358351806377766
2692,19,3,Standing,0.034101644581489,0.2092672652383135,9.826385935723325,0.0089234861517764,0.0076391744567249,-0.0042232324218997,phone_A,9.82867316926576,0.01248283956360123
2693,19,4,Standing,-0.013419725746488,0.2335390687005742,9.812892509175942,-0.0002773474100995,0.0096599978289822,-3.680742458902261e-05,phone_A,9.815680311740493,0.009664048552668525
2694,19,5,Standing,-0.0083407363339698,0.1948616696238502,9.809787550638784,0.0053561607113393,-0.0084346987655553,-0.0035854129734825,phone_A,9.811726271499774,0.010615450391847322
2695,19,6,Standing,0.0068237593232861,0.1392991308487021,9.801970277615236,0.0023894910850902,0.0038639023974859,-0.0023245325546211,phone_A,9.80296241626984,0.00510322064783761
2696,19,7,Standing,-0.0218256483027335,0.1639704115665357,9.748136550732644,0.0017218231916972,0.0035604316583584,-0.0013044044299547,phone_A,9.74953993101843,0.004164471108579398
2697,19,8,Standing,-0.0370032110484952,0.2023348808430316,9.75135865489401,-0.0129468909124791,-0.0012116463991391,-0.0053743934987644,phone_A,9.753527785268775,0.014070329661231883
2698,19,9,Standing,0.0168338896036996,0.1690147905292859,9.762859134188377,-0.0159412896196407,-0.0076612714974155,0.0030845750023062,phone_A,9.764336529086975,0.017953673680871772
2699,19,10,Standing,-0.0134391872243486,0.1962008692949365,9.773940533957862,-0.0129340956201837,-0.0011435100812646,-0.0140032453491559,phone_A,9.77591882915411,0.019096840710616646
2700,19,11,Standing,-0.0477289906837086,0.1455649684536803,9.764030661104512,-0.0148634556041208,-0.0122906745658324,-0.0098095873518838,phone_A,9.765232304844654,0.021638183791462446
2701,19,12,Standing,-0.0421850236846137,0.1527421110464215,9.749781528867413,-0.0164810174513484,-0.0126031596373969,-0.0116263184132518,phone_A,9.751069151090785,0.02378307904632364
2702,19,13,Standing,-0.031360730847942,0.121499240157364,9.820059842393508,-0.019196156308109,-0.0094812841686597,-0.0166216251505115,phone_A,9.82086151358361,0.027104715256507428
2703,19,14,Standing,-0.0403191402409472,0.1461433131714213,9.751186311652283,-0.0235411429515148,-0.0160783998284455,-0.0096106944155788,phone_A,9.752364738134508,0.030084311520402935
2704,19,15,Standing,-0.0750393226434712,0.1456532708155516,9.738688812784495,-0.0256909227040536,-0.0198539836016255,-0.0091910013083136,phone_A,9.7400670206881,0.03374431328814818
2705,19,16,Standing,-0.0735862627201807,0.1648780319465694,9.75204638366514,-0.0194111991346928,-0.0207952345617459,-0.022056574840394,phone_A,9.75371766931133,0.035996234886646564
2706,19,17,Standing,-0.1064918677492205,0.134827804544161,9.721942301016412,-0.0253947946519719,-0.0217117164457762,-0.017874878753209,phone_A,9.7234603490253,0.03789202444947395
2707,19,18,Standing,-0.1298497754739498,0.1831333933368819,9.703963116167104,-0.023005195266363,-0.0322667312955614,-0.0148866796506432,phone_A,9.706559584316025,0.04233195233820815
2708,19,19,Standing,-0.1279128171790658,0.1209344262349276,9.754815306414024,-0.0133537037078673,-0.0229411182218751,-0.0033679276806558,phone_A,9.756403460625068,0.026757414763943214
2709,19,20,Standing,-0.1681233119321867,0.1416838050853713,9.748955801046336,-0.0154321801929885,-0.0201362024622958,-0.0020878053433507,phone_A,9.75143471287141,0.02545540740713371
2710,19,21,Standing,-0.1215207647766959,0.216660178579228,9.736886812184803,-0.0212462856440398,-0.0321679380990113,-0.012838726826414,phone_A,9.740055119071567,0.04063266914359967
2711,19,22,Standing,-0.1520632817490947,0.1115946943298277,9.71888920969407,-0.0187242970162886,-0.0299895602820424,0.0005979010045008,phone_A,9.720719319462255,0.03536001287154223
2712,19,23,Standing,-0.1870651639728348,0.2114508901672891,9.733952319166558,-0.014798003248735,-0.0476986856772826,-0.008398540294703,phone_A,9.73804562560336,0.05064267957534955
2713,19,0,Laying,7.366179720964199,0.1201973694819818,6.342712621169993,-0.021664938657714,-0.0098446769001543,0.0039292518044759,phone_A,9.72137101873618,0.024119001846136155
2714,19,1,Laying,7.387357622207171,0.1136605160115216,6.375126186502893,-0.0207737536461826,-0.0155315435040925,0.0066673911454784,phone_A,9.758494004974196,0.026781183485025575
2715,19,2,Laying,7.372862353199554,0.1089398252989457,6.333663349642939,-0.0182474972482078,-0.0084860285075336,-0.0033067307708284,phone_A,9.720404240121582,0.02039407521916028
2716,19,3,Laying,7.357105603078459,0.0866240117187624,6.340689946085328,-0.016748006689716,-0.0165125826588005,0.0031495179370918,phone_A,9.712819135896758,0.023729318940470118
2717,19,4,Laying,7.409023352401442,0.1637249380472658,6.349363892626633,-0.0153019932513384,-0.0114758943105759,-0.0019604453132801,phone_A,9.758834701579863,0.01922733714058908
2718,19,5,Laying,7.342426389788963,0.1477578314830688,6.281274599035552,-0.0155943925548177,-0.0067092655763113,-0.0093915112617866,phone_A,9.66371917300597,0.019401025939560362
2719,19,6,Laying,7.345065660920694,0.1293442635755736,6.369200753346397,-0.0216689894670451,-0.0201899415553323,-0.0099067647919605,phone_A,9.722830747173612,0.031230159032157905
2720,19,7,Laying,7.310756457762631,0.0776473994530835,6.306025062400086,-0.0065632936839087,-0.0143225878309171,-0.003936098872818,phone_A,9.655006017138355,0.016239033853409187
2721,19,8,Laying,7.323426551580765,0.130037490736823,6.376356590733252,-0.0193223733710697,-0.0025720607024851,-0.0018155404800002,phone_A,9.711200213031479,0.01957717538826301
2722,19,9,Laying,7.345850060440954,0.1241831223793881,6.338371833056525,-0.0028596787391392,-0.0102703977982237,-0.0006174238996618,phone_A,9.703189787510528,0.01067895339893927
2723,19,10,Laying,7.33300748787573,0.1352267196506684,6.303860855329341,-0.0133273519157007,0.003437106749545,-0.0187357359087244,phone_A,9.671088189356075,0.023247791549610982
2724,19,11,Laying,7.347495545974067,0.1211987759905755,6.3212821765874985,-0.0151609679007194,-0.013783664023449,-0.0050540355677801,phone_A,9.693244467022028,0.02110420851674738
2725,19,12,Laying,7.345347799130923,0.1024646424008146,6.376777380921768,-0.0153719226708087,-0.0113815955054906,-0.0073729163888199,phone_A,9.727688474605634,0.02049869798120006
2726,19,13,Laying,7.361272012350898,0.1333260594043356,6.335964711574903,-0.0199235159460412,-0.019777399524502,0.0069559828916861,phone_A,9.713421143153392,0.028921924513997326
2727,19,14,Laying,7.317019538688079,0.131433378673845,6.301166185471948,-0.0075827664857254,-0.019840629228611,-0.0087286477601326,phone_A,9.657160294802393,0.022963845659747878
2728,19,15,Laying,7.316482657084874,0.1020732884777257,6.3342352382219556,-0.0130645049697936,-0.0227469721577411,-0.0028922477685435,phone_A,9.678009789247847,0.026390739466817813
2729,19,16,Laying,7.303914444387352,0.1325997589314864,6.344163560499623,-0.0134467498142533,-0.0149934251184742,0.0080260544328226,phone_A,9.67538940763472,0.02168030043862505
2730,19,17,Laying,7.326802560832029,0.0935804744691938,6.33738199368295,-0.019896158853348,-0.0183265952980177,-0.0058303624906293,phone_A,9.68778631083869,0.027671544212550185
2731,19,18,Laying,7.311471597572173,0.111692957637596,6.3448503692245835,-0.006238756236338,-0.0119373318996957,4.3807242542574006e-05,phone_A,9.681281859688816,0.013469368631618859
2732,19,19,Laying,7.320886269951912,0.0598381893986131,6.331036651690528,-0.0262971592883655,-0.0294567480910255,-0.0026709633386572,phone_A,9.678893607821596,0.03957745115456847
2733,19,20,Laying,7.332297086091231,0.1084239388395178,6.359767641663925,-0.0095733848492099,-0.0198246241257428,0.0069009101945269,phone_A,9.70674923778146,0.023071367118378365
2734,19,21,Laying,7.363208995764253,0.1335088198024294,6.30157538695909,-0.0153494800713573,-0.0274089821880104,-0.0013774253575383,phone_A,9.692498319721148,0.03144449305775585
2735,19,22,Laying,7.296277224964274,0.1135361116800282,6.3270934690790765,-0.023629670803937,-0.026699222789869,-0.0038606223493736,phone_A,9.658191526297813,0.03586243500949114
2736,19,23,Laying,7.319714215361824,0.1105558052626724,6.313482153882675,-0.0156225138248115,-0.0281883895847142,-0.0037159575675934,phone_A,9.666979656958127,0.03244158729517107
2737,20,0,Walking,0.3804211088425774,-0.6370874204804743,9.487887389763475,-0.3827348243511922,0.1435721759577971,-0.0857982598393406,phone_B,9.516859131153527,0.4176843986455008
2738,20,1,Walking,-0.5123053688071567,-0.4816447372361581,9.310883949478091,-0.3486486789458589,-0.0565476115127202,-0.0744107556849978,phone_B,9.33739783689571,0.36095774580980877
2739,20,2,Walking,-0.9294516667979914,-0.2800583777899497,9.29382840721802,-0.2112845135572812,-0.1314027230919466,0.0070278382154933,phone_B,9.344386526610323,0.2489120563875902
2740,20,3,Walking,-1.278940474181527,0.0786744170926744,9.501004682988496,0.037484053249648,-0.2078491150756743,0.0490518948970511,phone_B,9.587020829568166,0.21682342419294712
2741,20,4,Walking,-1.1498832062204718,0.4700816752773406,9.23321988541501,0.2938488367751913,-0.1915846682223975,0.1382593550870865,phone_B,9.316413345370771,0.37705102206613395
2742,20,5,Walking,-0.5151088825513581,1.0509873049011182,9.86031065989518,0.474899591240723,-0.0299827386857803,0.190997488641172,phone_B,9.929533613699546,0.5127461623912364
2743,20,6,Walking,0.3120167983419781,0.9377575880131548,10.090978395046148,0.4425089761485065,0.1754572512632699,0.1872201095377798,phone_B,10.13925977306095,0.5115181427947595
2744,20,7,Walking,0.997131707575388,0.5527440811993533,10.258367342860582,0.3836513911611226,0.289485305696995,0.053034304934119,phone_B,10.32152596289045,0.48353156014286436
2745,20,8,Walking,1.6704031548158835,0.1773827342981759,10.121045072650862,0.1387745616827809,0.367714199603464,-0.0091211004368603,phone_B,10.259496317884043,0.39313522614164637
2746,20,9,Walking,1.555891851972319,-0.1468866112399915,10.141299585946788,-0.0848117988192486,0.3651661889246451,-0.0838315857849255,phone_B,10.261010302281152,0.38414466224057
2747,20,10,Walking,1.0740901816257724,-0.4334099633507712,9.90914326645256,-0.2672857905245292,0.3020030452902814,-0.1491917883164431,phone_B,9.976604341642437,0.43000665446244507
2748,20,11,Walking,0.3614947096633257,-0.483024944605145,9.421325413720725,-0.3733284100082418,0.1524366573636397,-0.0949440115616957,phone_B,9.440623076547721,0.4142769623801316
2749,20,12,Walking,-0.3749140540775584,-0.617218402380141,9.51974768815974,-0.3776308007380632,-0.0406560151173199,-0.123389612165923,phone_B,9.547099829288697,0.39935313899072766
2750,20,13,Walking,-0.8956959416580179,-0.2978923738652582,9.296377433004478,-0.1964643327013127,-0.1331373628385768,0.0095910014964678,phone_B,9.34417703509435,0.23752005960989522
2751,20,14,Walking,-1.4422034653700786,-0.3063848866160126,9.504136725343052,0.011722703114919,-0.201580156884091,0.0933091399576041,phone_B,9.617818745863676,0.22243780482949166
2752,20,15,Walking,-1.018708973267208,0.713614960127706,9.751954783351373,0.3220789755483967,-0.1444028605562996,0.1746058323615993,phone_B,9.830952974155808,0.39379467914362903
2753,20,16,Walking,-0.5990059758476967,0.6617796379401208,10.09915109229117,0.4555562263904164,-0.0285381359360734,0.1549130397936905,phone_B,10.138521254759953,0.48202069509918727
2754,20,17,Walking,0.2857075660565248,0.6158202423120323,9.938948713901016,0.503675456216421,0.1160533828328458,0.1789472077872385,phone_B,9.96210645002842,0.5469729938823451
2755,20,18,Walking,0.7708638144719951,0.8327264740572639,10.253364304560025,0.4772104010344661,0.2790375972461369,0.0820372232924357,phone_B,10.315965488653198,0.5588576326202463
2756,20,19,Walking,1.2217161659453062,0.6174182206957914,10.20691984725405,0.2179790258064861,0.3220550745226527,-0.0122233134146881,phone_B,10.298301239410696,0.3890806293150172
2757,20,20,Walking,1.5152897665345613,-0.0044541663428704,9.787644168020163,-0.0158720612233046,0.3373117793334259,-0.0357328326425655,phone_B,9.904246628388314,0.33957030808540917
2758,20,21,Walking,1.1024971968163837,-0.4980698868247187,9.963551713100806,-0.2453440587766694,0.3320614139971432,-0.1212746828259457,phone_B,10.036729368712876,0.43030923594239257
2759,20,22,Walking,0.4175292398310824,-0.699800979550262,9.675525723481073,-0.3372330522414196,0.1413834971404076,-0.1171351025150514,phone_B,9.709781156279341,0.38397403171168654
2760,20,23,Walking,-0.4852652938799117,-0.8947923315519335,9.506314974935131,-0.3598543104074192,-0.0160450331544185,-0.1339967061691663,phone_B,9.560656887720866,0.3843275752166523
2761,20,0,Walking Upstairs,-1.1838333108946102,-0.4187028305737426,9.427461659303368,-0.2473464839989096,-0.1307787002366102,0.0224803604659264,phone_B,9.510720619698025,0.2806932813390409
2762,20,1,Walking Upstairs,-1.6355489763704507,0.3906689793725553,9.812234289315896,0.1351798720149385,-0.2153136226803119,0.1922763471051994,phone_B,9.955279225314428,0.3187534275357898
2763,20,2,Walking Upstairs,-1.242690578939607,1.1728059590284388,10.209427214907873,0.5488851427138632,-0.1276566520621272,0.2885870243836086,phone_B,10.351432642345667,0.6331299956172622
2764,20,3,Walking Upstairs,-0.1024036085363733,1.1083347020324028,10.376232849233622,0.7768991221467773,0.1237830501465099,0.2583342982441974,phone_B,10.435760655183953,0.8280284410244182
2765,20,4,Walking Upstairs,1.0429356920277717,1.4115205086896998,10.660940692314718,0.6699461413375689,0.3929729684690834,0.1988211382031332,phone_B,10.804432490844158,0.801739004437785
2766,20,5,Walking Upstairs,2.022485587224614,0.6178989742076716,10.723228135894228,0.4201719840222971,0.5412372872684635,0.0366265192803023,phone_B,10.929769839630282,0.6861660143154492
2767,20,6,Walking Upstairs,1.73963565997984,0.2602842613811282,10.597457892712333,0.0183169136445936,0.596524352476269,-0.0607399545077719,phone_B,10.742448227196961,0.5998884517110674
2768,20,7,Walking Upstairs,1.3838358709428815,-0.473438022692312,10.401254887964717,-0.3690565892377281,0.4867044392710082,-0.1993616370859006,phone_B,10.50358265181214,0.6425177348583166
2769,20,8,Walking Upstairs,0.1410914380414626,-0.6692986684049826,9.766467935026622,-0.4711188632937587,0.2307119180712802,-0.1165703758554845,phone_B,9.790391382744637,0.537372891964622
2770,20,9,Walking Upstairs,-0.676420816989873,-0.692773561372128,9.427705184261962,-0.3632792750746151,-0.0883160758151735,-0.021546861624908,phone_B,9.477294200896864,0.37448074475466997
2771,20,10,Walking Upstairs,-1.3780980139025527,-0.0106314525961969,9.668563873732053,-0.0458870456398949,-0.2060868218182275,0.1191294734492445,phone_B,9.766288678108129,0.24242365917746125
2772,20,11,Walking Upstairs,-1.243139388237129,0.7292036265623106,9.763539551598326,0.3958601401867382,-0.2408473952467983,0.2280957433806149,phone_B,9.869338277878768,0.5164691535166324
2773,20,12,Walking Upstairs,-0.5690608952011594,1.1556095554303418,10.311402120729309,0.6842941174700231,-0.036748648053646,0.307411701353127,phone_B,10.39154836597655,0.7510731365630599
2774,20,13,Walking Upstairs,0.3524270792703619,1.50776801514948,10.30399108694941,0.7798186255828299,0.2314386469893796,0.2411538024932418,phone_B,10.419683371083966,0.848431548554813
2775,20,14,Walking Upstairs,1.5795404085567284,1.084030959964146,10.858307940111612,0.6035656659275476,0.4750101736161134,0.1502789685714185,phone_B,11.026011171167713,0.7826301466978278
2776,20,15,Walking Upstairs,1.9950522979807637,0.4191948441246373,10.714261955177122,0.2081285690404526,0.6067962159676042,-0.0024597420395176,phone_B,10.906482807632115,0.6415022987443855
2777,20,16,Walking Upstairs,1.8668173525796707,-0.4115288170595874,10.533093111828178,-0.2148865198273609,0.501830019399194,-0.0855133310521064,phone_B,10.7051582658831,0.5525596027229437
2778,20,17,Walking Upstairs,1.0230005421613533,-0.591820206114858,10.103609899419258,-0.4779697824315843,0.3248139476060468,-0.152007310227532,phone_B,10.172497936361111,0.5975495258467945
2779,20,18,Walking Upstairs,-0.0892907452217702,-0.7548467735594294,9.976311616035073,-0.5027880403014863,0.0381807278496913,-0.1634760353549496,phone_B,10.005226631564707,0.5300735756333397
2780,20,19,Walking Upstairs,-1.3855484953944657,-0.3898658359513005,9.56258683107185,-0.2406113611369711,-0.1405336887890883,0.0261336333771403,phone_B,9.670305419422938,0.2798687399234595
2781,20,20,Walking Upstairs,-1.5268056953468752,0.341334151919199,9.625808149218422,0.1796592694830447,-0.2557005695472311,0.1598438933812034,phone_B,9.752119111258324,0.35101325420733215
2782,20,21,Walking Upstairs,-1.147976990084625,1.1015502241182478,9.995216224289477,0.5390545229425204,-0.1338541414489914,0.2943744868628422,phone_B,10.121047941607545,0.6286120014791291
2783,20,22,Walking Upstairs,-0.1350850071689279,1.6198693062090652,10.403915469982438,0.7614292149207212,0.0893576131787358,0.2958471814263126,phone_B,10.530132080600888,0.8217571339061681
2784,20,23,Walking Upstairs,0.9537846050821838,1.326807607197098,10.65990975417687,0.7251753050397154,0.3594672171554653,0.219638555036932,phone_B,10.784423928360894,0.8386518932832919
2785,20,0,Walking Downstairs,1.6193204868944064,0.6455935246004653,10.391412399238046,0.4522950866240667,0.2432078646966208,0.0182637101009512,phone_B,10.53662381834524,0.5138623102945121
2786,20,1,Walking Downstairs,2.185216033121629,-0.3614727080138992,10.024978123102809,-0.0920812030965864,0.3637338761022069,-0.1617357249753103,phone_B,10.266743300518458,0.40858258078549997
2787,20,2,Walking Downstairs,1.362907967466651,-1.1874678997411483,9.732541972808908,-0.6140459636460555,0.1930526559393349,-0.2672315114910403,phone_B,9.89898840251805,0.6969465217425438
2788,20,3,Walking Downstairs,-0.0630890861014555,-1.492500991541441,9.09703915017539,-0.8729830509442493,-0.0496976594320684,-0.3282993561989153,phone_B,9.21887524280273,0.9339966444637678
2789,20,4,Walking Downstairs,-1.4145799774051635,-1.1840247418891685,8.611558422507203,-0.7553246639734914,-0.4513361602486295,-0.1798967158424241,phone_B,8.80692282049389,0.8980993853274448
2790,20,5,Walking Downstairs,-2.5092932401520693,-0.4774992252319177,8.530886439797513,-0.2172657622793448,-0.6249851957964229,0.0496535616144054,phone_B,8.905087395634645,0.6635332565926996
2791,20,6,Walking Downstairs,-1.9885832276170463,0.3440802771616288,8.962420748707062,0.3251849330234545,-0.576949538395488,0.1927335410999308,phone_B,9.186829712536655,0.6897551945329256
2792,20,7,Walking Downstairs,-0.9269366568798304,1.1989620015057396,9.730223758538504,0.6684643997561713,-0.2463989148851202,0.1922001813609556,phone_B,9.847536536522695,0.7379010697330147
2793,20,8,Walking Downstairs,0.7919804667844867,0.7307207077912616,10.2081897757074,0.5877176494343127,0.0323745409291824,0.1066931369293057,phone_B,10.264907418453427,0.5982002773526476
2794,20,9,Walking Downstairs,2.014047732875998,0.3153462624326635,10.087796386844492,0.2339863317319515,0.312786422018003,-0.0475525892287226,phone_B,10.291718392861611,0.39350501645919933
2795,20,10,Walking Downstairs,2.08028876495874,-0.7668047289534251,9.699863093766266,-0.3569431247026664,0.3402497009969677,-0.2333993173649772,phone_B,9.950021853029659,0.5455762958995438
2796,20,11,Walking Downstairs,0.95394334574218,-1.4657406586173147,9.30443474073801,-0.7928021058662117,0.0906214038554899,-0.278532940814459,phone_B,9.467360214434756,0.8451792809939147
2797,20,12,Walking Downstairs,-0.6998999702570698,-1.5820438454037895,8.890186511799351,-0.8409366081198161,-0.255794078865332,-0.2451885668943129,phone_B,9.056938716350297,0.9125362584545953
2798,20,13,Walking Downstairs,-2.2094253609529613,-1.2941206030757284,8.798695373174306,-0.5163824428739769,-0.567828632926449,-0.080692966601412,phone_B,9.163697334092072,0.7717457732560332
2799,20,14,Walking Downstairs,-2.12206013549585,0.0930080919100211,8.955439957619088,0.0156493284967251,-0.6597721457772421,0.0308210835213643,phone_B,9.203895618614,0.6606770201962043
2800,20,15,Walking Downstairs,-1.470707690953981,0.8644226010370573,9.451395163047737,0.5519358374583933,-0.4613840426233169,0.1901545487528006,phone_B,9.60411776653624,0.7440881371650229
2801,20,16,Walking Downstairs,-0.1289103532700203,0.9886211799546092,9.690107505440816,0.7493149731556674,-0.1453501304304008,0.1791140337126913,phone_B,9.741261375388481,0.7840162157023566
2802,20,17,Walking Downstairs,1.175016876657745,0.6453418412639392,10.076524059148015,0.4512798064148416,0.1905326822019828,0.0404092890196452,phone_B,10.165307071953373,0.49151711801723846
2803,20,18,Walking Downstairs,1.9512045496395127,-0.2729655309074661,10.211288010735515,-0.0686016302494016,0.3656232100002148,-0.1636018200438195,phone_B,10.39962077259495,0.40638906344214915
2804,20,19,Walking Downstairs,1.3863100943870277,-1.1422992737841022,9.858965902064863,-0.6234781923955564,0.2394971337728887,-0.313525788954581,phone_B,10.021272971372683,0.7378227116440994
2805,20,20,Walking Downstairs,-0.2523958224338823,-1.6742203641562532,9.326407539643666,-0.8721131310576665,-0.0471987820516389,-0.3174889612378903,phone_B,9.478849881418093,0.9293052667978802
2806,20,21,Walking Downstairs,-1.742715037451717,-1.480204619985778,8.740345884395248,-0.7381153482075007,-0.4380579654413504,-0.2048652323321708,phone_B,9.03447328833577,0.8824277940798384
2807,20,22,Walking Downstairs,-2.2202245880996667,-0.6238202877623598,8.732601259609634,-0.2570181197201491,-0.6454406510462087,-0.0243111811323323,phone_B,9.031991681371391,0.6951568034734924
2808,20,23,Walking Downstairs,-2.137674620328553,0.5878980494679644,9.181555554655766,0.3338989313139186,-0.5998452597691923,0.1246611364372312,phone_B,9.44543483923293,0.6977415215808564
2809,20,0,Sitting,0.1649760159352896,-0.130701076708939,9.802940189935065,-0.0178157135290746,0.0014449489614092,-0.0021059070943047,phone_B,9.805199448493177,0.01799784350251363
2810,20,1,Sitting,0.1211714332925832,-0.1514320456183103,9.842111877650575,-0.0122477439915994,0.005862884937482,-0.009327981657745,phone_B,9.844022571737474,0.016473976280216615
2811,20,2,Sitting,0.1244557825336684,-0.1292044158986132,9.800459149341124,-0.0009067046146387,-0.000503845172086,-0.0015614283613676,phone_B,9.802100925862677,0.0018745750834054614
2812,20,3,Sitting,0.1349079111669578,-0.1394488906508543,9.809101847567698,-0.0093930080972573,0.0020246461806272,-0.0014618585821224,phone_B,9.811020598977214,0.00971930160999207
2813,20,4,Sitting,0.1244095264932395,-0.1486667977947804,9.847221747546158,-0.0051060849802171,-0.008455266280885,0.0024641517878605,phone_B,9.849129692129901,0.010180160889666019
2814,20,5,Sitting,0.1106013400561016,-0.1307156052703727,9.802476761686298,-0.0128311080135228,-0.006616735020678,-0.0107428819208317,phone_B,9.8039721485367,0.017995222342429902
2815,20,6,Sitting,0.1060048847338521,-0.1373804734395836,9.793289438183956,-0.0088949551060334,-0.0077971452347446,-0.0064183058912643,phone_B,9.794826616643878,0.013457724572300033
2816,20,7,Sitting,0.1186853811172848,-0.0577600117020675,9.803974822896349,0.0009075716342096,-0.0056648702993357,-0.0051629234224888,phone_B,9.80486332217988,0.007718174657650673
2817,20,8,Sitting,0.1218489749486454,-0.1127498719513151,9.813003303725628,-0.0050397555492275,-0.0135629310033461,-0.003974698296315,phone_B,9.814407447485108,0.01500501449330275
2818,20,9,Sitting,0.0635470912451221,-0.0723761820932278,9.862213652513937,0.0007576036997948,-0.0071446766620167,0.0031258796416532,phone_B,9.862683948721687,0.007835272267433392
2819,20,10,Sitting,0.0779038041075768,-0.0829513032181153,9.797959873301238,0.0147829575145162,-0.0127230828316058,0.0028061930428807,phone_B,9.798620698864775,0.019705009236481094
2820,20,11,Sitting,0.1050825155652113,-0.047513074800569,9.796413943832242,0.009371173790482,-0.0082028853101067,0.0004979021679593,phone_B,9.797092731329295,0.012464113774795208
2821,20,12,Sitting,0.114145851615032,-0.1152927238406758,9.745342577102626,0.0101996675290946,-0.0151765303257095,0.0057975547063614,phone_B,9.746692958778418,0.019182594480531043
2822,20,13,Sitting,0.11645339365401,-0.0647363921999678,9.830977282748387,-0.0096400005023481,-0.0087440512493544,-0.0025855833804223,phone_B,9.83188011151903,0.013269260844286838
2823,20,14,Sitting,0.1363936510162915,-0.076050297004395,9.827099109195828,0.0049231516496336,-0.018007206629872,-0.0024400265397005,phone_B,9.828339828153554,0.018826859597145747
2824,20,15,Sitting,0.0622480460607097,-0.1016631430330012,9.776667997372272,-0.0006564999018109,-0.0118384510777689,0.0040225270071472,phone_B,9.777394711513537,0.012520408921638061
2825,20,16,Sitting,0.1067971981630866,-0.0954589747115054,9.790978351797394,0.0074763084274119,-0.0173839917663717,0.0010782246450232,phone_B,9.792026099983275,0.0189541796398632
2826,20,17,Sitting,0.0702679872747467,-0.061575672110802,9.802015268613046,0.0130340240396503,-0.006948759930405,0.0040315205214148,phone_B,9.802460531904977,0.01531091783503434
2827,20,18,Sitting,0.1293618581497603,-0.1269526542982069,9.805523613214088,0.0187708406207631,-0.0089473629785226,0.0137325161411193,phone_B,9.807198621220863,0.02491950564207944
2828,20,19,Sitting,0.1534271249448172,-0.064057155923376,9.813315842450406,0.0077480451808235,-0.0144991104676731,0.0007344914830162,phone_B,9.814724195084747,0.01645587695069738
2829,20,20,Sitting,0.0977679848030853,-0.0908709715097838,9.831530381347257,0.0249869108566971,-0.0055993180483334,0.0017531409709998,phone_B,9.83243640974452,0.02566654593105815
2830,20,21,Sitting,0.1400682304340656,-0.055739514129304,9.822442833183462,0.0154507635597127,-0.0118689258277896,0.0080560930378451,phone_B,9.823599605733607,0.02108312429214734
2831,20,22,Sitting,0.1206511889060043,-0.0792589234067604,9.806090288617936,0.0191135994411457,-0.0074868958044989,0.002688433411152,phone_B,9.807152769017673,0.020702921692123233
2832,20,23,Sitting,0.0916098015634011,-0.0265868025771003,9.853596884045,0.0065013888143332,-0.0013336792379765,0.0036838312338788,phone_B,9.854058593649375,0.007590610606838387
2833,20,0,Standing,0.0950590585752376,0.2138932073821129,9.85492202411886,0.0154985185322904,0.0090483640897904,-0.0227288630539507,phone_B,9.857701285301983,0.028959941041417928
2834,20,1,Standing,0.0867505670351152,0.1974581109518519,9.806232074984134,0.0091815112220997,0.0135068907486908,-0.0154841266865367,phone_B,9.808603512983344,0.022505431017052966
2835,20,2,Standing,0.0886850737247598,0.1609052902738026,9.817255523818677,0.0235722897511149,0.0074975733269477,-0.0099948701025292,phone_B,9.818974568389917,0.026678903243385142
2836,20,3,Standing,0.0314584363805129,0.1433618422832043,9.822770347631211,0.0096391697439003,0.0135049696956162,-0.0166622707688091,phone_B,9.823866833042135,0.023514443795343003
2837,20,4,Standing,0.0454848744321716,0.1125623561948238,9.830661634865097,0.003358380126766,0.0163778501863955,-0.0159184900771618,phone_B,9.831411258666924,0.023084865608024897
2838,20,5,Standing,0.0413894786275454,0.1617196414507071,9.835978882728526,0.0074473497851494,0.0144397607043025,-0.0082757326014161,phone_B,9.837395331735607,0.01823341597479816
2839,20,6,Standing,0.0286045997513582,0.1206691915459671,9.835726281501064,0.0015293954493162,0.0086603016837306,-0.0233988315618424,phone_B,9.836508057310075,0.024996903691319218
2840,20,7,Standing,0.0258356308172715,0.1026022101405953,9.844265485502316,-0.0012083518042438,0.0037894862228281,-0.0239510610042984,phone_B,9.844834058652163,0.024279078301027962
2841,20,8,Standing,0.0026353000100015,0.1005313716562951,9.79223583553931,-0.0010395361780399,0.0003755193046637,-0.0043272312700303,phone_B,9.79275222602479,0.004466159499833941
2842,20,9,Standing,-0.0109938629062837,0.074861608055953,9.833865089649471,-0.0014546070060418,0.0027044056561983,-0.0159786767427627,phone_B,9.834156177670199,0.01627107255054223
2843,20,10,Standing,0.0127002935120484,0.1099524431535791,9.754560601992347,-0.025606382037934,-0.003783003021188,-0.0073883940736955,phone_B,9.75518853611513,0.026918140350313303
2844,20,11,Standing,0.0384421529093612,0.0973394873011669,9.758456188514971,-0.0100393095066285,0.0012994286972288,-0.0145158620933238,phone_B,9.759017366419352,0.017697076103736963
2845,20,12,Standing,-0.0818982553189893,0.1811160403919164,9.806322610801873,-0.013537697403888,-0.0083401626538495,-0.0118494070622637,phone_B,9.808336938107072,0.019830179318884807
2846,20,13,Standing,-0.0172869358643918,0.1037191858798307,9.785300384129412,-0.0133105717257925,-0.0043554390266321,-0.0128905198370188,phone_B,9.785865322766014,0.019034355004852458
2847,20,14,Standing,-0.0320758056094865,0.1088976862500756,9.804770970212926,-0.0221384692745581,-0.0143006378476069,-0.0163935177337914,phone_B,9.805428156980513,0.031038161806993224
2848,20,15,Standing,-0.0697973054114039,0.0928962166664504,9.798573649038469,-0.0130100056528483,-0.0232115824366991,-0.0182342504402438,phone_B,9.799262570548086,0.03225718052496768
2849,20,16,Standing,-0.0607630838186482,0.105910750735002,9.777077978150013,-0.0084742924976773,-0.0157355971950267,-0.0218412613709985,phone_B,9.777840407283316,0.028221682279704608
2850,20,17,Standing,-0.0835542843425772,0.0923940483273832,9.753251371638324,-0.0060317565524124,-0.0150554965763991,-0.0085875289279137,phone_B,9.754046867683341,0.01835199491492109
2851,20,18,Standing,-0.0919578417987016,0.1496041216124788,9.774840636452613,-0.0080309946119958,-0.0163175232317621,-0.0163082911503048,phone_B,9.776417907695897,0.0244278283750339
2852,20,19,Standing,-0.1443059174255794,0.1014985369839961,9.774814082595904,-0.0064340400378963,-0.0230664346535815,-0.0159519934021672,phone_B,9.776406113707079,0.028773657611433138
2853,20,20,Standing,-0.1490038531857098,0.1578395115029241,9.749528405167062,-0.007410404877983,-0.0284055917978724,-0.001854875046,phone_B,9.751944400108886,0.02941483141680849
2854,20,21,Standing,-0.0857825087781994,0.1043043274344704,9.782944524997635,-0.0033534958536813,-0.0299659852107164,-0.0095844849045436,phone_B,9.783876614651017,0.03163966742832414
2855,20,22,Standing,-0.1342006091642151,0.1023691551170261,9.772857272030148,-0.0012176392520919,-0.0242999495843361,-0.0044829071551112,phone_B,9.774314733365811,0.024739980834892705
2856,20,23,Standing,-0.1067182222550915,0.0917025982964431,9.731930461412745,0.0063207230892108,-0.0371055839854185,-0.0023132748052323,phone_B,9.732947582889208,0.03771110106578633
2857,20,0,Laying,7.387002050432441,0.177365053222869,6.380015845941731,0.0039683207564099,-0.0001106961737066,0.0146657154291169,phone_B,9.762369581698156,0.015193519418372572
2858,20,1,Laying,7.457762800732057,0.1504059631139431,6.327525380186957,0.0181049672000284,0.0046868893986799,0.0027636841207498,phone_B,9.781534919563146,0.018904886126841568
2859,20,2,Laying,7.415226787451791,0.118892485721374,6.371941005672861,0.0009654695456881,-0.0102634085069606,0.0039879754507478,phone_B,9.777594587232532,0.011053218256244175
2860,20,3,Laying,7.3814391120639264,0.1086573239773134,6.351146114261708,0.0182679371197841,-0.0047352702514491,0.0045130624196742,phone_B,9.73830101936999,0.01940381517564317
2861,20,4,Laying,7.410255467852986,0.1338177395134963,6.398629127850793,0.0107215941416538,0.0077084149514455,0.0109323854719353,phone_B,9.791437483946583,0.01714319964618611
2862,20,5,Laying,7.38454559010829,0.1363190124928472,6.370834801565191,0.0205957980375331,0.0030800109958024,-0.0036989350258252,phone_B,9.753852188463235,0.02115077976960643
2863,20,6,Laying,7.405923649826396,0.0917228594499398,6.362252942672072,0.0260523681798911,-0.0116074204354668,-0.0051768142369528,phone_B,9.763932645022857,0.028987195493703974
2864,20,7,Laying,7.402098850489989,0.1803313369606052,6.375839433650418,0.0062041534043118,-0.0128026895388273,0.0050624680389187,phone_B,9.771126611972997,0.015100627852407497
2865,20,8,Laying,7.368735107037035,0.1499965715176127,6.373621304632225,0.0149734576157591,0.0085939053326779,0.0080594191869816,phone_B,9.743911154357317,0.01905292312138615
2866,20,9,Laying,7.430185304817884,0.1704496053758027,6.365981996324388,0.0170020133463816,-0.0036604993198374,0.0086270153413145,phone_B,9.785828197420525,0.019413735003866305
2867,20,10,Laying,7.385354210941795,0.1913364734034071,6.352092792699012,0.019688223818259,-0.0028198120891247,0.001842534351257,phone_B,9.74315910340116,0.019974294234625583
2868,20,11,Laying,7.457674447452913,0.1379280989349734,6.364118234145687,0.0146247140790642,-0.0007609745814079,0.0039294396842326,phone_B,9.804995319879227,0.015162514317881107
2869,20,12,Laying,7.377167621030472,0.138905697237131,6.3879640010733,0.0249545826789925,-0.0004174213085592,0.0048643437611703,phone_B,9.759507209921706,0.02542768722197023
2870,20,13,Laying,7.397934023961895,0.1374797109977864,6.350704732822992,0.0096105077673003,-0.0043236171665046,0.0098909625596075,phone_B,9.750886067293035,0.014452912000818037
2871,20,14,Laying,7.398181188402871,0.1418302520516386,6.365513638302784,0.0265506401669073,-0.0052210547414848,0.0060685060243537,phone_B,9.760787088972585,0.02773125801787199
2872,20,15,Laying,7.408931360524436,0.1525320344313095,6.381698602723572,0.0195313272115045,0.0055702224749559,0.0041535871997233,phone_B,9.779652702550035,0.02073047051296871
2873,20,16,Laying,7.456118405696642,0.1522114019312983,6.3339225242753985,0.0230978616147145,0.0036311674859363,0.0044309221475819,phone_B,9.784449117562488,0.023797681810658663
2874,20,17,Laying,7.407896132125027,0.0984112718776204,6.328735686927911,0.0292063183134334,-0.0017653241755792,0.0099196784750797,phone_B,9.74369053684385,0.030895394801158296
2875,20,18,Laying,7.376192273376581,0.1251940479152657,6.395246649771119,0.0187328238043639,0.0054443670229622,0.0039184911828475,phone_B,9.76335320035399,0.019897597671983288
2876,20,19,Laying,7.412961087293899,0.1343643809716228,6.349278702647695,0.0277640291699075,0.0120934139244231,-0.0023732947481326,phone_B,9.761320910230491,0.030376380693828864
2877,20,20,Laying,7.392433596339225,0.142582334171682,6.388460209607296,0.0182302680006443,0.0061573515529638,0.003406685292356,phone_B,9.77142917121331,0.019541267978390144
2878,20,21,Laying,7.419046209120311,0.2114262290766024,6.367610418518585,0.029107637982868,0.0123105130093485,0.0065549636218926,phone_B,9.779233617489176,0.032276475451625354
2879,20,22,Laying,7.375624665676447,0.1516101015874034,6.368633140243886,0.0193088218758557,-0.0022819726682782,0.0078815228742697,phone_B,9.745886973839315,0.020979904773614416
2880,20,23,Laying,7.45025397843184,0.1797310709870985,6.37267320702616,0.0127257668470609,0.0066687643764685,0.0136797566191251,phone_B,9.805587764360007,0.019838177872806426
2881,21,0,Walking,-0.5921813541239427,0.9092532032265712,9.823897951969974,0.4130046085506184,-0.0891371453442629,0.1692187870235491,phone_A,9.883642603537913,0.45514089603758423
2882,21,1,Walking,0.1021873061608618,0.9139435746008122,9.97546388380168,0.5183876989839333,0.1257221371874016,0.1922141716245995,phone_A,10.017764960315562,0.5669904320269927
2883,21,2,Walking,0.6884898625786562,0.6972187984881857,10.035793636018994,0.4190273530966581,0.2490420468557055,0.0868253650971988,phone_A,10.08351556990905,0.49512070020302396
2884,21,3,Walking,1.3049707347863464,0.549557295357587,9.93081339797818,0.2814184366356768,0.3616490915648476,0.0452748586350445,phone_A,10.031251994890393,0.4604739023360295
2885,21,4,Walking,1.3663301850942022,0.1173692057742343,10.01183589245117,-0.0049959977036571,0.3763930476517703,-0.0237988974158807,phone_A,10.10531996735072,0.3771777748381449
2886,21,5,Walking,0.9211087261474749,-0.2406732115446841,9.841358143349204,-0.2785873707950245,0.3582090077819654,-0.072513103537567,phone_A,9.887299681197387,0.4595462616617336
2887,21,6,Walking,0.1898520892311689,-0.5708764103915732,9.710681266561927,-0.3756760950866072,0.205558704972905,-0.0992535312592318,phone_A,9.729299787368245,0.43958864075074394
2888,21,7,Walking,-0.3106281768315657,-0.3168358193254564,9.5715309341195,-0.3943777928912522,-0.0135312047189669,-0.0670318157397281,phone_A,9.581809809396962,0.40026266544393924
2889,21,8,Walking,-1.0952889449357806,-0.3983832119549605,9.349646894841058,-0.2412096763327637,-0.1454912120999763,-0.0607002920714269,phone_A,9.422009558192833,0.28815677367091935
2890,21,9,Walking,-1.1901191910981648,0.0070079317411933,9.651382282095788,-0.0148291677245369,-0.1795676348955103,0.0729454498937081,phone_A,9.724485218009226,0.19438487178164154
2891,21,10,Walking,-1.070379424126064,0.5665869256705025,9.569587768254609,0.2538703274347719,-0.1273736799358636,0.1235408541246752,phone_A,9.645918458615615,0.3097362428423519
2892,21,11,Walking,-0.6321603243700451,0.8401832382990617,9.795040032170236,0.4203432794486211,-0.1361877091283224,0.1637919574875861,phone_A,9.851311779729837,0.4712360024794979
2893,21,12,Walking,0.1364120326987308,0.8850229500799348,10.03826751331736,0.5003992972969009,0.0724008112128153,0.1833617130467578,phone_A,10.078129217952897,0.5378316205012007
2894,21,13,Walking,0.8539432334910284,0.9143635048934862,10.183371783273586,0.4373522138829837,0.1980187145812186,0.0991076179105837,phone_A,10.259938622695502,0.49021494289816936
2895,21,14,Walking,1.087882625727734,0.6160130294992021,10.201356617055776,0.272009971074095,0.3654037617862609,0.0527660561444875,phone_A,10.277676658088671,0.45857779075345956
2896,21,15,Walking,1.2581527281945952,0.0853713898224649,9.844939019988544,-0.0073438546273457,0.4242114474878432,-0.0270256147235468,phone_A,9.925374595900989,0.4251348823981682
2897,21,16,Walking,1.2359946033175109,-0.3378127339991706,9.729603538279534,-0.2267523936528288,0.3492524554037725,-0.1041479403805242,phone_A,9.813612235807142,0.42923270974886885
2898,21,17,Walking,0.3322002908654419,-0.5642214497612551,9.418181309015957,-0.3579989935218242,0.1682952582694775,-0.1634321199793253,phone_A,9.440913199850918,0.4280147557731694
2899,21,18,Walking,-0.1592109357987135,-0.5356795963598298,9.502051208224614,-0.3379528665869964,0.0343856334002227,-0.1201113267319036,phone_A,9.518470355879508,0.36030715039810246
2900,21,19,Walking,-0.8779121568162456,-0.4203337819393167,9.534048642044834,-0.2637708897942945,-0.1183171386764207,-0.0728413657547718,phone_A,9.583605467265548,0.29812730866606246
2901,21,20,Walking,-1.3061140375974027,-0.0006248989329395,9.277180642507448,-0.055758885950044,-0.1969056121189696,0.0477289582432992,phone_A,9.368671994654449,0.21014025530898814
2902,21,21,Walking,-1.430381215437993,0.4187157066222596,9.466527030238218,0.2051397709881448,-0.1944010421276721,0.1132359347971208,phone_A,9.583133479122623,0.30446094618320296
2903,21,22,Walking,-0.8530154902672716,0.8195215647822423,9.827234077866963,0.4097415802653127,-0.0619640426017422,0.1950481170659464,phone_A,9.898170570512956,0.4580081583823998
2904,21,23,Walking,0.1082668594786355,1.1381524044531577,10.095760832349924,0.4653320024429644,0.0745593462830388,0.1944243540048596,phone_A,10.160290320292757,0.5097978011387849
2905,21,0,Walking Upstairs,1.9498223584198555,0.5820615187115022,10.6584333000372,0.2366257622320718,0.5479495253222454,-0.0254262297366722,phone_A,10.85093559340855,0.597400139614484
2906,21,1,Walking Upstairs,1.5762076746838627,-0.1756761455726429,10.652183820939506,-0.2220537124461077,0.5298632307058384,-0.1129088229155311,phone_A,10.76960133416929,0.5855008938996575
2907,21,2,Walking Upstairs,0.8846666712337606,-0.6060191710479139,10.056038557028064,-0.51207765707019,0.326127962244055,-0.1506020502602597,phone_A,10.11305126138024,0.625510952878164
2908,21,3,Walking Upstairs,-0.155284166414637,-0.5199790584138605,9.730947504263291,-0.4973232129665412,0.0882704561438637,-0.1306892167249689,phone_A,9.74606744919488,0.5217295496245112
2909,21,4,Walking Upstairs,-1.2897348961793094,-0.2747248258688003,9.406265001043725,-0.2501975062419856,-0.1146411389241622,-0.0068068864993165,phone_A,9.498247791157661,0.27529568933666954
2910,21,5,Walking Upstairs,-1.492012599534991,0.3481004158473817,9.547858978271831,0.1948139061885543,-0.2394327054244919,0.1259574919532456,phone_A,9.66999930535935,0.3333853149892573
2911,21,6,Walking Upstairs,-1.0944858639036807,1.119665854461168,10.056096072896574,0.5857288885282611,-0.1395876133437254,0.2490150674793176,phone_A,10.177259904279596,0.6515915411415948
2912,21,7,Walking Upstairs,0.0736119738443488,1.5658771864739054,10.445316666756806,0.7370700038198923,0.1303893988170787,0.3033381186374265,phone_A,10.56229285499319,0.8076432381153381
2913,21,8,Walking Upstairs,1.0609063711544686,1.2971249614165197,10.645826251571764,0.7422898721654414,0.3321389072278179,0.1889906353239362,phone_A,10.776904568220898,0.8348820085820639
2914,21,9,Walking Upstairs,1.791395871751408,0.8165837449290777,10.706214739871008,0.4287400577072349,0.5551501794544006,0.0733498130856659,phone_A,10.885721943814366,0.7052587850645736
2915,21,10,Walking Upstairs,2.0517626921153096,0.2342060342156892,10.341232791044549,0.0140555167589699,0.5566859054986439,-0.0817363421794725,phone_A,10.54541029309881,0.5628299783816483
2916,21,11,Walking Upstairs,1.470682779404185,-0.4648637751748003,10.265533918376576,-0.3726815051745619,0.4392922698262827,-0.1204312191368344,phone_A,10.380760704131742,0.5885345199485658
2917,21,12,Walking Upstairs,0.4326897479112554,-0.6851212091884868,9.924388457919116,-0.5507823841389141,0.2604262801638591,-0.1824335292909164,phone_A,9.957414210170509,0.635975687182514
2918,21,13,Walking Upstairs,-0.7600721007290685,-0.5602717126681585,9.560188601320172,-0.4289977713372997,-0.0624300353608129,-0.0321474301504159,phone_A,9.606707036395717,0.434706860301052
2919,21,14,Walking Upstairs,-1.608226945704454,0.1665979947764648,9.660058918952208,-0.087703561621884,-0.1831577189366109,0.0783687674506342,phone_A,9.794431434155916,0.21767022864635793
2920,21,15,Walking Upstairs,-1.5648392950396874,0.6300856597429594,9.876373270743244,0.3578523305712162,-0.1835461543543785,0.2069785328741051,phone_A,10.019405119115886,0.45231360176789875
2921,21,16,Walking Upstairs,-0.7166588144158137,1.2731617315556636,9.945505452903614,0.6700569199834259,-0.0123325117291272,0.2867574425283259,phone_A,10.052244493878629,0.7289432060926354
2922,21,17,Walking Upstairs,0.6552560515623839,1.3505230464764082,10.425152381051284,0.7657124779249547,0.2333147717288173,0.2110232047977858,phone_A,10.532667048773177,0.8278177181722873
2923,21,18,Walking Upstairs,1.572811818663668,1.2005983392005772,10.4448143225584,0.5820368890276804,0.442013709594099,0.1370195353054529,phone_A,10.630584161829509,0.7435841665295725
2924,21,19,Walking Upstairs,1.8743758979222591,0.5873805823291821,10.868826416921184,0.2173206233607798,0.527011519188476,0.0078548854593074,phone_A,11.044894233824651,0.5701149830699437
2925,21,20,Walking Upstairs,1.7986738198490946,-0.2953222924472545,10.439247930683724,-0.1813246422969524,0.5169687808695446,-0.1634907627263915,phone_A,10.59718548129225,0.571720714855355
2926,21,21,Walking Upstairs,0.7096941859329181,-0.7169470293701431,10.008051801734307,-0.496229462692021,0.3230578166592209,-0.1551181244218353,phone_A,10.058766313354088,0.6121042926433229
2927,21,22,Walking Upstairs,-0.15679679418411,-0.661326957405381,9.800416844541155,-0.5282267128190169,0.0542357160104977,-0.1334067820951092,phone_A,9.823955868489206,0.5475055639312969
2928,21,23,Walking Upstairs,-1.2509379479765894,-0.5337609071329921,9.494617619559472,-0.249209769061382,-0.1134113441594039,0.0170826396936289,phone_A,9.591533255810589,0.27433457412176915
2929,21,0,Walking Downstairs,-2.216895161397589,-0.2618442146144204,8.648659244854095,-0.0216200058954088,-0.6428905706637066,0.0537593468196195,phone_A,8.932104639050937,0.645496535911461
2930,21,1,Walking Downstairs,-1.6525431700823288,0.6626839746144176,9.108720229608425,0.4516690183236181,-0.4828172183223129,0.2037899955302997,phone_A,9.281100861453574,0.6918437184076737
2931,21,2,Walking Downstairs,-0.0717245137159943,1.0418768560681666,9.683117889697971,0.7316859938428506,-0.1332511462482061,0.2004523568097646,phone_A,9.73927224462214,0.7702606110355442
2932,21,3,Walking Downstairs,1.0541337664852728,0.6639278615234186,9.904236570985448,0.5025528313788139,0.1692149330812559,0.1061122876581158,phone_A,9.98227931171018,0.5407891081527023
2933,21,4,Walking Downstairs,1.7996200021810316,-0.2058641801630731,10.009014732546753,0.0052289154121543,0.2869580494085083,-0.1690039275355664,phone_A,10.171597127750498,0.33306844821923665
2934,21,5,Walking Downstairs,1.5659906740260812,-0.8130539465140845,9.819894511345304,-0.5777237419529381,0.258604519238358,-0.2992630177250658,phone_A,9.977159501833595,0.7001423949201478
2935,21,6,Walking Downstairs,0.3491162376058907,-1.309559046703574,9.22372118664,-0.8863653443540571,-0.0591134279507391,-0.3123950257997568,phone_A,9.322760297950113,0.9416626642170773
2936,21,7,Walking Downstairs,-1.12987519040173,-1.3968483361471289,8.471687747725685,-0.8059043680645708,-0.4016487483762296,-0.2560871225100166,phone_A,8.660097950661287,0.9361539306402592
2937,21,8,Walking Downstairs,-2.2637536396499103,-0.5575581571957946,8.865853761213852,-0.380670442154809,-0.6027801879740631,-0.0011734596232747,phone_A,9.167268652925669,0.7129202743307783
2938,21,9,Walking Downstairs,-2.1339298797186546,0.1973209989427384,8.828998071675189,0.2313248462167338,-0.5971265713376666,0.1325991100411763,phone_A,9.085361812158283,0.6539524834866711
2939,21,10,Walking Downstairs,-0.9042654311496772,0.9247440896343464,9.241087491428072,0.626184028177393,-0.3289599703419485,0.2242522204127187,phone_A,9.331159929264654,0.7420311028466909
2940,21,11,Walking Downstairs,0.5674855306038711,1.184165692782738,9.77713928002773,0.6409174901937352,0.0582597043841564,0.0968341184612551,phone_A,9.864924769934618,0.650804324577929
2941,21,12,Walking Downstairs,1.730970553910693,0.5450748540710872,10.199749450028891,0.2943006831053263,0.3117773058479268,-0.0522088163062035,phone_A,10.359935062461116,0.4319070976704924
2942,21,13,Walking Downstairs,2.10551356849429,-0.6767861397796973,9.686396709603668,-0.2850487911939973,0.3285246951945369,-0.2060610767946689,phone_A,9.935668476853092,0.481292484964809
2943,21,14,Walking Downstairs,1.0831505677829878,-1.0884033498303864,9.39069475570899,-0.7834384076955451,0.151109120143614,-0.3335516960996927,phone_A,9.515407768420172,0.8647927143622859
2944,21,15,Walking Downstairs,-0.4073356025389527,-1.5011874597635593,8.900686102582046,-0.9399783481695536,-0.2739746240845397,-0.3154367147993375,phone_A,9.035579626075148,1.0286504317372478
2945,21,16,Walking Downstairs,-1.6885972775625258,-1.1841768668565331,8.70613518096132,-0.6268669109470772,-0.5376102627723618,-0.1259275226649795,phone_A,8.947090331887912,0.8353709712714692
2946,21,17,Walking Downstairs,-2.1955843018876164,-0.084866710301518,8.803804854533409,-0.0298535003294415,-0.6598821439265236,0.0935049307094539,phone_A,9.073851040320132,0.6671422992300554
2947,21,18,Walking Downstairs,-1.6353677978385044,0.8078369033224919,9.179486356694117,0.4536000764608855,-0.5182265398327548,0.176960527133107,phone_A,9.358952829740636,0.7110744012517805
2948,21,19,Walking Downstairs,-0.3983126906320122,1.120011593579078,9.68294160974566,0.7060508045214331,-0.1535445807684359,0.1718528637711308,phone_A,9.755636175412342,0.7427092860837654
2949,21,20,Walking Downstairs,1.084343794592442,0.7471301332923763,9.934597388616671,0.4877659681609523,0.2183294373649662,0.0314541602891938,phone_A,10.021488421130556,0.535324898650896
2950,21,21,Walking Downstairs,2.226534492649762,-0.011586260763472,10.103032242199577,0.026364096057912,0.3660545922358479,-0.0800449309826615,phone_A,10.345474883992605,0.37563043145347363
2951,21,22,Walking Downstairs,1.4875256091087692,-0.9778055323179852,9.501570007227132,-0.5994623358622385,0.250837959919692,-0.229317653005725,phone_A,9.66688516012393,0.6891018504068454
2952,21,23,Walking Downstairs,0.2860194611798001,-1.2504512469975104,9.333877483932318,-0.8079870150250801,0.0171471890756376,-0.2544053934781622,phone_A,9.421608373221098,0.8472656884195849
2953,21,0,Sitting,0.103223258900274,0.000986219503327,9.788519589652848,0.0028020848740773,-0.0043827783549196,0.0025236631620766,phone_A,9.789063886338901,0.005781807805998658
2954,21,1,Sitting,0.0648004382485744,0.0063587246848938,9.773057276300984,-0.0003164479836064,-0.009320895343804,0.0035958587463146,phone_A,9.773274172765053,0.009995470447153694
2955,21,2,Sitting,0.1290567120943125,-0.0033713752622661,9.82134373105474,0.0057256975477597,-0.0084793985766322,0.0072470212706622,phone_A,9.822192203608926,0.012538067232522085
2956,21,3,Sitting,0.0714053942403995,0.012632133756159,9.815600991993447,0.0116525973008708,-0.0154636463124047,-0.0023912614707673,phone_A,9.815868842601382,0.019509626151030808
2957,21,4,Sitting,0.0929773160730381,0.0420130785046575,9.80200552074008,0.0022171968940641,-0.0153928290119345,0.0029969266243749,phone_A,9.802536514019653,0.015837825489933493
2958,21,5,Sitting,0.090605130147122,0.0338167231434713,9.823962717198407,0.0016566709235092,-0.0014071635508901,0.0113346358781365,phone_A,9.824438728460647,0.0115411714439087
2959,21,6,Sitting,0.0831740358189293,0.0111553389344717,9.809382318191794,0.0099523241109776,-0.0153713694242176,0.0084953807497758,phone_A,9.809741272137353,0.02018661059389067
2960,21,7,Sitting,0.1321006710905526,0.0553425383165668,9.786385836391588,0.0066368686277955,-0.0054793254044125,0.0096810174454431,phone_A,9.787433837455852,0.012953498787934864
2961,21,8,Sitting,0.1223815791531355,0.0333235715044764,9.777237007370346,0.0131414572784995,-0.0077388955510799,0.0072450088710907,phone_A,9.77805968531723,0.01688426952211243
2962,21,9,Sitting,0.1666294608306346,-0.014630270520794,9.800644355215184,0.0038720345503569,-0.0013739491257489,0.0145104985505979,phone_A,9.802071678958661,0.015080946785470981
2963,21,10,Sitting,0.1323298875610362,0.0192515630335751,9.843094827022703,0.0141666412735534,0.0036648867249862,0.0125728168372132,phone_A,9.844003128584543,0.01929250742911969
2964,21,11,Sitting,0.0605026491617056,0.0218187638956712,9.7851620948388,0.0077714941809015,0.0086750444499909,0.0060363224080955,phone_A,9.7853734650898,0.013118296620658478
2965,21,12,Sitting,0.1841771389121192,-0.0101779918635724,9.78721309202868,0.0177818439700759,-0.0011071326246758,0.0100766906285334,phone_A,9.788951165410614,0.02046849803107006
2966,21,13,Sitting,0.1386162010996798,0.0224333734147538,9.80883807434472,0.0146387820262644,0.0059311606545313,0.0178108414513231,phone_A,9.809843121893678,0.0238054338151295
2967,21,14,Sitting,0.1410005394100733,0.0168391448285031,9.80545657287919,0.0226261612219915,0.0073831505707268,-0.0034336306355006,phone_A,9.806484758134905,0.02404670254597548
2968,21,15,Sitting,0.1021747556078569,0.0063055334749353,9.826268117083432,0.0137423134239598,0.0075022275951366,0.0066898595918032,phone_A,9.826801338647602,0.017026121651439474
2969,21,16,Sitting,0.1903986903597064,0.0464288749825239,9.824360190535204,0.0208400504607596,-0.0043022690874501,0.0069610555835956,phone_A,9.826314693469557,0.022389138378815353
2970,21,17,Sitting,0.163603462661572,0.0419379187841264,9.781346091906936,0.0123195021142785,0.0091695415198325,0.0100121644317021,phone_A,9.782804109849582,0.01833286831445328
2971,21,18,Sitting,0.1944843289446243,0.0453788351227449,9.824395604472032,0.0177352964390325,0.0067249519033725,0.0076582145644816,phone_A,9.826425208897259,0.020455169718158545
2972,21,19,Sitting,0.1893007996141925,0.024359522331333,9.836534629787034,0.0191476090866869,0.0133560373691944,0.0137597636845992,phone_A,9.838386133002826,0.027098814819100613
2973,21,20,Sitting,0.2321474778930954,0.0419179570162369,9.817387656413931,0.0160376741453641,0.0130223410996436,0.0095769219829223,phone_A,9.820221482376105,0.022770722306842343
2974,21,21,Sitting,0.2156952997523719,-0.0191963509886909,9.868059104930312,0.0235514397260885,0.0147137603621136,0.0089440121625731,phone_A,9.870434816188423,0.029174653566572825
2975,21,22,Sitting,0.1765134635662342,0.0213440318249909,9.848805273706258,0.0156308711980808,0.0166882673065837,0.0086080869120125,phone_A,9.850410036638012,0.024431978233285634
2976,21,23,Sitting,0.2090739820535699,0.038860072946279,9.806734148394428,0.0161060177846494,0.024530440863133,0.0041100672851899,phone_A,9.809039539757524,0.029631722712456263
2977,21,0,Standing,0.0302251350572581,0.2577120026203451,9.788909002547165,0.0184919069713317,0.029857601704848,-0.0054026667127514,phone_A,9.792347445594071,0.03553330565273656
2978,21,1,Standing,0.0833887250938686,0.2909629394767262,9.801831027603946,0.0077105412532721,0.0246551019642254,-0.0114527870576903,phone_A,9.80650317928471,0.028257615445638023
2979,21,2,Standing,0.0566121057610531,0.2944772438543669,9.787425841159996,0.0087588486842951,0.0233331061366273,-0.0089032021784575,phone_A,9.79201850355039,0.02646541670346384
2980,21,3,Standing,0.057944381410789,0.2760086063558397,9.810627372198296,0.0046268812457619,0.029431287789157,-0.0110946997831395,phone_A,9.814680215791343,0.031791525510245035
2981,21,4,Standing,0.0235869225943764,0.2678678386975785,9.796688746649732,0.0025293417316388,0.0145913367109974,-0.0083619288133528,phone_A,9.800378560068967,0.017006661344564068
2982,21,5,Standing,0.0185386449266852,0.2170022730496628,9.773235290314252,-0.0111920806979909,0.0163971181104953,-0.0256693766041018,phone_A,9.775661701783074,0.03245065558541279
2983,21,6,Standing,0.0120578213059976,0.2271019803814129,9.79399851488073,-0.0153214578383747,0.0202764499690323,-0.0182606675931083,phone_A,9.796638587292774,0.03129430418759553
2984,21,7,Standing,0.0531484073453892,0.1972617454722142,9.772817919332848,-0.0121935569612681,0.0308573613758906,-0.0184798922064836,phone_A,9.774953045097623,0.03797849389342932
2985,21,8,Standing,0.0338296541729434,0.2128655261381288,9.752343148388292,-0.0237707524588166,0.0101601960109309,-0.0101480339324596,phone_A,9.754724653296758,0.027771583464635628
2986,21,9,Standing,0.0117881716680579,0.1813821261119554,9.79450337605656,-0.0213575891631646,0.0112773956130725,-0.0243982320645593,phone_A,9.79618981136276,0.034330744159606595
2987,21,10,Standing,0.0197295388296502,0.1874503374959848,9.786882797665264,-0.0254337351378012,0.0085019280828748,-0.0234216511491581,phone_A,9.78869765489598,0.03560521600466788
2988,21,11,Standing,-0.0037628725882829,0.2141004597195562,9.754222664083738,-0.0285040558425856,0.003243536041187,-0.0256721919118522,phone_A,9.75657280742511,0.0384975734701122
2989,21,12,Standing,-0.0399087781052875,0.1900199861754982,9.721375738193151,-0.0198634823595166,0.0050012050111516,-0.019268223299313,phone_A,9.72331458654128,0.02812177825320766
2990,21,13,Standing,-0.0121978158668782,0.1468858097602092,9.773946380325656,-0.0270217325659133,-6.322968408901258e-05,-0.0189997771571316,phone_A,9.775057650638272,0.033032855778411724
2991,21,14,Standing,-0.0113494791549197,0.1819482041297408,9.682931957753478,-0.0220525736075124,-0.0108887735675989,-0.0177216084344041,phone_A,9.684647916065236,0.030313970344109258
2992,21,15,Standing,-0.0422037724099781,0.1584971714547465,9.756754706427923,-0.0196470014908202,-0.0077902872338604,-0.0200594078025021,phone_A,9.758133269901997,0.029138858662504638
2993,21,16,Standing,-0.0513883055756861,0.1286311510258843,9.728331252097355,-0.0159068091943498,-0.0149347070852246,-0.0165949317280906,phone_A,9.729317328646356,0.02741284030389586
2994,21,17,Standing,-0.0762300392827745,0.2182471767497276,9.72314043651175,-0.0265400065037016,-0.0148148563170578,-0.0136863599491735,phone_A,9.725888278053485,0.03333419207915397
2995,21,18,Standing,-0.0654135469561311,0.1478154491279772,9.757990402803577,-0.0213427100845321,-0.0062051722307067,-0.0147434351946836,phone_A,9.759329128599619,0.02667178879462262
2996,21,19,Standing,-0.076515290043001,0.1674111477805161,9.766793872978896,-0.0212299012033238,-0.0138708378992981,-0.0144123609268232,phone_A,9.768528222781038,0.029168904618043407
2997,21,20,Standing,-0.1054771943236041,0.1823578278079122,9.748350431572671,-0.0246562536956551,-0.0156596872377602,-0.0093155619094261,phone_A,9.750626438984742,0.030658381307194383
2998,21,21,Standing,-0.0930376731195124,0.1382577809650308,9.702710835429691,-0.0270450665760889,-0.0185765207076822,-0.0144684769888659,phone_A,9.704141836277003,0.03585888417234101
2999,21,22,Standing,-0.1231431392932685,0.1564180735204139,9.714200682065933,-0.0235959102101815,-0.0164114641913192,-0.0047301162013673,phone_A,9.716240308778342,0.02912863084369633
3000,21,23,Standing,-0.1149378557063901,0.1847915395612361,9.672294595185246,-0.0173261529114385,-0.0275167732083035,-0.0045830749245223,phone_A,9.674742444107622,0.03283858946836089
3001,21,0,Laying,7.398775861189807,0.2463656086906759,6.3269157850739886,0.0036091308036455,0.0081176435199184,0.0077505837514801,phone_A,9.738195089886467,0.011789550880462043
3002,21,1,Laying,7.386273710378461,0.2615469754618841,6.356550078800326,0.0063028098110659,-0.0017781361692467,0.0146822156223899,phone_A,9.748393459914187,0.01607652435488473
3003,21,2,Laying,7.39943824824055,0.2165062497504256,6.359983129500702,0.0128794159725294,0.0060904135761555,0.0119800362461353,phone_A,9.759505456386595,0.0186143429048887
3004,21,3,Laying,7.407384306115831,0.2301889243648064,6.325738753339595,0.0185880120262366,-0.0041517101784953,0.0084687849254468,phone_A,9.743577370498667,0.02084397290842638
3005,21,4,Laying,7.364535297946896,0.2141997875147096,6.33068279989209,0.0086413278265625,0.0057645276781193,0.0007942880622847,phone_A,9.713897591416469,0.010417927792215438
3006,21,5,Laying,7.399087425604529,0.2517434741703547,6.313073837847888,0.002777053770528,0.0093455876217045,0.0069010029255434,phone_A,9.729582251599803,0.011944700792306131
3007,21,6,Laying,7.405479609998605,0.2426195043841805,6.326921923256447,0.0048334631222922,0.0007946959790796,0.0042336667640878,phone_A,9.74319934626177,0.006474398946857199
3008,21,7,Laying,7.437072206330942,0.1746066288051071,6.317787214040973,-0.0002231182429769,0.0135315652455613,0.002507774097944,phone_A,9.759865048191111,0.013763792016430297
3009,21,8,Laying,7.397302016531225,0.1767506615801717,6.341926015424315,0.0131649759363264,0.0071103197001082,0.005402641483764,phone_A,9.745324186770889,0.015907915408496728
3010,21,9,Laying,7.36822852453196,0.208811835989045,6.352973584312881,0.0019831331121395,0.0099923756045637,0.0112005730726795,phone_A,9.731118503828469,0.015140449937818129
3011,21,10,Laying,7.396009173367949,0.234962037543479,6.347342531423088,0.0147585885020448,0.0187366147210567,-0.0008464566876915,phone_A,9.749098217929795,0.023866150814535327
3012,21,11,Laying,7.43032599065425,0.2491578453933547,6.32657283268,0.0043402861652901,0.0034793205416536,0.0047296493061125,phone_A,9.762036046159519,0.007301598317285866
3013,21,12,Laying,7.404027856043923,0.2112066463145556,6.372510209238978,-0.003694851223721,0.0016162508846444,0.0093425519204624,phone_A,9.771034904623809,0.010175827675136901
3014,21,13,Laying,7.428585030928063,0.1892435886047065,6.366238949602394,0.0155042355803971,0.007622610705975,-0.0009418382557311,phone_A,9.78512580711107,0.017302386373192997
3015,21,14,Laying,7.438444577489048,0.2582410281375575,6.33074251017203,0.0076158709555019,0.0149089770692531,0.0055678041851376,phone_A,9.771153815752212,0.017643115685910128
3016,21,15,Laying,7.374665859220392,0.2256236546418394,6.3290376935516,-0.0004319812894896,-0.0015540580698831,0.0117751105485814,phone_A,9.720767495166301,0.011885071844559914
3017,21,16,Laying,7.399226537032639,0.2221618972763165,6.3685545781616515,0.0079503525727432,0.0110283676714955,0.0066638005714352,phone_A,9.765059993156886,0.015140648519283168
3018,21,17,Laying,7.425257443961656,0.1940333235526074,6.333379740739844,0.0061121949609129,0.008919629150219,0.0066866725696072,phone_A,9.761341914930076,0.012713390636285151
3019,21,18,Laying,7.451017766445693,0.2207640582280702,6.3348319914936715,-0.0066061168214177,0.0054808684459978,-0.0042339567263577,phone_A,9.782458734170381,0.009571159174374955
3020,21,19,Laying,7.406845842685382,0.2172746894890895,6.357662134173682,0.0173452859346831,0.0134001392382264,0.0149998262662364,phone_A,9.763628497659267,0.026559696229005437
3021,21,20,Laying,7.444565769856291,0.2373361079152208,6.346984478712195,-0.0005581330973811,0.0082034248339632,0.0031756881552683,phone_A,9.785811152012378,0.00881434551287773
3022,21,21,Laying,7.412515440963039,0.1840671615560934,6.366738120401799,-0.000472775544008,0.0020792645667129,-0.0037926214708736,phone_A,9.773158147510776,0.004350957995054798
3023,21,22,Laying,7.423839243749698,0.1831540727857738,6.350929752053826,0.0088116717784574,0.0150965540098826,-0.0013404816294036,phone_A,9.771450416746665,0.017531354582670827
3024,21,23,Laying,7.398521615636396,0.1922994323833355,6.373291921401272,0.0101730738807032,0.0141227413439254,0.0095099577975292,phone_A,9.76698270112795,0.01983387386670723
3025,22,0,Walking,0.1040966675603686,-0.845279385677552,9.44319217498761,-0.3759502990997448,0.1446548995077438,-0.1202815485841206,phone_B,9.481519488446766,0.42039424148598564
3026,22,1,Walking,-0.4330123182333216,-0.4071860557559044,9.548478906444554,-0.3347876455216598,-0.0751112468842824,-0.0481776787251602,phone_B,9.566961355548607,0.3464759093065388
3027,22,2,Walking,-0.9621644709044224,-0.2028505104803116,9.54262531901101,-0.1514557694249812,-0.2227107629956305,0.040847778242158,phone_B,9.593154162094075,0.27241048994766975
3028,22,3,Walking,-1.3634452770863823,0.2549908508209094,9.661287672050848,0.068212566541738,-0.2285453137391404,0.1543474538997611,phone_B,9.760352598125401,0.2840933846320115
3029,22,4,Walking,-0.9272750396994284,0.4483694758059645,9.832713081070024,0.3103549195013932,-0.1988877320544715,0.1742825413603124,phone_B,9.886512060414919,0.40773877696816685
3030,22,5,Walking,-0.3932359692541534,0.8937300096133509,9.840146127753226,0.4938225685722749,-0.0103238862790583,0.1149340815608902,phone_B,9.888471250559185,0.507126369816703
3031,22,6,Walking,0.5424908499263654,0.8460020729637369,10.281190193146015,0.5004127733445872,0.1711121395000457,0.1329537928692831,phone_B,10.330193009685471,0.5453155224721121
3032,22,7,Walking,1.0843136733263752,0.6604995306408058,10.159856143590895,0.401812088545331,0.2946193151630049,0.0528392826489602,phone_B,10.238880438338995,0.5010443943994739
3033,22,8,Walking,1.4523820273769763,0.3870379700228822,10.164809209211692,0.1421496621357195,0.4047933952033368,-0.0240370180287484,phone_B,10.275337376619898,0.42969989234494627
3034,22,9,Walking,1.2301405210991423,-0.2764564864709534,10.091166828931067,-0.1090765166112525,0.3278500954473824,-0.051416133554679,phone_B,10.169627419914686,0.3493236183692926
3035,22,10,Walking,1.055355258807687,-0.4871184215450126,9.923413291557562,-0.33762616375044,0.2752986549389015,-0.097249793274585,phone_B,9.991255698557756,0.4463611745570585
3036,22,11,Walking,0.4446867241144863,-0.6092929895204601,9.738148919481567,-0.4397485662548557,0.1113777166785391,-0.1410131474165006,phone_B,9.76731941771551,0.47504579257165713
3037,22,12,Walking,-0.3048134763390945,-0.4741485837151117,9.419767565599658,-0.3490591022598139,-0.0462911349092032,-0.0466691849431023,phone_B,9.436617462031629,0.3551945084948003
3038,22,13,Walking,-1.226255432574999,-0.5675947744269938,9.493852860605823,-0.2383084285824919,-0.1699340508412036,0.0236820805330942,phone_B,9.589531185241013,0.2936483095594684
3039,22,14,Walking,-1.0669649428065495,0.055816421752901,9.576119452034034,0.084807386595332,-0.2440299232715023,0.1156771175495104,phone_B,9.635538045264523,0.28306199285242917
3040,22,15,Walking,-0.936901750546812,0.481645414759062,9.73228799284958,0.3034093574031587,-0.1425339952552855,0.1474222179866392,phone_B,9.78913667140776,0.36620552742869905
3041,22,16,Walking,-0.3379414549241203,0.7624315284041713,9.803005952455178,0.4701684851584787,-0.0548913538059721,0.1999982520746299,phone_B,9.838416130980262,0.5138781625947713
3042,22,17,Walking,0.4814167451009326,0.7986442575189843,10.12076680278366,0.4767396695573281,0.0936074081607204,0.1411807047120737,phone_B,10.163636918389962,0.5059397699086284
3043,22,18,Walking,1.1093024159911409,0.760750551230603,10.216051247947826,0.410518507919294,0.260255701362674,0.0828315633251078,phone_B,10.304222258473358,0.4930715397576118
3044,22,19,Walking,1.7276114649094374,0.0882484116511776,10.138245487705683,0.1482998328419395,0.3688171152260819,-0.002581218191108,phone_B,10.284767898442343,0.3975242981152049
3045,22,20,Walking,1.5982572409540148,-0.0957385447283545,9.923292091254533,-0.0907050813412805,0.3727801050369474,-0.0511680324167459,phone_B,10.05163260398844,0.3870537249967852
3046,22,21,Walking,1.3957638880234746,-0.4176426237542837,9.774102766948973,-0.2896092765932175,0.2868382673149373,-0.1302694840611116,phone_B,9.882088194868853,0.4279250672286334
3047,22,22,Walking,0.451596250278673,-0.9623847854253746,9.763168110671028,-0.4048336274874646,0.1277189844405564,-0.0831434372535985,phone_B,9.820874462373894,0.43256818663596774
3048,22,23,Walking,-0.5306828264048217,-0.5987156336585439,9.640698125617243,-0.3558281373734943,-0.0758502093118339,-0.0426191138132683,phone_B,9.673838174246455,0.3663103963329019
3049,22,0,Walking Upstairs,2.0857813806481547,0.0489053862601675,10.611592223567415,-0.0347915651876162,0.5815790332256481,-0.0765444335494594,phone_B,10.814747580223045,0.5876254548632923
3050,22,1,Walking Upstairs,1.643671975294233,-0.4678550011298493,10.517046788746343,-0.3744045975136823,0.4271693803484248,-0.186685900295062,phone_B,10.654990334164063,0.5979164720223198
3051,22,2,Walking Upstairs,0.7454577689524469,-0.71789234583582,9.872850780046695,-0.4847814819569189,0.2409527237188551,-0.1807238907145813,phone_B,9.926946118045057,0.5707297302497017
3052,22,3,Walking Upstairs,-0.7304105664737307,-0.6196359635954274,9.584580857102958,-0.4151317456640755,-0.0245412081255506,-0.0882031966062402,phone_B,9.632322592674198,0.42510756408928235
3053,22,4,Walking Upstairs,-1.2974278486735609,0.109771187823295,9.743106304432288,-0.075834514855434,-0.2129526525463472,0.110978876228991,phone_B,9.82972477720806,0.251825369728576
3054,22,5,Walking Upstairs,-1.4460819512624707,0.7111031571165345,9.912786627950853,0.375169679541072,-0.2046551883361682,0.2123844415647541,phone_B,10.042915883403058,0.4772244603733505
3055,22,6,Walking Upstairs,-0.7174489153127465,1.2869731068444317,10.215983462482749,0.6519730591538291,-0.0456065633142155,0.3069173169815092,phone_B,10.321693215240668,0.7220436745397498
3056,22,7,Walking Upstairs,0.4352652660242393,1.2735524168112209,10.724114850822756,0.7643625034313478,0.2499045609085425,0.2583927751007575,phone_B,10.808239030656662,0.8446710320823126
3057,22,8,Walking Upstairs,1.6263633511442095,1.1155175038196472,10.97855961040813,0.6247814458241931,0.4901555670650317,0.1417277059915063,phone_B,11.15429102052469,0.8066542491158321
3058,22,9,Walking Upstairs,2.0453886665534404,0.5555953170743713,10.9365902969956,0.2474779913881273,0.5810530405008082,0.0280353013596818,phone_B,11.140076672894066,0.6321819122840071
3059,22,10,Walking Upstairs,2.043492793668347,-0.2188206352423954,10.534601890694631,-0.1933613867808993,0.5144106313841011,-0.1306492748221397,phone_B,10.733200001099824,0.564868264810808
3060,22,11,Walking Upstairs,1.001068780177739,-0.903928955776468,10.158703727313762,-0.4777055154587433,0.3600957810550026,-0.1292843012167787,phone_B,10.247852832621875,0.6120342813719072
3061,22,12,Walking Upstairs,0.0809536680877757,-0.5919742392351721,9.725926892955648,-0.5421358072559865,0.1058243161695007,-0.0776662568741921,phone_B,9.744261948624576,0.5578010997288286
3062,22,13,Walking Upstairs,-0.8606751951761963,-0.3079472221556403,9.433869377871575,-0.2631709864533304,-0.1189877256172086,0.0431621858613225,phone_B,9.478052791685009,0.29202743235302825
3063,22,14,Walking Upstairs,-1.244633674795099,0.419050032514766,9.701321508044968,0.1014394935767527,-0.2014791250154561,0.1395520069396395,phone_B,9.789808727275547,0.2652519016236887
3064,22,15,Walking Upstairs,-0.8525501978155965,0.7776576645460214,10.13850199228146,0.5324303129889695,-0.134081216624386,0.2452535814827875,phone_B,10.203960796206427,0.6013394466282266
3065,22,16,Walking Upstairs,-0.2972016166143387,1.3048518626470698,10.382496475442167,0.7805735997878923,0.0692450458436698,0.3044826616809829,phone_B,10.468390528010538,0.8407138111890732
3066,22,17,Walking Upstairs,0.9568735920177682,1.3646035120236646,10.46749888041574,0.768733292712764,0.3434521550200501,0.1534448722389941,phone_B,10.599352934383923,0.85583619164497
3067,22,18,Walking Upstairs,1.8819291157875353,0.7180502494586348,10.744867907896536,0.4213270285076602,0.5206615664510647,0.0677210338610799,phone_B,10.932037308559707,0.6731946747840364
3068,22,19,Walking Upstairs,2.020216048614966,0.2187704830623367,10.814187227055225,0.0086850110898404,0.5792747345889769,-0.0837910038534892,phone_B,11.003443951288395,0.5853679013044154
3069,22,20,Walking Upstairs,1.613817419638368,-0.479321389452225,10.313578459348545,-0.3455917829901818,0.4643304666095416,-0.1740019605898436,phone_B,10.450074463631967,0.604411403748537
3070,22,21,Walking Upstairs,0.6818282993366473,-0.8198300480380972,10.172759098295478,-0.5151622757590393,0.2688566668400453,-0.1199160804034327,phone_B,10.228491521695458,0.5933430238983973
3071,22,22,Walking Upstairs,-0.5657213566176912,-0.7097346338691067,9.63575197120908,-0.4107397092431682,-0.0283155559208703,-0.0746141807184124,phone_B,9.678402758436247,0.41842102650386753
3072,22,23,Walking Upstairs,-1.2147372199227258,-0.0585783998807869,9.7909932917426,-0.117702270100446,-0.1672892055690693,0.0955800872914412,phone_B,9.866233708023888,0.22577656161206855
3073,22,0,Walking Downstairs,1.7162639834935494,-1.1587504978419785,9.622095993256671,-0.5763162607787953,0.2263537133504466,-0.2632068358107146,phone_B,9.842408042787714,0.6727958638421293
3074,22,1,Walking Downstairs,0.152030095626953,-1.8130225324004416,8.976816633997293,-0.8821535353347241,-0.067302825315301,-0.2879322101146209,phone_B,9.159334076960974,0.9303921150893663
3075,22,2,Walking Downstairs,-1.2033632203830578,-1.311620096121383,8.682515572156824,-0.7352746195136172,-0.4302894858821796,-0.1955754227098334,phone_B,8.863098046251428,0.8740866969184321
3076,22,3,Walking Downstairs,-2.1591008757066787,-0.5662595074576472,8.705185138099273,-0.2728635030850816,-0.5980373318196988,0.0426188714412282,phone_B,8.986802251626992,0.6587256711020231
3077,22,4,Walking Downstairs,-1.9487971970896167,0.358010668443738,8.957688992361593,0.3449811379355372,-0.5519159861875483,0.1899187975059416,phone_B,9.174212458733443,0.6780061880151058
3078,22,5,Walking Downstairs,-1.0078420173094031,0.9444234020275996,9.632664559646646,0.6811437495675968,-0.3080775394959482,0.217198355604002,phone_B,9.731182230994555,0.7784880882800745
3079,22,6,Walking Downstairs,0.924134461662052,0.790120264908644,9.99381612536345,0.6340985203797254,0.096814746209621,0.1569104833364882,phone_B,10.067505911784966,0.6603596962355294
3080,22,7,Walking Downstairs,2.086509318021897,0.2185020818293537,10.337415325885296,0.1721692683111582,0.3656485660773949,0.0109725696444541,phone_B,10.548147700606213,0.4043037572294586
3081,22,8,Walking Downstairs,2.066089074514639,-0.6267930551749885,9.879645399021715,-0.3665056950766925,0.3120558905105743,-0.223311696335232,phone_B,10.112813001744634,0.5306349187964507
3082,22,9,Walking Downstairs,1.0499862279797942,-1.391142740967022,9.62227018957751,-0.7986760721759537,0.0564658218467155,-0.266638409212754,phone_B,9.778846189910366,0.8439004079692948
3083,22,10,Walking Downstairs,-0.7377870356202337,-1.6285587047475727,8.950171933608253,-0.8645400148015381,-0.3003009523511432,-0.2738562614598159,phone_B,9.126999003280721,0.9553048472172609
3084,22,11,Walking Downstairs,-2.0701129645676635,-0.9493299562670948,8.870093661269786,-0.5747484076897462,-0.5349886198666595,-0.0685274369083872,phone_B,9.157792125378018,0.7881906908470594
3085,22,12,Walking Downstairs,-2.321697721417795,-0.3468441079202304,8.785569684773138,0.0039935808204418,-0.6009270196620482,0.0944016286121223,phone_B,9.093778963161594,0.6083098709804915
3086,22,13,Walking Downstairs,-1.5803050959182547,0.724837168673239,9.223343962907707,0.533905808329919,-0.4859277814438454,0.1929600139656304,phone_B,9.385777909975362,0.7472715623767427
3087,22,14,Walking Downstairs,0.0942084300387328,1.2092447578904078,10.143849632937316,0.6748176687380472,-0.1335297192603153,0.209712018171715,phone_B,10.216106571899997,0.7191579816232627
3088,22,15,Walking Downstairs,1.637947514129241,0.3556208107603592,10.16752795634562,0.4523859704648965,0.1624993198648304,0.0219080007895778,phone_B,10.304754386357674,0.4811850535174537
3089,22,16,Walking Downstairs,2.063700228270895,-0.237650144781582,10.18634608580054,-0.0558190911303315,0.3784111473824186,-0.1363409530370385,phone_B,10.396008022466317,0.4060783457326218
3090,22,17,Walking Downstairs,1.536756115777253,-1.1550453737142914,9.736293832392407,-0.5855021595098109,0.2350068093380138,-0.303280972185958,phone_B,9.924271598732071,0.7000145193608097
3091,22,18,Walking Downstairs,0.2723492469838138,-1.5296288749742528,9.282174066183517,-0.9076644925734302,-0.0937365643539746,-0.2804024528498681,phone_B,9.411306710676126,0.9546030118010794
3092,22,19,Walking Downstairs,-1.3614466575076842,-1.4242332940619056,8.930164885849706,-0.7916072387557578,-0.3766876674192938,-0.2000590919949643,phone_B,9.144934246106768,0.8991992323874356
3093,22,20,Walking Downstairs,-2.104173066636202,-0.6087570452109359,8.806299244753344,-0.2872432341016821,-0.6102296582459702,-0.0047038506137827,phone_B,9.074636952660667,0.6744709315832552
3094,22,21,Walking Downstairs,-2.0571746050768582,0.5509768066398689,9.12306589588888,0.2741736537147878,-0.6189559105407643,0.2152254348683509,phone_B,9.36834425808312,0.7103517434334442
3095,22,22,Walking Downstairs,-0.8339443875260838,1.180574560054167,9.684869905952391,0.6637324397623359,-0.3000190854611322,0.2787588281925955,phone_B,9.792135856316314,0.7799094098221319
3096,22,23,Walking Downstairs,0.5552077078449853,0.9170272702619184,10.024848725620348,0.6290805545043062,0.059919269744884,0.1331221747731208,phone_B,10.082003103789765,0.6457973183271443
3097,22,0,Sitting,0.3185992805204205,-0.1721804933694252,9.929991265910664,-0.0083133002178699,0.0107655433473156,0.0099713198027561,phone_B,9.936592885134578,0.01686520390283506
3098,22,1,Sitting,0.3486699832995974,-0.1204352881044591,9.938987804465514,-0.0132183656132226,0.0198891628266952,0.0080546031303823,phone_B,9.945830985553151,0.025202789905476423
3099,22,2,Sitting,0.3313788784899866,-0.1577214599631931,9.9149415954454,-0.0106518282313178,0.0170417967504887,-0.0019129303200896,phone_B,9.921731444719494,0.020187708724963914
3100,22,3,Sitting,0.2927365616627145,-0.105515305909574,9.886887084071509,-0.0203380364663808,0.0029846847618792,-0.0071313072824072,phone_B,9.8917826698475,0.021757748366771388
3101,22,4,Sitting,0.3336761383334415,-0.1144713787663595,9.909639285531629,-0.0122059777099037,0.009780859419413,-0.008587456254592,phone_B,9.915916207350765,0.017843640541142864
3102,22,5,Sitting,0.3534153919309982,-0.1132025714546714,9.918193749831255,-0.0207075978624012,0.0073618307055555,-0.0054996112749892,phone_B,9.92513397998382,0.02265495276411255
3103,22,6,Sitting,0.2957848600858698,-0.140602368325526,9.898708761607253,-0.0245793106047616,0.0203494377137497,0.0002262119207804,phone_B,9.90412504245352,0.0319107081855641
3104,22,7,Sitting,0.3000835462654854,-0.1593857585392842,9.86616397356546,-0.0165236647035906,0.0044486122950247,0.0032590383911526,phone_B,9.872013244928585,0.01741961474382075
3105,22,8,Sitting,0.3066138152014043,-0.1298676331766534,9.927984600878936,-0.0052622913348561,0.0075503371877532,0.0058513410799393,phone_B,9.93356712712551,0.010905846788555931
3106,22,9,Sitting,0.2916002266488473,-0.1963538367077488,9.897576453895743,-0.0212400045751471,0.0054227858437546,-0.0051839346854961,phone_B,9.903817707433985,0.02252593126782963
3107,22,10,Sitting,0.2897153052132407,-0.123879431777166,9.929799841970098,-0.0061569518726266,-0.0071920659800148,-0.0072758148426225,phone_B,9.934797731875653,0.01194032457878982
3108,22,11,Sitting,0.3431448239046974,-0.122414585683628,9.9037130403865,-0.0154094121817067,0.0013669579634377,-0.0112804511228468,phone_B,9.910411983731166,0.01914594305315025
3109,22,12,Sitting,0.24610247604978,-0.1493964140579856,9.878726633425533,-0.0187335695723655,0.0159258222320154,-0.0007387532385849,phone_B,9.882920905036231,0.024599272327366396
3110,22,13,Sitting,0.267938044263626,-0.1391908523831954,9.91002006263412,-0.0176019029369406,0.0069489062862614,0.0039241998163879,phone_B,9.914618627600445,0.019326500712122205
3111,22,14,Sitting,0.2245206417436909,-0.1463106829194899,9.88978772646594,-0.0154599755086696,0.0014514763688303,0.0056023330317144,phone_B,9.89341789317836,0.01650768795974091
3112,22,15,Sitting,0.265497572081432,-0.1332438672807847,9.895195000889778,-0.0263719453871905,0.0020334248101895,0.0052914805584337,phone_B,9.899652872428565,0.026974322724842122
3113,22,16,Sitting,0.2240358858725001,-0.1325324605991835,9.90837630411222,-0.0056561168486616,-0.0005537041098464,0.00489106171917,phone_B,9.911794888674992,0.007498048465281125
3114,22,17,Sitting,0.2686142844718812,-0.1447907595523367,9.90176826879684,-0.0155391653410532,0.0021187821631084,-0.0060676999020216,phone_B,9.90646924220865,0.016815822294859336
3115,22,18,Sitting,0.2618927236216022,-0.1340296702675521,9.915064155383304,-0.0155400010940347,-0.0048707671763512,0.0046086055331641,phone_B,9.919427854295066,0.01692498897633705
3116,22,19,Sitting,0.249111357901279,-0.15778784024802,9.906470392076344,-0.0208976026206256,-0.0102202273339098,-0.0044561882502246,phone_B,9.910858141465388,0.023685870382314744
3117,22,20,Sitting,0.2560401762968582,-0.1185208978309911,9.90177802975678,0.000123763242017,-0.0088412194050015,0.0092700174046059,phone_B,9.905796884939386,0.012810765027473806
3118,22,21,Sitting,0.2343541819814142,-0.1274233416218474,9.923032422829545,0.0049483112698285,-0.0101921363678899,0.0113198087836944,phone_B,9.926617301736208,0.016015726616803266
3119,22,22,Sitting,0.2383652091171978,-0.1135709909536153,9.8967136618499,-0.0083107094128585,-0.0296923040064834,0.0162396650105875,phone_B,9.900235231930104,0.034848637388203645
3120,22,23,Sitting,0.2110316465978546,-0.124328144447561,9.88537103354021,-0.0097336109748229,-0.0072378110418202,0.0074821843472474,phone_B,9.888404942867348,0.014251742837017555
3121,22,0,Standing,0.0520947724042788,0.0953574669079926,9.867202586629208,-0.024185201672528,-0.018521022644562,0.0010497889617081,phone_B,9.867800859228417,0.030480392330240004
3122,22,1,Standing,0.0223190991782413,0.0771572247190913,9.826699105216544,-0.0154142846025364,-0.0167841476415006,-0.0033360111326332,phone_B,9.827027357445289,0.023031212563317926
3123,22,2,Standing,0.003097816608264,0.1234906349754217,9.872517425071424,-0.0246137167289586,-0.0278974995908811,0.0052843165688175,phone_B,9.87329022371637,0.037576981467862834
3124,22,3,Standing,0.0592196988012352,0.0561589238018911,9.85813448862488,-0.0013638391792858,-0.0259600182398089,0.0101900898361348,phone_B,9.858472315387614,0.027921685751162363
3125,22,4,Standing,0.0074580865865795,0.1232252884616402,9.818654967356348,-0.0029458361782991,-0.0177955436083723,0.0125892683527656,phone_B,9.81943101522504,0.02199656793149335
3126,22,5,Standing,0.0407240216090371,0.1217736821727539,9.913746508982006,0.0016439005867419,-0.0213589366606157,-0.0021474301797443,phone_B,9.914578010180708,0.021529469124624518
3127,22,6,Standing,-0.0397863951806146,0.093111682293789,9.812617900902868,0.0045160651721863,-0.0232406029736658,0.00179603741828,phone_B,9.813140313464414,0.02374334057429282
3128,22,7,Standing,-0.0101466040648489,0.1305331531360639,9.856405486522338,-0.0061182494045616,-0.0253685935976204,0.0089440503202186,phone_B,9.857275027734051,0.027586129721804898
3129,22,8,Standing,-0.0320927895978695,0.1848274098948539,9.829976437584186,-0.0037455463440337,-0.0233797346751006,0.0091441098027467,phone_B,9.831766264616592,0.02538219562957653
3130,22,9,Standing,-0.0036387244400943,0.1239732797695505,9.859142825272729,0.0184191554441048,-0.0368186026590595,0.0126021174822126,phone_B,9.859922913671237,0.043054478908416564
3131,22,10,Standing,-0.0352816772227165,0.2295037944719277,9.871777420468067,0.0103297423930069,-0.0370586807811681,0.0061863377889007,phone_B,9.874507898001188,0.03896562811484992
3132,22,11,Standing,0.0024090001033186,0.1369803011306948,9.80992683735134,0.0119821970851997,-0.0290407078336301,0.0159551168837468,phone_B,9.810883444438906,0.03523494732848135
3133,22,12,Standing,-0.026627113899162,0.2028247946042036,9.824512070299264,0.0189810224445165,-0.0284042635076348,0.0187785319427792,phone_B,9.826641558536506,0.03898351780402035
3134,22,13,Standing,0.0157203055941581,0.1771098811807087,9.832783478355324,0.0083428158577949,-0.0413506662177421,0.0155278426356517,phone_B,9.834390981155734,0.044951018564719475
3135,22,14,Standing,-0.0135297806295831,0.1698019626477788,9.83114683679012,0.0307867206402464,-0.0232346306863539,0.0103154190241282,phone_B,9.832622431885165,0.039925907635959615
3136,22,15,Standing,-0.0177699600137358,0.215251560145064,9.841194251263952,0.019849120144268,-0.029486531602846,0.0256070027109019,phone_B,9.84356405458584,0.04380823785891598
3137,22,16,Standing,0.0280468485336917,0.194450970032957,9.872570305420387,0.0275636893784753,-0.0322007011784455,0.0183209441712368,phone_B,9.874524912163007,0.04617682453203326
3138,22,17,Standing,-0.0268414239499512,0.2491439327063611,9.90428839383138,0.027850125643711,-0.0284826104039785,0.0273211229673323,phone_B,9.907457885321897,0.04830457901681171
3139,22,18,Standing,0.0423747894881895,0.1988451121538179,9.866361218350194,0.032449125839777,-0.0274111333672173,0.0240386713422731,phone_B,9.868455740001895,0.04880751704546011
3140,22,19,Standing,0.0025460458525749,0.2191639856262558,9.872224799716598,0.0261052976207902,-0.0331067920286514,0.0277918923169503,phone_B,9.874657555129925,0.05049688624910819
3141,22,20,Standing,0.0103796794998456,0.2912624279357748,9.92880392046883,0.0339584201838219,-0.0045229850608038,0.0282906769235648,phone_B,9.933080530771448,0.044429653341375275
3142,22,21,Standing,0.0222606459061694,0.1777573169964136,9.901457660501976,0.0388397489002624,-0.0135926999568113,0.0214940534436114,phone_B,9.903078157967611,0.04642501394925106
3143,22,22,Standing,0.0198506476158561,0.235178997161864,9.906604408959184,0.0378574789269826,-0.0158299816400587,0.0137690200043451,phone_B,9.909415427992025,0.04328236293586087
3144,22,23,Standing,0.061207080441628,0.2207036936036664,9.916468629419434,0.0365718738680198,-0.0128216996598918,0.0357037265406574,phone_B,9.919113191476656,0.052693965776707895
3145,22,0,Laying,7.560749457405686,0.1031925327457074,6.417931213103682,0.0056841574001389,0.0206253549967766,0.0057849029587927,phone_B,9.917934367226138,0.022162581445654292
3146,22,1,Laying,7.486707512920978,0.0802899202101496,6.429925076483325,0.004390911045368,0.0208198618717972,0.0047024828202802,phone_B,9.869203227439582,0.021791284791036987
3147,22,2,Laying,7.54034529356247,0.1223873941356787,6.4543463069730125,0.0079549446031675,0.015918848557708,0.0051632569374037,phone_B,9.926246625524131,0.01852970871990041
3148,22,3,Laying,7.558122168438648,0.1184942258665746,6.475243788873466,0.0052671576216941,0.0151934494882498,0.0016004760973963,phone_B,9.953292606969406,0.016159993208603313
3149,22,4,Laying,7.583635079329838,0.117713414014742,6.48455734014883,-0.0030619802308382,0.0027666530523643,0.0065181696002605,phone_B,9.978720427086788,0.007714702002278557
3150,22,5,Laying,7.531838533342099,0.0808975861563957,6.45532878768261,-0.0128861716826199,0.015907314642645,0.0143682548725921,phone_B,9.920000295809807,0.025010854200883056
3151,22,6,Laying,7.558964734565991,0.0975885642437798,6.516179101269855,0.0003218576590862,0.0095466661492156,0.0026647560659582,phone_B,9.980383833606274,0.009916821658593668
3152,22,7,Laying,7.577699767135429,0.1127561308376851,6.486684058134463,-0.021932354419159,0.0080035961100368,0.0006370929440418,phone_B,9.975535964345053,0.023355761783327628
3153,22,8,Laying,7.539127587261454,-0.0170687585649222,6.437222431366937,-0.0057778979812252,0.0096964906431453,-0.0050951414621357,phone_B,9.913453926377997,0.012384122996531684
3154,22,9,Laying,7.564307591066612,0.0825902406977561,6.442664362712741,0.0020480803697754,0.0128847881408143,-0.0044982412879249,phone_B,9.936472944193792,0.01380023816168114
3155,22,10,Laying,7.533853214785223,0.0673282289888211,6.481219690805105,-0.0115326834937749,0.0157876966487621,0.0011579083671179,phone_B,9.938293919623641,0.019585579027120024
3156,22,11,Laying,7.610430501186906,0.0811111510537929,6.434924098696015,-0.0025616169487307,0.016490808966488,-0.0019160580310434,phone_B,9.966618262389703,0.0167982124090497
3157,22,12,Laying,7.530073205171937,0.0835239682909212,6.452956140689083,-0.0164486674573506,0.0130411582227803,-0.0034645166993169,phone_B,9.917137776706763,0.0212751814298713
3158,22,13,Laying,7.519800026652608,0.0601569724801658,6.482424908355057,-0.000449960140012,0.0168237898206265,0.0018805032324971,phone_B,9.928385769834119,0.016934540456228726
3159,22,14,Laying,7.571048839465563,0.0703339392744974,6.4217067767034575,-0.0134589574318528,0.0071161495758649,0.0085973631182917,phone_B,9.927942652863473,0.01748421495310185
3160,22,15,Laying,7.581485271783569,0.0398524050832518,6.449648623428629,-0.010747133066592,0.009432155424375,-0.0030863394144768,phone_B,9.95381708221308,0.014628462533087846
3161,22,16,Laying,7.5880781717485855,0.0654340372112233,6.45270051755104,-0.0072687340332832,0.0037881070286307,0.0007386862424766,phone_B,9.960951557105203,0.00822981814330031
3162,22,17,Laying,7.5778190866646895,0.101859261678867,6.417588187389374,-0.0179853047717799,0.0099088567940435,0.0067167682607618,phone_B,9.930717776793834,0.021604897744896826
3163,22,18,Laying,7.558537487973656,0.0812645251751897,6.4112707616525455,-0.012541081383664,-0.0040690218968265,-0.0008021174358796,phone_B,9.911734745208625,0.01320905196634033
3164,22,19,Laying,7.493693431244209,0.0968703944669537,6.483149645759184,-0.0084762769313493,-0.0004049515459551,0.0023151637477764,phone_B,9.909392233840792,0.00879609228865374
3165,22,20,Laying,7.592497384488779,0.0748271219155376,6.472916742542344,-0.0124171650031704,0.0029982651286033,-0.0003393162874019,phone_B,9.97748799986891,0.01277852558162539
3166,22,21,Laying,7.496044354233796,0.1190003616292322,6.445809530805016,-0.0044662114548853,0.005004703640241,-0.0091308589648018,phone_B,9.887026982572923,0.01132990241447346
3167,22,22,Laying,7.578027052947369,0.0338457735447768,6.450080650959192,-0.0071433004190779,0.0077598861509498,-0.0045212999466686,phone_B,9.951441099432142,0.011475396601453323
3168,22,23,Laying,7.536791410557572,0.0378338615305167,6.460647920101696,-0.0064814722405402,0.0067253973060093,-0.003148744401607,phone_B,9.926964677828117,0.009856725756315927
3169,23,0,Walking,1.5610663872421982,0.0008534581343286,9.978363918280484,0.0282097995524451,0.3802163296106969,-0.0703716597822193,phone_A,10.099736406432104,0.3877014580755709
3170,23,1,Walking,1.2434496101030652,-0.7758954014161386,9.743563801940724,-0.223442129435536,0.3165310252456416,-0.1018313551626519,phone_A,9.853183047588923,0.4006094108280608
3171,23,2,Walking,0.6348531094947447,-0.565618428477475,9.717416737284882,-0.372530173602938,0.1515696934187649,-0.1800947022761694,phone_A,9.754545131544209,0.4406656374118994
3172,23,3,Walking,-0.1068279555168588,-0.6328409474610012,9.398153891478168,-0.3990368783072817,0.0162113127399379,-0.0946243759982136,phone_A,9.42004227404365,0.41042296407855117
3173,23,4,Walking,-0.8847532366436417,-0.4593817320812851,9.353657392535585,-0.2744251831149687,-0.134513794344536,-0.0357332777133168,phone_A,9.406632047787188,0.3077011685593431
3174,23,5,Walking,-1.2902228825764512,0.0588800822465442,9.21146382526934,0.0043660147664456,-0.2161799630095889,0.0260393366682746,phone_A,9.301570176860189,0.21778633002530667
3175,23,6,Walking,-0.9404790878307504,0.4323160718707257,9.51099455603394,0.2563303332892672,-0.159009988001803,0.1452532138035455,phone_A,9.567152948790563,0.33479532877383283
3176,23,7,Walking,-0.5277069402765424,0.7814329088883031,9.615671164273644,0.3838286650482664,-0.0834528613413174,0.2129839386125171,phone_A,9.661792998473592,0.44682321144462483
3177,23,8,Walking,0.212947704791895,0.7435564331463161,9.981791846217208,0.491478424426955,0.0184582621183551,0.1956235321746592,phone_A,10.011712708395988,0.5293017244050146
3178,23,9,Walking,0.7846585704808134,0.9710872011038848,10.121079467860143,0.4292560152815482,0.2440621542566656,0.1784167526466521,phone_A,10.197791379466288,0.5250329507952561
3179,23,10,Walking,1.5485753574505208,0.4583026066590937,10.361797041118743,0.2535698515343436,0.3607957287715097,0.0143348100286074,phone_A,10.48689490928133,0.44122184248456026
3180,23,11,Walking,1.3682334739175654,-0.0439110148387148,9.940068172825509,0.0118719101576341,0.3408900588899404,-0.0286111326546386,phone_A,10.03388988861206,0.342294568190264
3181,23,12,Walking,1.1765508161560754,-0.3501229676538553,9.881415008881104,-0.2390078541280814,0.2895025777352561,-0.0663938623903742,phone_A,9.957370159495781,0.38124092358163786
3182,23,13,Walking,0.7455406514244174,-0.6646002164298426,9.744360188525404,-0.3731008694894476,0.1619269681586221,-0.148237566407903,phone_A,9.795411160044472,0.43289603593168036
3183,23,14,Walking,-0.15212389260852,-0.614921560830727,9.561608903027956,-0.3884831431425287,0.0406293723673238,-0.0994449330341962,phone_A,9.582569332863725,0.40306226952052565
3184,23,15,Walking,-0.9146903134602375,-0.6463133171008797,9.242501240836605,-0.2981779215863091,-0.0855417932346242,-0.0157444693521046,phone_A,9.310113235630709,0.3106048287237429
3185,23,16,Walking,-1.2035676537945157,0.1098553055528489,9.165628803390115,-0.0489564687945913,-0.1653295936418177,0.0543153722533793,phone_A,9.244965908371597,0.1807782344023404
3186,23,17,Walking,-0.8435868137510263,0.442770134219542,9.601694626856766,0.2383158561102112,-0.2035193616377571,0.1212831206441813,phone_A,9.648845724308245,0.3360419217719332
3187,23,18,Walking,-0.6871726704076837,0.5892236604136126,9.626261324051107,0.4068597134128537,-0.0619246978743632,0.1912921862317556,phone_A,9.668727831512717,0.4538305797525606
3188,23,19,Walking,0.3386463734930308,0.6097220801825831,9.684531457074524,0.4887678751896863,0.0892536671102918,0.1707135547435355,phone_A,9.709613376669957,0.5253602294457106
3189,23,20,Walking,0.645213309587283,0.7525257002830275,9.82932328175068,0.4139145733331637,0.2661020573741757,0.1166125724252077,phone_A,9.879179688699917,0.5057015631812585
3190,23,21,Walking,1.4075611056120163,0.4627847129800158,9.987018929420994,0.2544880403655648,0.3295291180164545,0.0557007541711187,phone_A,10.096333247927832,0.4200668712538983
3191,23,22,Walking,1.7456158061730211,0.1544505327654752,9.80302867353902,0.0565534413567458,0.389594534833851,-0.0522375912880165,phone_A,9.958433646114273,0.3971283913865508
3192,23,23,Walking,1.3502760890870331,-0.3140601223641356,9.79617088809552,-0.1943685086846255,0.3032158524409928,-0.0503262209668947,phone_A,9.893778011760206,0.36366426667547636
3193,23,0,Walking Upstairs,-1.1130960868704909,0.8658543474872462,9.878766081255108,0.4266149399200284,-0.1392516323835272,0.2490186260970927,phone_A,9.978913063947665,0.5132266558039733
3194,23,1,Walking Upstairs,-0.4460786158836868,1.1589419722535503,10.187182994017006,0.681238175623268,0.0717989604885564,0.323442324859195,phone_A,10.26259372576879,0.7575324944608495
3195,23,2,Walking Upstairs,1.0796552324746085,1.5379361826495843,10.452374769984274,0.7236725174357357,0.2185457132190097,0.2366911851131601,phone_A,10.619936038183864,0.7921406809200328
3196,23,3,Walking Upstairs,2.033351211426584,0.8284124327306918,10.608276014846576,0.4930441759458234,0.5084291212808143,0.1538942267045225,phone_A,10.833111478928013,0.7247593833911087
3197,23,4,Walking Upstairs,1.991340351830734,0.0871449726953534,10.708922351684878,0.1240808551791311,0.5713636744527335,0.0170868603876877,phone_A,10.892843915962048,0.5849311650989559
3198,23,5,Walking Upstairs,1.6115380875286105,-0.3086006521337154,10.220801504060525,-0.2745329798900068,0.4291240363417404,-0.1398336035370768,phone_A,10.351670046686118,0.5282700372836592
3199,23,6,Walking Upstairs,0.875947740614663,-0.8066514435379122,10.006041078555995,-0.4829320006709283,0.2453255442465574,-0.1356240638536825,phone_A,10.076647709501398,0.5583921799488983
3200,23,7,Walking Upstairs,-0.4919284398536656,-0.7218177739982713,9.64529890961031,-0.4925510866255997,0.0311092215880538,-0.0973334846591069,phone_A,9.68477183750482,0.5030389287517998
3201,23,8,Walking Upstairs,-1.2883818074869595,-0.1529855669059146,9.383371864360493,-0.2039895707108853,-0.1505104060972372,0.0539527495181866,phone_A,9.472644816017173,0.25918338388665796
3202,23,9,Walking Upstairs,-1.569618544014709,0.5693083505349161,9.592770257285263,0.1993512512053893,-0.2784279824616604,0.2171247238125447,phone_A,9.736994175861481,0.4054703546074592
3203,23,10,Walking Upstairs,-0.9312331243601324,0.940048267366552,10.050655176005542,0.6225176160713536,-0.1094046270026918,0.3078762600208952,phone_A,10.137384048355443,0.7030542981969552
3204,23,11,Walking Upstairs,0.491134475790122,1.5305188506256109,10.484218742734535,0.7754499195090905,0.1375333887535709,0.2834135961416245,phone_A,10.606721626918286,0.8369953865862246
3205,23,12,Walking Upstairs,1.4253802441395114,1.0372094509138083,10.497152310276851,0.6250616270613547,0.4051602153253978,0.1959719372445753,phone_A,10.644140120770619,0.7702349238346068
3206,23,13,Walking Upstairs,2.004077024476456,0.7212278893330746,10.488972255854744,0.3094432522931437,0.5765516702537495,0.0736913437238166,phone_A,10.703038511211515,0.658481107551286
3207,23,14,Walking Upstairs,1.9808501674470624,-0.0619955848775598,10.311945819629573,-0.0993313160757354,0.559286720193489,-0.0712601338610859,phone_A,10.500658904344775,0.5724913557565979
3208,23,15,Walking Upstairs,1.394949391489488,-0.6178609594186614,9.920975810859044,-0.4160725779753264,0.4095796409192055,-0.1391329445712298,phone_A,10.037599165619282,0.6001915099896035
3209,23,16,Walking Upstairs,0.1395394766304287,-0.7143989396421028,9.54022779616725,-0.5391487684242235,0.1375904941478595,-0.1645158250764721,phone_A,9.567956078142409,0.5802396016076475
3210,23,17,Walking Upstairs,-0.8767764975236261,-0.5112790521821657,9.277783817235216,-0.3690018026914062,-0.1365144575035883,0.0261502655940828,phone_A,9.333135371093775,0.39431252058189525
3211,23,18,Walking Upstairs,-1.372844311899266,0.1034919941851423,9.558519664325257,0.0260347929577275,-0.1920065811263185,0.083402225333464,phone_A,9.657158498795969,0.21095086828629828
3212,23,19,Walking Upstairs,-1.0527156750739637,0.941147018850218,9.777534353117568,0.4235136301417831,-0.2521614120286348,0.2162288497795483,phone_A,9.87897494834516,0.5382416632973821
3213,23,20,Walking Upstairs,-0.2934826727753808,1.4208345595484946,10.241864647850203,0.7112463453235459,0.0633749589207814,0.3223607802517317,phone_A,10.344113997327684,0.7834565857779336
3214,23,21,Walking Upstairs,0.7584787867685711,1.6019863536955954,10.351028496057642,0.713790668923131,0.2628077384940099,0.2322896674654057,phone_A,10.501687544085577,0.7953134703154823
3215,23,22,Walking Upstairs,1.7432562686308937,1.0509398528388023,10.628184152225725,0.5229004652244037,0.4928746558776333,0.0708888817785203,phone_A,10.821354599403339,0.7220634019933445
3216,23,23,Walking Upstairs,1.9945084553508232,0.2371963693669355,10.439507462029209,0.1203787324781257,0.6130167513918728,-0.020869166565762,phone_A,10.630975597087518,0.6250728748179967
3217,23,0,Walking Downstairs,1.1485068726908654,0.918366556174662,10.120845482018698,0.5549924488245312,0.1082462203418006,0.0998126866024356,phone_A,10.227119752844226,0.5741919843374093
3218,23,1,Walking Downstairs,2.132647222418852,-0.0787914221927766,9.853832302980136,0.0418274634241366,0.3228892251927212,-0.126532980126975,phone_A,10.08228165242158,0.3493101537342806
3219,23,2,Walking Downstairs,1.9685675048778983,-0.8991731326179941,9.527085527129072,-0.5084220201988192,0.2845440278823752,-0.1998637813062414,phone_A,9.76980700858085,0.6159576166463108
3220,23,3,Walking Downstairs,0.6493476951826851,-1.4755715176918196,9.046597952246666,-0.8792828208175814,0.0230034639507639,-0.2895459463259041,phone_A,9.189118469290511,0.9260152770729111
3221,23,4,Walking Downstairs,-1.1368354039437296,-1.4422900457058982,8.735395721100595,-0.8722088636338712,-0.3941534673917572,-0.206395885804624,phone_A,8.926350526157082,0.9791345767235009
3222,23,5,Walking Downstairs,-2.348305188993814,-1.0211500049377775,8.519437552947517,-0.3844230880521689,-0.603121810149422,0.0052190317421582,phone_A,8.895959802731355,0.7152372101602423
3223,23,6,Walking Downstairs,-2.123289054936961,0.0841291345444366,8.67933758753026,0.1709413793620842,-0.6024670085196085,0.1620193131431209,phone_A,8.935677650878521,0.6468676134760085
3224,23,7,Walking Downstairs,-1.0446858425676886,0.8946007687729767,9.492998522354084,0.6132693271294737,-0.3458084979783633,0.20654252365761,phone_A,9.592116554263058,0.73371833761379
3225,23,8,Walking Downstairs,0.4937226663603911,0.8688159658966926,9.895603166133933,0.6460678672358161,-0.0291815796550797,0.1212454363777261,phone_A,9.945932096866283,0.6579937002040575
3226,23,9,Walking Downstairs,1.852814571324656,0.5203613854926908,10.087568039288398,0.3497337296146945,0.2905229874390568,0.0194466997384121,phone_A,10.269504698596599,0.4550774241724528
3227,23,10,Walking Downstairs,2.168193899441276,-0.4674814709656606,9.70197470002649,-0.2415545742172637,0.3424251917127878,-0.1947034441286071,phone_A,9.95228198913318,0.46207472923799314
3228,23,11,Walking Downstairs,1.0905124373563426,-1.50185670574457,9.33810770176413,-0.7091081351411899,0.1554488326831532,-0.2299008217002258,phone_A,9.520769212115447,0.7614808433075713
3229,23,12,Walking Downstairs,-0.3519521409343773,-1.570933934216116,8.967612227459464,-0.8716775980280691,-0.1738740078188076,-0.2507283080607663,phone_A,9.110969915286763,0.9235359711250956
3230,23,13,Walking Downstairs,-1.667489347836468,-1.0204705550398416,8.700353180313721,-0.6708186764776234,-0.5077923946131423,-0.1715980785182282,phone_A,8.917288059777283,0.8586598356097062
3231,23,14,Walking Downstairs,-2.0905977055069345,-0.3243558042570618,8.812151093465783,-0.117629824240632,-0.6983918516003682,0.1253372624984289,phone_A,9.062549991481221,0.7192338863702632
3232,23,15,Walking Downstairs,-1.711115787170802,0.4095139117455125,9.207814888696104,0.4780328677078855,-0.5328720345240361,0.1968428547739218,phone_A,9.374405256095551,0.7424386420859017
3233,23,16,Walking Downstairs,-0.2909866314236734,0.8304075537095261,9.504846248432958,0.7388754025579343,-0.211276642645506,0.1930458636222107,phone_A,9.545488574781032,0.7923644273276984
3234,23,17,Walking Downstairs,1.1615939727683853,0.8539339248804104,9.695968243054034,0.5539064590165111,0.2025365278191891,0.1465277878307946,phone_A,9.802566188297115,0.6077037132088707
3235,23,18,Walking Downstairs,2.1485752200370154,0.0961362600161057,10.083354592593576,0.0600665665169964,0.3604536056424163,-0.0490935190680827,phone_A,10.310172525065958,0.36870715730542514
3236,23,19,Walking Downstairs,1.6707595961549184,-0.9183363854034792,9.614887953238428,-0.5038681058942509,0.2792041793342703,-0.2501907092284563,phone_A,9.802083946703839,0.6280393561548682
3237,23,20,Walking Downstairs,0.6155956053884429,-1.4356182344720945,9.110058712930009,-0.869243412217457,-0.0250424451272103,-0.3181326096524603,phone_A,9.243004241995905,0.9259695411111976
3238,23,21,Walking Downstairs,-0.9747674676038052,-1.5902832976849648,8.754211156007619,-0.8144775739250554,-0.3354185735511896,-0.2345823730265166,phone_A,8.950719834000099,0.9115416763070741
3239,23,22,Walking Downstairs,-2.2040576527022147,-0.6917978567317078,8.565225279213868,-0.4134118281996499,-0.5961361859783814,-0.0219909982122747,phone_A,8.871276035311835,0.7257901183748648
3240,23,23,Walking Downstairs,-2.2957453172704985,0.2758321418675015,8.777829065905726,0.2112589056662902,-0.6561968991447098,0.1480905221253995,phone_A,9.077269029973499,0.7050925459922438
3241,23,0,Sitting,0.1762217903988736,-0.1382264741372213,9.650391714834669,-0.0119668694017789,-0.0081478299155683,0.0041889125924518,phone_A,9.652990258324795,0.015071167317744934
3242,23,1,Sitting,0.2006655708210247,-0.1312670768153967,9.69240451536263,-0.0114211798008519,-0.0077094610940533,0.0010782350888666,phone_A,9.695370184071905,0.013821784592120226
3243,23,2,Sitting,0.2097528838264462,-0.1260663875936516,9.668172935206742,0.0029386945809625,-0.0171644657163964,0.0140461588711312,phone_A,9.671269663876537,0.022372961095987798
3244,23,3,Sitting,0.2413783870166898,-0.1478654717848879,9.687500265778546,-0.0066502316427351,-0.0120061647328236,0.0035974195607242,phone_A,9.691635007723121,0.014188551722766262
3245,23,4,Sitting,0.1881611173194673,-0.1031856753698859,9.681779831289608,-0.0029116300808832,-0.0178267268532558,0.0092812155745647,phone_A,9.684157815279484,0.02030789852668261
3246,23,5,Sitting,0.2530362002692187,-0.1385774298249901,9.692073718774152,-0.0052711116089402,-0.0198757833151306,0.0069113798458372,phone_A,9.696366535607872,0.021693283554072046
3247,23,6,Sitting,0.2041889180642581,-0.0909740815727013,9.719787082652724,-0.0043222054194401,-0.0111154408922957,0.0020990126927764,phone_A,9.722357241424582,0.012109514449489428
3248,23,7,Sitting,0.2508341456697323,-0.0962542589367527,9.759069829210675,0.0052299077446865,-0.0144401931268963,0.0200417504196268,phone_A,9.762767362915467,0.025249611332505813
3249,23,8,Sitting,0.2009339490922091,-0.1345942441722329,9.702865940415512,0.0087866439646057,-0.0221646210068536,0.0071736040238789,phone_A,9.70587953356817,0.024898516647174167
3250,23,9,Sitting,0.2229986909532315,-0.1028673028055811,9.688346513454054,0.0060010384888274,-0.008692441307481,0.0207741299196374,phone_A,9.691458520930205,0.023305267060181132
3251,23,10,Sitting,0.2267895484626284,-0.1192123618998935,9.750897521901823,0.0034598876788756,-0.0110427120792506,0.0259168979239756,phone_A,9.754263045927804,0.02838305675605489
3252,23,11,Sitting,0.2400714815115306,-0.1380854582974857,9.678236938611391,0.0029458138445775,-0.0121197074883525,0.0173985636717249,phone_A,9.68219872497618,0.02140736197314367
3253,23,12,Sitting,0.2759523423664398,-0.09858479785885,9.702843713383974,-0.0007375521818101,-0.0088977001594514,0.0152194417897508,phone_A,9.707267627091637,0.017644955645736468
3254,23,13,Sitting,0.1850504934669616,-0.1053227789033608,9.688053981346265,0.0047981633623416,-0.0154609983324465,0.0103107801192904,phone_A,9.690393517209067,0.019193150542732292
3255,23,14,Sitting,0.212773375067659,-0.1210375237706094,9.697021526002658,0.0025439811026989,-0.0178297396740242,0.0108167789593517,phone_A,9.700110776019887,0.021008906771886902
3256,23,15,Sitting,0.2422059348857549,-0.094128143667481,9.7469042201452,0.0210954223964477,-0.0102248640291771,0.0192799629253302,phone_A,9.750367464819389,0.03035262197738136
3257,23,16,Sitting,0.2489285873281046,-0.0843756864585599,9.720437328768924,0.0107180329397024,-0.0196991280134866,0.0219653286958139,phone_A,9.723990259177498,0.031391201622483704
3258,23,17,Sitting,0.2328003307438348,-0.0568924994330879,9.74425693950056,0.0081858539577045,-0.0052983255803317,0.0018664756624574,phone_A,9.747203499131993,0.00992794995810361
3259,23,18,Sitting,0.2852651138745136,-0.123897418374871,9.735989194049262,0.0154759681375664,-0.0051794783756049,0.0155057638783856,phone_A,9.740955412182,0.022511359343464286
3260,23,19,Sitting,0.1870413743330005,-0.096156653151432,9.72038806429964,0.0015025782240935,-0.010732083423145,0.0112162314562733,phone_A,9.722662942745497,0.01559612785282162
3261,23,20,Sitting,0.260796800261082,-0.0919121520005356,9.777159203585658,0.0130578052170907,-0.0074493813403139,0.0165314930122755,phone_A,9.781068699634591,0.022344794039234547
3262,23,21,Sitting,0.2080747899831146,-0.0889248731492973,9.749226891668188,0.018909935802368,-0.0107696298626085,0.0091522986069982,phone_A,9.75185252844388,0.023607947162320765
3263,23,22,Sitting,0.2690260702388183,-0.0716400005545177,9.753717633831082,0.0142580816156823,-0.0180517444797833,0.0211221300713013,phone_A,9.757690044096245,0.031229837477512033
3264,23,23,Sitting,0.2570891834401314,-0.0459387728168684,9.735558762477073,0.0161326207460772,-0.0043411821363595,0.0143083718093366,phone_A,9.739061024386999,0.021996291012623598
3265,23,0,Standing,0.1119782932781113,0.1928693247718486,9.71747200038791,0.0487325659175922,0.0036880739852006,0.0213002725178192,phone_A,9.72003085349663,0.05331197313893143
3266,23,1,Standing,0.1631390830845293,0.1914754238838167,9.787897618512847,0.0329140616133111,0.0119354761539216,0.0301913847333458,phone_A,9.791129505264987,0.04623105833768654
3267,23,2,Standing,0.0898592449857737,0.2441453302359429,9.720513375245773,0.0305330910960415,0.0053961791506183,0.0107766892390341,phone_A,9.72399413330332,0.032825682510184764
3268,23,3,Standing,0.1548912742827082,0.1785261405243636,9.733525967010433,0.0399198182861428,0.0067302972744975,0.0131974960349008,phone_A,9.736395156327921,0.042580073919534146
3269,23,4,Standing,0.1637320082591606,0.1607352357469073,9.709110775213782,0.0270202371542699,0.0110961369894644,0.0162436819399763,phone_A,9.711821457991881,0.0334226670828206
3270,23,5,Standing,0.1705404237078919,0.1884114458608672,9.71084666547317,0.0359800970567024,0.0039294077502361,0.0147150355665086,phone_A,9.714171393864802,0.03907095981929486
3271,23,6,Standing,0.1603482080911563,0.1957992810060567,9.71535675701365,0.0306031242450695,0.0178832264907181,0.0164993440319218,phone_A,9.718652469469793,0.039097178373396664
3272,23,7,Standing,0.1720337073971336,0.1629934717153998,9.800470081489909,0.015392495650351,0.0161364987629713,0.0108773313073511,phone_A,9.80333495737453,0.02481192961144556
3273,23,8,Standing,0.1703648828405439,0.1702613835997563,9.71607080455391,0.0208148413927996,0.0137088795302158,0.0232745504043317,phone_A,9.719055767468125,0.03410125652677846
3274,23,9,Standing,0.2013807913122231,0.1700031577606025,9.741622784110437,0.0260924009479412,0.0066558524860431,0.0044592307932343,phone_A,9.745187005114765,0.027294660628251415
3275,23,10,Standing,0.128427962243234,0.162365264439823,9.746363734439829,0.0058152609246826,0.0214629412325072,-0.0003717042824897,phone_A,9.74856206138046,0.02223990265369476
3276,23,11,Standing,0.1678371359691547,0.1425961499920175,9.762482890933311,0.0033438307230092,0.0146730453165387,0.0070349975067061,phone_A,9.764966726106572,0.016612364451958656
3277,23,12,Standing,0.189695675602404,0.1459805187452163,9.73870766447748,0.0018791153402509,0.0228235119892886,0.0002407055129468,phone_A,9.741648820161185,0.022902002382567548
3278,23,13,Standing,0.1672765267594462,0.155907850658187,9.700557475029738,0.0038935159096236,0.0078320281052326,0.0146397392114251,phone_A,9.703252239360621,0.01705350681115714
3279,23,14,Standing,0.2278071317205036,0.1110703513180191,9.725619318166348,-0.001143518381065,0.0092569481608356,-0.0010293654272062,phone_A,9.728921000506434,0.009383939296636489
3280,23,15,Standing,0.1646626363767237,0.067757641198619,9.715194142270905,-0.0044479929974931,0.012118473694825,-0.0033565839528904,phone_A,9.716825721591091,0.013338242096720037
3281,23,16,Standing,0.1511782598851286,0.1200310695945388,9.717685382652776,0.0013260449259074,0.0118409174705595,-0.0050804623520178,phone_A,9.719602436321836,0.012952869157078526
3282,23,17,Standing,0.1691035170223796,0.041555008809359,9.752481747251585,-0.0080619506225337,0.0203536642223992,-0.0099611435449812,phone_A,9.754036243971099,0.02405184142310242
3283,23,18,Standing,0.1183077544298428,0.0937418270665834,9.704334066336244,-0.0101066414787116,0.0065030323590039,-0.0092006612921639,phone_A,9.705507916948713,0.0151355805985297
3284,23,19,Standing,0.1008364101056559,0.0858922505748786,9.658490855078684,-0.0225665884460271,0.0010346383392978,-0.0033632282883694,phone_A,9.659399104393108,0.022839279653815638
3285,23,20,Standing,0.1786425221619914,0.0982741377454748,9.721632010374291,-0.0122653923447669,0.0032641105120109,0.0087502200008846,phone_A,9.723769840036738,0.015416245226045395
3286,23,21,Standing,0.0862211731328208,0.0592633844067694,9.672686370612093,-0.0124004626596896,-0.0072236667853813,-0.0018593253260784,phone_A,9.673252186501326,0.014471002960015371
3287,23,22,Standing,0.1236102432600114,0.0866023440019843,9.696286312001115,-0.0097789435386606,-0.0041896545204776,-0.0032305012866818,phone_A,9.69746088945584,0.011118321829148636
3288,23,23,Standing,0.080136988285129,0.0397364928367999,9.715998188699666,-0.0247861828456581,-0.0026885945415297,-0.0030132460801862,phone_A,9.716409919747601,0.025113005646614596
3289,23,0,Laying,7.465356330252282,0.0593030386352203,6.236583947541351,-0.0147114916585688,-0.0084762155630452,0.0103740369476398,phone_A,9.727797352060724,0.019897106816880308
3290,23,1,Laying,7.52347233351451,0.0347880614680433,6.20911703468034,-0.0172343193002797,-0.0028581360044036,-0.0032229656701843,phone_A,9.754843951224261,0.01776452112709059
3291,23,2,Laying,7.500664607815516,0.1060514795030405,6.2486875180095405,-0.0060579979747312,-0.0141357412350895,-0.0026206147912472,phone_A,9.763058546017703,0.015600837849659247
3292,23,3,Laying,7.521991837835505,0.0330773435075205,6.266187491762353,-0.0093192536995494,0.0131881013313915,0.0022179466967986,phone_A,9.790125688725167,0.016300116373616946
3293,23,4,Laying,7.510356439102079,0.0214644393530469,6.26484287507918,-0.0065803974556983,-0.0136842485116977,0.0040651055221612,phone_A,9.78029502693805,0.015718949421356595
3294,23,5,Laying,7.536013190876654,0.0763605928191378,6.203421045911415,-0.0116443544012094,0.0026585638132695,0.0052902725294049,phone_A,9.761135099262754,0.013063151779167495
3295,23,6,Laying,7.504952494167614,0.0720560191140584,6.205263675433548,-0.0140922647195735,-0.0105496087826269,0.0138524601225769,phone_A,9.738316142499087,0.02240037548436628
3296,23,7,Laying,7.524574112076895,0.0657538888264389,6.234922693089018,-0.0012635587741575,-0.0098450239016805,0.0104300244262878,phone_A,9.772297587099464,0.014398141752787785
3297,23,8,Laying,7.520660294481472,0.0916163349170933,6.23687511204272,-0.0097858074511444,-0.0014638649084156,0.015536199321646,phone_A,9.770738763319367,0.018419511863859952
3298,23,9,Laying,7.483123304338808,0.0230620001395586,6.268688447321852,-0.0170129073049867,-0.0196790390184062,0.0060427889554984,phone_A,9.7618707783588,0.026706158278882362
3299,23,10,Laying,7.495688567878347,0.0232336434745706,6.241236534137177,-0.005700341272995,-0.0132745807273438,0.0196046573283001,phone_A,9.7539182067444,0.024352637907944355
3300,23,11,Laying,7.502865473430045,0.0795384423207954,6.199309972281525,-0.0156100820466421,-0.0078834106504384,0.0188873878110525,phone_A,9.732972865914332,0.02574016789594501
3301,23,12,Laying,7.465943110622708,0.0565500273622015,6.204911237181146,-0.0106409483296512,-0.009717602922194,0.0051592138391535,phone_A,9.707956937375968,0.015306177685687993
3302,23,13,Laying,7.457701727852438,0.0214490498754802,6.188759599244898,-0.0029652956327231,-0.0075037045987906,0.0120283193782203,phone_A,9.691156819523647,0.014483750479755851
3303,23,14,Laying,7.466838900179063,0.0815154084094692,6.2537479699828635,-0.0052651418108597,-0.0122230457874295,0.0049371066684163,phone_A,9.740107370819905,0.014195055084971729
3304,23,15,Laying,7.493682673017497,0.0985518903278999,6.264740788820068,-0.0063199500775536,-0.0082227615463317,0.0025819063659539,phone_A,9.76790507888338,0.010687460732707012
3305,23,16,Laying,7.506524032232897,0.0391338762517754,6.253813321881454,0.0135671284941051,-0.0150261335038185,0.0270850837804815,phone_A,9.770343677256315,0.033814988201178446
3306,23,17,Laying,7.500016705286454,0.0429758519042923,6.216979194438732,0.0104857853735785,-0.0087785104781092,0.0065074197765504,phone_A,9.74181337367468,0.015144650978588615
3307,23,18,Laying,7.482228665713011,0.074319632099857,6.237001668506897,-0.0010784299194791,-0.0012036864821008,0.0034900910701051,phone_A,9.74112206199526,0.0038461159519763907
3308,23,19,Laying,7.503082166906792,0.0635800280929317,6.225142273377235,0.003834889375471,-0.0207010987392323,-0.00359038682393,phone_A,9.74949643556606,0.021357264410008032
3309,23,20,Laying,7.492318600993435,0.063814578482548,6.204239697007778,-0.0123014894775631,-0.0004140279371895,0.0137325430539835,phone_A,9.727872354073437,0.01844127981537289
3310,23,21,Laying,7.487023504581699,0.1240270273621148,6.26409767904028,0.0091405359204157,-0.0191207803017706,0.0039915126997208,phone_A,9.762675012220416,0.021565848230315928
3311,23,22,Laying,7.501874931144752,0.0813912796008012,6.270314595901096,-0.0106949896016181,-0.0078405500467549,0.0175673099231432,phone_A,9.777606923706,0.022010620289990762
3312,23,23,Laying,7.509856830772539,0.0627462154833359,6.252605872534969,-0.004998766141999,-0.0138186913248167,0.0057035799505742,phone_A,9.772254954897422,0.015763080825953783
3313,24,0,Walking,-0.2193248731882706,-0.8777689489226889,9.63503144784784,-0.3878982634219973,-0.0073652396159167,-0.0975064910662124,phone_B,9.677417668402493,0.4000335302452114
3314,24,1,Walking,-0.8424161768375003,-0.8094562527442892,9.278721239953788,-0.2760251496300691,-0.1469246425930149,0.0425143474499646,phone_B,9.351981195921743,0.3155696493145111
3315,24,2,Walking,-1.3695824018600409,0.0530113475164199,9.610413567787711,-0.0373189398031144,-0.2424317299807321,0.0322768104443125,phone_B,9.70765754970623,0.24740177740254243
3316,24,3,Walking,-1.1974128761747458,0.5773208445161744,9.579008248877376,0.2274771233302917,-0.1517431072968575,0.1615178473735402,phone_B,9.670806377216056,0.317584362447071
3317,24,4,Walking,-0.96533885276527,0.7494670358184563,9.865974068184505,0.3948462582409807,-0.0816990576420321,0.1830688877175654,phone_B,9.941379393853037,0.4428233522711352
3318,24,5,Walking,-0.069374122106617,0.8692116721050391,9.917775768243969,0.500854918514883,-0.0044622964763963,0.1720770372864391,phone_B,9.956034245065098,0.5296093543845991
3319,24,6,Walking,0.5111123575732573,0.7826537149176307,9.947961822892076,0.475955222084121,0.2260347802431395,0.1502205938330451,phone_B,9.991782979491532,0.5478971820700139
3320,24,7,Walking,1.0811016279427417,0.517025371322345,9.929068284396973,0.2767056812203059,0.3396614983594875,0.0834372000121889,phone_B,10.001124584802916,0.4459795217644861
3321,24,8,Walking,1.4908625938675863,0.248447068871214,10.057109723378328,0.0319027859072028,0.3883678429060936,-0.0028035138479695,phone_B,10.170046863603687,0.3896860644699381
3322,24,9,Walking,1.1363522139623683,-0.282823714727407,9.833859391891252,-0.251947365004306,0.3272000490685942,-0.1222657939330151,phone_B,9.903336616882068,0.43068117118022925
3323,24,10,Walking,0.6411261361483709,-0.8000822244240123,9.582892351238469,-0.3743158988476673,0.2182018802950674,-0.127953070163754,phone_B,9.637582689851047,0.4517703408356624
3324,24,11,Walking,-0.3013836951723479,-0.6319546508302174,9.46237369061364,-0.3773666230719811,-0.0030224687848915,-0.0866373540803356,phone_B,9.488240862943925,0.3871959899693536
3325,24,12,Walking,-0.5857586730472939,-0.5178789334469537,9.405363069306302,-0.3337444297416836,-0.1511327039517077,-0.0173597778398779,phone_B,9.43780516212478,0.36678031636663116
3326,24,13,Walking,-1.3460400055999973,-0.0406506907266039,9.436712568133458,-0.1143538272328611,-0.195356762081678,0.0238533126662953,phone_B,9.532314528429081,0.22761819527225063
3327,24,14,Walking,-1.4050970570438657,0.359524130513234,9.683886086636203,0.1445823298502976,-0.218516054636219,0.1372292000008652,phone_B,9.791894866627239,0.29577892009336426
3328,24,15,Walking,-0.8216519467896247,0.8530497197937345,9.630550311767673,0.408151783350561,-0.100499133524336,0.2265589896635987,phone_B,9.703108009993075,0.4775111829986563
3329,24,16,Walking,-0.1364215520760644,0.9234568819675713,9.82132083406873,0.455279983392566,0.0101260129198974,0.1884817678574781,phone_B,9.865582921370466,0.4928567502127463
3330,24,17,Walking,0.566053093461724,0.9242315677156152,9.857007813607517,0.4579220826061378,0.2331964856352601,0.1682024813794441,phone_B,9.916411807347417,0.5407081554713049
3331,24,18,Walking,1.2593865736257233,0.6178790851903057,10.047190786200874,0.2602713158499611,0.3246665173172717,0.0068556570863628,phone_B,10.144647445824033,0.4161688423648295
3332,24,19,Walking,1.394282828685942,0.1472466583909267,9.984674562949904,0.1202949641780345,0.4119695380586044,0.0091826233258273,phone_B,10.082630227911496,0.429271591496524
3333,24,20,Walking,1.134686267800927,-0.055063529602239,9.96407877526458,-0.2012811144269027,0.326973737112824,-0.0604631156021289,phone_B,10.02862955534336,0.3886922949259201
3334,24,21,Walking,0.6091217907809345,-0.5771849073955913,9.729660448001024,-0.3787366658505833,0.1983881585496988,-0.1398336872949983,phone_B,9.765780266150008,0.4498363964986295
3335,24,22,Walking,0.0192029528939235,-0.790503880995208,9.54067952453229,-0.4351814402548321,0.0126564589546362,-0.126225006200773,phone_B,9.573391819470151,0.45329441214946115
3336,24,23,Walking,-0.8485996868718512,-0.499213815933421,9.433428807626674,-0.3543522620649626,-0.1193979162994352,-0.0560888327385744,phone_B,9.484667360067965,0.3781102289084212
3337,24,0,Walking Upstairs,-0.5342084852329055,-0.6978433095345781,9.552749336119785,-0.4320412314887263,-0.0291689690522711,-0.0870887273858955,phone_B,9.593090423273097,0.4416954843549596
3338,24,1,Walking Upstairs,-1.341249827003517,-0.2318021140163587,9.464781002061295,-0.2329694447284207,-0.2037159885532637,0.0344016529173626,phone_B,9.562152620382077,0.3113815021685598
3339,24,2,Walking Upstairs,-1.337987211403832,0.773685114159343,9.705608447181142,0.1929440027478137,-0.20916216683441,0.1774420757907855,phone_B,9.82790078113052,0.33535338151293
3340,24,3,Walking Upstairs,-1.0462080141269996,1.0517985750522534,9.98267599256878,0.5887133624983287,-0.1361871126918384,0.2758421974541883,phone_B,10.092306546271502,0.664243382160322
3341,24,4,Walking Upstairs,0.2111066511282734,1.4079025918876809,10.42565932544932,0.7099886078176473,0.1579052117445561,0.277149381643089,phone_B,10.522410754989705,0.7783506015107079
3342,24,5,Walking Upstairs,1.3537872259386576,1.2549686016698678,10.593514371616292,0.6201610078074838,0.4397368043349115,0.2243591342682657,phone_B,10.753149900653893,0.7926570215554013
3343,24,6,Walking Upstairs,2.039521787232057,0.8927430429460766,10.715579650651875,0.3638414403732175,0.5327439094788371,0.0795797769123325,phone_B,10.944418052632466,0.6500227747649074
3344,24,7,Walking Upstairs,1.8632920356435192,-0.0985953756621573,10.493809669316905,-0.122744829135111,0.5535996256518988,-0.0828510607950809,phone_B,10.658406055036725,0.5730646882125964
3345,24,8,Walking Upstairs,0.9880176539592194,-0.6572341090542587,10.086669601514094,-0.4031194317319312,0.3941875887624889,-0.1109539027837184,phone_B,10.15623154564467,0.5746302288578273
3346,24,9,Walking Upstairs,0.1602080822585828,-0.847757016035641,9.76801524752396,-0.538894774410967,0.148428072661832,-0.1233750865147651,phone_B,9.806043058426738,0.5724158301567829
3347,24,10,Walking Upstairs,-1.0489968474820912,-0.4988906203761141,9.626512712086503,-0.3890965147115938,-0.0939270568533516,-0.0570554935430454,phone_B,9.696341229200305,0.4043188334882296
3348,24,11,Walking Upstairs,-1.4052593837317109,0.1869404904028828,9.797600798958738,-0.0233591095129711,-0.1989289278966539,0.1530751878549566,phone_B,9.899630402104668,0.25209200599816994
3349,24,12,Walking Upstairs,-1.380292173942915,0.7826062345523452,9.72457319902392,0.3869842121980314,-0.2061563865192833,0.2237349100103466,phone_B,9.853172225582103,0.4922545542202297
3350,24,13,Walking Upstairs,-0.318908011904733,1.1366909693981688,10.241092873139674,0.7205556702009307,0.0100129785645436,0.3172401174923831,phone_B,10.308916136832263,0.7873639728518365
3351,24,14,Walking Upstairs,0.76381941868014,1.3322848864316843,10.56326863614779,0.7430130266836307,0.2915599909963852,0.3137179299787049,phone_B,10.674317186705233,0.8576097747586052
3352,24,15,Walking Upstairs,1.4931303630645305,0.7617472155907308,10.7733945074327,0.5523790693468095,0.5270659582013901,0.1577551634088405,phone_B,10.903014551689203,0.7796203256261004
3353,24,16,Walking Upstairs,2.201674403276012,0.5348107093014317,10.792073270395392,0.1518130036536009,0.5344814582854022,-0.0086754536676217,phone_B,11.027340483834122,0.5556913539237023
3354,24,17,Walking Upstairs,1.7126472827738648,-0.3546690981622531,10.319061458018115,-0.2318462041427715,0.468163007545274,-0.1001059474330315,phone_B,10.466230470362236,0.5319308834056478
3355,24,18,Walking Upstairs,0.7518164210808246,-0.8476368962778504,9.820738132442548,-0.551129504211656,0.2852678426325473,-0.1502767104037411,phone_B,9.885879510946381,0.6385174720730696
3356,24,19,Walking Upstairs,-0.5492330887231558,-0.9269197901248134,9.703953427899384,-0.4875627257647536,-0.0033768584060522,-0.1063986768247225,phone_B,9.76358281646208,0.4990485879730576
3357,24,20,Walking Upstairs,-1.3554239506442605,-0.1754787969266323,9.515356200983147,-0.235259319802482,-0.1817998974651226,0.0773836264820581,phone_B,9.613010481932251,0.3072236578126272
3358,24,21,Walking Upstairs,-1.543366493226738,0.475988202805982,9.660369123834482,0.1856451880384575,-0.2526200252519839,0.1543394155333119,phone_B,9.794451312368654,0.3494304912100711
3359,24,22,Walking Upstairs,-0.8796828140860421,1.159036079134819,10.034769055486692,0.5909551980910679,-0.1039996461100646,0.2725568409672561,phone_B,10.139713826488784,0.6590380900220579
3360,24,23,Walking Upstairs,-0.0065998797298641,1.351685322855167,10.696012718988015,0.789326780854219,0.1259006237133551,0.3306136158333621,phone_B,10.781084586218027,0.8649815587626746
3361,24,0,Walking Downstairs,-1.5187659431278495,-1.423915800571478,8.675960884517162,-0.7715302356751155,-0.4275382046996738,-0.1901848800424497,phone_B,8.922246548195917,0.9023403513284111
3362,24,1,Walking Downstairs,-2.379594738959129,-0.5291801072297969,8.468210310331356,-0.3408124082411748,-0.68874161626002,-0.02725192839323,phone_B,8.812098987617649,0.7689348341574619
3363,24,2,Walking Downstairs,-2.1592148809217946,0.320389881825233,8.926176929190005,0.2734195166368163,-0.5799448481272385,0.1669301578734486,phone_B,9.189205251248556,0.6625405169156754
3364,24,3,Walking Downstairs,-1.008292130444658,0.8668884917439197,9.552333453114365,0.6100175807709232,-0.3055063901492252,0.262678498205567,phone_B,9.644440008467184,0.7310647007557898
3365,24,4,Walking Downstairs,0.4051925032105678,0.8398257101520186,9.964682808453416,0.6396061089649091,0.0239872144469394,0.1519405121001088,phone_B,10.008216207755378,0.6578428994063841
3366,24,5,Walking Downstairs,1.921301221176988,0.3140573568310539,10.337728660726956,0.2807000939046954,0.246923513754304,0.0392087572329164,phone_B,10.519442203305813,0.375900373778248
3367,24,6,Walking Downstairs,2.0419851117017154,-0.5739195256126627,9.88476485613562,-0.3379992704565721,0.2745991801145263,-0.1979567000810756,phone_B,10.109780565342888,0.47836708880914236
3368,24,7,Walking Downstairs,1.1405025067359378,-1.330161372260311,9.523979534671,-0.7417713158106689,0.107702534388202,-0.2655639932705516,phone_B,9.68381440450799,0.7952035936758174
3369,24,8,Walking Downstairs,-0.3973068783436169,-1.576112776465853,8.811010324625945,-0.8875025771969052,-0.3065350132209812,-0.2495178717944541,phone_B,8.95968119859089,0.9715367760442057
3370,24,9,Walking Downstairs,-1.8588260687335905,-1.070390954357859,8.652990958855769,-0.5974800382421077,-0.6064492970625204,-0.0595760569320094,phone_B,8.91488775493076,0.853412240693196
3371,24,10,Walking Downstairs,-2.4539276419911045,-0.2648106182712936,8.92392017884394,-0.0198923356882535,-0.6552674565049798,0.1093232837167236,phone_B,9.258954416890457,0.6646222422822208
3372,24,11,Walking Downstairs,-1.8702578980412692,0.6478340039237802,9.36227120441971,0.4606928574442996,-0.5329322349509255,0.2195456552499254,phone_B,9.569204544105645,0.7378719202470719
3373,24,12,Walking Downstairs,-0.2517724869615532,1.0929349805630744,9.551841188041887,0.634000829678628,-0.1513885656253093,0.1878694193532089,phone_B,9.617461532987937,0.6783586577640099
3374,24,13,Walking Downstairs,1.15567726112021,0.4341284350577136,10.148934721983718,0.5101185441157902,0.1726299163252746,0.0911386254356026,phone_B,10.223743610883574,0.5461943482933302
3375,24,14,Walking Downstairs,1.7224004437477034,-0.2518350440202756,9.91869688470289,-0.0279626766435179,0.3264381271122842,-0.1020189753473182,phone_B,10.070284607131706,0.3431495788261476
3376,24,15,Walking Downstairs,1.6932513599126402,-1.219520879586965,9.58406151118074,-0.5503978359647869,0.2198644865429019,-0.2652164094210355,phone_B,9.808596555761207,0.6493211178636351
3377,24,16,Walking Downstairs,0.3002453451738522,-1.5544056568351834,9.145674737850724,-0.8820370195728071,-0.0666981046645556,-0.323162807862299,phone_B,9.281685764119613,0.9417388923943673
3378,24,17,Walking Downstairs,-1.2937246803905322,-1.3955979878357356,8.563678352115508,-0.7786801552661277,-0.3834861804407085,-0.2076063105619904,phone_B,8.772571128853532,0.8924711843972588
3379,24,18,Walking Downstairs,-2.4014375880851095,-0.7662766570384787,8.436721208350072,-0.2920328066065206,-0.6515738625238267,-0.0271348691959455,phone_B,8.805245433945268,0.7145403834528745
3380,24,19,Walking Downstairs,-2.347250261301862,0.21503176707287,8.870627981327287,0.2699095613509656,-0.648369156342388,0.1274223311384547,phone_B,9.17844557826317,0.71377180154274
3381,24,20,Walking Downstairs,-1.004076637967268,0.9005431853752703,9.439245173003409,0.6490687005424801,-0.3542450727762971,0.2330658185331764,phone_B,9.535119158128316,0.7753060204710958
3382,24,21,Walking Downstairs,0.3478897339399102,0.7412826851069563,9.823356181479213,0.625227832791742,0.0097168253481702,0.1188175995181143,phone_B,9.85742633522696,0.6364918550520127
3383,24,22,Walking Downstairs,1.6685405585711852,0.3103526098932202,10.043663199780312,0.286721825851466,0.2688305627188772,-0.0254675829596621,phone_B,10.186045199619226,0.3938627611911969
3384,24,23,Walking Downstairs,2.0681259712538074,-0.6381702734705254,9.985905486039751,-0.3042345811758018,0.3212665494917741,-0.1970681774990142,phone_B,10.217764662930671,0.4843622020640639
3385,24,0,Sitting,0.0877401891532614,-0.0422074626030861,9.837067689802938,0.0185676641860684,-0.0161232619092122,0.0185060822725588,phone_B,9.83754951928868,0.03077649767271083
3386,24,1,Sitting,0.0725967449473784,-0.0369201944447895,9.820330125278709,0.009968613128958,-0.0256773637874051,0.0350663968164535,phone_B,9.82066785700399,0.044590945767886074
3387,24,2,Sitting,0.1233096450186422,-0.0139269531656061,9.792286570770996,0.010678747958465,-0.0147827647619152,0.0252170788987049,phone_B,9.793072833012173,0.031120200194568962
3388,24,3,Sitting,0.0951288732178034,-0.0614909585238973,9.792784455204224,0.0196669789161598,-0.0284747048795611,0.0306017108258245,phone_B,9.793439540150812,0.046195926044773246
3389,24,4,Sitting,0.0970808602977604,-0.0424853367500348,9.804123736940154,0.0136079678417899,-0.0200429739402337,0.0241388796771814,phone_B,9.804696422965286,0.034199168194877436
3390,24,5,Sitting,0.1050081486073077,-0.0030914555904083,9.810574539270169,0.0145878790539579,-0.0210612623224962,0.0242787669115358,phone_B,9.811136991141632,0.03529648011706815
3391,24,6,Sitting,0.1078655748918071,-0.0161083864797972,9.79321877718045,0.002169862838697,-0.0156932284773448,0.0249157792299955,phone_B,9.793826038892128,0.029525950948594004
3392,24,7,Sitting,0.1139164881106147,-0.0119127157501023,9.745760218687238,0.0252993363887971,-0.0085484255319602,0.0226346068112998,phone_B,9.746433251154327,0.03500653405138991
3393,24,8,Sitting,0.1219944169254999,-0.0218583359646328,9.829334495463408,0.0121226800926824,-0.0234014450711362,0.03884215921807,phone_B,9.830115820697081,0.04693932612180136
3394,24,9,Sitting,0.1618774523976122,-0.03062127835467,9.82230873774158,0.0196270194571926,-0.0080768229737685,0.013346651335812,phone_B,9.823690289896023,0.02507165858100225
3395,24,10,Sitting,0.1338913356066502,-0.0462956906876575,9.815631655554084,0.0203862393656769,-0.0220914878893924,0.0174244373138185,phone_B,9.816653960400263,0.03474541132790107
3396,24,11,Sitting,0.1302578417166858,-0.0317540375119107,9.842105923720732,0.0253018356234238,-0.0119095487691314,0.0301083395188988,phone_B,9.843019071299503,0.04109175521177406
3397,24,12,Sitting,0.1696148138612396,-0.0230598069118721,9.82220303519626,0.0127607102699957,-0.0154439984848111,0.0178962096454189,phone_B,9.823694488551373,0.026863118498536346
3398,24,13,Sitting,0.1649899239981233,-0.0392460178722736,9.813792370632129,0.0186845426648434,-0.0091415058772088,0.0187238658654044,phone_B,9.815257644036508,0.027986825780053237
3399,24,14,Sitting,0.1539679465821615,-0.0189407619829645,9.799816494757293,0.0153857727150299,-0.0071917453667287,0.0191150933340108,phone_B,9.80104424089374,0.02557009966007889
3400,24,15,Sitting,0.1574528879744499,-0.0805970839874388,9.829216328459092,0.0052762536916896,0.0006145059886015,0.0225681923818633,phone_B,9.83080774573105,0.023184904097577973
3401,24,16,Sitting,0.1544607950872749,-0.0144055771073213,9.801590223546926,0.008217315602388,-0.0158032363241576,0.0303836534561532,phone_B,9.80281778715699,0.03521978068316203
3402,24,17,Sitting,0.2193358993346387,-0.0876269753268379,9.80773776082419,0.012269970923659,-0.0069823910694442,0.021715487353566,phone_B,9.810581364457388,0.025901126665011626
3403,24,18,Sitting,0.1730979353005048,-0.0382043121244328,9.804683470777949,0.0120688935436087,-0.009704084053984,0.0187830071756753,phone_B,9.806285761021678,0.024343968395789874
3404,24,19,Sitting,0.1358865097524097,-0.0613351466153109,9.814791065568814,0.015556211830528,-0.002546027676222,0.0213179695470517,phone_B,9.815923329188774,0.026512898918325988
3405,24,20,Sitting,0.1817350388344661,-0.107482408967882,9.779411628550728,0.0068907013194744,0.0002286543384222,0.0184847108628802,phone_B,9.78169064595742,0.01972862344830391
3406,24,21,Sitting,0.1633911084931781,-0.0634819737287492,9.82120641750796,0.0123177817737797,0.0035694751304789,0.0158707713291675,phone_B,9.822770592384956,0.020404663268877826
3407,24,22,Sitting,0.1861292933161287,-0.0539549843063756,9.839870129834118,0.0163404553672596,-0.0003413263498044,0.0254918204321324,phone_B,9.84177826544388,0.030281345647618717
3408,24,23,Sitting,0.160434009804761,-0.0803331209106228,9.7755518655288,0.0060614348817344,0.0042273749382712,0.0024302598390127,phone_B,9.777198308179132,0.0077793222442156225
3409,24,0,Standing,-0.0010645827420195,0.1296435829637549,9.727539418809776,-0.0135239681716262,-0.011003423848736,0.0060975528635778,phone_B,9.728403349801967,0.01847033303506508
3410,24,1,Standing,-0.0291584053653302,0.1215764520537928,9.780450042256614,-0.020853867276502,-0.0118151511475028,0.0099558444157694,phone_B,9.781249106089408,0.025953813112051655
3411,24,2,Standing,-0.0396620098563656,0.0808911283763723,9.764997932598709,-0.0121546513003267,-0.0083669033344695,0.0068370317617421,phone_B,9.765413512664628,0.016263013956581376
3412,24,3,Standing,-0.1056070365547486,0.0910298987873187,9.729009884800584,-0.0212823249441112,-0.0086379757088141,-0.0036633893857729,phone_B,9.730008870869058,0.02325881340835327
3413,24,4,Standing,-0.001843534079282,0.0962167399450984,9.72018475461161,-0.0169118487469362,-0.0159456114499479,0.0071718851035443,phone_B,9.720661125841572,0.024325071191887555
3414,24,5,Standing,-0.0881225137405407,0.1181383010979038,9.709506626834738,-0.026836805125636,-0.0248075432295676,-0.001021110211875,phone_B,9.710625168966308,0.03656051116304343
3415,24,6,Standing,-0.0535143045877115,0.0919117680196724,9.72612679436198,-0.0270426352269293,-0.0207493843049838,0.0006949352865629,phone_B,9.726708280497675,0.03409287321574959
3416,24,7,Standing,-0.0620567424316792,0.1348142028157109,9.717131429787626,-0.0209329423624783,-0.0325107993368267,0.0089160346087326,phone_B,9.718264718164894,0.0396816811969247
3417,24,8,Standing,-0.1059398080573162,0.1003336005686643,9.72646587193749,-0.0296029923009513,-0.0327413862646983,0.0106348854708373,phone_B,9.727560250766839,0.04540304303328339
3418,24,9,Standing,-0.1076681973649801,0.1381351338525885,9.713335920048848,-0.0215255285388223,-0.0415005937190788,0.0055305290701882,phone_B,9.714914742376255,0.04707689889646399
3419,24,10,Standing,-0.0714630166552057,0.1256653487018832,9.706043201162426,-0.0231442440697341,-0.0467605579017687,0.0043278664504871,phone_B,9.707119725513083,0.0523539514922927
3420,24,11,Standing,-0.1104558833531393,0.1133404147094088,9.695122006230864,-0.0202317034699486,-0.0354788359443562,0.01026907552382,phone_B,9.696413629145356,0.042113222832934435
3421,24,12,Standing,-0.1531692397566095,0.1222890613982429,9.773118919551598,-0.0055814017217658,-0.0325773208496645,0.0017741830818302,phone_B,9.775084083845144,0.03309957106262206
3422,24,13,Standing,-0.1484508444461505,0.1205324639714492,9.7309775756371,-0.0040452660913687,-0.041226555074881,0.0086473846278789,phone_B,9.732856225468446,0.042317493805690456
3423,24,14,Standing,-0.1674267579115946,0.1594103825237899,9.735314446591444,-0.0068419233448648,-0.0439634010764229,0.0158243142146764,phone_B,9.738058880666784,0.047222891373022026
3424,24,15,Standing,-0.1493709023489035,0.1695420605730282,9.733519956479972,-0.0046410279799645,-0.0463356660544545,0.0166673145870731,phone_B,9.736142301752052,0.04946041310952831
3425,24,16,Standing,-0.1797094605754596,0.1399736956324957,9.732334593476716,-0.0060011177121112,-0.0421834858874827,0.0185565844210606,phone_B,9.734999987933897,0.046473720754745
3426,24,17,Standing,-0.142670622606272,0.1841906571944684,9.741283769593077,-0.0014068660303268,-0.045353519791258,0.0249513025548322,phone_B,9.74406950839792,0.05178309114630078
3427,24,18,Standing,-0.2037236697626742,0.219484966946212,9.7788213313664,0.0103885371451308,-0.0434166314739866,0.0256816162340125,phone_B,9.783405522369165,0.051502145634476436
3428,24,19,Standing,-0.1736055236672792,0.182968186219389,9.748708063195572,0.0021579332377997,-0.054761014487397,0.0213363076677778,phone_B,9.75197032073163,0.058810402212888996
3429,24,20,Standing,-0.1484847427546108,0.172851672043226,9.721822131967638,0.0106487957198033,-0.0543107739409008,0.0105800442569531,phone_B,9.724492325308033,0.05634708823728886
3430,24,21,Standing,-0.1887250542730052,0.20969168013587,9.74287033199058,0.0175060676983607,-0.0441249163051694,0.0228677046845775,phone_B,9.746953885846121,0.0526915796189376
3431,24,22,Standing,-0.1810705130192486,0.2210025049477828,9.729042458936254,0.0231535631393034,-0.0447423703149614,0.0356284741953442,phone_B,9.733236656203458,0.061703771043066374
3432,24,23,Standing,-0.1675449303374036,0.2464559063086459,9.789139111068977,0.0210866074847119,-0.0429975810980158,0.0235182170213894,phone_B,9.793674303002755,0.05335300860644996
3433,24,0,Laying,7.375376148945748,0.1175490936918652,6.332709570628066,0.0039229537875058,-0.0203846550587792,0.0278750903915149,phone_B,9.721790042671662,0.03475549442346411
3434,24,1,Laying,7.360840456963615,0.1281782780171987,6.3397339788892895,0.0094340190049826,-0.0258749647718074,0.0232432529109678,phone_B,9.7154839728606,0.036038359041608146
3435,24,2,Laying,7.304450211628042,0.1479497054251947,6.350351346713733,0.0017311452725178,-0.0215492905906951,0.0221715926735325,phone_B,9.680074598689686,0.030966890554232615
3436,24,3,Laying,7.339949201441808,0.1408312576811992,6.3010630940894305,0.0023634214007287,-0.0275574442863037,0.0272530596750797,phone_B,9.674610268046056,0.03882947022512167
3437,24,4,Laying,7.356484196318782,0.1258699879080979,6.3225138006285135,0.0029379195845372,-0.0150276086258863,0.0212849716056373,phone_B,9.700921798658207,0.0262204196905924
3438,24,5,Laying,7.367411440742758,0.1205978475042151,6.342880353118404,0.0109592328574774,-0.0151259235700369,0.0329557327614,phone_B,9.722418750084023,0.037881112318830124
3439,24,6,Laying,7.359951660464484,0.170703422891603,6.364084258115844,-0.0015388972119213,-0.0249760854622966,0.0153397127430914,phone_B,9.731371771099834,0.029350976758693456
3440,24,7,Laying,7.380345049134601,0.1035144165844303,6.279954750920839,-0.0009490487382502,-0.0314925510363704,0.0261164412734441,phone_B,9.691132026359957,0.04092370913144632
3441,24,8,Laying,7.327946871318738,0.1003865902370443,6.324388554507235,0.006162761448203,-0.0319703796989142,0.0203557761553006,phone_B,9.680225896369961,0.03839846910548527
3442,24,9,Laying,7.354503779001815,0.1350788490768972,6.318194226852985,0.013542541512889,-0.007545084773118,0.0228972533825399,phone_B,9.69672885147658,0.027651635527145477
3443,24,10,Laying,7.324694431748847,0.139427439289579,6.332293685885166,0.0065349241242372,-0.0164172762521628,0.0381718231521669,phone_B,9.683415299036831,0.042063288930012
3444,24,11,Laying,7.316344537246526,0.1338415590213213,6.366976887790976,0.0040902822139339,-0.0149866897755144,0.0287930836292034,phone_B,9.69975286490758,0.03271655458472717
3445,24,12,Laying,7.391581832677468,0.1955098031322802,6.337791728596403,-0.0029050954876527,-0.0235542744706483,0.038215058621357,phone_B,9.738650320622124,0.0449848211185147
3446,24,13,Laying,7.326845055451316,0.1611828869639326,6.267621178271917,-0.0002115559047075,-0.0136451666174598,0.0253891169226409,phone_B,9.643221122838783,0.028824340166438964
3447,24,14,Laying,7.354378586775089,0.1294164775969193,6.281589476299966,0.0123600391454765,-0.020268266592841,0.0161001526818255,phone_B,9.672745182783014,0.028684283409809608
3448,24,15,Laying,7.3661799305364895,0.1652432279800291,6.327503198691926,0.0091765547446863,-0.0179317290722367,0.0210318207972902,phone_B,9.712116598501503,0.029122045782390565
3449,24,16,Laying,7.368459568561632,0.1699510145883408,6.359398746172522,0.0134825437894877,-0.0217916091074759,0.0291142728942793,phone_B,9.734733287240473,0.038785230445248696
3450,24,17,Laying,7.380456196329704,0.134606443299918,6.322930813280356,0.0130498979155786,-0.0090504576489334,0.0144344819567071,phone_B,9.719501357068149,0.02146077558292483
3451,24,18,Laying,7.411572294294714,0.1821500062857858,6.340513702066239,0.0077364949426555,-0.0145314989481592,0.0214517280774278,phone_B,9.755341947078875,0.027040607485520556
3452,24,19,Laying,7.367910497634635,0.1167839241662681,6.292983690113648,0.0233587095602871,-0.0160501208835692,0.0264909732562874,phone_B,9.690272819179794,0.038794424299947616
3453,24,20,Laying,7.373393588482565,0.1334942010075536,6.32981796318864,0.0100706879785619,-0.017156143065072,0.0207125119957371,phone_B,9.718608396240896,0.028718637753283538
3454,24,21,Laying,7.387981072186697,0.1593408179026425,6.348274529780315,0.0138867694202797,-0.01654147086211,0.0241525560112716,phone_B,9.74208618955387,0.032400749761258014
3455,24,22,Laying,7.414905951952976,0.1313876811617554,6.292550803507937,0.0130966409940689,-0.0188317315724215,0.0186253321299018,phone_B,9.725959521496947,0.0295475737801332
3456,24,23,Laying,7.401841106152643,0.1516376330261848,6.308722613166351,0.0214537198664855,-0.0242533691323957,0.0244764903987406,phone_B,9.726778847201022,0.04059047416108267
3457,25,0,Walking,0.0910801962162195,0.9697813071092364,9.949339864606255,0.4470326377653179,0.1278297146026666,0.1331378687511936,phone_A,9.996906277804374,0.4836365445853189
3458,25,1,Walking,1.1430085908589496,0.7992794838868447,10.02535313703658,0.3766583445923048,0.2473856670205508,0.0689055948656333,phone_A,10.121908014521225,0.45587186555215825
3459,25,2,Walking,1.359735490967388,0.3366755482276412,9.979095461688466,0.1403038750232014,0.3829506183796073,-0.0020030465925256,phone_A,10.076932929401785,0.4078484591849056
3460,25,3,Walking,1.3421002915701463,-0.0893665466381475,9.978448994524308,-0.0658977220654994,0.3795778007829932,-0.0329008247430497,phone_A,10.068697229960483,0.3866578343826081
3461,25,4,Walking,0.6799013074786022,-0.6716530861782312,9.70954640521706,-0.3129123504699926,0.2928936137012491,-0.1459462289876424,phone_A,9.756468369812273,0.4527704824514794
3462,25,5,Walking,0.0163041753603136,-0.5835162158392542,9.543049953682258,-0.3968212366683203,0.1079236039053488,-0.0857534096424932,phone_A,9.560886957743852,0.4200812366866758
3463,25,6,Walking,-0.55245121231926,-0.5312051127634788,9.293990034839018,-0.2996095269502861,-0.0913765120535154,-0.018313107276767,phone_A,9.325536551936626,0.3137688727273163
3464,25,7,Walking,-1.128300556709578,-0.0410473431558936,9.434510951805452,-0.2133913168199619,-0.2088828677264125,0.0234776477934591,phone_A,9.501828451955355,0.2995314782617697
3465,25,8,Walking,-1.541747862291401,0.1779414118329735,9.498029989206842,0.0801685619482613,-0.2500389524788031,0.1214999123769845,phone_A,9.623992066330777,0.2893245665151238
3466,25,9,Walking,-1.1349098927662555,0.6060230903472162,9.671442279028229,0.3231158741789917,-0.1297139797001878,0.1653478872129007,phone_A,9.756642875872185,0.3854471539418664
3467,25,10,Walking,-0.4209956271336712,0.6849650148771134,9.841849937147147,0.4648623218243044,-0.0522961530774386,0.2120272087297882,phone_A,9.874635414788466,0.5136023784216027
3468,25,11,Walking,0.3044672958150077,0.7114226355503911,10.049840199666658,0.5135105933011075,0.1177412806318221,0.136273891917044,phone_A,10.07958880805315,0.5441752587315001
3469,25,12,Walking,0.7032491686907187,0.7093883456596487,10.041321315100545,0.4047837501361326,0.2917685899077801,0.0654117438492687,phone_A,10.090883260216344,0.5032469479931773
3470,25,13,Walking,1.321020328833293,0.3353822113412845,9.939771092042456,0.1291073617250495,0.3859907100703432,0.018797776748768,phone_A,10.032777546575916,0.4074443465344771
3471,25,14,Walking,1.3353119034228986,-0.1676992439766584,9.955823472768111,-0.1165139460227352,0.3405941014389682,-0.0685775313874173,phone_A,10.046372576048219,0.36644606610523084
3472,25,15,Walking,0.8614605504262696,-0.645183918104733,9.622065680389223,-0.2990610837299639,0.295252761506255,-0.1356024047534411,phone_A,9.682072325997458,0.4415877457014925
3473,25,16,Walking,0.1301912264996693,-0.5979173312251126,9.521029216022136,-0.3831475179728181,0.084097731450115,-0.1320424561360853,phone_A,9.540673572803124,0.41389571051925217
3474,25,17,Walking,-0.4862185291002561,-0.3773473933676432,9.504147490188332,-0.3232752517751744,-0.093283670814096,-0.0941409414724906,phone_A,9.524054757747614,0.34938696099336897
3475,25,18,Walking,-1.2820926735797369,0.0268656826608899,9.313492716398578,-0.1662767929154954,-0.163837764397125,0.0152206461084558,phone_A,9.401363197268843,0.23392830733553652
3476,25,19,Walking,-1.4661797480217045,0.0215372832390271,9.087219354855067,0.0882074830432315,-0.2355514214696938,0.0440048120484684,phone_A,9.204765206746496,0.255345757169835
3477,25,20,Walking,-1.1935146960992464,0.6445659259710306,9.657259892764737,0.3252374239216263,-0.1965523386357512,0.1345305852270397,phone_A,9.752056767632668,0.4031261367163986
3478,25,21,Walking,-0.6987974554443022,0.988400372952359,9.512137143635874,0.4667641388943822,-0.0248067147811028,0.2052941172140973,phone_A,9.588848013203934,0.5105191563680648
3479,25,22,Walking,0.1959249049357888,1.0875785317589557,9.61765646586854,0.5433915893672676,0.1254612015873393,0.1956144309335255,phone_A,9.68093639719733,0.5909991015968393
3480,25,23,Walking,0.6871389544291959,0.5726357268874444,10.271138027628997,0.3803723456485557,0.263115050182926,0.1137358599519914,phone_A,10.310012027199988,0.47628615013032555
3481,25,0,Walking Upstairs,-0.3942971867929166,1.416349002892232,10.106611089589908,0.7488991595199963,0.0511802468338164,0.253804394411764,phone_A,10.212986952196127,0.7923926043436105
3482,25,1,Walking Upstairs,0.8114167563567107,1.1236956881362528,10.67737744435897,0.7346454710921255,0.3096166863525547,0.2599150729980724,phone_A,10.766962349768766,0.838523885071678
3483,25,2,Walking Upstairs,1.5898549078021378,1.0657244015781615,10.677610125437932,0.5257488164904364,0.5584185296650214,0.0875946194330924,phone_A,10.847800012852206,0.7719558858302508
3484,25,3,Walking Upstairs,1.5530991927703677,0.280313517354836,10.522706761974376,0.0958156377578564,0.5564851258644185,-0.0042172819913086,phone_A,10.640397096400918,0.5646893988863937
3485,25,4,Walking Upstairs,1.3562480901212106,-0.2819843811014677,10.353269446449394,-0.2805395875126953,0.4998982088758265,-0.1088103465243165,phone_A,10.445530733472816,0.5834726822309632
3486,25,5,Walking Upstairs,0.5333428514497996,-0.749173453346028,9.96158247898616,-0.492974536377569,0.2888299620110825,-0.1965230873171679,phone_A,10.003941270621047,0.6042085437335967
3487,25,6,Walking Upstairs,-0.6539944603973151,-0.7562774264525959,9.684526166330349,-0.4430392284624212,0.0021974648974332,-0.0988881996170509,phone_A,9.736000789149996,0.45394654182189187
3488,25,7,Walking Upstairs,-1.3966411286063525,-0.1478075105112184,9.709841193141283,-0.1234289316936987,-0.1517702362760597,0.0617835187297976,phone_A,9.810885255587372,0.20514899216173105
3489,25,8,Walking Upstairs,-1.411944944858435,0.6027127207336701,9.643043809445158,0.2323356100584826,-0.2305393689760696,0.1986586904977194,phone_A,9.764483860497904,0.38287532129846175
3490,25,9,Walking Upstairs,-0.9963126328083683,1.0225300759356244,9.981044720349232,0.6200310370693385,-0.0681654219741003,0.2872949129838079,phone_A,10.082631617196858,0.6867484100517163
3491,25,10,Walking Upstairs,0.0554014397366253,1.315539002860821,10.292025836590224,0.7738048603037689,0.1680507023821974,0.291719919674013,phone_A,10.375909984604418,0.8438693689994311
3492,25,11,Walking Upstairs,1.0485555987989346,1.24680009553523,10.827714295792177,0.6772663147688415,0.4010800565316832,0.1679968307445434,phone_A,10.94958337989631,0.8048464499569072
3493,25,12,Walking Upstairs,1.76369447147735,0.7055278405742265,10.699827293920588,0.3407145364672218,0.5701506845248201,0.0405384231611342,phone_A,10.867138162472818,0.6654333641895227
3494,25,13,Walking Upstairs,1.7680665065346537,0.2378611166387532,10.387353961568705,-0.1267484648813046,0.5150609055032564,-0.0940658987084537,phone_A,10.539438286989272,0.5387033534584975
3495,25,14,Walking Upstairs,1.211864643634634,-0.6324346146677469,10.275063840629407,-0.4229135227291554,0.4214716809438695,-0.1737208538955583,phone_A,10.365593392822795,0.6218304918730158
3496,25,15,Walking Upstairs,-0.1242512969832834,-0.7178115748748264,9.805080422088654,-0.52495133222207,0.1489883933672154,-0.1149325331329191,phone_A,9.832105264156427,0.5576566414311048
3497,25,16,Walking Upstairs,-1.267783070218334,-0.4755150379501121,9.48726180333307,-0.3584236961006656,-0.0841817661340947,-0.0330046100011263,phone_A,9.583398405024784,0.36965310759852155
3498,25,17,Walking Upstairs,-1.8821857354334244,0.1672551080987151,9.459983088512342,0.0381521380403853,-0.1951566246490379,0.0727756304344355,phone_A,9.646858423797546,0.2117498197557382
3499,25,18,Walking Upstairs,-1.5324372687998014,0.9398820106461252,9.676697603404662,0.4600339386094549,-0.1441668030309273,0.2469812287153704,phone_A,9.842266948446396,0.5416779662368039
3500,25,19,Walking Upstairs,-0.6688478843891638,1.099093874550345,10.313037827331984,0.7735081885573273,0.0663917697665648,0.2944031859298819,phone_A,10.392983886522021,0.8302987539094823
3501,25,20,Walking Upstairs,0.4555315990534567,1.5318233533718535,10.526149946462487,0.7678664179026966,0.287431768974289,0.2539608290694664,phone_A,10.646775310819883,0.8583309153584406
3502,25,21,Walking Upstairs,1.6838411497049772,1.1671363089221856,10.624271243260669,0.5011680415514249,0.4337777017603259,0.1194470194111639,phone_A,10.820012367433776,0.6734983970754288
3503,25,22,Walking Upstairs,1.8054427142978149,0.4150491255876353,10.550794385278222,0.1199856648378873,0.6001596923722335,-0.0095489056956577,phone_A,10.712196382240226,0.6121106090527335
3504,25,23,Walking Upstairs,1.5434199074764603,-0.1067670526231681,10.382512341876025,-0.2829291028648289,0.4863083152962299,-0.1094603404255761,phone_A,10.49714755271776,0.5731720691906029
3505,25,0,Walking Downstairs,1.7432632586895012,-0.2428237065332798,10.02416594038536,-0.1355595359850847,0.3864203226793192,-0.1139855688763808,phone_A,10.177516049701579,0.42507618551049503
3506,25,1,Walking Downstairs,1.382281984785769,-1.1503957189329546,9.3977322951648,-0.7284256142256521,0.1883243111905138,-0.2776916742470798,phone_A,9.568254077269584,0.8019866505070682
3507,25,2,Walking Downstairs,-0.2980827912875241,-1.7603334681914071,8.879883305863094,-0.8773041571063178,-0.1735034518390912,-0.2805298397237877,phone_A,9.05759100398349,0.9372635823777431
3508,25,3,Walking Downstairs,-1.7347420360479042,-1.0651105539429937,8.81819075888267,-0.6970490929793804,-0.480358945105364,-0.1454682900871043,phone_A,9.05009826928946,0.8589430584078207
3509,25,4,Walking Downstairs,-2.4246995535239675,-0.2975224572131066,8.84599943597046,-0.2306514945151639,-0.6372494573530015,0.0533076721313936,phone_A,9.177112484795812,0.67980047861622
3510,25,5,Walking Downstairs,-2.1069047175030504,0.270348638352709,9.06146758294132,0.3661996030991059,-0.509399433821593,0.2006477203442796,phone_A,9.307111830830882,0.6586724832320373
3511,25,6,Walking Downstairs,-0.8309188769614635,0.7957696929557319,9.659856794415251,0.7090949126739282,-0.2514662603627742,0.2364908278088097,phone_A,9.728129772619619,0.7886563173642753
3512,25,7,Walking Downstairs,0.7857689109062042,1.005828127718322,10.083822123182223,0.5495950954172597,0.0742806539047988,0.1666132987272314,phone_A,10.164280181883777,0.5790789028828462
3513,25,8,Walking Downstairs,1.9083278775422043,-0.0168601737702482,9.81184313409307,0.1384476095795313,0.3008077791194837,-0.0783822187586411,phone_A,9.995712342885504,0.340289336880558
3514,25,9,Walking Downstairs,1.6610302274837854,-0.8111963540819899,9.812401222210852,-0.3962435056219091,0.2879016754811759,-0.2687436459205086,phone_A,9.98500268838901,0.5586765054260434
3515,25,10,Walking Downstairs,0.5525124000311917,-1.244494111577224,9.115333656415505,-0.8146552718486922,0.0151160345334647,-0.305142852375472,phone_A,9.216471299457286,0.8700596915193364
3516,25,11,Walking Downstairs,-1.2210273840630057,-1.4506238457930367,8.71322006462721,-0.8278816133562701,-0.2802870289859782,-0.2418285412216231,phone_A,8.917141992210134,0.9068791692946451
3517,25,12,Walking Downstairs,-2.5089565600735835,-0.8534844971766443,8.630875279110718,-0.4548423143517027,-0.598536583143328,-0.0208887402894121,phone_A,9.028582773105736,0.7520398338895232
3518,25,13,Walking Downstairs,-2.4216663074784677,0.0909686179002306,8.742543311613614,0.0704585394519869,-0.6247845303579084,0.1319132777501432,phone_A,9.072199653317767,0.642433831614623
3519,25,14,Walking Downstairs,-1.6277662823978287,0.8553483886254293,9.307213732283516,0.5644392717142601,-0.4398104979454609,0.2338566540101369,phone_A,9.487121343929475,0.7528040250830061
3520,25,15,Walking Downstairs,0.0278882122501248,0.976969798347516,9.70294350795358,0.6920119782094721,-0.0433128602943916,0.1899325375456232,phone_A,9.752043911806602,0.7189095566695355
3521,25,16,Walking Downstairs,1.3903534859285307,0.6047204655661854,10.19427197326509,0.4120220082248099,0.2500397368707583,0.0451413853843979,phone_A,10.306403384411379,0.48406585290683957
3522,25,17,Walking Downstairs,1.8616653215455656,-0.3077492910971869,9.821655853982238,-0.1913338952003922,0.3570644362235657,-0.1533477930041693,phone_A,10.001271474651597,0.4331503395906057
3523,25,18,Walking Downstairs,1.1654300534442783,-1.0530470587629523,9.347328721561022,-0.7183981539440116,0.1763676070648801,-0.3277743811746764,phone_A,9.47838011193685,0.8090967095263693
3524,25,19,Walking Downstairs,-0.2281902791083045,-1.623742660082799,9.04194256566907,-0.8691864066436914,-0.1631266332569419,-0.3064761843981491,phone_A,9.189414366025206,0.9359609818657858
3525,25,20,Walking Downstairs,-1.696558063082836,-1.0952402536777486,8.374042100208797,-0.6889028121774821,-0.5340184502101814,-0.1683459778382733,phone_A,8.614083907808006,0.8877517434763231
3526,25,21,Walking Downstairs,-2.367706534620693,-0.0211424913183508,8.641095913568867,-0.2160417915811133,-0.6597011102411506,0.0387720035135272,phone_A,8.959632795294752,0.6952574191042027
3527,25,22,Walking Downstairs,-2.179510133710507,0.4145702653129052,9.006929409973253,0.3837110839624803,-0.5602208096748194,0.1670932139238153,phone_A,9.276147385853113,0.6992865604941666
3528,25,23,Walking Downstairs,-0.8497302119911048,0.988348869523913,9.458562502920351,0.6715047437380063,-0.2376768514249006,0.216489040225622,phone_A,9.547946352106852,0.7444974218247574
3529,25,0,Sitting,0.1216237334228159,-0.016039953232428,9.773034621185884,0.0069908450930037,0.0099474715444553,0.0125317287569353,phone_A,9.773804546824605,0.017460479113687602
3530,25,1,Sitting,0.0872132760825301,-0.0321806825226317,9.801835822955024,-0.0011029122100992,0.0232585829734274,0.011758229622971,phone_A,9.802276636170653,0.026085131035544093
3531,25,2,Sitting,0.0779554933637353,-0.0294891585309925,9.829717037623045,0.0066995723878569,0.0242006064997582,0.024623932192095,phone_A,9.830070381698862,0.03516947059222197
3532,25,3,Sitting,0.0932526421044189,-0.0527700694760253,9.779280341106109,-0.0083279243911462,0.0222903522165029,0.0043511801036617,phone_A,9.779867316351298,0.024189809732507297
3533,25,4,Sitting,0.1176867268980607,-0.0151892279309838,9.775504189724968,-0.0020330960901978,0.025118890171784,0.0054337805437958,phone_A,9.776224375578924,0.02578018801661963
3534,25,5,Sitting,0.0783280548741734,-0.0720721518439356,9.797375483073749,0.0112159321876176,0.0185214992483682,0.0063572966539271,phone_A,9.79795366571951,0.02256675187062979
3535,25,6,Sitting,0.1332219048780219,-0.0148156196014203,9.807528890684887,0.0174690990753977,0.0125927419207545,0.0113015891651199,phone_A,9.808444857373784,0.024320207426046844
3536,25,7,Sitting,0.0820070095064455,-0.03080763314296,9.791121342660524,0.0022598067076885,0.0279988571496741,0.0099087803747331,phone_A,9.791513233743316,0.029786350171826462
3537,25,8,Sitting,0.1017357401475738,-0.0762943056076169,9.800094529581449,-0.0078336592271568,0.0184755967042582,0.0088939223287632,phone_A,9.800919536993646,0.0219503017030675
3538,25,9,Sitting,0.0829787950185264,-0.0187435003702946,9.831433580680978,-0.0021135877531568,0.0159605475537725,-0.0002394357393753,phone_A,9.831801617738757,0.016101666400712002
3539,25,10,Sitting,0.0780067758551278,-0.0905232362668916,9.77930219947204,-0.0048046481445168,0.0019406793117095,0.0063671660589077,phone_A,9.780032260784328,0.008209243790094932
3540,25,11,Sitting,0.1074091325784925,-0.066828425958903,9.721669046931344,-0.0067969496460848,0.0028037247118832,-0.0010877599732428,phone_A,9.722492058024033,0.0074325378243791
3541,25,12,Sitting,0.1149202198124819,-0.1303470944900537,9.766483858716407,-0.0013292979280373,0.0061439568891544,-0.0023861838817403,phone_A,9.768029687942798,0.006723772211694064
3542,25,13,Sitting,0.1259390420823237,-0.0626601123811732,9.80801026280714,-0.0042871280192449,0.0104524668486307,0.0096355211008176,phone_A,9.809018923793268,0.01484846109061204
3543,25,14,Sitting,0.119032352678742,-0.1166057523435234,9.78151031826285,-0.0083776303411363,0.0059740690121456,0.0077586780578441,phone_A,9.78292950545727,0.012886864471231057
3544,25,15,Sitting,0.0738764013847857,-0.0285277571779293,9.807635161242391,-0.0007030530658797,0.000368627542789,-0.0030881864945883,phone_A,9.807954884258452,0.0031885836517336463
3545,25,16,Sitting,0.0452274857796935,-0.045468840417491,9.753693004849426,-0.0151964771943885,-0.0001981289342897,0.0181983436699701,phone_A,9.753903842757907,0.02370974243901678
3546,25,17,Sitting,0.0554650684942875,-0.0669057192842989,9.747123461734793,-0.0043915200204324,-0.0051867226602155,-0.004205728109295,phone_A,9.747510888806273,0.007992226784392797
3547,25,18,Sitting,0.0362996482730182,-0.0760012158024071,9.753614661580658,-0.0014783122574401,0.0073653986987672,-0.0024248941732596,phone_A,9.75397830712522,0.00789396078491701
3548,25,19,Sitting,0.0749769424316773,-0.0923310396957668,9.756533516632269,-0.0056167385926199,-0.0115077580468338,0.0062221228459066,phone_A,9.757258468645613,0.014236961065896286
3549,25,20,Sitting,0.0275790923440009,-0.1010895405910281,9.81816369618664,-0.0144400648390907,0.0077871638786641,0.0036446193444511,phone_A,9.818722832765406,0.01680591098382535
3550,25,21,Sitting,0.0502971572949682,-0.0899083859350041,9.75963420216308,-0.0022362276037595,0.0064634163662908,-0.0008185291601126,phone_A,9.760177922657187,0.006888138718536842
3551,25,22,Sitting,0.0098662492875211,-0.0983695908707275,9.78981964615533,-0.0043726577936106,0.0030330103455389,-0.007257485496245,phone_A,9.790318821342437,0.008999465743274768
3552,25,23,Sitting,0.0501522866050217,-0.0509729608729895,9.767801546864238,0.0005043292583345,-0.0093988110052482,0.0068671215107534,phone_A,9.768063295941282,0.011651152481906627
3553,25,0,Standing,-0.0437192989401489,0.280611597270237,9.828825101502188,0.0304464182589759,0.010730312760956,0.0073518671901592,phone_A,9.832927189883074,0.033108517754955075
3554,25,1,Standing,-0.0730151511811152,0.2441670504100827,9.816194418562048,0.0319688997118035,0.005030475823651,0.0088610099571276,phone_A,9.819502106716852,0.03355344592222983
3555,25,2,Standing,-0.0629429994606934,0.2287978809657687,9.791703433362764,0.0298533419169722,0.0199245925907994,0.0150720779905375,phone_A,9.794578419638269,0.0389278685323745
3556,25,3,Standing,-0.0814054858328302,0.2404920355151091,9.759362854219866,0.0192432216329216,0.0168158185757879,0.011153594507518,phone_A,9.762664932926686,0.0278832566897357
3557,25,4,Standing,-0.030751751465074,0.2480125095081415,9.754310128454511,0.006396882128576,0.0179229187636741,0.0128679379806605,phone_A,9.757511053396811,0.022972482361518554
3558,25,5,Standing,-0.0655591043667512,0.1838778232291136,9.824829555038749,0.0141743139178431,0.0154920827685376,-0.0045889481730523,phone_A,9.826768789159727,0.02149358622668028
3559,25,6,Standing,-0.0670728544023532,0.2306805772471392,9.78180589449534,0.0039507429391391,0.0134881038408242,-0.002621807417936,phone_A,9.784755431491405,0.014297244109574342
3560,25,7,Standing,-0.0295712001480129,0.227600680862755,9.752307199519446,-0.0020856179183507,0.014573141095536,-0.0031097900734727,phone_A,9.755007546875923,0.01504649586424743
3561,25,8,Standing,-0.0864432608189289,0.1689433858084685,9.736027097824442,0.0029368113566278,0.010102391288611,0.0137314307076712,phone_A,9.737876460220743,0.01729842073636195
3562,25,9,Standing,-0.0669948877855918,0.161096295317282,9.718579263998258,0.0015616696626268,0.0078560520633202,0.0057919955995234,phone_A,9.720145227411537,0.00988451208617122
3563,25,10,Standing,-0.0816546862925251,0.1334504321387432,9.726955971007175,-0.0074572641196698,0.0111769615989577,-0.0093055312775019,phone_A,9.72821406875608,0.016344056139516158
3564,25,11,Standing,-0.0926325947139438,0.1433773284032245,9.747935873326607,-0.0035225531072753,0.0153558637956748,-0.0021411230590695,phone_A,9.749430324197986,0.015899539026618666
3565,25,12,Standing,-0.125431227280223,0.2085919792549901,9.738465985331226,-0.0031691416000428,0.0007694723617449,-0.0035213056888705,phone_A,9.741507242415818,0.004799493718204334
3566,25,13,Standing,-0.1343090531877546,0.1745938744701304,9.758387075433356,-0.0125528915472874,-0.0011753256898923,-0.0021968542850414,phone_A,9.760872924936347,0.012797759390806853
3567,25,14,Standing,-0.1447600382962464,0.1247011753046891,9.742406378764358,-0.0116881319907311,-0.0011067555780772,-0.0013002354721377,phone_A,9.744279752798477,0.011812194953748517
3568,25,15,Standing,-0.1179468908764977,0.1556259353733418,9.700890933893978,-0.0159980140594338,0.000593431693232,-0.0035131686849094,phone_A,9.702856064692222,0.01638996550420414
3569,25,16,Standing,-0.1588895920218598,0.1379675785556361,9.739936331745534,-0.0142740609093446,-0.0010700407645937,0.0012223227672281,phone_A,9.742209231054424,0.014366206006766575
3570,25,17,Standing,-0.1638665138893752,0.1801947755646162,9.723689941261789,-0.0117589666471432,-0.0214438140714789,-0.0094218642171997,phone_A,9.726739868286328,0.026208433449333265
3571,25,18,Standing,-0.1899510954358855,0.1483272294016065,9.719084717462565,-0.0124940107406583,-0.0093438918717356,-0.0070747094243069,phone_A,9.72207231668504,0.01713067812833889
3572,25,19,Standing,-0.1606934657493826,0.2023314112295844,9.703694731626992,-0.017105420690844,-0.0179063153721494,-0.0016546262383963,phone_A,9.707134069049946,0.024818729524422024
3573,25,20,Standing,-0.2018888281532726,0.1156024560130011,9.672761301056806,-0.0063417210247049,-0.0087953628302424,0.0083861935491953,phone_A,9.675558599584393,0.013707810733861138
3574,25,21,Standing,-0.193547709748545,0.1367840832150273,9.695272705201477,-0.020400167206217,-0.028280621584505,0.0014178760535422,phone_A,9.69816907615013,0.03489943769963622
3575,25,22,Standing,-0.1957576183237507,0.2141141395679916,9.70161526237132,-0.0182495703508104,-0.0223396885350075,-0.0005771362658922,phone_A,9.705952019713,0.02885206384471883
3576,25,23,Standing,-0.2309871872744195,0.1782051868819374,9.671257326867996,-0.0076469902564347,-0.0200671587120435,0.0109843680764521,phone_A,9.67565659021725,0.024121021139150194
3577,25,0,Laying,7.351749460335067,0.1463779114314611,6.3188595916610995,0.0120120262923227,0.0013884162504925,0.0039251844727588,phone_A,9.695237653591553,0.012713125047653321
3578,25,1,Laying,7.353426431230394,0.1503687757320562,6.318572895585397,0.0017843281941564,0.0102067895718987,0.0125747123292931,phone_A,9.696383577657155,0.016293734091176196
3579,25,2,Laying,7.3477792467908625,0.1541277747435906,6.352237276472764,0.0048855112051082,0.0145231462473746,-0.0003872858186523,phone_A,9.714140911430512,0.015327752182338998
3580,25,3,Laying,7.367511026183719,0.1575689721592021,6.255404706289184,0.0122586070957809,0.0092421920814911,0.0031458389502677,phone_A,9.666185118307576,0.015671243253198772
3581,25,4,Laying,7.308195834411691,0.1613049685464765,6.301059666244028,-0.0016838619127943,0.0057172696697269,0.0035129285202731,phone_A,9.650859990931249,0.00691832567940297
3582,25,5,Laying,7.309666936986214,0.1699269021340483,6.329176839424933,0.0036225353961636,0.0125004596207352,0.0044677499740549,phone_A,9.67050078054137,0.013760270464520562
3583,25,6,Laying,7.296168926886505,0.1920641373845541,6.344695413736253,0.010439760016948,0.0148264560866728,0.0020368218030291,phone_A,9.67089083464493,0.018247219852865194
3584,25,7,Laying,7.262028945928624,0.1145785525113901,6.3365047202855695,-0.000336348257849,0.0058630599754709,-0.0103882017479504,phone_A,9.638541628607625,0.011933286973112087
3585,25,8,Laying,7.319376269827193,0.1166791148162597,6.301546614896515,0.0049000484664478,0.0019513216660748,-0.0012171381497433,phone_A,9.659004748671443,0.005412906473752426
3586,25,9,Laying,7.323246612848636,0.1640002372488931,6.308635007899828,0.0081429982310004,0.0001798216305487,-0.0045252037958621,phone_A,9.667249489555754,0.009317629816802854
3587,25,10,Laying,7.278956640504213,0.0994075904943401,6.326146937916896,-0.0069707302216598,-0.0009013960355051,0.0063067084818118,phone_A,9.644336510279159,0.009443419217134359
3588,25,11,Laying,7.336800833956649,0.1655613211842223,6.338632118943649,-0.0070393121045594,0.0089071320131725,0.0068530027666164,phone_A,9.697129171436424,0.013260941238265513
3589,25,12,Laying,7.303027706238691,0.1420461754398985,6.284464763117213,-0.0057050388905861,0.0091557312072619,0.0127762674108323,phone_A,9.635812791503836,0.01672147994753529
3590,25,13,Laying,7.34232072602739,0.1531492063558049,6.316743558054466,-0.0027807094408229,-0.0021018552674856,-0.0014070838184407,phone_A,9.686814620992878,0.003758992608646129
3591,25,14,Laying,7.292038607153398,0.1497628443604726,6.3373634457608485,0.0017199492720405,0.0133235537902328,0.0039304279676771,phone_A,9.662216691910425,0.013997270273475389
3592,25,15,Laying,7.286055424589985,0.1329801411407701,6.29460262012262,0.0008980493286819,0.0037027059023775,0.0028128457709376,phone_A,9.629450114798328,0.004735886920876461
3593,25,16,Laying,7.32643468220092,0.114606780880119,6.3358041156870515,-0.0114629863624903,0.007312897954673,0.0027822259924064,phone_A,9.686701897918464,0.01387873604889584
3594,25,17,Laying,7.328193272432516,0.0977539658126951,6.2724156964717785,0.0008166110862501,0.0027319595634381,0.0027229932034175,phone_A,9.646510827511824,0.003942733659316257
3595,25,18,Laying,7.289385271082283,0.1539885197462642,6.317148536081589,-0.0025231870831878,-0.0023479122505424,0.0062337591449966,phone_A,9.647031446066855,0.007123125582975607
3596,25,19,Laying,7.27940024186216,0.1138372468593087,6.274521237018675,-0.0051665767688094,0.0106382913004322,0.0045586455589253,phone_A,9.611047994563014,0.0126746994691299
3597,25,20,Laying,7.291447614482558,0.1322423350876516,6.310238466858037,-0.0040671344426095,0.0048873514000555,-0.0030508526211026,phone_A,9.643744389942514,0.007052339186225627
3598,25,21,Laying,7.303408978065086,0.0849266129841501,6.321040523152954,-0.0112917981731694,0.0104520272792901,-0.0114747573340861,phone_A,9.65932443423537,0.019194260499086152
3599,25,22,Laying,7.340827214301522,0.0872045580509432,6.275664225293856,-0.0030677849679417,0.0066539981233901,0.0015207865451395,phone_A,9.65812146816387,0.0074833005653578664
3600,25,23,Laying,7.31947545313924,0.1077329617320348,6.294695985269395,-0.0068360719263184,-0.0007402391586172,-0.0083426956350989,phone_A,9.65450800647646,0.010811124079097746
3601,26,0,Walking,-0.7079610379822677,0.812132631138534,9.85563226783393,0.446213021423035,-0.1084852942138758,0.153934737770277,phone_B,9.914345951227961,0.4843253276884753
3602,26,1,Walking,0.0305471608455421,0.8519372146125539,9.983998379799782,0.5011803823856203,0.0246447734888363,0.1636559559461659,phone_B,10.020327030318033,0.5277995949838973
3603,26,2,Walking,0.7775737123256778,0.7682023963158493,10.25679338235961,0.4189623796495478,0.1847077550945257,0.1761816406931397,phone_B,10.314871123199808,0.4905980033296076
3604,26,3,Walking,1.103557161678596,0.5236031082908047,10.406795913205558,0.2700842640353164,0.364553513561241,0.0667890665026076,phone_B,10.478234574737092,0.45859083433234266
3605,26,4,Walking,1.4767219832652572,0.0782083620496543,9.862869338936749,0.0193019034163765,0.3774901112026386,-0.0276528899200919,phone_B,9.973114656951056,0.37899344302007165
3606,26,5,Walking,1.52830004911989,-0.2962269983334465,10.034307381966704,-0.1819993407305717,0.3326566361067656,-0.0992574382300686,phone_B,10.154347645736431,0.3919645859210086
3607,26,6,Walking,0.6182124455456517,-0.6547964320239107,9.811777984142994,-0.3744428973751617,0.2052442122280661,-0.1459145215288646,phone_B,9.853016401353036,0.45124684779045576
3608,26,7,Walking,-0.1299286854664439,-0.4801532810347833,9.551917240013374,-0.3543067879910574,0.0275328540581717,-0.098258703109726,phone_B,9.564860249719294,0.3687087343770608
3609,26,8,Walking,-0.8386759881705539,-0.511649119050277,9.238139008345629,-0.2703082529173104,-0.0728381833059885,-0.0209943202750534,phone_B,9.2902300602125,0.2807360219607326
3610,26,9,Walking,-1.2029107855227672,-0.118076308095505,9.620297480624624,-0.0806057713782151,-0.2099467440437135,0.0118285832926816,phone_B,9.695930073395381,0.22519955838488126
3611,26,10,Walking,-1.327398994121217,0.3942971349257026,9.702678467913934,0.1948382305585478,-0.2552514841257956,0.0919599335671158,phone_B,9.800991162730702,0.33402378001764405
3612,26,11,Walking,-0.7718424403532657,0.6362667091326535,9.885496928671616,0.3420243209622294,-0.1278166932907612,0.1757074719542785,phone_B,9.935976328708565,0.4052047123541657
3613,26,12,Walking,-0.0757642805318899,0.7901401580780025,9.74095844484834,0.4928078938092333,0.0396297178964144,0.2042839226315498,phone_B,9.773245782229885,0.5349411703981802
3614,26,13,Walking,0.5980584046180313,0.9487521366835426,10.186676073986902,0.4888436291706445,0.1910496064380454,0.0924704192201689,phone_B,10.24822784234099,0.5329341651007302
3615,26,14,Walking,1.232319172333119,0.5799937890747383,10.247426812136055,0.2564279577866279,0.3130661261425181,0.0816330405564901,phone_B,10.337541274788217,0.41283126115036545
3616,26,15,Walking,1.4655453268720602,0.1074542260850397,10.358607029959355,0.0287989044077978,0.4026098102690016,0.0008624196821872,phone_B,10.462318534480941,0.403639418277798
3617,26,16,Walking,1.2528818587315458,-0.2915934085410318,9.97506835922742,-0.1827835499508488,0.314460177067803,-0.1024441395418624,phone_B,10.057670129761823,0.37787541706311223
3618,26,17,Walking,0.6650979311104793,-0.6303477613655548,9.74356693731179,-0.4142997045917657,0.2091555897789772,-0.1335887203468365,phone_B,9.786561715950166,0.4829453925285149
3619,26,18,Walking,-0.2843686786466139,-0.7149610574619081,9.550204300935768,-0.3721871020269372,0.0286458515333484,-0.085035226145128,phone_B,9.581150090082835,0.38285090232469543
3620,26,19,Walking,-0.6192533566452246,-0.581879166268877,9.476507797706535,-0.2672261626827072,-0.1074717346554694,-0.0321939842494812,phone_B,9.514528791477112,0.28982140775628734
3621,26,20,Walking,-1.289989421109044,-0.0615952642286036,9.470368848606702,-0.1523569045179262,-0.2197758418511998,0.0118547504653041,phone_B,9.558020339579157,0.26768373526287076
3622,26,21,Walking,-1.272716329228598,0.1915802687414548,9.634254896047503,0.1452385618537235,-0.2517523167429135,0.1090395867078928,phone_B,9.719844507813459,0.3104240652787573
3623,26,22,Walking,-0.8318910298067494,0.8294270857122523,9.647497106440651,0.3360961295340091,-0.0903860343733104,0.1730922723608985,phone_B,9.718754673041541,0.38870448704450805
3624,26,23,Walking,-0.2089194230340401,0.8159875265533962,9.981974898569655,0.5262482079309871,0.0142976578541156,0.2078238585054796,phone_B,10.017450066982429,0.5659791122778246
3625,26,0,Walking Upstairs,0.2023395199728386,1.3407374627520476,10.422956903639204,0.7689362819804823,0.2129077227682972,0.2832360628167459,phone_B,10.510782503719206,0.846649497395635
3626,26,1,Walking Upstairs,1.3815149031322074,1.0796454644644524,10.81897715218768,0.5858016266042696,0.3968497134193881,0.1996569918925865,phone_B,10.960131585709822,0.7351980380719572
3627,26,2,Walking Upstairs,1.99971666548246,0.5331009092817474,10.743751503658624,0.277043127781966,0.5659167297783497,0.0122302186874318,phone_B,10.941264081176922,0.630209661893071
3628,26,3,Walking Upstairs,1.82643344794936,-0.1633407888605381,10.561662429968155,-0.1607822043847834,0.5316090507472687,-0.0972492836550047,phone_B,10.719666629037238,0.5638408669603987
3629,26,4,Walking Upstairs,1.0999223178627255,-0.7479685275376673,10.293395891667297,-0.4759129758009633,0.3586150930555521,-0.2077666889624017,phone_B,10.378982850265846,0.6310823579734819
3630,26,5,Walking Upstairs,-0.0751256264849495,-0.89045408856642,9.705140302937052,-0.4648619283128707,0.1052729582726712,-0.0878181191157499,phone_B,9.746194161994337,0.48465557892514577
3631,26,6,Walking Upstairs,-0.9626575051492824,-0.290757133444064,9.629551379195814,-0.2785818709733739,-0.105573389718649,0.0001359732362454,phone_B,9.681916594736853,0.29791545434977396
3632,26,7,Walking Upstairs,-1.4857031763303452,0.2317513071118787,9.73027405675064,0.0683394782073844,-0.2176475638727006,0.1906113715895546,phone_B,9.84577350013602,0.29727670833859504
3633,26,8,Walking Upstairs,-1.3602408483626214,1.0735989686589171,9.96051532429636,0.5079276025346396,-0.1684814216317033,0.2737603768841888,phone_B,10.11013033727075,0.6010999773776403
3634,26,9,Walking Upstairs,-0.3059201513760767,1.159757649552794,10.586405345162936,0.7072471832701621,0.048342075707434,0.2729582515280205,phone_B,10.654135491761336,0.759632635952745
3635,26,10,Walking Upstairs,0.7187410950431232,1.3354537626920655,10.615303266773134,0.6972334620871639,0.3044792187530689,0.2025097997408219,phone_B,10.723091390058958,0.7873070013010169
3636,26,11,Walking Upstairs,1.8081867504200513,0.90218891497473,10.503845438151028,0.4518524840161087,0.5201749735744042,0.0827791486775837,phone_B,10.6964598419881,0.693977707063019
3637,26,12,Walking Upstairs,2.1328269600824052,0.2773607009693666,10.552258615877316,0.0556969836837517,0.5909299453223822,-0.0585714754030833,phone_B,10.769217320513762,0.5964318670234479
3638,26,13,Walking Upstairs,1.5725378661410747,-0.2875739671714939,10.255628207558663,-0.3172235535165722,0.4379527763759887,-0.141265938120921,phone_B,10.379474170627104,0.5589181357894035
3639,26,14,Walking Upstairs,0.6232140434817599,-1.050964911969003,9.922407353991517,-0.5169986427554103,0.2422168134092695,-0.1632217513255745,phone_B,9.997354184419388,0.5937995633333397
3640,26,15,Walking Upstairs,-0.7127375360466778,-0.5682425530810102,9.675774780303843,-0.443919912847998,-0.0094336071793815,-0.0811850174399321,phone_B,9.718616773676478,0.45138109068071414
3641,26,16,Walking Upstairs,-1.2408838179774413,-0.1904696907136804,9.79939284601648,-0.1145883024134565,-0.1681093257628108,0.0650887800907025,phone_B,9.879482349969445,0.21360658639686284
3642,26,17,Walking Upstairs,-1.161649511517062,0.6091773070065458,9.86598787613991,0.2714396935340528,-0.2443191949302351,0.2424319320167794,phone_B,9.952800779233916,0.43834303678581127
3643,26,18,Walking Upstairs,-0.9009924755647502,1.2990049981017002,10.319414570584057,0.6402580862150112,-0.0922642771599191,0.2838839407642678,phone_B,10.439804524305043,0.7064228235464943
3644,26,19,Walking Upstairs,-0.0523565469914082,1.4091077180867868,10.638444309519098,0.7577655203767864,0.1549933160300892,0.2746626220176968,phone_B,10.731487459617325,0.820774675425321
3645,26,20,Walking Upstairs,1.5199736852515993,1.1893397466550943,10.99369851725531,0.6151683234648944,0.4207843788810188,0.1726309850181754,phone_B,11.161821362355363,0.7650444540634479
3646,26,21,Walking Upstairs,2.26848886576326,0.6239177330225507,11.02557229670572,0.2682227023262967,0.5969698919377769,0.0408385246753344,phone_B,11.273799694049762,0.6557318468864236
3647,26,22,Walking Upstairs,2.0346768388677168,-0.2547226602887058,10.582521418928486,-0.1679673789266225,0.5462584162056804,-0.1314887782616447,phone_B,10.77935772921418,0.5864303850140764
3648,26,23,Walking Upstairs,1.1428107621699333,-0.506516195650535,10.244296042283654,-0.4850526584511524,0.3189985815051849,-0.143208160642062,phone_B,10.320279865223435,0.5979504609475045
3649,26,0,Walking Downstairs,1.905745845469173,0.0791504489221543,10.054086746536456,-0.0910318851978565,0.3012489583723555,-0.1041161525530786,phone_B,10.233415477149729,0.33147837375243777
3650,26,1,Walking Downstairs,1.5848676637632189,-0.8939366785594957,9.511094033826224,-0.5924961178223203,0.2376900231361342,-0.2748396449260315,phone_B,9.68358601021342,0.6950431836627448
3651,26,2,Walking Downstairs,0.1648066291405363,-1.6006563483508487,9.155967160983536,-0.8865581028998708,-0.0649374099380025,-0.2677382144165453,phone_B,9.296289400805758,0.9283780956516768
3652,26,3,Walking Downstairs,-1.491059668521649,-1.5931984713227183,8.888034132562852,-0.8061193847083474,-0.4347444774798671,-0.204674307428273,phone_B,9.15197743909584,0.9384683240381907
3653,26,4,Walking Downstairs,-2.368464592061897,-0.7972154498078444,8.671649842208183,-0.3025609458255288,-0.640250610360165,0.0103882246611225,phone_B,9.024560265360993,0.7082173996853031
3654,26,5,Walking Downstairs,-2.193044145101813,0.4195133533788984,9.009532594122788,0.2028891359810558,-0.5961165459098369,0.1852840978242212,phone_B,9.28208552215446,0.6563909922547304
3655,26,6,Walking Downstairs,-1.0199887439618551,1.082240723530194,9.48341769440592,0.6583184000196511,-0.2920867778752284,0.2288656188226402,phone_B,9.599314204048504,0.7556965482870994
3656,26,7,Walking Downstairs,0.6074807549485326,0.9199999653747104,10.212121202676247,0.6481395448060789,0.078703160442865,0.1580939058954956,phone_B,10.27145813709388,0.6717683678816831
3657,26,8,Walking Downstairs,1.7239549869444712,0.2271297704503205,10.147048727180575,0.1959415527508618,0.2786214977902063,-0.0357138909032756,phone_B,10.294960252541651,0.3424887051111726
3658,26,9,Walking Downstairs,1.9710577440651265,-0.4042912518350112,9.89685468219483,-0.3761441919259572,0.299437731389012,-0.200622253030061,phone_B,10.099319415051252,0.5209574805201355
3659,26,10,Walking Downstairs,0.9925984176399104,-1.189156218466642,9.513658730184686,-0.7643826388947195,0.0984834755738516,-0.2745825431299302,phone_B,9.638933891517175,0.8181536448592407
3660,26,11,Walking Downstairs,-0.6872842075141766,-1.4381210756557377,8.886396883996408,-0.928589521889304,-0.2360782975271839,-0.2246905266216918,phone_B,9.028211416999753,0.9841226018537899
3661,26,12,Walking Downstairs,-1.977164320442684,-0.8718117029965039,8.506074077843667,-0.6177105762779974,-0.5610770623396015,-0.1112498522239165,phone_B,8.776248094332637,0.8418731231896978
3662,26,13,Walking Downstairs,-2.442146635726405,-0.1408810173744057,8.80073718888996,-0.0414292538655786,-0.6490206785176138,0.0721026321378863,phone_B,9.134380259183269,0.6543263816938254
3663,26,14,Walking Downstairs,-1.6677975729550425,0.6055566146543446,9.170760128963172,0.5035260633117711,-0.4526011633911107,0.2399585164360118,phone_B,9.340829133480977,0.7183080113345586
3664,26,15,Walking Downstairs,-0.1356900242125025,0.9461139917383804,9.789164798837763,0.7201366433176585,-0.2160651391420863,0.1977376853919246,phone_B,9.83571506942115,0.7774195274274176
3665,26,16,Walking Downstairs,1.3942686425114572,0.5496218384699652,10.174837669621324,0.4958238924769076,0.1413570570446653,0.0747882578002945,phone_B,10.28461913810905,0.5209764231057717
3666,26,17,Walking Downstairs,1.9442812844521504,-0.1022654667380613,10.140668910396329,-0.0195736995947924,0.3413938087414385,-0.1121643407172415,phone_B,10.325882717183879,0.3598801212783869
3667,26,18,Walking Downstairs,1.4491067284792758,-1.0592379444157842,9.569996799381904,-0.5596666564146294,0.2593553687478207,-0.2521889361552826,phone_B,9.736874964463391,0.6664017055198629
3668,26,19,Walking Downstairs,0.4503219648478931,-1.5930243582501764,9.079537113072252,-0.900682474464049,-0.1035841228460751,-0.3369011010546681,phone_B,9.229220479848733,0.9671922984620591
3669,26,20,Walking Downstairs,-1.2430184468755112,-1.553987526846014,8.641699688939893,-0.7917045718920187,-0.428891581379448,-0.170662096894407,phone_B,8.86786026089099,0.916444034870261
3670,26,21,Walking Downstairs,-2.275746847265445,-0.7376833288239145,8.853119808309431,-0.3126626372284072,-0.6732812490489766,-7.038700362291348e-05,phone_B,9.170655960548524,0.7423379082290644
3671,26,22,Walking Downstairs,-2.2347133787248574,0.2039159396308288,9.285054895223029,0.2474585549173637,-0.6129682980745266,0.1655120651071773,phone_B,9.55236986316969,0.6814397365447762
3672,26,23,Walking Downstairs,-0.880177776363084,0.8467408736926155,9.510737446333849,0.6534115942229148,-0.3809355781075644,0.252858672847807,phone_B,9.588837770985705,0.7974936580107893
3673,26,0,Sitting,0.2127133940402928,-0.0798569991550085,9.896264270179168,0.0148235765086805,0.0082358857117477,0.0223340026267306,phone_B,9.89887218997917,0.02804239482099351
3674,26,1,Sitting,0.1859934355230427,-0.0689140594478806,9.93163113427759,0.0103389481580018,-0.0019877990526461,0.0112886574993306,phone_B,9.933611613758574,0.015436287838231786
3675,26,2,Sitting,0.1970256160886455,-0.0041442427888842,9.911548820672529,0.0051682179967922,0.0040839418284335,0.0207127017515424,phone_B,9.913507769337672,0.021734881457434803
3676,26,3,Sitting,0.2043003359668414,-0.0195495490006271,9.891565952558429,0.010838735592753,-0.0060090500848956,0.0127533268220583,phone_B,9.893694851063248,0.017782975487882397
3677,26,4,Sitting,0.2712448721483318,-0.0346538812874376,9.933998455750308,-0.0036445938930856,0.0004981753414996,0.0207379111930014,phone_B,9.937761316866316,0.02106162871112317
3678,26,5,Sitting,0.244593224616052,-0.0333112605780703,9.925068255654798,-0.0002980867408434,0.0100509015215793,0.0135120958262212,phone_B,9.928137557720278,0.016842986989205215
3679,26,6,Sitting,0.2303769727378607,-0.0945314005795434,9.946651217575807,0.0027315163644211,0.0022736683014482,0.0183139128530565,phone_B,9.949767845501004,0.01865556627882034
3680,26,7,Sitting,0.2422166085450264,-0.0563192303929601,9.944307676164874,0.0027633264228583,0.0080471182969451,0.009391706558493,phone_B,9.947416543977575,0.012672657096486746
3681,26,8,Sitting,0.2868530919349775,-0.0850584904951906,9.940096693584865,-0.0031234049943786,0.0092984011896274,0.0172153881439929,phone_B,9.9445986304614,0.019813770776672086
3682,26,9,Sitting,0.2302500584602038,-0.055539636014777,9.927158478174633,-0.0078620058158447,0.014313221180991,0.0133847846126153,phone_B,9.929983645071328,0.0211147317091752
3683,26,10,Sitting,0.2275868441263194,-0.0469067080954995,9.898646961675272,-0.0055957652924854,0.0042920525012609,0.0129438160389107,phone_B,9.901374030040822,0.014740307918470565
3684,26,11,Sitting,0.2265000896263837,-0.0594603032599574,9.933054323761652,-0.0090869529163652,0.0178560963324857,0.0033025021259485,phone_B,9.935814310717799,0.020305649702266157
3685,26,12,Sitting,0.2029386539234947,-0.0609363480848532,9.863073092199697,0.0007055226117662,0.0074062721829565,-0.0014262731915087,phone_B,9.865348861436573,0.007575281184257456
3686,26,13,Sitting,0.2137565007941752,-0.1270739591793547,9.924859474396676,-0.0176047130565382,0.0096343099282729,0.0046961160590247,phone_B,9.927974376440279,0.020610661212995908
3687,26,14,Sitting,0.2245246822630162,-0.0773135399151249,9.929227309810214,-0.0041455716445787,0.0025542738297658,0.0057670887854569,phone_B,9.932066435857166,0.00754780710651141
3688,26,15,Sitting,0.2191093761050966,-0.0897168948468743,9.892417586250142,-0.0149129506134511,0.0034888829510389,0.0071620271415702,phone_B,9.895250564824986,0.01690748452673755
3689,26,16,Sitting,0.2333020250243808,-0.0847742946680825,9.90732927141374,-0.0171573773389371,0.0067094824994938,-0.0006069404853411,phone_B,9.910438426635245,0.018432610485615755
3690,26,17,Sitting,0.2453553985729687,-0.1080821346453294,9.913152117701014,-0.0136236385566156,0.0146456336060043,0.0067214706617858,phone_B,9.916776992960893,0.021101570536333852
3691,26,18,Sitting,0.2305308929150221,-0.1216201996889899,9.926051411936898,-0.0177765684374195,-0.0047230286984193,0.0028416098908802,phone_B,9.929472926493887,0.0186115053735129
3692,26,19,Sitting,0.2307522507390046,-0.1279700010328326,9.90092025274481,-0.0177349469184923,0.0034105515093647,0.0110471150962114,phone_B,9.904435611058199,0.021170709854624884
3693,26,20,Sitting,0.1901481317554791,-0.0596700246135145,9.900880233529367,-0.0149075643954726,0.0037560345755712,-0.0070405001172654,phone_B,9.902885752271406,0.016908930002790326
3694,26,21,Sitting,0.1932208631100332,-0.1264224650481191,9.924327248238416,-0.0277029321207332,-0.0029708510360065,0.0040323718130647,phone_B,9.92701305890837,0.02815205900823048
3695,26,22,Sitting,0.2279014522065531,-0.1048235166602273,9.872637708985692,-0.0299123028559655,0.004509115517343,0.0114225631809904,phone_B,9.875824136468264,0.03233501097138306
3696,26,23,Sitting,0.2036606668641577,-0.1468442780618991,9.88422871050378,-0.0188007871072711,-0.0010708097234524,0.011101814408691,phone_B,9.887417160754081,0.021860158107428924
3697,26,0,Standing,-0.1131354782426904,0.1225784729106061,9.79623046136202,-0.0076993237998911,-0.0466609309592672,0.0147576623489283,phone_B,9.797650553605973,0.049540999817989595
3698,26,1,Standing,-0.1148480073133805,0.1381662603908195,9.835366033043655,-0.0010963525938492,-0.0406329189486937,0.0197268781647757,phone_B,9.837006911873303,0.04518169777054704
3699,26,2,Standing,-0.1405068795362351,0.2202303598027907,9.81389663041066,0.0111595330807926,-0.0484420063447999,0.0254887418881173,phone_B,9.817372900474016,0.05586447100197051
3700,26,3,Standing,-0.1439247856250298,0.2612692765000899,9.796285915836032,0.0117207800810189,-0.0452509141910453,0.0226875541402024,phone_B,9.800826175561298,0.0519590900006685
3701,26,4,Standing,-0.1211249214070589,0.1790072621232501,9.753219309642828,0.0237036134750819,-0.0423350559234693,0.0021926344585538,phone_B,9.75561385810593,0.04856877492472087
3702,26,5,Standing,-0.1101419059663234,0.2321066738100664,9.808702422250988,0.0076251061790664,-0.0422910839591565,0.0284264224253299,phone_B,9.812066446765915,0.0515241644142412
3703,26,6,Standing,-0.1116412050793359,0.2597637168561484,9.858638832906417,0.013621053579944,-0.050703447168817,0.0210921306736806,phone_B,9.862692359845607,0.056579595542777965
3704,26,7,Standing,-0.0962920770535676,0.2326331466520215,9.850291777598056,0.0231565541430291,-0.0369236355402955,0.0219107470830726,phone_B,9.853508940922538,0.04878177630047911
3705,26,8,Standing,-0.0907084200018973,0.2945162359428563,9.801501670779857,0.0237097542420163,-0.0276796096037701,0.0174815916917924,phone_B,9.80634502926516,0.0404217674293502
3706,26,9,Standing,-0.0719362476860661,0.2739404716065314,9.806337561507243,0.0276639786038266,-0.0386140854974504,0.0249770482846741,phone_B,9.810426829447483,0.053667459899014475
3707,26,10,Standing,-0.0974341620508771,0.2846994049129544,9.845103825192655,0.0229760410349347,-0.0377510791550795,0.0239387624632655,phone_B,9.849701340442532,0.050260389844138
3708,26,11,Standing,-0.1078259658136312,0.245678481760128,9.855578665789714,0.0302820816023372,-0.0257304127017152,0.0279021523546979,phone_B,9.85922994928473,0.048555007053814436
3709,26,12,Standing,-0.083509679127033,0.2370278742249474,9.864753980547755,0.0289598337245037,-0.0311631400307929,0.0283239346970579,phone_B,9.867954558894173,0.05110830209127387
3710,26,13,Standing,-0.048867634418408,0.2730334398041364,9.857851118283124,0.0263505870086914,-0.0318850515705678,0.0319481644764874,phone_B,9.86175258132046,0.052265621232097444
3711,26,14,Standing,-0.0621588222832722,0.2357411732805054,9.895736043314685,0.0266679258385861,-0.0254260615529265,0.0297314745102967,phone_B,9.898738781224843,0.04734578599180668
3712,26,15,Standing,-0.0408420924670108,0.2096195098962804,9.880995871659776,0.0410987441168335,-0.0182566971907948,0.013783360223578,phone_B,9.88330348776176,0.04703610080938091
3713,26,16,Standing,0.0231399992711918,0.2396595741348894,9.848560376445318,0.0382935697938717,-0.0175384810905451,0.0265722066516261,phone_B,9.851503116759876,0.04980038125213755
3714,26,17,Standing,-0.0332914202621272,0.306347487085513,9.878573322520644,0.0243087294048458,-0.0101155189468633,0.0267941013428318,phone_B,9.88337836925832,0.03756543511810167
3715,26,18,Standing,0.0197744736850479,0.286694027143531,9.94308231550916,0.0315829008358527,-0.0146738666462906,0.0290182835047229,phone_B,9.947234310500598,0.04533059414039152
3716,26,19,Standing,-0.0049015276718735,0.2907929371050354,9.81299625550183,0.0323860289918305,-0.0126898875386053,0.0229270394465586,phone_B,9.817305132659197,0.041659779852829155
3717,26,20,Standing,-0.0087278880817983,0.2907891572369604,9.877073911340672,0.0330527843856008,-0.009669413025488,0.0256809866857324,phone_B,9.881357374373394,0.04295925023846736
3718,26,21,Standing,0.0590525002823103,0.2695164768235314,9.913300745929844,0.0314089068299168,-0.0099616816810607,0.0206124535182535,phone_B,9.917139608189558,0.03886679521400414
3719,26,22,Standing,0.0257325182504859,0.2744816697555304,9.897059077222824,0.0241386243088865,-0.0058717567330952,0.0109705214970864,phone_B,9.900897975818456,0.02715700743042668
3720,26,23,Standing,0.0370927420012159,0.2551376167489056,9.941251415069182,0.0350551817669844,-0.0085227447514393,0.0198982204505559,phone_B,9.944594047652448,0.04120002577564027
3721,26,0,Laying,7.420037970621654,0.0790250178607515,6.402645538095876,-0.0070235063428475,-0.0112926320053406,0.0068938485693033,phone_B,9.800871304400136,0.01497926323463698
3722,26,1,Laying,7.360696278692214,0.1039539227286151,6.440307803925344,-0.0245201927905,-0.0123360650865999,0.0077281966370121,phone_B,9.781013277493583,0.028515669018356248
3723,26,2,Laying,7.422541885575883,0.0952846563881208,6.402758619455178,-0.0069502092491307,-0.0137498513338714,0.0213542466902998,phone_B,9.802985522170221,0.02633187558873175
3724,26,3,Laying,7.451251155375373,0.1047766447850297,6.3831986691549325,-0.0125672034766856,-0.0065708576504351,-0.0073129801503083,phone_B,9.812102077316386,0.015955890829580884
3725,26,4,Laying,7.383254204626272,0.0933496758146723,6.4051834511777,-0.0209936025200015,-0.0041792543514967,0.0003157075547525,phone_B,9.774841781601731,0.021407876703737932
3726,26,5,Laying,7.4051768808304415,0.0687543508000496,6.420611422464763,-0.0280551471077659,-0.0140918076045719,-0.0044911643230526,phone_B,9.80130720033938,0.03171499452592285
3727,26,6,Laying,7.406951268414223,0.1036121843709878,6.425758225387163,-0.0219222288174718,-0.008352032053617,0.0049743287853976,phone_B,9.80632608822203,0.0239809195531671
3728,26,7,Laying,7.4470460518913955,0.0829761518284021,6.332327005741488,-0.0119817734971408,-0.014745115899256,0.0046922979274685,phone_B,9.77567108941409,0.0195703602128168
3729,26,8,Laying,7.419697202843601,0.051378660049231,6.407976954336709,-0.013911537226839,-0.0102360884487547,0.0030078445380766,phone_B,9.803913249101297,0.017531557361218482
3730,26,9,Laying,7.434415838214435,0.0629102518169904,6.3899712523468635,-0.0176791400077031,-0.0110680576576981,0.0049292666200869,phone_B,9.803378456486143,0.021432488449501165
3731,26,10,Laying,7.438692602827187,0.0961593666387787,6.407041786525586,-0.0150234462146179,-0.0088533344211232,0.0086068196784951,phone_B,9.818023157307852,0.019446408704794114
3732,26,11,Laying,7.361146009227596,0.1170206978713266,6.407726646993428,-0.01217341683447,-0.0160849312370482,-0.003502570064611,phone_B,9.76007813470196,0.020474010046491516
3733,26,12,Laying,7.347866336821353,0.0672535176800042,6.417295859823817,-0.0081712671050117,-0.0122236559137219,0.001449182536109,phone_B,9.75588790894733,0.014774555831613956
3734,26,13,Laying,7.383743698506128,0.1260335999108058,6.371267851298566,-0.0030025825365378,-0.0031523269156776,0.0208842793084988,phone_B,9.753389641889946,0.02133320859850713
3735,26,14,Laying,7.411427954804632,0.0846962297261934,6.412665755016517,-0.0097956118028235,-0.0186723036252919,0.0017900136495851,phone_B,9.800955048675153,0.021161594508269103
3736,26,15,Laying,7.393434700661099,0.0752132917078106,6.434545464050434,-0.0185597077975219,-0.0145381255423797,0.0146239353421069,phone_B,9.801627877098845,0.027743095225758633
3737,26,16,Laying,7.431214003999556,0.1010850557771541,6.412943909227975,-0.020558048204767,-0.0093024261531592,0.0166417345073817,phone_B,9.816262493670632,0.02803775678863562
3738,26,17,Laying,7.351209010493299,0.1413552609014826,6.385680630116368,-0.0104651566137427,-0.0152879229200907,0.0090389429372482,phone_B,9.738437879638898,0.02061413543138849
3739,26,18,Laying,7.391622612298007,0.0739353960622269,6.41620115224976,-0.0153088507626713,-0.0239053960841444,0.0035367167449577,phone_B,9.788216819807234,0.028606594326267366
3740,26,19,Laying,7.3633625879494575,0.0871566428723054,6.415189195128548,-0.0174027128736184,-0.0104741671190747,0.0093811815618687,phone_B,9.76633796728869,0.02237340295298537
3741,26,20,Laying,7.387399731130437,0.1022631538874835,6.437944868497343,-0.0208922532716112,-0.0066483372222974,0.0162105528818556,phone_B,9.79955441180671,0.02726662170717104
3742,26,21,Laying,7.393129784879592,0.1330394643919434,6.395056469529935,-0.0104642096252129,-0.0200759403262987,0.0166041832056469,phone_B,9.776134960383686,0.02807564715179672
3743,26,22,Laying,7.375103523207371,0.1038430279623679,6.42019695365157,-0.0053901219038294,-0.0219759545109778,0.0156817279994283,phone_B,9.77864327379617,0.02753021220141175
3744,26,23,Laying,7.367428343168457,0.0530722555691238,6.384664758655508,-0.0061603088397199,-0.0173240613196444,0.0083115096101315,phone_B,9.749141558950239,0.020178049896034025
3745,27,0,Walking,-0.1401954288567256,0.907418562494058,9.982289388368146,0.4873172419508865,0.0592651276578791,0.1472342493473412,phone_A,10.024428394624723,0.5125118279998995
3746,27,1,Walking,0.7322445503107062,0.8710772073756057,10.26328973254355,0.3662961197369144,0.2503998742661748,0.1067710554005656,phone_A,10.326183889356361,0.45636937083703016
3747,27,2,Walking,1.3709828517164242,0.6486592511133985,10.054297189665231,0.2604296020738804,0.3166659930032192,0.0325507836339829,phone_A,10.16805019567988,0.41129123778201365
3748,27,3,Walking,1.4164223907856068,0.0725442794548958,9.94586914027027,0.0005797111444145,0.4171660087752929,-0.0777295502467214,phone_A,10.046483365684777,0.4243462005533646
3749,27,4,Walking,1.172458104223651,-0.2434449027086737,9.862268455907486,-0.2087240387672665,0.3033758125701282,-0.1159619084430452,phone_A,9.934699921145198,0.3860696468535932
3750,27,5,Walking,0.3933493872391524,-0.5892075154596147,9.697140908448247,-0.3721012137868429,0.1616758520635266,-0.1479905470577582,phone_A,9.722984677300278,0.43185599041875483
3751,27,6,Walking,-0.2121147873217307,-0.4596882252695274,9.59934797491574,-0.3547243469385842,0.0242904615089036,-0.0885404163883238,phone_A,9.612688879339169,0.3664134197399685
3752,27,7,Walking,-0.8663168458027724,-0.2292811669839622,9.5814864775886,-0.3045688066310121,-0.1153387102271293,-0.0273259690903958,phone_A,9.623302855624381,0.32682087545967103
3753,27,8,Walking,-1.339628820089087,-0.227018326436277,9.267590476461768,-0.065161439489578,-0.2509350365638039,0.0421186913147175,phone_A,9.366663009607853,0.26265641041043714
3754,27,9,Walking,-1.1726965210821032,0.3611751994318047,9.586127454552036,0.1676021341969833,-0.1944381067067622,0.1388358421208119,phone_A,9.664341893277523,0.2918424982494648
3755,27,10,Walking,-0.9628379402327492,0.6987853840989227,9.613510164498855,0.4085248051367338,-0.09787891581251,0.1675753324299436,phone_A,9.686843427820268,0.4522767853998753
3756,27,11,Walking,-0.0779331049272995,0.9873396475222916,10.002941084318472,0.4731730541345299,0.0384623948714631,0.1640048081774712,phone_A,10.051852738911343,0.5022645439243908
3757,27,12,Walking,0.6803138309383634,1.1072481091748374,10.057634971827635,0.4429479756631557,0.230062192685732,0.152169650423906,phone_A,10.141244820551744,0.5218113875315373
3758,27,13,Walking,1.1690643124861697,0.7114654335085007,10.12941260758232,0.3242820402629082,0.3481914669873158,0.0081705927916294,phone_A,10.221442863140892,0.4758811804499313
3759,27,14,Walking,1.428387203450568,0.277461913173316,10.08826544210192,0.0163588409906848,0.3968812936044988,-0.0535667799920921,phone_A,10.192662789798893,0.4008138879959876
3760,27,15,Walking,1.17691552008728,-0.4191907775673781,10.1266664099812,-0.2506192333021795,0.3296053003619336,-0.0962515775625285,phone_A,10.203441754058352,0.4251047168768281
3761,27,16,Walking,0.5930271763439888,-0.7368944055825662,9.599019219407054,-0.3648291098454356,0.1756848960571508,-0.1831169517135643,phone_A,9.645510073158777,0.4444066607265159
3762,27,17,Walking,-0.1349774675513965,-0.7420294664856326,9.615589532793257,-0.4115633375664809,0.0226336754834325,-0.1056573389450219,phone_A,9.645122534682635,0.4255116183698086
3763,27,18,Walking,-1.0210282072198664,-0.5417345064085436,9.406673203649966,-0.3256408179209519,-0.1039171765300096,-0.0504557178161163,phone_A,9.477419249755634,0.3455235177734437
3764,27,19,Walking,-1.4693763927630394,-0.130167795391799,9.456828424719877,-0.0946618585371453,-0.1998461479178677,0.0556247189890937,phone_A,9.57118668155398,0.2280207439289952
3765,27,20,Walking,-0.9983424719403428,0.5213498002463954,9.36181548529146,0.1585602985620609,-0.214600971208199,0.1333817045292809,phone_A,9.42932036183626,0.29830458297976004
3766,27,21,Walking,-0.9725170327340076,0.693669464050362,9.593685837167616,0.362967283164708,-0.1307605488343915,0.1583958452409076,phone_A,9.667769890030698,0.41705253094666883
3767,27,22,Walking,-0.2922973526835561,1.0607119036057082,9.998308387168304,0.4461182956910687,0.0362781018967997,0.1290901718012146,phone_A,10.058663832227257,0.46583463469691205
3768,27,23,Walking,0.7850047361244608,1.0755742847743173,10.085532337481393,0.4267174224538937,0.1848470180679639,0.1130401785654715,phone_A,10.173055342825405,0.47857524035874094
3769,27,0,Walking Upstairs,1.7932386202982016,1.1755705416533564,10.877037879407174,0.5306528897558899,0.4559972306245547,0.1084304970419108,phone_A,11.086371086960362,0.708013514300607
3770,27,1,Walking Upstairs,2.05907637127366,0.252687829172607,10.716610840285378,0.1541065079747447,0.5924728378744837,-0.0076173458492707,phone_A,10.91555745456326,0.6122343533133384
3771,27,2,Walking Upstairs,1.4960473557281295,-0.1263417099590374,10.204831011174344,-0.2735282741609809,0.5205720036762951,-0.1251149824369195,phone_A,10.31468350871136,0.6012209964790218
3772,27,3,Walking Upstairs,0.6193245920934769,-0.833676303749748,10.0538605502543,-0.5024805414134418,0.2669091362143436,-0.1562272820593699,phone_A,10.107358264836824,0.590028935861192
3773,27,4,Walking Upstairs,-0.5744644073262173,-0.6004569582696029,9.610312410072032,-0.4975835449407145,0.0334495031107384,-0.0737029763537058,phone_A,9.646173465846628,0.50412337991559
3774,27,5,Walking Upstairs,-1.2577694696464587,-0.2898750300305868,9.654135026645491,-0.1757537230563122,-0.1445721445113852,0.0278330719544484,phone_A,9.740037714737726,0.22927092277739286
3775,27,6,Walking Upstairs,-1.634665014319051,0.4043798196288093,9.829073453903876,0.160015467713348,-0.2180760839983543,0.2105809825277181,phone_A,9.972278461304597,0.34279217978524235
3776,27,7,Walking Upstairs,-1.014001801156314,0.9918977455445788,10.329902721832363,0.6061968253964447,-0.0939288736348906,0.3041664481377361,phone_A,10.42683801700613,0.6847002647843603
3777,27,8,Walking Upstairs,-0.0220437926369752,1.528180769398196,10.388662294781794,0.7172540935859654,0.1899048126584921,0.2460697610735752,phone_A,10.50048221120217,0.7817081296439792
3778,27,9,Walking Upstairs,1.1898686331234456,1.337983056839524,10.766499286760736,0.6676069578171984,0.3773850320395182,0.201222057780283,phone_A,10.914370935436459,0.7928485536789067
3779,27,10,Walking Upstairs,1.9778432016140268,0.7662065336793112,10.744376013709712,0.3193534227906165,0.5999521901863522,0.0702828267742405,phone_A,10.951737401271282,0.6832780655756929
3780,27,11,Walking Upstairs,2.0118311918469285,-0.0199700676044082,10.442910144818113,-0.0465264565869706,0.5603921014028702,-0.0667321005942836,phone_A,10.634953495000973,0.5662660079211798
3781,27,12,Walking Upstairs,1.1635030223755938,-0.3464830363291849,10.324457642835888,-0.4169586455252493,0.4291901093637346,-0.1427608494055846,phone_A,10.395586342109493,0.6151742209950845
3782,27,13,Walking Upstairs,0.054232928484258,-0.5470630760498278,9.91507021320124,-0.5603463131367221,0.143175694956384,-0.1223469962433392,phone_A,9.930298915562389,0.5911480844610161
3783,27,14,Walking Upstairs,-0.8548563266061595,-0.4452343896157156,9.639661509982991,-0.4228884633762354,-0.0599976299471088,-0.0503979542342863,phone_A,9.687728682610937,0.43008641206969683
3784,27,15,Walking Upstairs,-1.501935676329659,0.3859707194742066,9.751320054960424,-0.0178144026827789,-0.1422860655931689,0.1103972252100975,phone_A,9.873855730483236,0.18097023163773854
3785,27,16,Walking Upstairs,-1.3685307110458342,0.7282824151535452,9.830046534484516,0.3268270499451329,-0.1646636434798923,0.1986534058054807,phone_A,9.951536889015111,0.41640510527373276
3786,27,17,Walking Upstairs,-0.4714232296624694,1.321277013097677,10.264190562122987,0.6822403047044041,0.0287040933103712,0.3190390099687171,phone_A,10.359614891605785,0.753698645492844
3787,27,18,Walking Upstairs,0.5695609799512302,1.3259744029629363,10.698346003933931,0.722407485081479,0.2113539216718863,0.2641291764851642,phone_A,10.795240388573339,0.7976887090705022
3788,27,19,Walking Upstairs,1.7378516653808371,1.0383404512374943,10.806731822691084,0.5313911563517345,0.4946319379191335,0.1618887562087685,phone_A,10.994713820336898,0.743804600984219
3789,27,20,Walking Upstairs,2.017021128931413,0.3080073177512362,10.5144655716105,0.1775069092279259,0.5497084041103605,-0.0041988972675472,phone_A,10.710612914251294,0.5776726262438562
3790,27,21,Walking Upstairs,1.8453432232517568,-0.3180325098360965,10.389801077684291,-0.2279113860388029,0.4920264818017758,-0.1529905426496323,phone_A,10.557196726535103,0.5634179308653483
3791,27,22,Walking Upstairs,0.7984167071536757,-0.5380391081977309,10.230118570365445,-0.5115234323774559,0.2887592365973825,-0.1401307984040153,phone_A,10.275323901656252,0.6038830675328325
3792,27,23,Walking Upstairs,-0.5398551074181914,-0.6575632459318314,9.72180190474777,-0.4742782957862909,0.0823081204966399,-0.1312076798796822,phone_A,9.75895820436604,0.4989288364216354
3793,27,0,Walking Downstairs,1.5729531237751824,0.4304850181512626,10.182496635572187,0.3183280130655679,0.2717786185391396,0.0218243445288364,phone_A,10.312261469429764,0.4191332048542908
3794,27,1,Walking Downstairs,2.1582555698044272,-0.4166574130256155,9.931759738025304,-0.2652793246339932,0.3827141975934226,-0.1785201612807682,phone_A,10.17209526097163,0.4987110637448866
3795,27,2,Walking Downstairs,1.1961744744409095,-1.25255258082596,9.49396955393558,-0.717661974299506,0.1844105668924628,-0.2655515774167463,phone_A,9.650656932670103,0.7871236286667974
3796,27,3,Walking Downstairs,-0.3044535727798438,-1.3356322999866288,9.07767826165075,-0.912846457265862,-0.2236179153227634,-0.2848577853800209,phone_A,9.180460132302333,0.9820578315393365
3797,27,4,Walking Downstairs,-1.588670956243642,-1.24689886476081,8.688041888274222,-0.665816295601407,-0.4861331570952463,-0.1539364043801995,phone_A,8.919680713935975,0.8386496303637627
3798,27,5,Walking Downstairs,-2.499872591114872,-0.2218201397255766,8.685625183718471,-0.1843593921241457,-0.6045538984325473,0.0712830163615314,phone_A,9.040943091195729,0.6360464369808021
3799,27,6,Walking Downstairs,-1.6443607781154723,0.6999521670694412,9.272103356815682,0.4155611153333786,-0.5358549879153229,0.2026878524288088,phone_A,9.442762099315134,0.707752763451373
3800,27,7,Walking Downstairs,-0.5400191857066771,0.9126937992998556,9.66872990979966,0.7130289014984452,-0.2445744424167268,0.1768506492790853,phone_A,9.726714181102798,0.7742758064191121
3801,27,8,Walking Downstairs,1.138285373822802,0.7655491904320824,10.117689599625802,0.5666310053760284,0.1479921191080896,0.0753866650159685,phone_A,10.210259643594096,0.5904705859175219
3802,27,9,Walking Downstairs,2.1040275226776637,0.1246980307627994,10.06348636268075,0.0615201831613635,0.3464279821606054,-0.10568425389616,phone_A,10.281840262663229,0.36737751874830943
3803,27,10,Walking Downstairs,1.5191858838740702,-0.8020984974160992,9.79356088120504,-0.5663965792138267,0.2964030226006227,-0.2175969580896131,phone_A,9.943094210716755,0.6752838461874849
3804,27,11,Walking Downstairs,0.3490255186064197,-1.493598433582559,9.170853904068217,-0.8320895096863972,0.0319806300805624,-0.3364353506921979,phone_A,9.298237275053912,0.8981004721220676
3805,27,12,Walking Downstairs,-1.0598214202251162,-1.1574601537914198,8.701093999181227,-0.8424800870919521,-0.3434821279851219,-0.2444523795188713,phone_A,8.841491516309361,0.9420772979135466
3806,27,13,Walking Downstairs,-2.003655647732269,-0.8223390488919725,8.511045469193546,-0.444149204669208,-0.5932589390774898,-0.0700469661599051,phone_A,8.78229881322094,0.7443999343577656
3807,27,14,Walking Downstairs,-2.242195412881661,0.2392512504201879,8.803835674305546,0.1317222065322362,-0.6152281973833094,0.1471420478368038,phone_A,9.088025308643797,0.6461480146149531
3808,27,15,Walking Downstairs,-1.322266999153372,0.9084031160984906,9.414308144375108,0.6061311647132077,-0.378956578764335,0.2069217482941587,phone_A,9.550014873058313,0.744190625674948
3809,27,16,Walking Downstairs,0.3731191819251432,0.9660834647512694,9.9709369859852,0.6768894774599867,0.0249067078259329,0.1563960377079554,phone_A,10.024575779716264,0.6951686337871757
3810,27,17,Walking Downstairs,1.6052583462564451,0.4049888602469924,9.984453043394325,0.3257333755958871,0.2791909358355374,0.0204447968581817,phone_A,10.120779264014027,0.42949714824243795
3811,27,18,Walking Downstairs,2.017036231711216,-0.4665959096704206,9.86603265933042,-0.2480901987033168,0.3303103388074478,-0.2197292177703995,phone_A,10.080910045126453,0.4679044728977634
3812,27,19,Walking Downstairs,1.3695571219600158,-1.0293990956236858,9.229662664944785,-0.7217859372881164,0.1749269809395599,-0.2994484769940214,phone_A,9.387333067333763,0.8007769841232656
3813,27,20,Walking Downstairs,-0.3701994989692181,-1.4245454002978992,9.009077743208046,-0.8861735929183632,-0.1925290958293412,-0.323432600874545,phone_A,9.128518995418345,0.9627978691476095
3814,27,21,Walking Downstairs,-1.6992428533972768,-1.283964661311255,8.806838692205032,-0.7320625320050229,-0.5158869156537262,-0.1635378798209282,phone_A,9.06070633432281,0.9103842587856209
3815,27,22,Walking Downstairs,-2.434055620283275,-0.2792924544860105,8.816477082242539,-0.1350345922622149,-0.6313757833367253,0.0399080725181066,phone_A,9.150568243528559,0.6468866787495292
3816,27,23,Walking Downstairs,-1.639543925463336,0.7458828171174727,9.142148775096455,0.3932770916312785,-0.5445807339898122,0.1970809216099327,phone_A,9.317903717381524,0.7000542381112053
3817,27,0,Sitting,0.1880058155766338,-0.0817756646335497,9.875854274347295,0.0010780997119283,0.011872458396995,0.000691151230333,phone_A,9.877982136760556,0.011941325613198385
3818,27,1,Sitting,0.2165137287008337,-0.0562702083906035,9.886019847581403,-0.0012726734850352,0.0150783180187421,0.0064195570223125,phone_A,9.888550599447914,0.016437338118946026
3819,27,2,Sitting,0.2426318626396195,-0.0183798267728371,9.866947347174404,-0.0100223700072502,0.0251950758564842,0.0017207607171723,phone_A,9.869947213167464,0.027169850301795643
3820,27,3,Sitting,0.2166655557472574,-0.0602583882075917,9.881719477453512,-0.0050326565070178,0.0139734860066743,-0.0039881964256946,phone_A,9.884278166233523,0.015378285126316076
3821,27,4,Sitting,0.2057074616070948,-0.0128396215542457,9.899760444593584,-0.007521962593067,0.0167173232468457,-0.0086662780201481,phone_A,9.90190573960297,0.02027691279543138
3822,27,5,Sitting,0.2200840892591864,-0.019848037399338,9.8754440339662,-0.0062703047172349,0.0174392023266997,0.0027175650753485,phone_A,9.877916066606979,0.018730393988843384
3823,27,6,Sitting,0.2145624295543396,-0.0283095503839658,9.844099185454194,-0.0133493462007119,0.018449345007027,-0.0011310562746778,phone_A,9.846477910394109,0.022800497000531838
3824,27,7,Sitting,0.2403235887912898,-0.0583164155072273,9.86563471421676,-0.0247919824833777,0.0124444518385185,-0.000443921469051,phone_A,9.86873368502798,0.027743536964273275
3825,27,8,Sitting,0.2312347099181952,-0.093247994491036,9.907173412850224,-0.0222006450412141,0.0131744869138076,-0.0075664003130611,phone_A,9.910310273237357,0.026901415564716348
3826,27,9,Sitting,0.2215542241560988,-0.0597366338396619,9.893082443585488,-0.0066665452855757,0.0160168605960715,-0.0081901733212708,phone_A,9.895743275532329,0.01918493128554479
3827,27,10,Sitting,0.2212068617947348,-0.0171973517190811,9.89076865396021,-0.0134006505177127,0.0037075768200309,-0.0029501250648181,phone_A,9.893256935447148,0.014213613125182916
3828,27,11,Sitting,0.2011894260572739,-0.0864604279402907,9.871924036142532,-0.0197303387446371,0.0090751175323607,-0.0046432856674463,phone_A,9.874352473257451,0.022208199544172882
3829,27,12,Sitting,0.2014260383010911,-0.0553995611764784,9.876199646192491,-0.0193877640736486,0.0181661332415945,-0.0029052759034536,phone_A,9.878408829955202,0.026727035391191672
3830,27,13,Sitting,0.2031611756420219,-0.1284870380333849,9.881300420903376,-0.0283220612879803,0.0111598959090695,-0.0044251013825251,phone_A,9.88422386383352,0.03076140365046764
3831,27,14,Sitting,0.2338809091686711,-0.0334387053725261,9.843305007573116,-0.0318915287379033,0.0129421004015523,-0.0055660513259904,phone_A,9.846139949178284,0.03486471705618636
3832,27,15,Sitting,0.1674590177631557,-0.0829045680678046,9.87909661120807,-0.0324546401526795,0.0042579678179878,-0.0112053978892429,phone_A,9.880863603127992,0.034597614068533476
3833,27,16,Sitting,0.1888777724007897,-0.0679243283716507,9.85377649693199,-0.0257441131421935,0.0228721381308672,-0.0133467344714283,phone_A,9.855820604027912,0.03693276844763119
3834,27,17,Sitting,0.174285919376232,-0.0708797574968751,9.884391507554652,-0.0245082196581843,0.0193554954827417,-0.0059195307478998,phone_A,9.886182023224848,0.031785670992942355
3835,27,18,Sitting,0.1374047816379126,-0.0877239176869787,9.843153099174566,-0.019528213393772,0.0133385893096633,-0.0175234357081035,phone_A,9.844502958176262,0.029433652205266628
3836,27,19,Sitting,0.2165555375722916,-0.068725629322539,9.847052697078071,-0.0290437001740642,0.0149014602354286,-0.0199200255758562,phone_A,9.849673412454422,0.0382413056248314
3837,27,20,Sitting,0.189741062880418,-0.0666670726494289,9.850696238451306,-0.025330886323636,0.006119456900912,-0.0128448396232753,phone_A,9.852748984509722,0.029053252135531265
3838,27,21,Sitting,0.1540330454320274,-0.0777169968470048,9.834798336524578,-0.0389104802342753,0.0051480926101336,-0.0112124232382522,phone_A,9.836311525708739,0.040819685991665085
3839,27,22,Sitting,0.1398047348447225,-0.0949455551034996,9.867690696040953,-0.0300827386822894,-0.0031028341495069,-0.0051801659475037,phone_A,9.869137738174095,0.0306827779972729
3840,27,23,Sitting,0.191083546866274,-0.0423409501978107,9.882426937758868,-0.0365697122146434,0.0072986572501169,-0.0064130064011045,phone_A,9.884364818140252,0.03783835223972008
3841,27,0,Standing,-0.0018210601848196,0.1952318793343149,9.838578742291189,-0.0367540101682128,-0.0012976803258238,-0.0112848850889512,phone_A,9.840515762460456,0.0384693367390699
3842,27,1,Standing,-0.0625527993988339,0.1020119375415749,9.807947572254184,-0.0307424161259975,-0.0150102144472816,-0.0117854734281414,phone_A,9.808677529014824,0.036184251697980424
3843,27,2,Standing,-0.0028509407358248,0.1370026214953976,9.801136727653576,-0.0290466405318915,-0.0040230749300982,-0.0238209623804372,phone_A,9.802094623105795,0.037780030529531224
3844,27,3,Standing,-0.0635738924925717,0.1315788746664316,9.773893763363535,-0.0240426570862392,-0.0055806085498697,-0.0199846952532211,phone_A,9.774986134904834,0.031758157942763064
3845,27,4,Standing,-0.057294263350083,0.169714723469035,9.775295965272395,-0.0277425738961753,-0.0038358877149824,-0.0053736474700975,phone_A,9.776936991136118,0.02851737239087054
3846,27,5,Standing,-0.0583521865749516,0.1736751616353417,9.77474587315802,-0.0175825577471832,-0.0134214738058208,-0.0049688351228134,phone_A,9.776462802275008,0.022670942162404055
3847,27,6,Standing,-0.0826433762344258,0.1567830147173111,9.798094733749236,-0.0373590548141133,-0.0232999474162738,-0.0121005934902143,phone_A,9.799697508232782,0.04566191946272587
3848,27,7,Standing,-0.0563655411792934,0.1013406473990938,9.77253947036724,-0.0228660593653778,-0.0275434885615281,-0.0022308119270516,phone_A,9.773227445472315,0.0358674916169766
3849,27,8,Standing,-0.1221485336810864,0.1279378925430243,9.77546393711571,-0.0180876302923211,-0.0264794690022388,-0.0189028098472872,phone_A,9.777064158247024,0.03722419735004256
3850,27,9,Standing,-0.1383858838009584,0.1787266473205522,9.743270768930932,-0.0204844061239928,-0.0245666242339327,-0.0073347448839725,phone_A,9.745892424196041,0.03281658731521125
3851,27,10,Standing,-0.1046042306172305,0.1407775836121183,9.779066101434555,-0.0327558880151278,-0.0190668621206711,-0.011842714001598,phone_A,9.780638741377636,0.03970822717916176
3852,27,11,Standing,-0.1089746842760393,0.1410357323373598,9.761272807282342,-0.0255514805330378,-0.0112495856587961,-0.0042228452098113,phone_A,9.76289984470796,0.028235859409460638
3853,27,12,Standing,-0.147509781654104,0.1625520224999638,9.73648559385164,-0.0217496702691459,-0.0197873627026127,-0.0005151923012056,phone_A,9.738959596126426,0.02940838830416483
3854,27,13,Standing,-0.1104414761579059,0.1582546046475528,9.769040251527525,-0.0167980578607399,-0.0367594644648681,0.0015159332221441,phone_A,9.770946181179848,0.04044417175775351
3855,27,14,Standing,-0.1226527469037102,0.202398919353979,9.770889775899578,-0.0085418099532172,-0.0352063174590095,-0.0013070230548975,phone_A,9.773755472266409,0.036251284329903
3856,27,15,Standing,-0.1059083988298662,0.169370817343833,9.733150781818765,-0.0172127043720804,-0.0323142654488174,0.0101599726938184,phone_A,9.73520041932007,0.03799623650358553
3857,27,16,Standing,-0.1612175065720711,0.2509266551506478,9.777965400237765,-0.009507455392701,-0.0404267633188413,0.0158213977141823,phone_A,9.782513104460289,0.044441326781635856
3858,27,17,Standing,-0.1500353814321126,0.1809574508455889,9.840771111787635,-0.0031892196625249,-0.030927555673825,0.0158197959767333,phone_A,9.843578225893879,0.034884821437967076
3859,27,18,Standing,-0.1312871500187581,0.2474164151340708,9.783190230951895,0.0021462896393139,-0.0360181240394108,0.0071691376413775,phone_A,9.787198899237229,0.03678733957566413
3860,27,19,Standing,-0.1428188146521336,0.2218902970873243,9.79737281155152,0.004042402414938,-0.0306904322990443,0.0126119549285994,phone_A,9.800925799448187,0.033426113431081705
3861,27,20,Standing,-0.0937762492785879,0.2667664960809109,9.78290647834195,0.006989789205922,-0.0266191412143283,0.0044644256735194,phone_A,9.786992260768624,0.027881300700038268
3862,27,21,Standing,-0.0902140175237599,0.2294940703008133,9.814272066257864,0.0074644516572743,-0.0345991084944439,0.0036259798947346,phone_A,9.817369417913865,0.035580388943224114
3863,27,22,Standing,-0.1135411791513658,0.2247280634570097,9.759681911285226,0.0174119278539016,-0.0224705353133783,0.0085929680291148,phone_A,9.762929135835016,0.029697462659436825
3864,27,23,Standing,-0.1057278880801653,0.2844972429793305,9.797709622173924,0.0213362608054888,-0.0328341362565872,0.0167145002876988,phone_A,9.802409444010193,0.04257570960939412
3865,27,0,Laying,7.334727178871476,0.169118702668095,6.380412021768511,-0.0171838412008216,0.0010468026050585,0.01324855036643,phone_A,9.722987272006284,0.021723357956836317
3866,27,1,Laying,7.3754852311310115,0.1053193045367536,6.36416374814272,-0.0207791597419062,-0.0099874091779116,-0.0033976918371727,phone_A,9.742251011122315,0.023303779339134634
3867,27,2,Laying,7.334189690570283,0.0869848436740229,6.371502191757399,-0.0290243997802327,-0.012548607789311,0.0067391860841338,phone_A,9.715654633624322,0.032331099101782966
3868,27,3,Laying,7.345719361916928,0.1182862584142597,6.36603601085977,-0.0196464153087861,-0.0095941124448297,-0.0032749667221138,phone_A,9.72111100001097,0.02210778222980075
3869,27,4,Laying,7.360923647669375,0.1386164313103309,6.367899046623186,-0.0043028791387046,-0.0095681343015508,0.0062936052454814,phone_A,9.734092136908913,0.012234109280236272
3870,27,5,Laying,7.347768760207817,0.1547373677716887,6.361814369554723,-0.01337215007565,-0.0069101782558399,0.0006054194994689,phone_A,9.720407989335827,0.015064245548434413
3871,27,6,Laying,7.353378719920846,0.1388794564687467,6.3565801950778384,-0.0119455151660269,-0.0130024261037132,0.012928642116397,phone_A,9.720986466324783,0.021883971397764518
3872,27,7,Laying,7.430338999553452,0.1387258072775521,6.377152154158706,-0.0061915187312048,-0.0124055099357858,-0.0016979038862222,phone_A,9.792714235347667,0.013968337716871988
3873,27,8,Laying,7.406933081172142,0.1719593291110518,6.3783871212108885,-0.0031521200791446,-0.0061599123677181,0.0043011021507243,phone_A,9.776300422340729,0.008147383695535528
3874,27,9,Laying,7.339270270210403,0.1443454503040087,6.4011957262255565,-0.007200736406462,-0.0118494877597472,0.0155003802743283,phone_A,9.739662747429506,0.02079718138624876
3875,27,10,Laying,7.36005081977664,0.1832281955724491,6.377267462603104,0.0008629186810807,-0.0061373876005707,0.0054815727003931,phone_A,9.740300864497142,0.008274043417791083
3876,27,11,Laying,7.359893986000629,0.1600014591566509,6.354357414146113,-0.0183813608299768,-0.0087075804239362,0.0022977713030055,phone_A,9.724787817675724,0.020468906560000655
3877,27,12,Laying,7.351428824887884,0.1599902158607304,6.374556698973614,-0.009589250907873,-1.2925063936054804e-05,0.0097574242796803,phone_A,9.73160191052804,0.013680688162702764
3878,27,13,Laying,7.418083246770155,0.1530377846254799,6.393634119113488,-0.011393585591858,-0.0136708253266164,0.018930035699028,phone_A,9.794382924341239,0.025981753391877253
3879,27,14,Laying,7.346823040717445,0.109992388510152,6.357161829284942,-0.0206110939029759,-0.0158522586503903,0.0011671773307165,phone_A,9.716038989262259,0.026028323017772446
3880,27,15,Laying,7.367630501375719,0.1162869533125674,6.405606476198194,-0.0192934283917811,-0.0107303891293572,0.0046248129754087,phone_A,9.763569848586366,0.022555853453897965
3881,27,16,Laying,7.388185143339491,0.17802065121128,6.4062523708703285,-0.0096959724599462,-0.0125516327995602,0.0092846782803214,phone_A,9.78044173357225,0.018378264843235407
3882,27,17,Laying,7.394163793004181,0.1915242810541298,6.385522611222807,-0.0056316324004764,-0.0097602967458476,0.0094927959861722,phone_A,9.771654863248346,0.014734037182530316
3883,27,18,Laying,7.420266944324921,0.1664552896039303,6.369283549736593,-0.0091873214625701,-0.0069663661550717,-0.0054853820691872,phone_A,9.7803804540224,0.012768185051450739
3884,27,19,Laying,7.367052222275853,0.1961108506902026,6.366178382243825,-0.0049482419081377,0.0036122054863501,0.0094326848437392,phone_A,9.738590509208539,0.011247607293036827
3885,27,20,Laying,7.315556327045503,0.1403721132698742,6.374015136187836,-0.0104340622288386,-0.0081464511278174,0.0058593074102654,phone_A,9.703872302370378,0.014476387805705702
3886,27,21,Laying,7.401867594161444,0.149806582171233,6.37607439266237,-0.0038663620808616,-0.0064252403858643,0.0086765471361474,phone_A,9.770589058717185,0.01146799633598885
3887,27,22,Laying,7.313680751798963,0.180585653907965,6.37847811467106,0.0004387905950993,-0.0038225298098959,0.0093946336662156,phone_A,9.706055861006039,0.010152015221436675
3888,27,23,Laying,7.383103672247776,0.2136661124488128,6.412000723318048,-0.0026879210057184,0.0050401534781225,0.0043187970556139,phone_A,9.78108512991267,0.007161010712433814
3889,28,0,Walking,0.8819724558385625,-0.4444691890539483,9.8146744155478,-0.273475979559612,0.2628022398948819,-0.0961238044320473,phone_B,9.86424159051697,0.3912721744110445
3890,28,1,Walking,0.1510178983982938,-0.7156956456990111,9.80379519624659,-0.43267975059291,0.1138164082318006,-0.1555920464117267,phone_B,9.831044039818806,0.47368219964710473
3891,28,2,Walking,-0.5956333713426173,-0.600135885331994,9.527569583401716,-0.3858638497474201,-0.0446008967517894,-0.1152333522936687,phone_B,9.56501564873167,0.405165245318253
3892,28,3,Walking,-1.2045716159006523,-0.5314223070114716,9.465820335972122,-0.212897749057373,-0.170556531061768,0.0008818618657224,phone_B,9.556942873070147,0.27279252101527673
3893,28,4,Walking,-1.2824901359074816,0.0850541087805777,9.591442065685904,-0.0230654288788037,-0.236188257514803,0.0630284995635666,phone_B,9.677178103637937,0.2455392000363212
3894,28,5,Walking,-1.1454958853322046,0.3371916108146249,9.74230495878506,0.2620372325818482,-0.1484697996923715,0.1430253227821322,phone_B,9.81521089512012,0.33341121102443394
3895,28,6,Walking,-0.7411414021939141,0.9062290910238036,9.889179484967828,0.409056733886971,-0.1247253519902945,0.1305599871137482,phone_B,9.958233409062691,0.4471350301670863
3896,28,7,Walking,0.1172765563585548,1.112960366301308,9.797675666618495,0.4767863160391719,0.0795776329448084,0.209248285294687,phone_B,9.861383424037271,0.5267282370692409
3897,28,8,Walking,1.0939823030186715,0.8311352966210955,10.182486851441803,0.4221360750049392,0.2142154998078432,0.1212222090376858,phone_B,10.274756524628343,0.48865322074296835
3898,28,9,Walking,1.184159984563066,0.4090412788838247,10.22747439286271,0.2052057732299795,0.3774089390332933,0.0541654276683146,phone_B,10.303920714637403,0.432990542833953
3899,28,10,Walking,1.175242247766806,-0.2757626565649456,10.136189809491803,-0.0165436723174492,0.3733102927187675,-0.0496318301104031,phone_B,10.207819710287657,0.3769583349703611
3900,28,11,Walking,1.144018109801984,-0.308806646374946,9.785579179927064,-0.2473120319619336,0.283400333214527,-0.108258734109777,phone_B,9.857063399766803,0.39140636623629005
3901,28,12,Walking,0.3915779371352988,-0.7470787015968984,9.531953679224271,-0.3448488563148807,0.126348487334813,-0.1167020252660251,phone_B,9.569200635899948,0.38536221487669053
3902,28,13,Walking,-0.3438057155895601,-0.6399011579644557,9.53698074909241,-0.3865421677849258,-0.0404585559571424,-0.0772146037157745,phone_B,9.564605463404934,0.39624971577654294
3903,28,14,Walking,-1.1282366136721858,-0.176487925431964,9.430727256971508,-0.2727554138259765,-0.1493215054434871,-0.0425163809081458,phone_B,9.499614857437068,0.313847208693682
3904,28,15,Walking,-1.347746964708789,-0.004170565426104,9.314404758825784,-0.0465793248563833,-0.1646786617020882,0.0678736863139828,phone_B,9.411406658185276,0.18410739370790144
3905,28,16,Walking,-1.3142909872654398,0.3917427312914084,9.605423787033963,0.2067429432268956,-0.228017860157491,0.1370470618517779,phone_B,9.702834085732102,0.3369223742750332
3906,28,17,Walking,-0.7552512526034135,0.7514134868703051,9.635930102603162,0.4025637096314784,-0.1026732038920271,0.1597011153153437,phone_B,9.694646750916888,0.44508850057339805
3907,28,18,Walking,0.0311648187415997,1.1964728809175953,10.095043907493253,0.5328116456543346,0.0552553987310499,0.2070783071702989,phone_B,10.165747886649317,0.574302040858575
3908,28,19,Walking,0.7770877837982532,0.9264891949514282,10.120962977110567,0.4075070083205759,0.24854152376798,0.1239030939770601,phone_B,10.192945562305972,0.49313976473651305
3909,28,20,Walking,1.0587744512990822,0.4606978298389483,10.199267111811338,0.235974507471127,0.3539641744480616,0.0124663243687236,phone_B,10.264418904507862,0.4255937196578504
3910,28,21,Walking,1.4299019617417077,0.0236980480764859,9.9875522253194,-0.0356300801456874,0.3925703571278063,-0.0426640208259295,phone_B,10.089419243502467,0.39648607362639715
3911,28,22,Walking,1.1238457164493518,-0.1296857104735822,9.900779176212335,-0.2198457074117513,0.3112385391967158,-0.1190049421402509,phone_B,9.965203253020102,0.39920388224876197
3912,28,23,Walking,0.324743318796721,-0.6005829438107911,9.32314916200256,-0.3857920103794052,0.1745872813191485,-0.1324821906430951,phone_B,9.34811576695799,0.4436977855574535
3913,28,0,Walking Upstairs,0.1710598187935395,1.5934782394258993,10.446431408619953,0.7287080922550451,0.2103589795834004,0.2714919537714753,phone_B,10.56865003376169,0.8055893898084865
3914,28,1,Walking Upstairs,1.3557112633272133,1.09906973704583,10.69430243834073,0.6256614086599789,0.4479280635502587,0.1619737043633162,phone_B,10.83577463585796,0.7863378595155194
3915,28,2,Walking Upstairs,2.0791516882429577,0.5391917104573051,10.717304500118976,0.2301007415129119,0.5794112883353045,0.004675779508069,phone_B,10.930426121227839,0.6234465937104616
3916,28,3,Walking Upstairs,1.6762805766502322,-0.0608381927253802,10.600763899502224,-0.2178891200562897,0.532736202432252,-0.1219449751821447,phone_B,10.732651727804203,0.5883486270851793
3917,28,4,Walking Upstairs,1.081912691078051,-0.6361809722960325,10.451918604317086,-0.4912888558270453,0.3806652251719034,-0.1227162605556424,phone_B,10.52700640314695,0.6335061437111589
3918,28,5,Walking Upstairs,-0.1190719401418576,-0.7398016305908544,9.732104326681542,-0.5298684060157496,0.1130074354987815,-0.1424286312008612,phone_B,9.760908728441612,0.5601938264185294
3919,28,6,Walking Upstairs,-1.1969237573783662,-0.4060073889037754,9.356629106631589,-0.2887695084738451,-0.1097525273058587,-0.0157045582191277,phone_B,9.44160879934594,0.3093219672495106
3920,28,7,Walking Upstairs,-1.4666004544962157,0.1043328869856211,9.650513287715633,0.0804520450754058,-0.2258230538386505,0.1500891983762115,phone_B,9.76187527890063,0.2828344934251177
3921,28,8,Walking Upstairs,-1.2570120795436863,0.929035827682762,9.924080167625148,0.5202143983789624,-0.16638490766577,0.3173332609324545,phone_B,10.046419964877424,0.6316702907955684
3922,28,9,Walking Upstairs,-0.3702001322938383,1.4143608710887636,10.379281197606891,0.7211039442148015,0.0945947423907546,0.3051606205245907,phone_B,10.48174331829459,0.7887091149270877
3923,28,10,Walking Upstairs,0.846260704625375,1.516812475648512,10.489813318628888,0.6945875807564952,0.3329508974740495,0.2469695690577955,phone_B,10.632641286442425,0.808889470515304
3924,28,11,Walking Upstairs,1.796568487266175,0.8743990767874995,10.683459554135773,0.4636560047725012,0.5220086969880559,0.0724624272987816,phone_B,10.868695419404283,0.7019407196215338
3925,28,12,Walking Upstairs,1.8831788851104132,0.3735214531833519,10.487574749864049,0.0298788593427354,0.6024188933172551,-0.0372325615518367,phone_B,10.661852799738883,0.6043074820825245
3926,28,13,Walking Upstairs,1.3912416815118054,-0.570049544405391,10.475314322111103,-0.3811931017928088,0.4409015242098288,-0.138037863140651,phone_B,10.58266129319457,0.5989630928240989
3927,28,14,Walking Upstairs,0.4088998583521641,-0.6930663177679675,9.70432211086248,-0.5458256516755808,0.2390102519207295,-0.1378729566057943,phone_B,9.737628440557756,0.611604851774008
3928,28,15,Walking Upstairs,-0.7754950436940857,-0.7402886405992856,9.643536676615236,-0.4881447972002196,0.0004045930742756,-0.0663296351111118,phone_B,9.702949008802307,0.4926308224453404
3929,28,16,Walking Upstairs,-1.5480847371853947,-0.2025237757139714,9.497465255794156,-0.1742861545943452,-0.1877030722921766,0.0509627376733279,phone_B,9.62493784490336,0.2611614589911124
3930,28,17,Walking Upstairs,-1.4718890913304312,0.7003360414180247,9.881656306401869,0.2916757714748496,-0.1842488797020801,0.2443475756430977,phone_B,10.01519143231613,0.42276251378235935
3931,28,18,Walking Upstairs,-0.8187184751117472,1.2572409720956053,10.047199690879296,0.6052995986368382,-0.0314066746549205,0.3026668807134892,phone_B,10.15860110604852,0.6774815303782318
3932,28,19,Walking Upstairs,0.3471350508745546,1.3579350905237622,10.667179199413786,0.7482490490814533,0.1641443025018831,0.2575136387402603,phone_B,10.758866228651957,0.8081666075954748
3933,28,20,Walking Upstairs,1.5442420270187451,1.0438602315427263,10.599900138323996,0.6777341366711835,0.4501570345944196,0.1509406474710081,phone_B,10.762537366413575,0.8274950119869262
3934,28,21,Walking Upstairs,1.8355976029971357,0.3689996216335039,10.68755139383718,0.2645167033052505,0.6000837693285229,-0.0245363031046758,phone_B,10.850314929844458,0.6562557784195506
3935,28,22,Walking Upstairs,1.678813210112085,-0.1529678219509817,10.77035081325952,-0.1501037651424238,0.5430977427320371,-0.1366636957127992,phone_B,10.901480155909072,0.5797958814931738
3936,28,23,Walking Upstairs,0.7722795424589886,-0.6459018922531936,10.058662466516154,-0.4814577577367925,0.344004415125817,-0.1819247971253411,phone_B,10.10892158251402,0.6190615816864199
3937,28,0,Walking Downstairs,0.1806641116840973,-1.668268018472816,8.97668979271599,-0.9113054323356788,-0.0825961830172598,-0.3220679175654332,phone_B,9.13218031673495,0.9700657008566347
3938,28,1,Walking Downstairs,-1.4057596233378395,-1.396677853557841,8.64344010035875,-0.7247791795315722,-0.4738136482692793,-0.1651457911463549,phone_B,8.867689998737866,0.8815199173598172
3939,28,2,Walking Downstairs,-2.272038946500734,-0.505020791696495,8.65314796278925,-0.2296928973230205,-0.6475346504727528,0.0113559221334731,phone_B,8.96070179396601,0.6871600305685825
3940,28,3,Walking Downstairs,-2.1820904099346703,0.4022413042556489,9.136390556666177,0.2803249509450943,-0.6428824467805636,0.1816948738938401,phone_B,9.40196516840586,0.7244949590578476
3941,28,4,Walking Downstairs,-1.0305180914387455,1.0584974578097692,9.538990967454655,0.6710073449150223,-0.3319256797733373,0.2065831458608235,phone_B,9.652705997913424,0.7765964910921592
3942,28,5,Walking Downstairs,0.6423494186516608,0.7311805150845863,10.08600433565204,0.5696137949672783,0.0792775049368998,0.1435742190125337,phone_B,10.132853555641335,0.5927548857420778
3943,28,6,Walking Downstairs,1.762253648164383,0.2757335908110506,10.08395958004546,0.1850172999736815,0.3099720430906819,-0.0285591673179203,phone_B,10.240498412946552,0.36211834367407536
3944,28,7,Walking Downstairs,1.720057025571054,-0.6618286164181421,9.455052395133997,-0.4302530235336114,0.3273817416351545,-0.2362608531645253,phone_B,9.632996890036633,0.5900132708286406
3945,28,8,Walking Downstairs,0.698013291085423,-1.42209216501265,9.221785024027032,-0.8451018194349269,0.0375211960104269,-0.3599690313152699,phone_B,9.35686313406857,0.9193381471843375
3946,28,9,Walking Downstairs,-0.686287865913422,-1.5825003108694038,8.920284864660086,-0.902631344073177,-0.2706666989534856,-0.2605871156218073,phone_B,9.085525870057582,0.9777062186842324
3947,28,10,Walking Downstairs,-2.066999803392493,-0.9799786707249816,8.562976459801128,-0.5898434575808086,-0.5552491220155864,-0.0537993244059532,phone_B,8.863261940922698,0.8118566740850873
3948,28,11,Walking Downstairs,-2.2170393889118576,-0.1416903539792399,8.716512417177741,-0.0093629819718032,-0.6569374023569683,0.0940612634707747,phone_B,8.9951613952842,0.6637031997306055
3949,28,12,Walking Downstairs,-1.747094030904336,0.561251520013881,9.276111753171293,0.4172294124711508,-0.4757845645600685,0.1875365899718083,phone_B,9.45587595513298,0.6600161415320763
3950,28,13,Walking Downstairs,-0.0230663511141708,1.1529845428766436,9.899419123757994,0.6743352593611116,-0.1583154440113159,0.1730523540499742,phone_B,9.966363649821918,0.7139600402490012
3951,28,14,Walking Downstairs,1.3636846150170758,0.4423378474585144,10.213211759007372,0.436314204807325,0.2111711861313471,0.0068596889303625,phone_B,10.313340532284142,0.4847787232346215
3952,28,15,Walking Downstairs,1.8461962175612765,-0.4503942259535657,10.07474657776404,-0.0896124323950833,0.3557091789782183,-0.1393687067251103,phone_B,10.252405280648933,0.3924067334582211
3953,28,16,Walking Downstairs,1.496862626639122,-1.149243698287389,9.51393404030516,-0.6337701299460178,0.234142700951257,-0.2726644487675554,phone_B,9.699293774515727,0.7285830657119728
3954,28,17,Walking Downstairs,0.385587229883424,-1.35756580222333,8.80650617235052,-0.9123513071750554,-0.1026070356029011,-0.2699293824936652,phone_B,8.918868391385942,0.9569613278459369
3955,28,18,Walking Downstairs,-1.5327767700100794,-1.2831719090559466,8.386501260011721,-0.8109389316444221,-0.390857268823356,-0.1854780983276261,phone_B,8.62144640759606,0.9191264768288869
3956,28,19,Walking Downstairs,-2.504923576013248,-0.5329995583309244,8.53679163378699,-0.3021878582319561,-0.6818030828499795,-0.0175783124529193,phone_B,8.912661894717173,0.7459771729183443
3957,28,20,Walking Downstairs,-2.2088377542473427,0.500874200236253,9.06624647417932,0.2922653322253585,-0.5947158593610109,0.1869065670270749,phone_B,9.344873692009951,0.6885056590865113
3958,28,21,Walking Downstairs,-1.038823308560957,0.875268806863383,9.577160835093869,0.6365870774963336,-0.3160366494513142,0.2162464060990034,phone_B,9.673017058391528,0.742889479789875
3959,28,22,Walking Downstairs,0.8020953115502235,1.0741539912298903,9.871505464913916,0.5714423326038168,0.0269044056088869,0.1136316941531752,phone_B,9.962117437046768,0.5832515310301204
3960,28,23,Walking Downstairs,1.8722545170346112,0.3635331172239327,9.92414407009122,0.1877061585137966,0.2624355178442177,-0.0392923480869207,phone_B,10.10574731664125,0.32503829249544275
3961,28,0,Sitting,0.0872462698851735,-0.0219959682600511,9.817876736455329,-0.0119333719903253,-0.0223157999657861,0.0190093494074055,phone_B,9.818289023371603,0.031650523851356506
3962,28,1,Sitting,0.0575920195808161,-0.0725211612976853,9.82506619649317,-0.0052117446939893,-0.0112974722611758,0.0134286810479106,phone_B,9.825502629638247,0.018306409722659317
3963,28,2,Sitting,0.0678972888878052,0.004600666512069,9.774561538259512,0.0077042194750634,-0.0205665920917251,0.0146823960463221,phone_B,9.774798436448336,0.02641803288756395
3964,28,3,Sitting,0.0831045349469312,-0.0380580266676387,9.790339317426383,-0.0023643738490359,-0.0218225184459665,0.0255937099835464,phone_B,9.79076599288674,0.03371721467951402
3965,28,4,Sitting,0.0709473678164811,0.0034259494936443,9.837324439199332,0.002691765434626,-0.0155075635420149,0.0150424667545256,phone_B,9.83758087073232,0.021771677340657172
3966,28,5,Sitting,0.1016061666601392,-0.0214817933506249,9.774704255267384,-0.0098361591760521,-0.0045579898959657,-0.0019269744346938,phone_B,9.77525593314524,0.011010836920975755
3967,28,6,Sitting,0.0966533271300631,-0.0286013827625127,9.820082022192985,-0.0053101256384256,-0.0103930353585799,0.0150626352151937,phone_B,9.820599311006385,0.019055067511991406
3968,28,7,Sitting,0.1653512702792436,-0.0185063221485134,9.851904537448874,-0.0071128399717668,-0.0052353338009479,0.0150734360563195,phone_B,9.85330942077575,0.017470251486892335
3969,28,8,Sitting,0.1077115811268501,-0.0139969512232973,9.862928259752996,0.0036509779358473,-0.0149001036471102,0.0098541423854914,phone_B,9.86352632461569,0.018233125095172487
3970,28,9,Sitting,0.1260871776017879,-0.0095356991070996,9.784000819770297,0.0053392706136611,-0.0155167064355802,0.0159590314794936,phone_B,9.784817880123212,0.022890318369506106
3971,28,10,Sitting,0.0902308335095252,-0.0277028736063229,9.810544729266566,0.0113851494862479,-0.00543389223855,0.0206229706160013,phone_B,9.81099877369587,0.02417551924391362
3972,28,11,Sitting,0.1874514677683646,-0.0197476121249128,9.863514670113773,-0.0020157519628524,0.0008596572214917,0.0078868295721625,phone_B,9.865315487530177,0.008185618315957753
3973,28,12,Sitting,0.1192740334735148,-0.0080543373004013,9.84500726886436,-0.0056553997193744,-0.010705928461178,0.0160269540924668,phone_B,9.84573304997665,0.020086406041992667
3974,28,13,Sitting,0.1151377940960458,-0.0572716985633764,9.827439842037409,0.0009558665332366,-0.0032932329265859,0.0151131569644085,phone_B,9.828281162438827,0.015497308713739959
3975,28,14,Sitting,0.1404729892061621,-0.0427018816866213,9.820372885589094,0.006818983076163,-0.0064885827535213,0.0091022893586212,phone_B,9.821470344271756,0.013093964560451513
3976,28,15,Sitting,0.0956029257701522,-0.0256648467947156,9.840562448115072,-0.0111228094528257,-0.0085564889539521,0.0024361512840958,phone_B,9.84106030359683,0.014243076438114578
3977,28,16,Sitting,0.1571463652422068,-0.074488668369949,9.831100477706851,0.0044137842505544,4.8919865274247134e-05,0.0077821066734458,phone_B,9.83263851387776,0.008946790980041402
3978,28,17,Sitting,0.1501510680681501,-0.0027586976128393,9.831357016054492,-0.0140481437696638,0.0068213364940308,0.0122438105161251,phone_B,9.832503940033709,0.019844189852264462
3979,28,18,Sitting,0.1445131602098118,-0.08045421197624,9.827406072207264,-0.0066816625846204,-0.0064000581025597,0.0084124865570157,phone_B,9.828797843162446,0.01250501054309136
3980,28,19,Sitting,0.1355667790743513,-0.0452040682579177,9.85400266082718,-0.0007977720352871,-0.0011690009942832,0.0048582202567089,phone_B,9.85503882280353,0.005060168733117298
3981,28,20,Sitting,0.1409731850000279,-0.0423737286114845,9.85058920759807,-0.0095715345339419,0.0113993977618807,0.011438765501506,phone_B,9.851689028213032,0.01877247716382835
3982,28,21,Sitting,0.0870071329153633,-0.0370023904092306,9.862307122951831,-0.0020453977351727,0.0009523875549614,0.0068815941382834,phone_B,9.862760323839396,0.007242032299979848
3983,28,22,Sitting,0.1627368217954208,-0.0230392085859863,9.801035037847798,-0.0091391490289418,0.0139637746826585,0.0067484293930898,phone_B,9.802413064721387,0.018001454042237273
3984,28,23,Sitting,0.1989952661380239,0.029043198408904,9.824057426703735,-0.0138871022879744,0.0031688440558057,0.0124361932676666,phone_B,9.8261155573549,0.01890904771788984
3985,28,0,Standing,-0.1310093353776383,0.1779934581951664,9.738836397171116,-0.0176568946597079,-0.0574315026814382,0.0067353746092955,phone_B,9.741343823517434,0.0604608030082268
3986,28,1,Standing,-0.2188719407265028,0.2036084233813828,9.681384468129847,-0.0145931876776042,-0.0413383457324424,0.0108475295085699,phone_B,9.685998479054964,0.04516070029271039
3987,28,2,Standing,-0.1922388363436585,0.2429618457565837,9.76991309153753,-0.0109805090697889,-0.0335441556410037,0.0207799530134797,phone_B,9.774824195088556,0.04095837404416856
3988,28,3,Standing,-0.1939682669061564,0.206204115775241,9.732111281294424,-0.0074479825107259,-0.0464290828248439,0.0196501445995041,phone_B,9.736227904965425,0.05096332365748641
3989,28,4,Standing,-0.1785494379942349,0.1999360417392695,9.713345212880824,-0.0048559950565079,-0.0437914915839905,0.0186563215046206,phone_B,9.71704325127707,0.047846982718070204
3990,28,5,Standing,-0.2084110371369244,0.244880666911867,9.744910170207332,0.0037549648501033,-0.0360098749449899,0.0195787458693274,phone_B,9.750214147742499,0.04115990943132683
3991,28,6,Standing,-0.2182902529248769,0.2035074281165063,9.738072651823062,0.0081348750905729,-0.0330442723298397,0.0161322882262398,phone_B,9.742644655328698,0.0376609990568799
3992,28,7,Standing,-0.1357413990653665,0.2208330104590909,9.734482396314071,0.0071244915169196,-0.0449242166457026,0.0237888226009189,phone_B,9.737933069706179,0.05133080655262171
3993,28,8,Standing,-0.2416827836752878,0.2333299447197199,9.78097567201948,0.0098669017944431,-0.0321093337575048,0.0309630650373642,phone_B,9.786742998958584,0.04568453197615214
3994,28,9,Standing,-0.1635485245076031,0.2819993244804075,9.817282361304128,0.0167246568308317,-0.0371153141537367,0.0239789598164091,phone_B,9.822693352662965,0.0472467057551806
3995,28,10,Standing,-0.1281748607066155,0.2580170981748179,9.74937131558899,0.0269458017846419,-0.036506156490096,0.0263468836002688,phone_B,9.753627154402464,0.05246840926636429
3996,28,11,Standing,-0.1426256873254013,0.3101528120395623,9.744978467498315,0.0135947484288336,-0.0276098237364207,0.0128484609656616,phone_B,9.750955962648325,0.03334970016035562
3997,28,12,Standing,-0.1369973631211903,0.3078934830749309,9.726337528847148,0.0228776799449935,-0.0231451961934445,0.019741292748228,phone_B,9.732173878403664,0.038063197262839535
3998,28,13,Standing,-0.1532168534197089,0.2664791655724551,9.754708146844033,0.0223277111948925,-0.0296075163857871,0.0169004579490735,phone_B,9.759550070569922,0.040752388796554996
3999,28,14,Standing,-0.1080423117330132,0.3154932793496219,9.788481643362791,0.0310888889006246,-0.0158884496236138,0.0163594961355466,phone_B,9.794160608898025,0.038556386738469894
4000,28,15,Standing,-0.102135934073082,0.2674367459318196,9.747693435810271,0.0259283537798806,-0.0290021467350389,0.0225017250488132,phone_B,9.751896301778554,0.04494142493454968
4001,28,16,Standing,-0.136999782798762,0.2834296352037667,9.749733162430184,0.0282473671087834,-0.0223233879801274,0.0161943880995751,phone_B,9.75481409547048,0.039477912880613815
4002,28,17,Standing,-0.0589513837871507,0.2712460361983405,9.795767923879614,0.0230614113388085,-0.0141715466095298,0.0247543207719427,phone_B,9.79969993909571,0.03668021023827474
4003,28,18,Standing,-0.0552827573097725,0.2667835874058484,9.826910816496282,0.0184418796173114,-0.0189357022718144,0.0169273021105161,phone_B,9.83068694757068,0.03138785276324084
4004,28,19,Standing,-0.0392438740653958,0.247406143522641,9.822308147103907,0.0229401154886081,-0.0143932723427033,0.0233220440104821,phone_B,9.825501881235798,0.03573979468587878
4005,28,20,Standing,-0.0750314580211768,0.3310777006194967,9.79854947042098,0.0231460986955337,7.885841194433564e-05,0.0166871088591062,phone_B,9.804428279498378,0.02853432504104805
4006,28,21,Standing,-0.0152305339168723,0.2214818455709052,9.794417567588429,0.0232680800713885,-0.0001869480421189,0.0190145910859187,phone_B,9.796933278601305,0.030049844823953713
4007,28,22,Standing,-0.0185967194310546,0.2923551894595868,9.819417069920082,0.0063477992937739,0.0043414391242052,0.0080187765422573,phone_B,9.823785878561047,0.011110509744285903
4008,28,23,Standing,-0.0188740559926106,0.2650688590007795,9.810301090775852,0.0105887830622814,-0.0137482297357201,0.0055786470396842,phone_B,9.813899593009879,0.018227930502379395
4009,28,0,Laying,7.330394548137043,0.0680882060093768,6.339705234353326,-0.0336636253230885,-0.0095556653217311,-0.0022064263943937,phone_B,9.691810083448901,0.03506306785020525
4010,28,1,Laying,7.371768490335537,0.0635960666781283,6.33184613368003,-0.0252015032197962,-0.0144009975384043,-0.0013247122746621,phone_B,9.717987991112128,0.029056141472142603
4011,28,2,Laying,7.344917226413584,0.0926439419883493,6.345488563352225,-0.0287213817341002,-0.0017489555733581,0.0022310456174573,phone_B,9.706782014163501,0.02886094556421637
4012,28,3,Laying,7.383648156214821,0.0994815321288261,6.3540423453906945,-0.0253959394408111,-0.0177028610982592,-0.0071502057760176,phone_B,9.741766307863646,0.031772165078650196
4013,28,4,Laying,7.353786957966027,0.0871696185266565,6.334602756808435,-0.032564299174347,0.0038819485265264,-0.0028806083046378,phone_B,9.706336757608936,0.03292113317131908
4014,28,5,Laying,7.356991737642686,0.0726166871595914,6.299737431406693,-0.0284698409237831,-0.0084761123773627,-0.0026397856067948,phone_B,9.685932702412472,0.029821884435914457
4015,28,6,Laying,7.396682130103403,0.0863516318808851,6.321864488340963,-0.0227830637812909,-0.0101379869502413,0.0012804173556039,phone_B,9.730587533497966,0.02496970651149436
4016,28,7,Laying,7.321454338749045,0.0579431590140522,6.326285157782229,-0.0290008202527259,-0.0144339342460038,-0.0010468774628077,phone_B,9.676204573159843,0.032411139837577645
4017,28,8,Laying,7.35679726996632,0.072274740442003,6.309516604841602,-0.0262212983437108,-0.0161714286634642,-0.0052100650442242,phone_B,9.692145763259122,0.03124446142298582
4018,28,9,Laying,7.363073672450598,0.0898139689631366,6.309842728401418,-0.0328231013517642,-0.0165853444850091,-0.0021702164179589,phone_B,9.697269497756382,0.0368393739541728
4019,28,10,Laying,7.39854644445542,0.105028699319441,6.287772569338879,-0.0230191393695886,-0.0155154366622916,-0.0011890369760143,phone_B,9.710077466332342,0.027785308367345062
4020,28,11,Laying,7.331379814910544,0.1420124705703863,6.292099437106821,-0.0252128927403818,-0.0155240101783807,0.0035059850844013,phone_B,9.66228817924177,0.02981571370550283
4021,28,12,Laying,7.351666231391684,0.1234511444559731,6.337801048322545,-0.0310626510743447,0.0056422870791959,0.0026510841293739,phone_B,9.707211684668808,0.03168204447808833
4022,28,13,Laying,7.328824183305189,0.0979522980040479,6.3350542628507025,-0.0231267430232762,-0.0093135482663566,0.0053749872699375,phone_B,9.687836243235436,0.025504488082029767
4023,28,14,Laying,7.36259200502657,0.0724322128121882,6.371460697409481,-0.0146279093560269,-0.0079096780404675,7.732610707758845e-05,phone_B,9.736966615767344,0.01662963373495727
4024,28,15,Laying,7.340621807330556,0.0864141617610417,6.313417429298429,-0.0392958713518713,-0.0039496540753625,0.0071898061818197,phone_B,9.682532497346909,0.04014297678984432
4025,28,16,Laying,7.295688046074129,0.117722230892935,6.31764469817248,-0.0270801632812897,-0.0105790468359134,-0.0100414347323375,phone_B,9.65160904314002,0.03075844415411082
4026,28,17,Laying,7.335751762669818,0.0984990396574979,6.319453130001393,-0.0337789796707275,-0.0112476560161506,0.0070740036674491,phone_B,9.682894394064784,0.03629835755705971
4027,28,18,Laying,7.344694766613356,0.0918946976011018,6.384316956007134,-0.0307877764511394,-0.0096688220529103,0.0024835367411883,phone_B,9.732034157611913,0.03236574197266317
4028,28,19,Laying,7.38335188112442,0.108475964074928,6.331814328865104,-0.0218511788592518,-0.0210263206860331,-0.0038723374391056,phone_B,9.727153989246132,0.030570822304498372
4029,28,20,Laying,7.324742285468126,0.1239924244005097,6.32235352304404,-0.0257506994828358,-0.0067957054558675,-0.0102290164837011,phone_B,9.67674417044188,0.028529159025846802
4030,28,21,Laying,7.297888882480216,0.0389585296403005,6.346521249873169,-0.0246959458641306,-0.0095685527528157,0.0013414741785368,phone_B,9.671557882944803,0.0265187951626609
4031,28,22,Laying,7.354577855588867,0.0995825013151039,6.326395853452293,-0.0221211726410511,-0.0136615901502817,0.0124430189603206,phone_B,9.701701737482177,0.028823845081743685
4032,28,23,Laying,7.287167859489385,0.1024785651478573,6.320979893926981,-0.0229814795541709,-0.0183800931017525,-0.0005307707313274,phone_B,9.647181147263641,0.029432260234258236
4033,29,0,Walking,0.2404627151891057,-0.7935754625302892,9.466966363694011,-0.3863023792227529,0.0852084223178303,-0.1056185527201524,phone_A,9.503211902480134,0.40944509046483013
4034,29,1,Walking,-0.5795821813509916,-0.4468830398124108,9.382831415769564,-0.3075696689033413,-0.061272031255192,-0.0516556693968576,phone_A,9.411330688747677,0.3178390649751627
4035,29,2,Walking,-1.30745325160131,-0.2023390672479981,9.609209545330389,-0.0741515761560514,-0.2480957138837917,0.0349204313082788,phone_A,9.699859957201769,0.2612840906306604
4036,29,3,Walking,-1.3498271846411778,0.3422145447304232,9.705035649052643,0.1246334586218563,-0.2021907981482554,0.1357693781061844,phone_A,9.804430690886852,0.2735835190489635
4037,29,4,Walking,-0.9158337061500674,0.5221949209625796,9.979165746399053,0.3769483691807057,-0.130627472483042,0.145585140454045,phone_A,10.034699193643219,0.42467474932744176
4038,29,5,Walking,-0.1128158927831607,1.161952220259815,9.994595137993606,0.490334747098533,-0.0288475273735666,0.1573562554521307,phone_A,10.062544030225984,0.5157725614819648
4039,29,6,Walking,0.4210909852090477,0.926687990882043,10.134171119912384,0.4939895171492925,0.1428648985922528,0.1366522808751576,phone_A,10.18516040806111,0.5320806970484353
4040,29,7,Walking,1.089619826566974,0.6893753429718473,10.058298943833565,0.3511400432480263,0.2983380615571405,0.0746150736543822,phone_A,10.140605868165315,0.4667679703689477
4041,29,8,Walking,1.3290538003039791,0.3390655454872866,10.186011574926836,0.1241969158595928,0.3278290964690659,-0.0459465279491568,phone_A,10.277946353857978,0.3535645256969957
4042,29,9,Walking,1.3724138516031474,-0.0165319476686048,10.151447494446671,-0.1266605672486701,0.3283103666704869,-0.1152682784062665,phone_A,10.243811757245128,0.3702936296586926
4043,29,10,Walking,0.9466167092643616,-0.4376827753043207,9.919819672128698,-0.2785161219045445,0.2259677567551435,-0.1209800191397669,phone_A,9.974491051357361,0.3785086819146387
4044,29,11,Walking,-0.0358156478033812,-0.6287844160843088,9.87811301855886,-0.4217364921281645,0.1042141382580557,-0.0806248517831681,phone_A,9.898170003084413,0.4418400413390533
4045,29,12,Walking,-0.6694123198933258,-0.4813877127395597,9.758942370252296,-0.3242991020796858,-0.0587452980680295,-0.1082641294410862,phone_A,9.793712430427345,0.34690350153670746
4046,29,13,Walking,-1.042204590970345,-0.1459593173473352,9.37961480171417,-0.1688858432126149,-0.1762875966514698,0.0087554108949249,phone_A,9.438467479432015,0.24428753957319688
4047,29,14,Walking,-1.1166995835691456,0.2688007745373445,9.626219290015614,0.0982031786671571,-0.213271563278582,0.1191564558799748,phone_A,9.69450203134767,0.26329999046999636
4048,29,15,Walking,-0.8889711061407196,0.5935940122475507,9.935051517120836,0.3511301090829949,-0.147293697655463,0.1608900256847729,phone_A,9.992390711274966,0.413368343295059
4049,29,16,Walking,-0.2550580592516476,0.6821594187116211,10.016385325665318,0.5205956113254755,-0.0147171958507906,0.1784240148283764,phone_A,10.042826846975393,0.5505193143319612
4050,29,17,Walking,0.3936412679322726,0.9832542654231462,10.13674896427316,0.5247919640752334,0.1253808000324586,0.1354708949928504,phone_A,10.191929256180359,0.5563086499101775
4051,29,18,Walking,1.0725813668091804,0.9241015574572202,10.227957857310123,0.354509137639474,0.240322003475971,0.0563404918794667,phone_A,10.32547899169007,0.4319787553223056
4052,29,19,Walking,1.5753296330426163,0.3728513801635984,10.152800341941736,0.1317139279233755,0.4177900808563073,0.0618489874364132,phone_A,10.2810522996318,0.44240525281446824
4053,29,20,Walking,1.5906545335760065,0.0520021905047635,10.31953385025167,-0.0483978348562503,0.3510376182715674,-0.1028678030714441,phone_A,10.441535565207507,0.36898718781184386
4054,29,21,Walking,1.205263867895188,-0.6084777161471737,9.793953514541434,-0.3300816995986669,0.2551358930140797,-0.173076429778647,phone_A,9.886578354885973,0.4516676907406145
4055,29,22,Walking,0.0832338130298947,-0.7262949200871156,9.577724304038984,-0.3677346919850434,0.1021502600543999,-0.1055532060763728,phone_A,9.605583533693041,0.3959860586327724
4056,29,23,Walking,-0.4540358993419807,-0.5870220711542513,9.698159551969042,-0.332700997705868,-0.0699787656789536,-0.1136300690763083,phone_A,9.726512335126188,0.35846725668980767
4057,29,0,Walking Upstairs,-0.2053751283282756,1.4644654254604852,10.512358715153226,0.7243065750233826,0.0961827698797044,0.2938551152137924,phone_A,10.615861890669217,0.7875417249778873
4058,29,1,Walking Upstairs,1.1286640205929916,1.3595476682717036,10.711371530771348,0.7276512894085774,0.3301512364168337,0.1895575255794867,phone_A,10.85613800593485,0.8212236561311097
4059,29,2,Walking Upstairs,2.0250949374973763,0.9592815821973928,10.942100715664548,0.4151822956383559,0.4852712270209703,0.1170214814357406,phone_A,11.169189707922738,0.649275388031449
4060,29,3,Walking Upstairs,1.8759105713450643,0.2119101854133133,10.961768201716206,0.0073146377127296,0.5780127782365441,-0.0535102715649866,phone_A,11.123142923945668,0.58053046853077
4061,29,4,Walking Upstairs,1.5583710820042933,-0.1959809096560017,10.273520190121811,-0.3867895304291225,0.4345597003410154,-0.108970344746239,phone_A,10.39288920575108,0.5918807397138113
4062,29,5,Walking Upstairs,0.3888324884274789,-0.7003107551130529,10.136467767621356,-0.5049420568923995,0.2289694464418152,-0.1155032854297623,phone_A,10.168067892269917,0.5663342627527206
4063,29,6,Walking Upstairs,-0.6302796475017687,-0.6199893683058653,9.77986901104136,-0.4225093665247182,0.0164841479077534,-0.0723407048103938,phone_A,9.819749341199822,0.4289744392219983
4064,29,7,Walking Upstairs,-1.3111198030201263,-0.1761486304203495,9.75654247677844,-0.0849250061194026,-0.185624577187281,0.1022571244116888,phone_A,9.845820665594742,0.2283095701307438
4065,29,8,Walking Upstairs,-1.1828396051687586,0.8770129637827747,9.944259390763808,0.3196948561909138,-0.2195905257486864,0.2275030414459583,phone_A,10.052688998521392,0.44964701037666754
4066,29,9,Walking Upstairs,-0.6064874528720029,1.3044060560367952,10.24401333082835,0.7083423945796761,-0.0740727102626713,0.2751269411960331,phone_A,10.344520835287906,0.763498885484722
4067,29,10,Walking Upstairs,0.3787166525221553,1.4159826984305974,10.808809921079742,0.7642567025196816,0.2171460502532992,0.2818223224281597,phone_A,10.907740610006467,0.8430092146030593
4068,29,11,Walking Upstairs,1.5313835279994934,1.1948918343815311,10.887983581352442,0.5705858370319435,0.4393683398630304,0.1651369984655055,phone_A,11.05988645843619,0.7388389295087499
4069,29,12,Walking Upstairs,2.2729931373886907,0.673541493639185,11.072317627235224,0.2392006201742422,0.5623119393811656,0.007180743509378,phone_A,11.32326691307123,0.6111163693926855
4070,29,13,Walking Upstairs,1.907059665214968,-0.231381748452234,10.609618146324088,-0.1771505489737098,0.4992078322915534,-0.0881566645459269,phone_A,10.782133893205742,0.5369938308088665
4071,29,14,Walking Upstairs,0.8392234243414387,-0.6896830913348898,10.332166136408611,-0.4566638276991718,0.3282781826300829,-0.114827946913028,phone_A,10.389110442804306,0.5740155695728384
4072,29,15,Walking Upstairs,-0.1555103725388305,-0.9604096058733118,9.921982198544322,-0.5501056806118125,0.0581182241323701,-0.1012808429773233,phone_A,9.969568738679287,0.5623626916607138
4073,29,16,Walking Upstairs,-1.1337926668717762,-0.260331512438181,9.5819755741201,-0.2536253469897766,-0.1802110459829983,0.0393927599719744,phone_A,9.652332060743394,0.31361381868179933
4074,29,17,Walking Upstairs,-1.5152389523105394,0.5275154857256037,9.71484001615814,0.1711751714374247,-0.2462581241985668,0.1091945160307516,phone_A,9.846437843698956,0.3191667986831001
4075,29,18,Walking Upstairs,-1.077289536352786,1.1664673643576848,10.20704274549646,0.5507648127441798,-0.1185570859817775,0.2435394270728095,phone_A,10.32980737795428,0.6137663351248375
4076,29,19,Walking Upstairs,-0.0170088047133089,1.421844086197443,10.400703954840798,0.7579970795300102,0.0761013411851952,0.3256683457408468,phone_A,10.497455532705697,0.8284991600018613
4077,29,20,Walking Upstairs,0.9919067040499886,1.288677532695024,10.69618757790538,0.7686516784379961,0.3198136197222906,0.2541261325255164,phone_A,10.819103354462865,0.870451747863027
4078,29,21,Walking Upstairs,1.793822751350327,0.938215101380474,10.902653900205486,0.4692252115471191,0.5550674198763457,0.089178660202653,phone_A,11.088999490819104,0.7322738375738698
4079,29,22,Walking Upstairs,2.0556948171665343,0.3706303898577813,10.644577949829918,-0.0329933781071376,0.5264059633663875,-0.0973500424905335,phone_A,10.84759364085956,0.5363476783202512
4080,29,23,Walking Upstairs,1.6478293210759942,-0.189015754700455,10.147818275558972,-0.3683654822154612,0.4542517284162433,-0.1114925133443367,phone_A,10.282474613666276,0.5953724395609952
4081,29,0,Walking Downstairs,0.860555246108232,-1.4710622366542756,9.688834884682592,-0.8225038384760849,0.0606336993673231,-0.309992188280406,phone_A,9.83758612965381,0.881069898817191
4082,29,1,Walking Downstairs,-0.8455859757174663,-1.375127705570947,8.78969988186502,-0.905742176627666,-0.3123503980754042,-0.2250963264738325,phone_A,8.936711691792281,0.984174790315267
4083,29,2,Walking Downstairs,-2.09292761098745,-0.8717509959972843,8.630622705656657,-0.462983584122728,-0.5712547907311274,-0.0742799633477645,phone_A,8.923449112941258,0.7390557137694943
4084,29,3,Walking Downstairs,-2.233166336034677,-0.1331634549100063,8.838061427037653,0.0785972401418701,-0.6270226901458699,0.1252512767487807,phone_A,9.11680284848877,0.644222680788935
4085,29,4,Walking Downstairs,-1.4100509307263245,0.901573102443589,9.651713227903464,0.5582378006292704,-0.4305528889421159,0.2102502109373481,phone_A,9.79574631766149,0.735670023466368
4086,29,5,Walking Downstairs,0.1605034979992904,1.0552378604386554,10.17474113302897,0.7204209751662694,-0.0671741391933198,0.1724820903895511,phone_A,10.230574052277067,0.7438204204920912
4087,29,6,Walking Downstairs,1.4622221684400531,0.6330963293809616,10.361862488522943,0.4646007509492696,0.1677764409626981,0.0939050101775663,phone_A,10.483658658274413,0.5028130297249503
4088,29,7,Walking Downstairs,2.140481157163816,-0.1908441224618406,9.873060015553904,-0.129802600396387,0.367945281589279,-0.1884899519400684,phone_A,10.104226597517536,0.43331386695540597
4089,29,8,Walking Downstairs,1.119368957118298,-1.1221395684418458,9.64018781404572,-0.6186061854691127,0.2014496668016219,-0.2940298175761744,phone_A,9.769616428667943,0.7139391532749897
4090,29,9,Walking Downstairs,0.1054837553202207,-1.4279505440779636,9.047369590407309,-0.8707642425266426,-0.1358238685360035,-0.2959403823508554,phone_A,9.159970856088785,0.9296554196222672
4091,29,10,Walking Downstairs,-1.409624949211323,-1.1643524825481435,8.846349160080305,-0.7452649623620287,-0.5131459299100096,-0.1749559489921721,phone_A,9.033307957946999,0.9216008862818199
4092,29,11,Walking Downstairs,-2.1658258523806095,-0.3988613837591552,8.871260225804233,-0.218153655659941,-0.6387217245190578,-0.0040881569129343,phone_A,9.140522415060895,0.6749616077062014
4093,29,12,Walking Downstairs,-1.8488403260195696,0.565084522960354,9.174243344049732,0.3568566295882153,-0.6121094865091051,0.1817393441740627,phone_A,9.375727812017917,0.7314737635597872
4094,29,13,Walking Downstairs,-0.6633527247804256,1.1572180158921022,9.713191984848978,0.7015448634213393,-0.2846371420312407,0.1605305636772827,phone_A,9.80435050925421,0.7739209002805935
4095,29,14,Walking Downstairs,0.9014154681050645,0.9159896226151572,10.149914689019614,0.6139885116395142,0.0706302520686638,0.1129445318997324,phone_A,10.230950837006981,0.6282730236279753
4096,29,15,Walking Downstairs,1.8293381605995336,-0.0580346811688953,10.182875828961045,0.1537815160625526,0.3457464955452735,-0.1169206333823021,phone_A,10.346052690668222,0.39605533499102574
4097,29,16,Walking Downstairs,1.95610877322825,-0.5016224786642403,9.873355512113688,-0.404739539382856,0.3195654333608727,-0.2244223422434094,phone_A,10.077754497525108,0.5624069244212653
4098,29,17,Walking Downstairs,0.772074899457736,-1.5535670991043156,9.465484801184193,-0.8686004354624125,0.0796918499569544,-0.3217958056187574,phone_A,9.623152960607092,0.9297150358840495
4099,29,18,Walking Downstairs,-0.7625437305313469,-1.5584150093883056,9.107547563607268,-0.8533016398236589,-0.3091595188157045,-0.2569777776375789,phone_A,9.271329619090677,0.9432607671262768
4100,29,19,Walking Downstairs,-2.0237677681330952,-0.6241926836828104,8.618314158420244,-0.4733677391564306,-0.5694304740075032,-0.0404359050489804,phone_A,8.874716413436792,0.7415949997266773
4101,29,20,Walking Downstairs,-2.1853249596592557,0.0145225504970704,9.11417660349514,0.0751164240481066,-0.6226737652171597,0.1434412694116713,phone_A,9.372516804118352,0.6433820737492778
4102,29,21,Walking Downstairs,-1.3835872169212338,0.7493909146089867,9.392638440971584,0.5644499425241415,-0.4666556577281709,0.2058210604278839,phone_A,9.52352651135825,0.7607453906668624
4103,29,22,Walking Downstairs,0.0252497381382406,1.0983664669196491,9.871497295169158,0.6668942081722119,-0.1233691050496623,0.1716521678367489,phone_A,9.93244709492387,0.6995943736891053
4104,29,23,Walking Downstairs,1.4898156715418909,0.6319990885867444,10.19182869901289,0.4402950690785613,0.2352323618793486,0.0552501160920917,phone_A,10.319512867047992,0.5022415626552839
4105,29,0,Sitting,0.16861628714747,-0.0073029933397409,9.964142290673376,0.0219923150161305,-0.0228323522706745,0.0098261852144653,phone_A,9.96557155284075,0.033189337833856684
4106,29,1,Sitting,0.1926394975926307,-0.0141705265060793,9.961963739183089,0.0199677784617173,-0.0134431391235357,0.0211932135587353,phone_A,9.9638362251019,0.032071521122907766
4107,29,2,Sitting,0.2458387667746493,-0.0436628885647291,9.964436529075368,0.0228841719528339,-0.008365862762027,0.010741579305958,phone_A,9.967564320788638,0.02662807750676201
4108,29,3,Sitting,0.2136754725391091,-0.052920312790538,9.96509044483005,0.010191765403594,-0.0078936279711903,0.0066682857152756,phone_A,9.967521524467044,0.014513699699594245
4109,29,4,Sitting,0.2153376810194316,-0.003224570479035,9.969730195814924,0.0159284525398623,-0.011214210946153,0.020570721645786,phone_A,9.972056001249967,0.02833070271786198
4110,29,5,Sitting,0.2047929261568541,-0.0088046614253811,9.95616888704236,0.0265137889252803,-0.0084484456680592,0.008964830267169,phone_A,9.958278795654246,0.029235687423072747
4111,29,6,Sitting,0.219895272157978,-0.0137790060049537,10.007134667384712,0.0206944951362134,-0.016134672513983,0.0165485839261961,phone_A,10.009559832624852,0.031023304402313344
4112,29,7,Sitting,0.268814484662349,0.023470641744964,9.946941021507834,0.0198184595600198,-0.0069109887145036,0.0133972790517926,phone_A,9.950600373019888,0.02490020462437482
4113,29,8,Sitting,0.2382402511054041,-0.0140492223664511,9.953767228213971,0.0275037664397072,-0.0123298096820064,0.008591635403567,phone_A,9.956627834330371,0.031341626857460496
4114,29,9,Sitting,0.2051062564169266,0.0105636999606651,9.98139906520091,0.0273478171886973,-0.009140929381417,0.0057266358044355,phone_A,9.983511780279112,0.029398198117896658
4115,29,10,Sitting,0.2269399328858235,-0.0089041510054341,9.98596732557979,0.0120964068228622,-0.0003857149845223,0.0076652634551797,phone_A,9.988549666722918,0.014325784373317423
4116,29,11,Sitting,0.2265619431497647,0.0250932519033588,9.928073462188854,0.0241589724716377,-0.0001682589762887,0.0078508884194937,phone_A,9.930689938568893,0.02540316340426503
4117,29,12,Sitting,0.2362762687996401,0.026060687868078,10.033538970233026,0.0285345570181529,0.0104106098548288,0.008297076891234,phone_A,10.036354412924787,0.03148719147067148
4118,29,13,Sitting,0.2126184803848358,-0.0063039122938282,10.00628770405909,0.0108294599174766,-0.005296059941747,0.0071846996451567,phone_A,10.008548344985675,0.014033722314550915
4119,29,14,Sitting,0.2656402519308537,-0.0001244506648349,9.96836495029228,0.0227392642767575,-0.0054547547481546,0.0091033235283849,phone_A,9.971903757114259,0.02509380378645655
4120,29,15,Sitting,0.22961999304254,-0.0106960273611111,9.969177117343452,0.0253975961242644,0.0023853443082372,0.0098415783635782,phone_A,9.971826921039618,0.02734199007107091
4121,29,16,Sitting,0.3098365481295892,0.0012253409944715,9.981289612377331,0.0172428924860252,-0.0034461402667756,0.0103050893523708,phone_A,9.986097461679865,0.02038107187032278
4122,29,17,Sitting,0.2775705563541147,-0.0579159499346511,9.957548688108496,0.0170368006241324,-0.0018864942040557,0.0104195834837463,phone_A,9.961584991710044,0.020059390715152156
4123,29,18,Sitting,0.2785076792983503,-0.0150863468043121,10.00640102249512,0.0159139832001367,0.0054455760362871,0.0035644225354314,phone_A,10.010287485795772,0.01719343676151771
4124,29,19,Sitting,0.2849447974087885,-0.0123633382661574,9.96351909889456,0.0176894439772775,0.0064629305846475,0.0106628101097652,phone_A,9.967600474725101,0.021642121416444424
4125,29,20,Sitting,0.2894355666682824,-0.0347695738754541,10.013241667125484,0.0208657363320648,0.0032557091023988,0.0014849060779507,phone_A,10.017484242801583,0.021170345781281567
4126,29,21,Sitting,0.2686874611210149,-0.0562412279028535,9.999846939559497,0.0238531244258031,0.0169846250535292,0.0011452235068998,phone_A,10.003614089022882,0.029304616871110464
4127,29,22,Sitting,0.3077043405341363,-0.0202621229459204,9.935069583795814,0.013704520350378,0.0065789957696285,0.0142662650481701,phone_A,9.939854131207085,0.020847622929134016
4128,29,23,Sitting,0.2691183090655363,-0.0114191325359886,9.992435308356436,0.0059004545462975,0.0066424667387857,0.0154953259844699,phone_A,9.9960651484747,0.01786177078550123
4129,29,0,Standing,0.1309483246407377,0.1772861709811852,9.921086396262158,-0.0158794303030434,-0.0026029622932988,-0.0013143243081831,phone_A,9.923534306498135,0.016144942484773037
4130,29,1,Standing,0.1034981233405674,0.107187166986711,9.948403964539098,-0.0209539224997214,-0.0027980378081959,-0.0099792384634238,phone_A,9.949519706596842,0.02337693487201223
4131,29,2,Standing,0.153418837568809,0.1662433854521537,9.910741729059112,-0.0118214304055498,0.0053528810850571,-0.0021986792399653,phone_A,9.913323147312466,0.01316182901971735
4132,29,3,Standing,0.0743339601919967,0.136533018370152,9.8973387560846,-0.0094422078910642,0.0035196045019449,-0.0224418241469156,phone_A,9.898559554573453,0.024600373508328482
4133,29,4,Standing,0.0602536715573487,0.1087082336193725,9.917250020128574,-0.0219686089019512,-0.0131448551846821,-0.003964491488355,phone_A,9.918028833731679,0.02590606468907218
4134,29,5,Standing,0.0553401518850198,0.1355192111670379,9.919811444708158,-0.0094763373873433,-0.0104090200356078,-0.0127966816117332,phone_A,9.920891446214345,0.019023767467368696
4135,29,6,Standing,0.0387709953961509,0.1629780958169925,9.90306634594826,-0.0174515254503869,-0.008278921122284,0.0010347859480324,phone_A,9.90448323245858,0.019343398291219338
4136,29,7,Standing,0.0394406003356184,0.1290917301530485,9.949354859074113,-0.0077682992243411,-0.0062626338861133,-0.0123171925313149,phone_A,9.950270466049172,0.015851822856815953
4137,29,8,Standing,0.0116496279010511,0.0908269742281957,9.921220944037175,-0.0149652793784876,-0.0269114609937082,-0.0012964326013358,phone_A,9.921643526829595,0.030819913322101843
4138,29,9,Standing,0.0074563995873141,0.1331368350915996,9.855944338918173,-0.0117960676820211,-0.0157843008419031,-0.00783373274284,phone_A,9.856846342852576,0.021205158205322806
4139,29,10,Standing,-0.0050079721500819,0.2068917960606107,9.860747564632092,-0.0180499081580283,-0.017155929881046,-0.0125261948866673,phone_A,9.862919031831296,0.027875269916816835
4140,29,11,Standing,-0.0317603203602957,0.1731594695193068,9.903452846121247,-0.0094509339945737,-0.0228153021247626,-0.0093550435308007,phone_A,9.905017475763515,0.026407858752219227
4141,29,12,Standing,-0.0203151564634554,0.1473921893766829,9.90742816543447,-0.0081140340137399,-0.0318341198678236,0.0008887964693582,phone_A,9.908545302733172,0.032863942169177346
4142,29,13,Standing,-0.0647303131279442,0.1466579061868188,9.856154423090205,-0.0138245266296124,-0.016899862159023,-0.0112189510809919,phone_A,9.857458017495452,0.02454766263587084
4143,29,14,Standing,-0.0512369316970835,0.1734657190607272,9.871890539599566,-0.0054846011903321,-0.0218794366355722,0.0030687399629076,phone_A,9.873547407325008,0.022764177179660096
4144,29,15,Standing,-0.0495871959659094,0.1640648217664093,9.896355698543749,-9.470873785630794e-05,-0.0321104822218252,0.0029042836776946,phone_A,9.897839777842654,0.03224169508483854
4145,29,16,Standing,-0.0349813594865823,0.1723882415097954,9.867931155140363,0.0032832124814969,-0.0320219217119054,-0.0101011347139309,phone_A,9.869498806115343,0.033737455103060685
4146,29,17,Standing,-0.0697810284257723,0.1704591722226396,9.8785273093399,0.008969579831513,-0.015837294043284,-0.0106994690940715,phone_A,9.880244304808317,0.02111283694490901
4147,29,18,Standing,-0.0455408680322101,0.1923996407370457,9.880052836944891,0.0080725570544601,-0.03515648866965,0.0035580105333467,phone_A,9.882030947798112,0.03624643861032623
4148,29,19,Standing,-0.0552890094318724,0.2130613003453811,9.897615149431656,0.009129393376759,-0.0402731691309767,0.0242988651762682,phone_A,9.900062506799028,0.047913555745053245
4149,29,20,Standing,-0.0487198020404007,0.2268964726472713,9.87538211280328,0.0123929510348232,-0.0361047246015926,-0.0024660796346243,phone_A,9.878108498203773,0.038252031614970206
4150,29,21,Standing,-0.0761098399214892,0.1982397470999586,9.875525939661172,0.0081302636684957,-0.0370526583677717,0.0189560137626397,phone_A,9.877808678547272,0.0424067345737378
4151,29,22,Standing,-0.054209050653292,0.1958596020539272,9.867656609991837,0.0155768787802855,-0.0456289204814018,0.0138905621085471,phone_A,9.869749063558052,0.050175544367004145
4152,29,23,Standing,-0.021722725795006,0.2196504227457977,9.898621140045488,0.01851167078141,-0.0404327808498239,0.0146009280840863,phone_A,9.90108169137008,0.046804688048163026
4153,29,0,Laying,7.464865008403663,0.0658439693843016,6.483035716677053,-0.0012008879656064,0.0002451433028629,0.0069774960468435,phone_A,9.887279561421536,0.00708432623674217
4154,29,1,Laying,7.466362169894713,0.1279570927549573,6.453130893208376,-0.0032392112195294,0.0054039233823113,0.0012176780641617,phone_A,9.869439467087355,0.006416978815186826
4155,29,2,Laying,7.52293942370539,0.092165907153339,6.476651221402211,-0.0128546605545547,-0.0047101919461877,6.103727276196851e-05,phone_A,9.927241468347233,0.013690578208805582
4156,29,3,Laying,7.480237192445143,0.0958138341270069,6.4670855164026015,-0.0051296046202871,-0.0063266069696369,-0.0082389447524222,phone_A,9.88869677068288,0.011585292829367513
4157,29,4,Laying,7.430373466712962,0.0933977643937204,6.444180678521882,-0.0120287474761625,-0.0083558913977606,-0.0019630773749398,phone_A,9.835986865315574,0.014777190520408668
4158,29,5,Laying,7.459405847027715,0.1637658697021834,6.446632749462665,0.0004502068320023,-0.0072288742091333,-0.0047777673574345,phone_A,9.860457832027636,0.00867677183316588
4159,29,6,Laying,7.489030725634082,0.0984464092248799,6.457449359591091,0.0041685433003843,-0.0198488932914037,-0.0020363133520225,phone_A,9.88908110678965,0.02038386347600314
4160,29,7,Laying,7.477417213011369,0.145831320562735,6.467167270780074,0.0096544981209148,-0.0025463943645258,-0.0144942129332749,phone_A,9.887228502454304,0.017600445073393728
4161,29,8,Laying,7.434689936899015,0.1174945049339096,6.4480784682774175,-0.0027424745729989,-0.0102318417761571,-0.0071795385946908,phone_A,9.842059507520771,0.012796778006534065
4162,29,9,Laying,7.445329965493305,0.1338852932580185,6.42569188820214,0.0005470643752174,-0.0014590681600426,-0.0016949209101301,phone_A,9.835668752501281,0.0023023718678524432
4163,29,10,Laying,7.432795964798813,0.127574000675311,6.463741775528032,-0.0144883079651559,0.003164134727764,-0.0047068947845474,phone_A,9.851024754850842,0.01555884554783682
4164,29,11,Laying,7.429618640048336,0.1219648324152174,6.473884844098046,0.0038678782763849,-0.0109449829537165,-0.0013056023775978,phone_A,9.855216564416134,0.011681512392942277
4165,29,12,Laying,7.473374845911779,0.1210563224981939,6.481058194192656,-0.0030485991919795,-0.0080312315612775,-0.0012624246670547,phone_A,9.892931897937812,0.008682646685440222
4166,29,13,Laying,7.484442325581171,0.1083666675295867,6.495188787699401,0.0040349827943851,-0.0134263631459038,0.0159927826451018,phone_A,9.91040350578312,0.0212677551756206
4167,29,14,Laying,7.4445038652295805,0.101088165008249,6.488399642097909,-0.0012345852463522,-0.0092567760395667,0.0068111376993369,phone_A,9.875737265242488,0.011558706680962842
4168,29,15,Laying,7.467394197846293,0.1717852082285596,6.473436539024825,-0.0085852847572844,-0.0133081084426119,0.005070921085385,phone_A,9.884172544455925,0.01662910416523332
4169,29,16,Laying,7.472054709358022,0.1267792197808286,6.453444645060995,0.0036362638994457,0.0013309588806695,0.0027645070668551,phone_A,9.873936516763417,0.004757769016160499
4170,29,17,Laying,7.504069325970268,0.1448029751253162,6.53011241893836,0.0002790165926072,-0.0097467953048158,0.0079938109838508,phone_A,9.948587465291041,0.01260868284232985
4171,29,18,Laying,7.446936123482681,0.1349039663504272,6.507924183403116,0.0028340517154101,-0.0110092731892586,0.0044954360719173,phone_A,9.890810577717655,0.012224765468426884
4172,29,19,Laying,7.475764758372583,0.1444633467583621,6.49346691744198,0.0004414625715184,-0.016009022483987,-0.0003419302281052,phone_A,9.903183376520682,0.016018757953591315
4173,29,20,Laying,7.467476758330297,0.1488078998216799,6.492370620977153,-0.0051456965130042,-0.0121875712685253,-0.0030389255658462,phone_A,9.896273501039659,0.013573877656148247
4174,29,21,Laying,7.420366225861861,0.1317670065088147,6.50893066653281,1.7010689341243512e-05,-3.0666071131568023e-05,0.0033808027620299,phone_A,9.87144244230026,0.0033809846327984856
4175,29,22,Laying,7.455218096500669,0.1066990446974961,6.4664974912737785,-0.0071981848249078,-0.0209300714888247,-0.0023133566024822,phone_A,9.869511201532752,0.022253839580420577
4176,29,23,Laying,7.455938222667728,0.1148324637004461,6.462930447147872,0.0029334391151651,-0.0211086682378538,0.0055685796725815,phone_A,9.867809850196148,0.022027029291033468
4177,30,0,Walking,1.3654355271965302,-0.237114955491624,10.01357142071982,-0.1760033709811943,0.335179853323477,-0.1081452596304326,phone_B,10.109018264841795,0.39372340272229833
4178,30,1,Walking,0.7109951623187918,-0.4088571232566031,9.513318629148053,-0.3363309469618768,0.1950705141618691,-0.1783139083113043,phone_B,9.548607731380203,0.42774625805131367
4179,30,2,Walking,-0.12416199333988,-0.6143506559772132,9.574555416346016,-0.3757228625572162,0.0626191042337359,-0.1507257275920824,phone_B,9.595048428735032,0.40964260840565264
4180,30,3,Walking,-0.6869104191175158,-0.3563871486056699,9.474844229711376,-0.2881672931520345,-0.1612519403990198,-0.0766544920524492,phone_B,9.506394211312639,0.338996295373325
4181,30,4,Walking,-1.024567500797418,-0.1150534051875495,9.708152212917089,-0.1288816299484673,-0.1716193909810781,0.0157949010177887,phone_B,9.762745271638632,0.21520494603296542
4182,30,5,Walking,-1.130502597721306,0.3286935782161849,9.556917709279189,0.1686331924922812,-0.235797908815067,0.1310251553242218,phone_B,9.629161525997441,0.31812795969457613
4183,30,6,Walking,-0.8864543115736723,0.775693559058557,9.404472528944217,0.364792033598698,-0.1075657874899895,0.1803853944283613,phone_B,9.477953644734654,0.42093053695175253
4184,30,7,Walking,-0.0619094281130835,0.9739912300138136,10.123416970706458,0.5003982505558673,-0.0086022906541129,0.1923075466981761,phone_B,10.170352150059538,0.5361479283564766
4185,30,8,Walking,0.721819225842644,1.0130880614423543,10.033412749143531,0.4833175902057928,0.2097481167557394,0.1442050189319298,phone_B,10.110229562661228,0.5462465130049547
4186,30,9,Walking,1.0636636537860635,0.5980656968525079,10.069703975095909,0.308911578788733,0.2571088309928537,0.1063320584792417,phone_B,10.143372274160084,0.41573768309439096
4187,30,10,Walking,1.4201019300921949,0.1612610064303005,9.874698299225884,0.1155527106430625,0.3685324498262219,-0.0346497906476798,phone_B,9.97759295144781,0.3877746813599415
4188,30,11,Walking,1.3396280287876523,-0.1098225140760842,9.90846264582009,-0.2022583281983991,0.3064010470728063,-0.1297072351553966,phone_B,9.999214781357763,0.3893764243307249
4189,30,12,Walking,0.8710891450008854,-0.3927639516920786,9.945816420894312,-0.3756622094799559,0.2390525149643994,-0.1451697506506598,phone_B,9.991612687570415,0.4683401083039348
4190,30,13,Walking,0.431356641067968,-0.4473825424473485,9.784563066023347,-0.3760654294249022,0.0707695392196406,-0.1264753497177345,phone_B,9.804279376071873,0.4030254942011976
4191,30,14,Walking,-0.7332122047003167,-0.5695502180325829,9.530447829067024,-0.278438675279947,-0.106662585809901,-0.0781990505374228,phone_B,9.575563869065403,0.3082532961839348
4192,30,15,Walking,-1.3345094371689117,-0.0989370962718762,9.584046942497524,-0.0912694621869733,-0.1693947043890847,0.0318840561035143,phone_B,9.677017091175758,0.1950417228097024
4193,30,16,Walking,-1.240045489391468,0.4686860875712775,9.393882379186689,0.1149789324239878,-0.1813085631690199,0.0762238558643945,phone_B,9.486959766881967,0.22782235663474823
4194,30,17,Walking,-0.9191815955568908,0.7936082561953779,9.709733500468475,0.3814414249046456,-0.1139760596178905,0.1712189859724733,phone_B,9.785378557829624,0.43336363940315686
4195,30,18,Walking,-0.0867730437891419,0.8438752559503669,9.882014622437318,0.5464113638360888,0.038197971420588,0.1405122050171072,phone_B,9.918360147060536,0.5654804535159745
4196,30,19,Walking,0.5260549472962226,0.969613768096204,10.117787470594276,0.5169899328210389,0.2029966180784569,0.1395369915320964,phone_B,10.177745721276942,0.5726751169689683
4197,30,20,Walking,1.3198809204868551,0.7901701124218596,10.145970461169748,0.3071796572830344,0.3234058076289736,0.0833889743918406,phone_B,10.261928232537931,0.45376687771012353
4198,30,21,Walking,1.5613812960918687,0.189871966249969,10.35299508547884,0.1257663856798393,0.3399927127952955,-0.0492489787491544,phone_B,10.471794027543808,0.36583833920012954
4199,30,22,Walking,1.494493999921599,-0.0501128403677386,9.929950020760236,-0.1154460420915405,0.3634815586145944,-0.08630186800083,phone_B,10.041908734267983,0.39101744783056586
4200,30,23,Walking,0.8283625177276153,-0.3622677542494263,9.893077826429618,-0.3055589783183369,0.2186608474977764,-0.1615817000638378,phone_B,9.934304770155702,0.4090079476671716
4201,30,0,Walking Upstairs,2.239488457151075,0.4480246061931284,10.722038263584825,0.0751567229841704,0.5512505473391285,-0.0409402913723945,phone_B,10.962579036123046,0.5578546463094707
4202,30,1,Walking Upstairs,1.6868722337440225,-0.203841619576147,10.2849949417599,-0.3134372407554177,0.5249123744550657,-0.1057093044316295,phone_B,10.42440455330062,0.6204436814021428
4203,30,2,Walking Upstairs,0.5721767246124285,-0.51701576293321,9.834972083507662,-0.5250604843991059,0.2411653016923266,-0.1640156873979662,phone_B,9.865159268186432,0.6006249751137577
4204,30,3,Walking Upstairs,-0.4028940061080381,-0.5840501353241523,9.763320135673036,-0.4672683223974598,0.0017769227088017,-0.0839218759060609,phone_B,9.789068301547829,0.4747480635305865
4205,30,4,Walking Upstairs,-1.4600673629646674,-0.0299131634182544,9.63148428957413,-0.1743253546476962,-0.199578137758356,0.0420697515784119,phone_B,9.74156974630134,0.26831068995104845
4206,30,5,Walking Upstairs,-1.4573365901555282,0.8310643378030249,10.040851213436,0.1936545438553503,-0.2066368622252843,0.2178131107115201,phone_B,10.1800388486947,0.3572722020868176
4207,30,6,Walking Upstairs,-0.8501905091495379,1.341051811552979,10.326868330880624,0.5877817927605412,-0.0813449355599215,0.3290694284101707,phone_B,10.44822728439914,0.6785212768633273
4208,30,7,Walking Upstairs,0.115695066950069,1.4714911762768623,10.43919148922318,0.7994340121907584,0.1869784323772273,0.2785881518337471,phone_B,10.543025684263835,0.8669873311437728
4209,30,8,Walking Upstairs,1.3845557537412845,1.0733170600366182,10.901641889544356,0.6427550210657739,0.4017422094675126,0.2037259637393759,phone_B,11.041503522367412,0.7848790277964113
4210,30,9,Walking Upstairs,2.0802732330706046,0.8193612822801429,10.814587829594045,0.313529346721074,0.5632548783408254,0.006709430872292,phone_B,11.04328753402416,0.6446717968801734
4211,30,10,Walking Upstairs,1.9903050596188965,0.1169811198855881,10.41431218620485,-0.1301773256935735,0.5227524036437239,-0.094895989889525,phone_B,10.603437986072683,0.5470113897691111
4212,30,11,Walking Upstairs,1.4241623219990371,-0.4919190560675923,9.901901441166704,-0.4178142751194067,0.3665076893541317,-0.1523247399077054,phone_B,10.015881130869284,0.5762807312735783
4213,30,12,Walking Upstairs,0.0973925679985199,-0.8092655604106567,9.807239651967723,-0.5327767770640115,0.1318025320626193,-0.158520228486779,phone_B,9.841054092458597,0.5712719706727557
4214,30,13,Walking Upstairs,-1.0697010769709367,-0.3082566192975574,9.75901462855429,-0.3241132922465435,-0.1254566143926655,-0.0432052320957752,phone_B,9.82230365330609,0.35022204440356564
4215,30,14,Walking Upstairs,-1.5355235046637508,0.3489183924722438,9.57422735094146,0.0605911277013058,-0.2086249595334162,0.1540183712016218,phone_B,9.702855551099159,0.2663030551158512
4216,30,15,Walking Upstairs,-1.0960018559177596,1.0058035471086766,9.761569818584483,0.4665606149172447,-0.1705396878276902,0.2356133646567919,phone_B,9.874264841832584,0.5497965533915413
4217,30,16,Walking Upstairs,-0.1776754712770947,1.3883736671958349,10.245114178601243,0.7546832603520408,0.0125434588681321,0.2752703079032241,phone_B,10.340285999208755,0.8034163952951785
4218,30,17,Walking Upstairs,0.6880799271518542,1.3456849044542647,10.541979600699053,0.7643097275448288,0.2559674796968664,0.1922604780383667,phone_B,10.649772567983804,0.8286451603053973
4219,30,18,Walking Upstairs,1.817528833638573,0.9615583355256144,10.765321534633596,0.5406550309856706,0.4960779811293617,0.1509573425938581,phone_B,10.959933997874815,0.74912572053995
4220,30,19,Walking Upstairs,2.1221082594880007,0.4785409844315914,10.59689079350644,0.1095122755368472,0.548552857174472,-0.0543995030427292,phone_B,10.817875920358372,0.562016442409678
4221,30,20,Walking Upstairs,1.6972798275580914,-0.4697386660056369,10.379092982391954,-0.2954885457162267,0.4875090922070066,-0.1741032367174756,phone_B,10.52743959206199,0.5960625241277056
4222,30,21,Walking Upstairs,0.8176243514732524,-0.4823546007434161,10.164824048414047,-0.4623581372341613,0.2625224077008462,-0.1722752820462475,phone_B,10.209055954210308,0.5589023478352967
4223,30,22,Walking Upstairs,-0.3678354492463117,-0.6404411043123873,9.489907150066363,-0.4456198757370858,-0.0021232915366428,-0.1279947742376232,phone_B,9.518603124550145,0.463642366755914
4224,30,23,Walking Upstairs,-1.3292994540501952,-0.1442199375787616,9.61908489106257,-0.1741679583962117,-0.149139997184068,0.0126982134954674,phone_B,9.711571992751821,0.22964856001713752
4225,30,0,Walking Downstairs,0.1710611453329197,1.2156179346497202,9.825002905269857,0.681943211307211,-0.0418265542460943,0.2065824984671934,phone_B,9.901397424962084,0.7137733062822124
4226,30,1,Walking Downstairs,1.806722746678684,0.3773966864496489,10.168591734436491,0.3955641968176412,0.2382574797291264,0.0181257423779654,phone_B,10.33474398347436,0.46213223539114107
4227,30,2,Walking Downstairs,2.2269372237846543,-0.2017065601745166,10.061788339905329,-0.1604205028207991,0.3969020912319814,-0.1844662793027637,phone_B,10.30725567414285,0.4661478477365345
4228,30,3,Walking Downstairs,1.1800331986706567,-1.2005375015264437,9.511342824633504,-0.6513958798470779,0.1685683741818357,-0.2875776378222715,phone_B,9.659162022155105,0.7317327290968293
4229,30,4,Walking Downstairs,-0.2795114263993468,-1.3841180457351592,9.003805943335696,-0.9034078298271472,-0.100863745940613,-0.2677093064078638,phone_B,9.113859274054253,0.9476220106010348
4230,30,5,Walking Downstairs,-1.7120004178002275,-1.1952559394971765,9.02105192969508,-0.6427639591153808,-0.4685758143996722,-0.2072354092769986,phone_B,9.259533471493409,0.8219825520266231
4231,30,6,Walking Downstairs,-2.1478414191861748,-0.422412231075582,8.912233149172971,-0.1958771432285141,-0.6431746220575567,0.0148626107581155,phone_B,9.177121256698722,0.6725045329934899
4232,30,7,Walking Downstairs,-1.9320947205090755,0.6332871473072366,8.987874187082456,0.4383083659270688,-0.5858035409525455,0.1543062819274882,phone_B,9.214983723414095,0.7477235056332543
4233,30,8,Walking Downstairs,-0.4729006755049401,1.2161740643668095,9.627532374041015,0.6614527704843638,-0.2785042143015376,0.1863573488044207,phone_B,9.715559377459403,0.7414940501572279
4234,30,9,Walking Downstairs,1.052942209649514,0.8912844824862383,10.094309151954496,0.5980022759479962,0.1205897432788427,0.0967909535723456,phone_B,10.188137836759703,0.617670702653513
4235,30,10,Walking Downstairs,1.900176409985527,0.1770813532736054,10.073809847408157,0.1389848010311248,0.3032800954142812,-0.0630513540952668,phone_B,10.252983616317751,0.33951592664469155
4236,30,11,Walking Downstairs,1.7225055421006663,-0.82972279522882,9.894088755857528,-0.4711312278701341,0.3189538489253975,-0.2846252298026557,phone_B,10.07712546157267,0.636166419310985
4237,30,12,Walking Downstairs,0.51619607031358,-1.598193351265747,9.25938737518441,-0.8197181487250154,0.0619473616687597,-0.2848346132980001,phone_B,9.41046943222078,0.8700034918892612
4238,30,13,Walking Downstairs,-0.7774293431371025,-1.5333062808458948,8.707108654379702,-0.8272247031006172,-0.2956021318739373,-0.267918210090597,phone_B,8.875199471202096,0.9184015990221654
4239,30,14,Walking Downstairs,-1.9163319059196957,-1.0434211066906898,8.720961665882102,-0.4676613659856318,-0.606843825884816,-0.0675884382063143,phone_B,8.989784644657432,0.7691129820964127
4240,30,15,Walking Downstairs,-2.3479794275577137,0.1730105795873829,8.920929479495229,0.1321392599343899,-0.6015065901751462,0.1188366213451938,phone_B,9.2263710542667,0.6272105743790363
4241,30,16,Walking Downstairs,-1.4103926038826908,0.7417771667886539,9.605489552744435,0.6149966312827017,-0.4069490132090147,0.2156249865928425,phone_B,9.736779252408802,0.7683244696637129
4242,30,17,Walking Downstairs,0.3403151841877855,1.2249281121869893,9.810019909568055,0.693446622545396,-0.1034615289600949,0.1725236469337626,phone_B,9.892055091371883,0.7220366438385957
4243,30,18,Walking Downstairs,1.7941454481568089,0.7201333754133337,10.126033125162428,0.3314111424373915,0.2183307494008365,0.0230736040222873,phone_B,10.308932865210286,0.3975349703713689
4244,30,19,Walking Downstairs,2.049452410243059,-0.3020476592945891,9.990274386882517,-0.1664080546859182,0.3405667001842979,-0.1744800074501724,phone_B,10.20279717996674,0.4172775945801371
4245,30,20,Walking Downstairs,1.3147596938690451,-0.9331718931108036,9.458411001983388,-0.7317302158750122,0.2316507098367988,-0.3195838970498941,phone_B,9.5948393169013,0.8313994391662661
4246,30,21,Walking Downstairs,0.0402998884983288,-1.5952775807868915,9.07344206912581,-0.8974025444819175,-0.1212938310475422,-0.3013889703743925,phone_B,9.212702406056342,0.9543997232586282
4247,30,22,Walking Downstairs,-1.639940280008903,-1.1647934479006692,8.649707016221786,-0.7487756407845049,-0.5007970696990505,-0.0931224849346447,phone_B,8.88051684108219,0.9056127552391279
4248,30,23,Walking Downstairs,-2.5224784193095764,-0.3375612693454255,8.719050655471712,-0.1443905408267552,-0.6823109141100627,0.0293963289597255,phone_B,9.08287891139843,0.698040798198974
4249,30,0,Sitting,0.2753340587352968,-0.062050880235222,9.870752479070866,-0.0086912600268465,0.0023692486539408,-0.0008716946266519,phone_B,9.87478676522796,0.009050480183978854
4250,30,1,Sitting,0.2870150089330168,-0.0321779768822369,9.877419494983446,-0.0021946343448009,0.0113498328297399,-0.0085262346996667,phone_B,9.88164100326601,0.014364254360189458
4251,30,2,Sitting,0.2942688807356196,-0.0812893786355657,9.81064003953882,0.0019560053861702,0.0007343461692885,-0.0055908753413955,phone_B,9.815388944033273,0.005968509734439559
4252,30,3,Sitting,0.2397281737631723,-0.0833652573385392,9.846910367828526,-0.0061159560094201,-0.0012206573500316,-0.0093681345812868,phone_B,9.850180869175746,0.01125419334330318
4253,30,4,Sitting,0.2480788316655825,-0.024901798479166,9.88419168374583,-0.0137655729117237,0.0050665570393202,-0.0090188887765937,phone_B,9.887335760826486,0.017219214633229767
4254,30,5,Sitting,0.2543651549023359,-0.0575067527188113,9.876294599157124,-0.0170121742647075,0.0030042965029862,0.0073001853470899,phone_B,9.879737024231815,0.01875453483274105
4255,30,6,Sitting,0.2632973994805224,-0.0573274886004107,9.85584968542911,-0.009494031922482,-0.0106936234080284,0.0024361514414992,phone_B,9.859532695989984,0.014506035212412758
4256,30,7,Sitting,0.2789929166960162,-0.0760167079309136,9.856501428615443,-0.0163134043795057,-0.000299821858546,-0.0074296877879619,phone_B,9.860742162725353,0.017928115244574036
4257,30,8,Sitting,0.2557775839757631,-0.0870117543105492,9.841465591698087,-0.0065969332885606,-0.0063983545964524,-0.0236298542521255,phone_B,9.845173345880207,0.02535406244238497
4258,30,9,Sitting,0.2417762537526164,-0.0021242454733306,9.872563729780223,-0.0173769663690782,-0.0046291500285879,-0.0036046586129128,phone_B,9.875524030038582,0.01834070756254776
4259,30,10,Sitting,0.1970256189575975,-0.0846218790760932,9.859197578193456,-0.0045963692390116,-0.0081140034502088,0.0018590033987082,phone_B,9.861529133090857,0.009508919802361413
4260,30,11,Sitting,0.217401778061725,-0.1483631879749727,9.865803769619264,-0.0111026832260287,-0.0022289700244283,-0.0031649833711875,phone_B,9.86931401817189,0.011758188717962997
4261,30,12,Sitting,0.2363484330758862,-0.0703936912082138,9.839745873824471,-0.0171787437653725,-0.0102247168643477,-0.0179647639266408,phone_B,9.842835704969632,0.026877254607796823
4262,30,13,Sitting,0.1964876650801306,-0.0678985368826124,9.787392979859986,-0.0264236637015826,-0.0110053948139104,-0.0075674501936681,phone_B,9.789600551404126,0.029607347413404452
4263,30,14,Sitting,0.2143270648203196,-0.1228928131965967,9.880484488731176,-0.0228435739447244,-0.0150797719915784,-0.0140168047748894,phone_B,9.883572859361498,0.030752222846217897
4264,30,15,Sitting,0.2500060887216985,-0.0521367613633881,9.82822259450984,-0.0172278937336519,-0.0102509040206701,-0.0135262433841733,phone_B,9.831540095708156,0.02418347815817412
4265,30,16,Sitting,0.2225005039127715,-0.0753649855755734,9.85155282070032,-0.0106831993705308,-0.0160272077068802,-0.0179183576327703,phone_B,9.854353318931723,0.0263072171832341
4266,30,17,Sitting,0.2023734645223877,-0.0965680664258129,9.839174178772549,-0.0146626208389295,-0.0171029881199165,-0.0128878258906475,phone_B,9.8417289604429,0.025953818768802765
4267,30,18,Sitting,0.2339136377676694,-0.0700695720321476,9.894835200513407,-0.0123362707893397,-0.0125405294684273,-0.0043517419204131,phone_B,9.897847694331212,0.018121426932730497
4268,30,19,Sitting,0.2086472626145761,-0.0295303922187697,9.862554292134442,-0.0224687166381058,-0.0105510659717394,-0.0010401924686539,phone_B,9.864805263641076,0.024844520942761884
4269,30,20,Sitting,0.1970590831329829,-0.0118892402130613,9.87787558775662,-0.0056694503375081,-0.0199318020999645,-0.0105808698357252,phone_B,9.879848165001132,0.023267449550008257
4270,30,21,Sitting,0.2112896675270705,-0.0183187108984985,9.782613835987544,-0.0037167127368765,-0.019132819879889,-0.0136535393632027,phone_B,9.784912486212006,0.023797014251104302
4271,30,22,Sitting,0.2006695411862873,-0.0269397908067323,9.82399098249256,-0.0156308755301665,-0.0082048378237519,-0.006159367082818,phone_B,9.826077184776423,0.018697097005004
4272,30,23,Sitting,0.2146850533381684,-0.0846477240831082,9.842793225540309,-0.0059346279661411,-0.0140459853217713,0.0074838412285854,phone_B,9.845498128081761,0.01698579972478757
4273,30,0,Standing,-0.0488368040394799,0.25183369102787,9.762136789260053,0.0213341491678352,-0.0387191224100168,0.0222035324467467,phone_B,9.765506639882545,0.049470326601216634
4274,30,1,Standing,-0.0107178144705111,0.2850863476185581,9.808290549929186,0.0334474726479549,-0.035416610134738,0.0122388340767634,phone_B,9.812438667781608,0.05022806744769564
4275,30,2,Standing,-0.0495603196096016,0.2987072838539036,9.799756055742058,0.0285546683143216,-0.0392947300411927,0.0117900353381761,phone_B,9.804432722945286,0.04998449584447737
4276,30,3,Standing,-0.0731252783109316,0.3299812868480064,9.822378658759634,0.0444708081626111,-0.0346788937901108,0.0125368926631511,phone_B,9.82819197370781,0.05777068573929961
4277,30,4,Standing,-0.0527642147508164,0.3159236983737497,9.827940066929964,0.0341140196727822,-0.043808420085261,0.0112528854976771,phone_B,9.833158078904242,0.05665307970998136
4278,30,5,Standing,-0.028195034917365,0.3388608322042372,9.781701613185897,0.0392781067586808,-0.0315457406081214,0.0134525121582927,phone_B,9.78760992648357,0.05214281833992308
4279,30,6,Standing,-0.0341420349607373,0.3067834595580603,9.827122313627902,0.0462626976753466,-0.0233915806444211,0.0097141053639112,phone_B,9.831969016255751,0.0527424599754898
4280,30,7,Standing,-0.0143585790359056,0.274356807254366,9.83105521137094,0.0445887979270739,-0.0187063067279739,0.0058526766891245,phone_B,9.834893207122406,0.0487066795871972
4281,30,8,Standing,-0.0266107758312876,0.3359178098338566,9.792500790501409,0.0432061223643891,-0.0218253468865222,0.0088131754231724,phone_B,9.798296823444606,0.04920149222862248
4282,30,9,Standing,0.0145460944697083,0.3042081104661219,9.871836510283186,0.044237348784492,-0.0267435618306801,0.0088184331646179,phone_B,9.876533311293887,0.052439735795969056
4283,30,10,Standing,0.0318383120383323,0.369713362382374,9.822454862539544,0.0408289508539176,-0.0246964944907321,0.0251465787267911,phone_B,9.829461896516221,0.05393765372747578
4284,30,11,Standing,-0.0146223478366682,0.3681938764944569,9.836353503294283,0.0431455297916408,-0.0194814346379248,0.016642770379686,phone_B,9.84325305910165,0.05018012397816544
4285,30,12,Standing,0.0258061070391724,0.3618366841136692,9.876999967836728,0.037420913687625,-0.0106934719401311,0.0122902926684277,phone_B,9.88365924674549,0.040813311764994746
4286,30,13,Standing,0.0561402984284169,0.3718711027315163,9.836071173642912,0.0482676237898001,-0.0092559263435679,0.0123310981820522,phone_B,9.8432584027406,0.05067042195567984
4287,30,14,Standing,0.0745434850091398,0.3373797627666081,9.82697455182664,0.0381031594838331,-0.0156429580660267,0.0107547668287231,phone_B,9.833046866446338,0.04257015279801205
4288,30,15,Standing,0.1090768343976181,0.3422152791975696,9.822708013756715,0.0387983412255338,-0.005446555547008,0.0156644778768069,phone_B,9.829272698253869,0.042194218991854465
4289,30,16,Standing,0.0687360549612876,0.2924089234303288,9.859250248968916,0.0422234009495205,-0.0030506560643933,0.0045582739787378,phone_B,9.863824972876747,0.042578162851776805
4290,30,17,Standing,0.1377713052160006,0.3157169584570785,9.867158584296432,0.0329034039867422,0.0044044640609334,0.0118608438518552,phone_B,9.873169534554396,0.03525213347383258
4291,30,18,Standing,0.1099118480934733,0.283488388563385,9.890824500589138,0.0392012808068499,0.0058898732648479,0.0071297451421211,phone_B,9.89549673246654,0.040277342138788995
4292,30,19,Standing,0.1074536747919324,0.3011409859279129,9.921093537127676,0.0289352661709825,-0.0054972107999554,0.0030786065535218,phone_B,9.926244463948512,0.029613287106907565
4293,30,20,Standing,0.1023295570314415,0.3300037160865225,9.830342759806236,0.0261275376414881,0.004346529253523,0.011290440505546,phone_B,9.836412586209875,0.028792613402891767
4294,30,21,Standing,0.1387946692817362,0.3312846948041609,9.872489013741998,0.0253867092982404,0.009663886861733,-0.0061879997230863,phone_B,9.87902084397482,0.027859774924479514
4295,30,22,Standing,0.0824398492751195,0.3070980259899489,9.868192435172835,0.0293482647048668,0.0004714663807178,0.0080498125409861,phone_B,9.87331390486081,0.030435873630965393
4296,30,23,Standing,0.145027566698927,0.2734741087092643,9.866689550239268,0.0224810649954725,0.0012157129616703,-0.0036307554139075,phone_B,9.87154414283995,0.02280479393047547
4297,30,0,Laying,7.485532279023738,0.1123699931689261,6.394150056114003,-0.0024916844478189,0.0022403217934891,-0.0030801324779625,phone_B,9.845352987870664,0.004551345867727941
4298,30,1,Laying,7.514859913625973,0.1731146281099865,6.387774385777253,-0.0204249586862177,0.0023482026771872,-0.0116207746595657,phone_B,9.864418371068828,0.02361642218531955
4299,30,2,Laying,7.4643419030415,0.1202467363778218,6.446914161782499,-0.005246666069689,-0.0113072848873611,-0.0103313542227998,phone_B,9.863749871752754,0.016190091922152074
4300,30,3,Laying,7.490781251463999,0.1608819445207375,6.390812497982523,-0.0136146126237162,-0.003608319484731,-0.0098511615038457,phone_B,9.847851092584968,0.01718787448675936
4301,30,4,Laying,7.515135788694558,0.1483052310104665,6.363893218644303,-0.0040364594574266,-0.0036708445986163,-0.0089697001137853,phone_B,9.848776434784668,0.01049874397963295
4302,30,5,Laying,7.505360815810755,0.1622886895561784,6.411986530378913,-0.004010469268537,-0.0077175953801135,-0.0161835895461691,phone_B,9.872707321703908,0.01837263489007232
4303,30,6,Laying,7.489906461794393,0.1548565415850296,6.382305403323413,-0.0264113446272431,-0.0028279887305717,-0.0114162277451993,phone_B,9.841570078813254,0.028911708721718644
4304,30,7,Laying,7.500505478779477,0.1886675101256704,6.373812177270301,-0.0057635072070731,-0.0071737738710145,-0.0026777657786274,phone_B,9.84472749941293,0.00958391759374119
4305,30,8,Laying,7.484065146156454,0.1331534796944489,6.3566393145140365,0.0011266615620691,-0.0052099701681436,-0.0007195942913083,phone_B,9.820174353640267,0.0053787518415031686
4306,30,9,Laying,7.489570881238093,0.1704885859958096,6.356020487161576,-0.0079121253907832,-0.0052795488568667,0.0021975562546054,phone_B,9.824547560893686,0.009762408402831444
4307,30,10,Laying,7.544539365887985,0.1563875081580217,6.361076868182828,-0.0155535247390913,-0.0142118152631006,-0.0100436366852065,phone_B,9.869540527252116,0.023340147016384667
4308,30,11,Laying,7.403310600098019,0.1295018570790178,6.394737350029636,-0.00786916085169,-0.0108033750868283,-0.014956130026145,phone_B,9.783580344044537,0.020057976745809357
4309,30,12,Laying,7.500234313204101,0.1594703546985053,6.375741459658405,-0.021452137547607,-0.0126621618045932,-0.0024330207643306,phone_B,9.845253917873269,0.025028866074331312
4310,30,13,Laying,7.471411625045194,0.1518427388017963,6.392479969807771,-0.0071978090195821,-0.0062815401441212,-0.0098933852308248,phone_B,9.834065692915665,0.013753009582999857
4311,30,14,Laying,7.439727707872263,0.159434223593557,6.391717839675857,-0.0048756242649898,-0.0098472751935877,-0.0065593898383016,phone_B,9.809639370586758,0.012797114352947671
4312,30,15,Laying,7.473766351219229,0.157524266954524,6.3849901475787005,0.007815838885165,-0.016612940164824,0.014970985432007,phone_B,9.8310780971353,0.023689818977869915
4313,30,16,Laying,7.435293388170398,0.1583094887083248,6.343524443975297,-0.0058017351721709,-0.0056398268958535,-0.0039465929553426,phone_B,9.77491442590152,0.009002409365184259
4314,30,17,Laying,7.489294602917044,0.1387847675510663,6.321575775187262,-0.0036662273549004,-0.0117853147161828,-0.0067647144097803,phone_B,9.801587378706625,0.014074666142512371
4315,30,18,Laying,7.4529925701825235,0.1603318944581451,6.351926272090594,-0.0049378548199984,-0.0052650684743677,0.0087400564490761,phone_B,9.793863994034792,0.011335428663980854
4316,30,19,Laying,7.496697926623822,0.1550812359295043,6.378239966334448,-0.0093297401322419,-0.0156087127762566,0.0018895083503613,phone_B,9.844108647354995,0.018282401572904096
4317,30,20,Laying,7.452268016708075,0.161138128772876,6.347286964687659,0.0015780382185503,-0.0151568406518584,0.0034732737966587,phone_B,9.790317456624601,0.01562957625886219
4318,30,21,Laying,7.440777660797262,0.1340915968032023,6.404145475747061,-0.0100927663534098,-0.0230251341564518,-0.0089964036121747,phone_B,9.818158280873474,0.026701236180002492
4319,30,22,Laying,7.478258410001318,0.1731220048890389,6.35152164753186,-0.0097978938158439,-0.0099627745096561,0.0054457020564309,phone_B,9.813060038255044,0.014997042043157084
4320,30,23,Laying,7.453641540559258,0.1691305587901947,6.3921048096300375,0.0072608699113885,-0.0213049563371921,-0.006146805627642,phone_B,9.820610024757258,0.02333247984728113
