row_id,subject,time_step,activity,acc_x,acc_y,acc_z,gyro_x,gyro_y,gyro_z,device
1,3,0,Walking,-0.19066375281075754,0.6875827192311839,1.129327648503792,0.005386129248077992,-0.14323974575485499,0.014062444348401391,phone_A
2,24,1,Walking,0.010593294765551826,0.5426285047670114,0.9987038376906419,0.31673377723491114,0.08555711289718432,0.007263376731733765,phone_B
3,13,2,Walking,0.22178222366952932,0.3753648804122609,1.2774796627702274,0.11452291390881013,0.09662953314379998,-0.0054918502084878185,phone_A
4,25,3,Walking,0.16755845768069508,0.3869421089110503,1.4954530198696083,0.20300175697243178,-0.047116060437941795,-0.03873469055370526,phone_A
5,11,4,Walking,0.3306821246990594,0.5583380544989696,1.472442110740745,0.45558123609575074,-0.04470565180230771,-0.05634670019786911,phone_A
6,15,5,Walking,0.17261183327180996,0.5589592765333775,1.6356999045910119,0.20746577965796376,-0.09241721246587808,-0.09069293372603635,phone_A
7,17,6,Walking,0.5111645827334649,0.5020071604032206,1.4346060885203467,0.24553774553733917,0.012835439005480105,0.024055745640191424,phone_A
8,21,7,Walking,0.5819108688536497,0.3935407892651872,1.641443691402968,0.22743369764377805,0.03180313385589826,0.06944170484223944,phone_A
9,15,8,Walking,0.40420265197883787,0.21093128160713104,1.4575699416153982,0.18973435236506478,0.16444354423578356,-0.09524142272625676,phone_A
10,22,9,Walking,0.6737648750962739,-0.07137904055696445,1.472155137910563,0.2379028371615506,0.0644844564495206,0.07823492377721404,phone_B
11,24,10,Walking,0.45800861073335886,0.08866280399556047,1.585647568073007,0.19895652426302235,-0.14032549556717142,-0.12466159354038288,phone_B
12,10,11,Walking,0.3709249289291069,0.1981473758037997,1.4156943386146394,0.2959533889474545,-0.04699779109701877,0.017439366018438564,phone_B
13,30,12,Walking,0.4919087103501863,0.12264758780276205,1.2157112276686148,0.1800640768778421,-0.0419911683398162,-0.13154236101479436,phone_B
14,20,13,Walking,0.6384705254409309,-0.11585451996864769,1.2052606743010545,0.27288213247965,0.04911842936329385,0.07319236198700649,phone_B
15,5,14,Walking,0.46358758023923713,-0.11265033594006048,0.8591942449401311,0.060817628033460414,-0.14549695735898427,-0.109697151036163,phone_A
16,12,15,Walking,0.598039121451295,-0.3307479218869436,0.9227624760195551,0.3629151127564672,-0.03918903681675685,0.08112671253137953,phone_B
17,24,16,Walking,0.4624500324783928,-0.40305147016786824,0.8128353459489154,0.3124338951203135,-0.19000524655115836,0.047786600790044306,phone_B
18,14,17,Walking,0.5112607448277329,-0.3983739759651134,0.5516347619510318,0.22793424584852565,-0.058244197997018264,0.025594383249017433,phone_B
19,10,18,Walking,0.7215997216971912,-0.38937735753422764,0.5119777391661112,0.2397203198451948,0.024199635236894168,0.149510633276448,phone_B
20,19,19,Walking,0.5346304959919723,,0.7717771703432661,0.08923606402448639,-0.07037266860247225,-0.10192335355460774,phone_A
21,30,20,Walking,0.07676721887185284,-0.32418464830150606,0.47720023212319773,0.058211307604707635,-0.11171369893282958,0.03448652321952148,phone_B
22,18,21,Walking,0.4253127016828523,-0.1121616196627972,0.867739153738476,0.2655850376603596,-0.10884919320350506,-0.23452509088044401,phone_B
23,25,22,Walking,0.06087434482188933,-0.5845151392807973,0.366221077706955,0.20451300249419763,0.1172578253866408,0.01727534241898791,phone_A
24,9,23,Walking,0.1158122428927886,-0.7204406351614562,0.2281421332232712,0.1665061300019336,-0.005916080590015254,0.19447229049378711,phone_A
25,29,24,Walking,0.2577849147871542,-0.6360333995290897,0.3278721568374062,0.1138371561544391,-0.07977486709893286,0.2341316705678681,phone_A
26,24,25,Walking,-0.1414620171316628,-0.39620126910993114,0.42194740512469364,0.32247303141616684,0.04234460627164495,-0.017230168742389945,phone_B
27,28,26,Walking,-0.1795517348202812,-0.46499141823925233,0.5592570452235556,0.0851833659856027,-0.14057313317515813,0.018984670949433142,phone_B
28,8,27,Walking,0.16228846685413442,-0.5057543744668985,0.6982350336831855,0.25144087535627974,0.14366019158775073,0.024132075150024197,phone_B
29,11,28,Walking,0.009888821615022053,-0.43644583095864226,1.0312863007210915,0.24015578809440968,-0.13469159348925502,-0.15049751191702315,phone_A
30,20,29,Walking,0.047030787491677495,-0.1709736022180568,0.9091002012678151,0.17784939467504135,0.16075887214664225,-0.12177502502478367,phone_B
31,9,30,Walking,-0.1964154796152976,-0.5236519190610166,1.0497229049955878,0.2020212811623036,0.037133200367882695,0.15482300474450886,phone_A
32,10,31,Walking,-0.3515654214987681,-0.2905383583973087,0.8829030207271655,0.21464097578768704,-0.09275532973221583,-0.1340694366465991,phone_B
33,13,32,Walking,-0.47749733654784277,-0.19158852537638416,1.0893833444370442,0.22336946418538592,-0.053258637666693635,-0.03604404037981569,phone_A
34,6,33,Walking,-0.2739758483677156,-0.20614974278677606,1.5503895825670477,0.20300437528251095,-0.07655368728377733,-0.024624469856854948,phone_B
35,18,34,Walking,-0.4598723646425406,-0.44415259936203666,1.457187224796923,0.24510511631527956,0.27692214412873123,0.20645290724098372,phone_B
36,17,35,Walking,-0.6754201533679798,-0.23475037360643705,1.3017615897480117,0.15502222846401648,0.03471655039493746,0.1326438982977057,phone_A
37,9,36,Walking,-0.6575684120615661,-0.5096073451390156,1.516230716402485,0.10313441469544805,-0.058238337010268114,-0.0964546855984347,phone_A
38,25,37,Walking,-0.5651826751471991,-0.3702529915956183,1.3482613241754724,0.4542171823231128,-0.1416164839401434,-0.12064641363001036,phone_A
39,26,38,Walking,-0.0170153862423833,-0.1941060311962589,1.4859868565758114,0.25757111060345605,0.19015674088461515,-0.10855427862710612,phone_B
40,25,39,Walking,-0.5877119697323294,0.23155432067429832,1.5589017176914866,0.17862283216468908,-0.014720526096764526,-0.151238538920698,phone_A
41,17,40,Walking,-0.5762460575663679,0.19857868176958804,1.362810419355305,0.2718692374799653,0.11139873996018114,0.017097226043531265,phone_A
42,1,41,Walking,-0.43935363169124675,0.23029656989386219,1.3594693823526016,0.14062861631028678,0.03481436878406388,-0.010701525825483841,phone_A
43,7,42,Walking,-0.18396557259749785,0.3523855471183709,1.158656501633897,0.09763473808182403,0.13102572483977515,0.028902414766185235,phone_A
44,8,43,Walking,-0.34558748356250774,0.018506830418987374,1.2833613265523456,0.26998623720357995,-0.12214737528559258,-0.051867728819494384,phone_B
45,18,44,Walking,-0.3784282660317376,0.3362036584628746,1.0268599228551747,0.1922824883972426,0.016781876331271543,0.16186411702924727,phone_B
46,24,45,Walking,-0.8069792850036488,0.3916844033854642,0.9487625631958411,0.25255933886558096,-0.040910603945341885,-0.1932393960726441,phone_B
47,5,46,Walking,0.037127379972175134,0.19244790520421123,0.9300678447559815,0.18386222545648168,-0.006745678041173203,-0.1158188361774344,phone_A
48,13,47,Walking,-0.2796363739281966,0.7431549752268092,0.7866953269260726,0.41055427659509386,0.1295153077875463,0.048299534682253384,phone_A
49,29,48,Walking,-0.07319644490738779,0.6798914900704955,0.5742904157125293,0.22732003974451254,-0.07671662056303045,0.10885423280543384,phone_A
50,26,49,Walking,-0.30266186795887073,0.6865640203243881,0.5146598254674052,0.34883718028140515,0.08259558876043858,0.20027107734114818,phone_B
51,18,50,Walking,-0.3064559493042504,0.5374224316588045,0.3261832746727284,0.16298921733970978,0.16623512766043938,0.07012871919874657,phone_B
52,3,51,Walking,-0.07771008356983908,0.36183521134177427,0.4613647982151018,0.08617838356807594,-0.07382543051362392,0.03432104187063682,phone_A
53,4,52,Walking,0.22992226335611252,0.11705345090742797,0.4926648176798356,0.22792369305558358,0.045527931390996236,0.1777830649816328,phone_B
54,17,53,Walking,-0.1939018070264892,0.4098124040273947,0.5507271269942822,0.04602461606006636,0.162354395285886,0.04051922739707242,phone_A
55,22,54,Walking,0.14285123596701071,0.6403434994061309,0.6589218551545446,0.24561658221508853,0.025784098196856554,0.029737756320989846,phone_B
56,13,55,Walking,0.14854743924779712,0.42941440320047913,0.5555178128023387,0.26217332507888447,0.10998066716013241,-0.11643896901762503,phone_A
57,23,56,Walking,0.6329428130328125,0.2783217312731808,0.5469652108922125,0.2422536811014313,0.09288237095338521,0.0012568661116725264,phone_A
58,12,57,Walking,0.6538619981781162,0.523439632778848,0.8746041063426897,0.2809528151456503,0.2560418410380694,-0.022567785775264863,phone_B
59,4,58,Walking,0.7468077830678039,0.22844673296669749,0.8833650082143931,0.36405057533465796,-0.17624854951648178,-0.13768119355167535,phone_B
60,4,59,Walking,0.1945379758361182,0.10788995474389479,1.0445734012058396,0.2776606627094048,0.03039015972614091,-0.15540424722816032,phone_B
61,12,60,Walking,0.5258648112143431,0.10415715197556932,1.163595067658158,0.2972148988843397,0.01520655752645501,0.08361463939134392,phone_B
62,30,61,Walking,0.5776660153119546,0.222020750553777,1.115325125586993,0.20024274447853957,0.021645370632265296,0.09025813229591607,phone_B
63,1,62,Walking,0.642576658728701,0.008349784619436314,1.2982968775532917,0.31124709462264805,-0.21923664081595715,-0.14261195608822372,phone_A
64,28,63,Walking,0.27814452772086323,-0.4393888721507358,1.3092923592369168,0.30243772897005144,-0.031337247302083225,0.021756909013603734,phone_B
65,26,64,Walking,0.7875561598919368,-0.09270030662786305,1.6586570579868647,0.230133932427752,-0.09211380462102083,-0.06538403874186087,phone_B
66,21,65,Walking,0.2584926275669005,-0.31006656321198733,1.4720390677471498,0.3083943521316462,0.18928468142825822,-0.1520399666914744,phone_A
67,16,66,Walking,0.3166659267860892,-0.125133566047135,1.5285193202998129,0.018600359156771662,0.10211266907253327,-0.06655007840896042,phone_B
68,2,67,Walking,0.3791402877873355,-0.4698912760887737,1.457270022284466,0.2670679484764409,-0.020816877503004608,0.036152820251072915,phone_B
69,14,68,Walking,0.681289215456417,-0.3939506741351225,1.3202380752691534,0.33739446582291815,-0.036463698930698014,0.12260516890351146,phone_B
70,5,69,Walking,0.46474656143111304,-0.4073181658886051,1.5237930135450588,0.43461138161389296,0.22846785819591284,0.007631924864605657,phone_A
71,29,70,Walking,0.5409088701003099,-0.584502981990509,1.4527575575477392,0.2171550867250758,0.034529903260330896,-0.09167056865443464,phone_A
72,9,71,Walking,-0.0040468499193920815,-0.8489992702274316,1.1661363625513217,0.16954571865667337,-0.0322510745313638,0.21309542786724686,phone_A
73,5,72,Walking,0.050281795553667796,-0.43737509442056355,1.1622340577236678,0.18871997781558952,0.020385821435692023,0.06810882286729326,phone_A
74,7,73,Walking,0.10022205374752946,-0.33043169779209947,0.9498050450577034,0.22069729685984954,0.28574410992554156,0.024538771688780263,phone_A
75,25,74,Walking,0.11241791629099329,-0.43514504459656533,0.9828225614202836,0.20125516607193752,-0.08574306363979615,0.04733314948533086,phone_A
76,23,75,Walking,-0.1287485778851309,-0.42729477322039994,1.0240874262518416,0.2603184547960953,-0.03148736069112611,0.04993621372395657,phone_A
77,15,76,Walking,0.1301838567479489,-0.8842024680141143,0.7185742625086935,0.0010106805363602478,-0.16445669132499255,0.15002484527953003,phone_A
78,6,77,Walking,0.054729430176150604,-0.6709170521488452,0.45857029343627853,-0.10609817216258163,-0.0597845058725898,0.2662456513472143,phone_B
79,14,78,Walking,-0.27832380893465697,-0.4359041871128402,0.36604009184524944,0.1872944301032601,0.010942522031731234,-0.009471071700315336,phone_B
80,24,79,Walking,-0.09435987957321126,-0.4320078172660721,0.6069381789802504,0.14427904895461646,0.09875969492516029,0.17918306423863906,phone_B
81,29,80,Walking,-0.46195581453682266,-0.21659554600000613,0.44492158129567294,0.37442035312732125,-0.048678928308140225,0.16005501338977823,phone_A
82,17,81,Walking,-0.3303073898986761,-0.37324256881518003,0.666355628146069,0.18020524748114117,-0.10352343055174541,-0.04934206288311898,phone_A
83,29,82,Walking,-0.6911399666223985,-0.256246952274576,0.3817896902917242,0.34625939268069195,-0.2633686335390519,-0.08652223526145855,phone_A
84,2,83,Walking,-0.7566353803877328,-0.4713017579022093,0.5190671692595443,0.20028507120052697,-0.027871532584281645,-0.017510335851806686,phone_B
85,19,84,Walking,-0.668730942340655,-0.13195620956630322,0.6284395400527351,0.26235417314217113,0.061218678702638946,0.032605980088952546,phone_A
86,2,85,Walking,-0.13956896417812198,-0.21515020266040324,0.5682231459008681,0.13711196616068844,-0.11354889376356204,-0.13689189663611828,phone_B
87,18,86,Walking,-0.6276901846475748,-0.29665855650090156,0.6913773091075982,0.2567724641347486,0.005625626440737797,-0.08420888051726842,phone_B
88,15,87,Walking,,0.06940370007837218,0.7832396679070239,0.14817922408688167,0.06032707129127795,0.02067709462347149,phone_A
89,5,88,Walking,-0.5624576605333611,0.05047403277373113,0.7943425026601245,0.24088277321211873,-0.1600304733783568,0.1469804710013388,phone_A
90,18,89,Walking,-0.3166090670170644,0.024690729162824075,1.0845713591424404,-0.045091416237986265,-0.1271982426291866,-0.03231568121673428,phone_B
91,14,90,Walking,-0.4013217101489064,0.5046003381765972,0.9878013424356449,0.1278790255506288,0.025899320514092335,0.17722277633495828,phone_B
92,27,91,Walking,-0.7349845808899069,0.24936952067156204,1.5082745802202338,0.03830649370028061,-0.14091761275304152,-0.04659672671069221,phone_A
93,29,92,Walking,-0.33252179332380083,0.3101218992813069,1.1104492173047589,0.2766951443190892,-0.06352927760912155,0.1401891938635363,phone_A
94,15,93,Walking,-0.5596588574688828,0.20706153946442352,1.509624573630987,0.303921913057063,0.0492909300329824,-0.1854157049123289,phone_A
95,29,94,Walking,-0.5903888795119167,0.419812628902136,1.3005889548645462,0.269095436229737,-0.08872587947381098,-0.14108981152865738,phone_A
96,2,95,Walking,-0.2198094906509562,0.4680065597544842,1.4507348925671708,0.37962967339231707,-0.04847176637267167,0.0035318441368028127,phone_B
97,29,96,Walking,-0.4087205261571517,0.5504946644261911,1.4765363973433185,0.17471978455621698,0.14989069037836752,-0.11446446577636764,phone_A
98,16,97,Walking,-0.6772915822899894,0.7926303072420421,1.8904105851643769,0.17542038080057348,-0.21305218446822038,-0.03415323738155381,phone_B
99,4,98,Walking,-0.2059350160937005,0.31858282486821493,1.585272280017256,0.2776958112814695,-0.16438461818012373,0.07691164048643766,phone_B
100,9,99,Walking,0.27171301357661126,0.5714855139999041,1.4021606104383837,0.20437964641517264,0.06767824436654174,-0.190373876605794,phone_A
101,2,100,Walking,-0.10806210094467557,0.8875569725901611,1.347375858412859,0.40346763722314716,-0.12141147675602079,0.06459850834830715,phone_B
102,12,101,Walking,0.09078440645330127,0.3897296556347494,1.3017937393044878,0.35337707205147606,-0.03561708747152608,-0.18611589140867396,phone_B
103,29,102,Walking,-0.06501470999817027,0.4779905904544637,1.1597812619043193,0.0323782562382931,-0.17772241732527458,0.05302735190780778,phone_A
104,23,103,Walking,0.07123242657166517,0.053809806807027905,1.1648207553844594,0.2499606730801664,-0.07852623064401323,-0.14485132321640656,phone_A
105,9,104,Walking,0.2951394843907313,0.9359061482896881,0.998025804841437,0.26264734553882163,-0.018362072311942163,0.08984534539208701,phone_A
106,10,105,Walking,0.40611239519071296,0.6958732197547661,0.7546010973589827,0.17210517797616415,-0.052701348800317814,0.08698818932968881,phone_B
107,10,106,Walking,0.26326528616765954,0.348531825142375,0.7633166771737228,0.19296623499858084,0.1047259018453879,-0.24769550196809514,phone_B
108,4,107,Walking,,0.2363267823115684,0.30752051438048195,0.11399977111943155,-0.10066717274305188,-0.022121511997071335,phone_B
109,24,108,Walking,0.3971536485517628,0.13822384943739574,0.5419759870652605,0.33540909835854843,-0.10735546977263953,-0.10016323723135935,phone_B
110,10,109,Walking,0.5818271769684259,0.22892205233304644,0.5823267853698116,0.21849885290251736,0.07718300128985238,-0.11385859254447049,phone_B
111,5,110,Walking,0.4706638409114996,-0.015251721982245975,0.2446046335556227,0.2954323938802128,-0.03860476204397759,-0.11245083098120624,phone_A
112,1,111,Walking,0.51357404207761,0.3493491884701745,0.1365781288231817,0.05536974411063411,-0.10151750860847944,0.16072967533923618,phone_A
113,23,112,Walking,0.6855088730500704,-0.13382403182550046,0.31157467199117783,0.2692595088394981,0.006410176402899121,0.06036127007505392,phone_A
114,10,113,Walking,0.5155529426896273,0.05768466904937689,0.5266283408669212,0.3055544127993418,0.08877091101389177,-0.1781859193830947,phone_B
115,22,114,Walking,0.7301559285257958,0.15582301448274552,0.4262008562624403,0.01541810527998086,0.0108938303107921,0.10239220489855823,phone_B
116,19,115,Walking,0.864076925620934,-0.034923925882803075,0.596575070590603,0.1217556316256651,0.0012596420837719857,-0.0329191174273782,phone_A
117,17,116,Walking,0.8897974831968449,0.1320725269794363,0.900891802579762,0.11870645624099596,0.09405212567270067,0.0703589050447692,phone_A
118,14,117,Walking,0.5669761971115073,-0.02868675277982155,0.9405333771642469,0.3014015659934769,0.07005969117094311,0.03748705488023165,phone_B
119,23,118,Walking,0.46524250075868395,-0.4183215237843278,0.7922818365316696,0.40499982812309065,0.1901894874974274,0.14951426603251733,phone_A
120,11,119,Walking,0.4537495077363061,-0.12236275601809082,1.0864352792582623,0.24230770045875574,-0.12028185075081813,0.043669043494872405,phone_A
121,24,120,Walking,0.11883875733342913,-0.42721448923872785,1.1865192796818815,0.41773172833091043,0.09836346613647505,0.0012589983000612617,phone_B
122,16,121,Walking,0.3483861113187753,-0.45105366827841015,1.2734015052102665,0.10093300828728845,-0.01661570653676222,-0.08207080823177647,phone_B
123,14,122,Walking,0.3368911920508114,-0.42159330861516586,1.1458954236751255,0.206504689875536,0.10952715244899158,0.11651461127859529,phone_B
124,18,123,Walking,0.3678348260615997,-0.5126587928389889,1.348024209659571,0.10079312899061334,0.03790653952253933,0.04172080378016793,phone_B
125,16,124,Walking,0.3152200509618368,-0.5623913249144347,1.3449062913139564,0.18489827432880124,0.023895431429157715,-0.02222915699283445,phone_B
126,22,125,Walking,-0.060369782015741225,-0.5017460707827538,1.4752446842900344,0.15091273079020887,0.034259811773378356,-0.044219183814212526,phone_B
127,5,126,Walking,0.026974010194193394,-0.7584094395406424,1.4824255507714799,0.37815546339081085,-0.12782874640077158,-0.23283198938675842,phone_A
128,21,127,Walking,-0.43278186043419153,-0.5370081508535135,1.532225194615834,0.2070628059032367,0.1335608811821352,-0.2940117876413232,phone_A
129,17,128,Walking,0.1279168461648692,-0.7334725210746759,1.4313767885367876,0.13718188910485168,-0.09837806506852817,-0.035888820552534395,phone_A
130,24,129,Walking,0.03892651858095916,-0.166007054382657,1.3712791363245775,0.4295566235470917,0.003913412468308735,0.19290601293711893,phone_B
131,28,130,Walking,-0.2597077476415004,-0.4041592068880103,1.7696531732176406,0.3136414132329268,-0.077799098294661,0.10658976573034437,phone_B
132,27,131,Walking,-0.406599289847704,-0.5218996368725648,1.357622718588436,0.22341941465482681,0.03064335059629867,0.0015383744051821707,phone_A
133,10,132,Walking,-0.31357152377305697,-0.7414289859558186,1.2140050837286651,0.11197786381866694,-0.15865290491153525,-0.006425236824455068,phone_B
134,5,133,Walking,-0.4211950899034493,-0.4616390876128061,1.1207753637875042,0.07236073169920024,-0.04476381236498148,-0.06433615484263007,phone_A
135,14,134,Walking,-0.42376329119235434,-0.4622348712779103,0.9899616986536487,0.22693026051681697,-0.20811408786431015,-0.21544505844367343,phone_B
136,8,135,Walking,-0.508033275139769,-0.25659379388202536,0.7649486636443539,0.21692192978167602,0.024811582346119878,0.10424145708331296,phone_B
137,19,136,Walking,-0.7436300792322353,-0.35178254320773183,0.7176255047498336,0.356944211651109,-0.047447338206346154,-0.275186982857562,phone_A
138,30,137,Walking,-0.8559099369711669,-0.23695834455875447,0.5144324768451239,0.1750772510019801,0.004243923527900877,-0.034292096390469186,phone_B
139,4,138,Walking,-0.6737090652891538,-0.17390722258490252,0.588580425844316,0.05107937230812687,0.04286608758520024,0.011280850209889354,phone_B
140,26,139,Walking,-0.5744859792433391,0.34403450209128916,0.3902668751175813,0.4466327987576486,-0.024797459415090924,-0.1404718089467251,phone_B
141,12,140,Walking,-0.7339059230659275,-0.017129925666172413,0.5070788855749296,0.2811140297515137,-0.0684384470279684,0.10861456595510408,phone_B
142,8,141,Walking,-0.3051506196562691,0.4499720411441753,0.5265783052519681,0.36997715832942685,-0.20688782707714634,-0.03496972034913088,phone_B
143,2,142,Walking,-0.46819513741864754,0.14492982328782528,0.45680680585861216,0.42703923682244543,-0.01866917760624161,0.045517154890923534,phone_B
144,29,143,Walking,-0.4976816426398963,0.32272532899070133,0.5297589599418675,0.26931564725704754,0.12818382891018945,0.18121333973636625,phone_A
145,5,144,Walking,-0.3049593899512282,0.15218236285022352,0.5873185256104744,0.3234318411371948,0.09525655022588686,0.023277070607455524,phone_A
146,5,145,Walking,-0.20203608239450582,0.5018105044244767,0.8529351531500857,0.25182950726528225,-0.03912681471281381,0.0369425382626326,phone_A
147,26,146,Walking,-0.24015602884176135,-0.21480323112775385,0.5534489141904588,0.26969454610350824,0.05252822709934748,-0.12786716581539234,phone_B
148,30,147,Walking,-0.38187095850564945,0.7404884983585687,0.8358311365670232,0.46672123436432833,-0.0002111838493980764,0.04488397945693935,phone_B
149,25,148,Walking,-0.16434270218949332,0.3329756284348939,1.0036492545872686,0.21608281901909,-0.1501215817421722,-0.02814152784749057,phone_A
150,7,149,Walking,-0.2585389508601743,0.7056567870407117,1.1390045077854507,0.1888924675937673,-0.01168001236848339,0.024543422024678276,phone_A
151,5,150,Walking,-0.23794592605041975,0.3563188879227752,1.3956081225644739,0.17464294405747963,-0.15585263018565615,0.04881939803214151,phone_A
152,28,151,Walking,0.09894386432708342,0.26919084379734765,1.3737739290626965,0.3009141401671211,0.04118250968768894,0.06951796321375349,phone_B
153,30,152,Walking,0.14312316039725967,0.4883072507664196,1.3589466924367828,0.31576111703616994,0.1627201961741653,0.1973807060060395,phone_B
154,14,153,Walking,0.39063397613325646,0.509149549724768,1.53780534971488,0.3043505158962668,0.013329574422940816,0.01438406067026988,phone_B
155,10,154,Walking,0.20353654488075398,0.37278577898827236,1.4742800497362147,0.28973014155071164,0.00032926203199513054,0.03742309745551717,phone_B
156,13,155,Walking,0.3987263359009389,0.40708476825928325,1.6533179622099532,0.2616726863804234,-0.13582943956026264,0.15865352703048688,phone_A
157,5,156,Walking,0.029612782095163548,0.24610688664018052,1.4022912219036576,0.22573906505232869,-0.030123555610086093,-0.03705151644046521,phone_A
158,24,157,Walking,0.4986303229397377,0.4550711120166156,1.555079065512734,0.2650811303061562,0.06777481348024621,-0.23187486759551873,phone_B
159,24,158,Walking,0.03127640329835857,0.348305113189099,1.4569068547989223,0.3350085502268648,0.1306397831993233,0.022305255307760407,phone_B
160,29,159,Walking,0.378486680013861,0.3742418054912562,1.3102932830283482,0.21984680834123163,0.10847499486568446,-0.06135484805883659,phone_A
161,6,160,Walking,0.6263101388271174,0.04939996752338163,1.4249059199959058,0.2968422979908656,0.011211847610992318,-0.08385558038304175,phone_B
162,29,161,Walking,0.368663715279238,0.061520802789562304,1.2606248434703982,0.11488123158584623,0.048126347348185695,-0.13659310817662318,phone_A
163,30,162,Walking,0.5621408996993842,0.5415150899630803,0.8832915108759563,0.3819216023139147,0.016482665538600803,0.045228910981755945,phone_B
164,23,163,Walking,0.5711315871296646,0.10646843664253158,0.9349257369380313,0.37994551996032044,-0.050211825864719464,0.12454580293971725,phone_A
165,18,164,Walking,0.5372102150131037,-0.2402864299230706,0.9039850512315035,0.3789638552619187,-0.008509179780293948,-0.02165742685743005,phone_B
166,6,165,Walking,0.3341765032546479,-0.15380923755989437,0.5149059339415132,0.119583421460929,0.024946465072004896,0.14509145175155358,phone_B
167,13,166,Walking,0.41284543671831375,0.08509799049908498,0.6718972137502336,0.20336275885789865,0.04758538968987674,0.00681081320479551,phone_A
168,19,167,Walking,0.5143678911357586,-0.31639131143047533,0.3668752640430829,0.05020122772257102,0.07185693716093497,-0.030437009909428474,phone_A
169,16,168,Walking,0.4617199660940757,-0.15551351342214925,0.5244833726576908,0.14783395696949359,0.13489222512138446,0.17371040532797952,phone_B
170,17,169,Walking,0.5096805954817182,-0.17776605503587267,0.6335283549859138,0.3443109248044965,0.0675509094823886,0.06581817517823711,phone_A
171,12,170,Walking,0.1701460356440826,-0.2772655687187404,0.26357860194559013,0.13259405993624396,0.1433921574588896,0.09242421789636172,phone_B
172,21,171,Walking,0.5905326333897261,-0.4986675957887484,0.30355545876845974,0.1935519083222623,0.011223442696463163,0.008688758797401065,phone_A
173,28,172,Walking,0.1931685404511762,-0.42044579698385887,0.3622433383072666,0.26953490058481944,0.00034194052042004196,-0.08247946721129693,phone_B
174,3,173,Walking,0.15367670049616292,-0.5473077926351967,0.5197983236707103,0.4148475366494452,-0.010829060253866759,-0.02682857211950715,phone_A
175,2,174,Walking,-0.03258804631330034,-0.5823155010014588,0.5413365390829747,0.37198783527155765,-0.018143155293584047,0.14172886742500776,phone_B
176,26,175,Walking,0.07505069679067511,-0.5394691802984937,0.718519651816023,0.2204175876783605,0.18906745033548453,-0.25515717994263404,phone_B
177,13,176,Walking,-0.10444953913667634,-0.5473150094951628,0.9328199775799101,0.2720395917830223,-0.04226705041686272,,phone_A
178,7,177,Walking,0.1154705034237093,-0.5113364598208485,1.0847884386244697,0.24999097897753417,-0.061763132946117204,0.07675985229000051,phone_A
179,28,178,Walking,-0.14053808751647726,-0.26163505109037005,0.7320608335533108,0.06405474128244734,-0.1305777469011807,-0.03995867123256862,phone_B
180,12,179,Walking,-0.25265007985314464,-0.7863190839489937,1.0471226684135186,0.12530741536240728,0.2703166501283481,0.19819161425218612,phone_B
181,14,180,Walking,-0.3346029184095268,-0.6910049515359542,1.0255263772097847,0.20714317949506236,-0.10976371815684283,-0.009333558482821075,phone_B
182,1,181,Walking,-0.619109913205192,-0.5828591781824141,1.4006915649632217,0.2602830557562331,0.0459219154616216,-0.1452537882572741,phone_A
183,14,182,Walking,-0.5251541319524026,-0.28307079476010166,1.4540471637809866,0.06859737510142574,-0.03478174750393068,0.04019001162701444,phone_B
184,17,183,Walking,-0.3128759165092107,-0.37464567188842196,1.7208923847387976,0.3308261848085215,-0.028231952803972813,0.0825133993350639,phone_A
185,11,184,Walking,-0.10599904548612221,-0.5181914726674932,1.4146818615507402,0.38334106654072364,-0.11641091559214009,-0.1454795246620847,phone_A
186,7,185,Walking,-0.5874623897815155,-0.15570379368335757,1.5354216606529818,0.14843800175538485,-0.074163370789696,-0.07835707708539796,phone_A
187,8,186,Walking,-0.10515679214534979,-0.11425694315303289,1.6541314403149316,0.16620147850691838,-0.020455234490465376,-0.07849093795073905,phone_B
188,2,187,Walking,-1.026563676680953,-0.3548568785527062,1.242000912465068,-0.027476215574676832,-0.1314894871727913,0.1457451247319794,phone_B
189,29,188,Walking,-0.31234175896311933,0.041298894068229175,1.535235073866699,0.12090133051649674,0.05763460496119379,0.08015856574817805,phone_A
190,23,189,Walking,-0.6546256474815537,0.13723972862411032,1.4229185490436882,0.1595492116756909,-0.12350452754980945,-0.13025411650880994,phone_A
191,16,190,Walking,-0.9591870941364415,0.11868109973639152,1.291942668393979,0.13282215864962943,0.0029243875458708503,0.06275907397523339,phone_B
192,15,191,Walking,-0.40993346425271876,0.4538930297544372,1.313364022590724,0.10985794239678015,0.18519448304918248,-0.05840741550112862,phone_A
193,14,192,Walking,-0.48560388432761026,0.15773773465157095,0.7738229733233725,0.2011279038762017,-0.17153215588361698,0.10640291594270496,phone_B
194,13,193,Walking,-0.187016929687076,0.14747434128778883,0.9474975442182353,0.1402069325791227,-0.06913332031504686,0.08519441742519085,phone_A
195,3,194,Walking,-0.10592993250900495,0.26086050201515215,0.9312103812571634,0.23071547542535603,0.08753558107186565,-0.04918734230629414,phone_A
196,12,195,Walking,-0.38709113454038263,0.3783398574378849,0.5759450102305848,0.2928289688039928,0.07152739061362005,0.06529101643961234,phone_B
197,30,196,Walking,-0.059533427865829436,0.37478536184606526,0.6532040088561127,0.1514039241815966,0.0025690847726011004,-0.06597243940307512,phone_B
198,2,197,Walking,0.02960031987045969,0.5472927228139755,0.5008455006103176,0.35129804290420147,-0.23876769507749526,-0.22155128543518188,phone_B
199,7,198,Walking,-0.1943197329764123,0.5561195584711277,0.29846683385549133,0.21744429180645972,0.22038603514414762,0.09066195817754491,phone_A
200,14,199,Walking,-0.10908050759075734,0.45133929233649817,0.3999692736707282,-0.014211767812001952,0.028340446301327663,0.09300314193300394,phone_B
201,3,200,Walking,-0.19405322614335813,0.3329596972821165,0.31941663399801823,0.225882978950409,-0.2292842370487322,0.06756974821927704,phone_A
202,29,201,Walking,0.13394912955064547,0.5039480457877952,0.133630175387351,0.11039395113973714,0.13561921275129663,-0.305579370880143,phone_A
203,4,202,Walking,-0.1519888410964306,0.6937277404011747,0.4281048092323243,0.26443494228091724,0.06220064610860024,0.2019848423703022,phone_B
204,13,203,Walking,0.09473680366731232,0.6028806876095811,0.3844948191330407,0.35094549196231184,-0.08365597328785011,-0.061682958049652015,phone_A
205,4,204,Walking,-0.08904670193344655,0.5552644836054625,0.807976963163092,0.2522227205847021,-0.17477873205965977,-0.013619022376262554,phone_B
206,12,205,Walking,0.3959783529244409,0.14039922440515484,0.6280532994519293,0.3164197964489672,0.02971049776170152,0.045316874033942925,phone_B
207,13,206,Walking,0.4042424170343998,0.5691202827960246,1.2595288909328273,0.19648149861004602,-0.08776710399803446,0.0470576038071846,phone_A
208,30,207,Walking,0.4522565106336365,0.3087544991788672,0.8609069642595475,0.4740828864299086,0.03595278174268252,-0.08055139195422832,phone_B
209,17,208,Walking,0.3993972033108702,0.3094440287891498,1.1961055162917624,0.07789295049451411,0.038788992430888965,0.21042502885049275,phone_A
210,10,209,Walking,0.5459606700848957,0.2317678200207537,1.159653371467043,0.17486260293203798,-0.027935894585255916,-0.04155871860340992,phone_B
211,30,210,Walking,0.17664151388187677,0.3990148456660203,1.2774417637071447,0.26146425642649096,-0.12396867012209502,0.14614941735343798,phone_B
212,2,211,Walking,0.7489497840107151,0.35338746109667296,1.2068084262291972,0.31120331781726585,0.04453405963992798,-0.17657983718458245,phone_B
213,19,212,Walking,0.6054780266965859,0.21312144974719444,1.5062258382705638,0.25203545585321174,0.16209725314784051,0.13486373009017477,phone_A
214,4,213,Walking,0.022677889585304478,-0.015045805358124727,1.5043011840895426,0.027269157000033184,0.010360136405554339,0.13736335496515573,phone_B
215,22,214,Walking,0.61107995356033,-0.1934461220203137,1.455935836337649,0.38251329975870385,-0.05968136021230075,0.05084337379116871,phone_B
216,3,215,Walking,0.19887830667499945,0.24758194440208553,1.6279042794927827,0.19992501730847123,0.06331011609998842,-0.15508013718425914,phone_A
217,2,216,Walking,0.46660955178146457,-0.1980890892291563,1.449633282563099,0.15612834569798567,0.07641376727912495,0.028149753511464516,phone_B
218,8,217,Walking,0.6213575596439985,-0.22661480687153307,1.5367285887562685,0.17392663816824577,0.2452705025550503,-0.17247234580735485,phone_B
219,19,218,Walking,0.7206855530401153,-0.4420465759549526,1.7006453137780109,0.329503931123985,0.10682529075052027,0.0030824405728464357,phone_A
220,29,219,Walking,0.39077717308767673,-0.3805640083209187,1.358044606699826,0.3741304902537286,0.019944563964756155,-0.10025879854510193,phone_A
221,5,0,Walking Upstairs,0.239499194062646,0.9502114773964244,1.1453722867723717,0.22477934307948494,-0.12076859172697535,-0.11286514598330138,phone_A
222,14,1,Walking Upstairs,-0.32797415255856543,0.8355208194408236,1.148232859327118,0.20280159841113787,-0.3842304471648591,-0.16215127106024196,phone_B
223,16,2,Walking Upstairs,0.020172328202113843,0.8495055251250817,1.0504265509146964,0.44703171270670006,-0.01872359580710793,0.03770525154285958,phone_B
224,15,3,Walking Upstairs,0.8903953185763552,1.12007037124485,1.4044666073499414,0.1828813759668533,-0.042320851497539135,0.06628677230194964,phone_A
225,22,4,Walking Upstairs,0.27118844241037576,1.065981523458842,1.56372778711275,0.5589465820948516,0.011796533287782492,0.23209139124921457,phone_B
226,20,5,Walking Upstairs,0.5492789227983235,0.8829209822589265,1.5400892943843592,0.14901130106363647,0.05976177415194838,0.12851192152049098,phone_B
227,12,6,Walking Upstairs,0.19721596569643934,0.21705014248635524,1.467833247305652,0.030209125317880475,0.014233096728121376,0.14625570982204328,phone_B
228,16,7,Walking Upstairs,0.5951958271436509,-0.0877302875404481,1.7400973459708617,0.23883613043776108,0.2724798375293071,-0.18942792867954233,phone_B
229,25,8,Walking Upstairs,1.099869065091746,0.5384301673272516,1.8833446014886284,0.2748959768131042,0.042892660025444396,0.10108923893620968,phone_A
230,5,9,Walking Upstairs,0.493302280485175,0.5646129136190916,1.4671688245004353,0.30268783646809994,0.02323632522722253,-0.08011810146497403,phone_A
231,12,10,Walking Upstairs,0.5783475634043134,-0.03269090231574398,1.5942945614437318,0.11648147740168402,0.041963670332122255,-0.14951111423980726,phone_B
232,4,11,Walking Upstairs,0.9502106104557347,-0.1554373454300832,1.4513296258723414,0.17880155693202673,0.17226907475372905,0.042937692930156944,phone_B
233,7,12,Walking Upstairs,0.9077131442292905,-0.49269499300491065,1.4265822495853282,0.5196768431146191,0.017205045832347433,0.008828711992013615,phone_A
234,15,13,Walking Upstairs,0.9213678243280397,0.1905991979407195,0.899154598016074,0.041297557367166504,0.027337867841199053,-0.09293395304667626,phone_A
235,11,14,Walking Upstairs,0.6855636971915127,-0.6420099146920145,0.8820793391159679,-0.0974578825519748,-0.030436319846778633,-0.024489936544369838,phone_A
236,15,15,Walking Upstairs,0.6338266051122678,0.04687241531986425,1.197916213967987,0.23784950496370555,-0.2775101767719913,0.0802466054639936,phone_A
237,15,16,Walking Upstairs,0.7896938011648375,-0.06940979768666095,0.5735364616091687,0.5211382002040681,-0.12472560790844285,0.0973989805361111,phone_A
238,13,17,Walking Upstairs,0.22453903551092114,-0.6523565597595712,0.9418097392113798,0.22608302300988953,0.10918993866726373,0.030804200533501993,phone_A
239,23,18,Walking Upstairs,0.961498178055078,-0.5515067201332307,0.16023378290378104,0.15557878804627834,0.07165492473122025,0.05141618382712606,phone_A
240,9,19,Walking Upstairs,0.1336391798623381,-0.7501462627823519,0.2775588056045609,0.21248895276515076,-0.1788687665182017,-0.08168824405553222,phone_A
241,21,20,Walking Upstairs,0.6674069199391852,-0.4145204792691449,0.2734752612543857,0.2090348265368049,0.018190160565084743,-0.10615476396922474,phone_A
242,6,21,Walking Upstairs,0.08708149155233491,-0.9226731158641542,0.12043832472870254,0.10874840602700478,0.02106774267817372,0.0948630375918821,phone_B
243,30,22,Walking Upstairs,0.3042290387169874,-0.7781391621025688,0.2871393251534754,0.2583179601465336,-0.18896790639111202,-0.1641106088514315,phone_B
244,13,23,Walking Upstairs,0.21313800447556117,-0.4849627949967943,-0.19983815601939675,0.3049444553742054,0.15465086068739362,-0.019893363906807706,phone_A
245,22,24,Walking Upstairs,-0.07272435474673214,-0.8032293591603354,-0.03821358828572091,-0.044764630094453584,0.12255955415928578,-0.12804934060417744,phone_B
246,25,25,Walking Upstairs,-0.10549556376200057,-1.1403676150139659,0.08134302762063444,0.23740109898769987,-0.09484503523763405,0.049136229739310804,phone_A
247,5,26,Walking Upstairs,-0.0009712968890866758,-0.7133849417014307,0.7713329336724851,0.12121281002416481,-0.007141532606379308,0.14724967666754654,phone_A
248,13,27,Walking Upstairs,0.14837117675431247,-1.1285080266935572,0.5342675738737774,0.43655574246274387,0.0660502836758785,0.025384194092370457,phone_A
249,7,28,Walking Upstairs,-0.3733991582819173,-0.6554992596833369,0.695684290029628,0.2544647792642223,0.010217831794954859,-0.08814929870415489,phone_A
250,28,29,Walking Upstairs,-0.22418941745548102,0.06707886712965316,0.5595814100831511,0.3021216281446974,-0.09882471152045773,0.0750623350775025,phone_B
251,24,30,Walking Upstairs,-0.24773558736798762,-0.3344045888325748,1.109037001787134,0.4071667974938432,-0.3047587261925281,0.206758798729083,phone_B
252,20,31,Walking Upstairs,-0.42461960497342566,-0.2992210311216917,0.9958429824882056,0.15199991539130636,0.018971978238820637,-0.002214925613870192,phone_B
253,4,32,Walking Upstairs,-0.3083320044983929,-0.9687993062523581,1.5753031328729896,0.26107664829453053,-0.02649164194619121,-0.19124498047003574,phone_B
254,24,33,Walking Upstairs,-0.5184719475772452,-1.0599358719321548,1.6461967001534816,0.06602624138851104,0.006949528640271625,-0.015491948852629656,phone_B
255,16,34,Walking Upstairs,-0.7445420433619067,-0.5284242680306315,1.5319415765801798,0.42547475993810624,0.06971860599351618,-0.05013189759801097,phone_B
256,18,35,Walking Upstairs,-0.7975013791855242,-0.6656650812094684,1.7890764595305373,0.031223957999589463,0.0977335405586093,0.01672080702386456,phone_B
257,5,36,Walking Upstairs,-1.0485087357470952,-0.19111286722657272,2.1144949721752333,0.4148806532378839,-0.09050756670538697,0.029115765688548206,phone_A
258,30,37,Walking Upstairs,-0.7765036970715312,0.005231846466873621,1.6437290157557805,0.24838834764890452,-0.2077468087859728,0.017566048742850667,phone_B
259,24,38,Walking Upstairs,-0.8385774226882047,-0.39058355229942315,1.9537899837008517,0.3073882549390643,-0.09438196270112699,-0.036478058088948315,phone_B
260,10,39,Walking Upstairs,-1.1598842345805422,-0.14032827549657648,1.6029716571200205,0.41969470559641964,-0.08313544081537184,0.08322777571273864,phone_B
261,25,40,Walking Upstairs,-0.6834945684157605,0.1844936741039279,1.7930659848644075,0.1904745260315875,-0.20442867250031732,-0.17965337407727225,phone_A
262,26,41,Walking Upstairs,-0.8528281468255869,-0.011973574533425568,1.5897678286501942,0.1994501385684499,0.3086988515034361,-0.22590289736782718,phone_B
263,13,42,Walking Upstairs,-0.9632366909842156,0.2711423237491393,1.4013767191454123,-0.04229827873365727,0.030787395182443573,0.2473779700956418,phone_A
264,1,43,Walking Upstairs,-0.7328371282372094,0.5473884497951047,1.4208671075480253,0.23868604499649046,-0.07552482450909283,-0.2958457324838278,phone_A
265,30,44,Walking Upstairs,-0.579745240474419,0.2894646225862607,1.0829588250079876,0.18412155361519644,-0.06869539704501833,0.07881785029413207,phone_B
266,18,45,Walking Upstairs,-0.8250915819436004,0.8893627424983535,0.6203672747383862,0.1738488169138157,0.24998300522865505,0.1465561190135149,phone_B
267,1,46,Walking Upstairs,-0.6409955364797378,0.5341192856440141,0.7466657125997288,0.2648780202041478,-0.011813220851375171,-0.004008226830943963,phone_A
268,4,47,Walking Upstairs,-0.3653541449180624,0.34100280806988764,0.4831578240043739,0.37890112701829004,-0.17788345868164526,-0.024642216500106208,phone_B
269,13,48,Walking Upstairs,-0.18899297695165324,0.6478881965099128,0.7421895083470974,0.325855810044733,-0.1705344115510375,0.08725964150978083,phone_A
270,24,49,Walking Upstairs,-0.32428009881448794,0.6202424650551088,0.4100710539790786,0.19607283543508247,0.1160712561219842,-0.1006863079967414,phone_B
271,20,50,Walking Upstairs,-0.19653622122960263,0.6325044716427994,0.4872891272418638,0.3417435181693394,0.22229271402156925,0.2947937465069031,phone_B
272,28,51,Walking Upstairs,-0.1964715444800697,0.7950236062824787,0.000365780339622368,0.15891122939272528,-0.08191072633323702,-0.13743013363797568,phone_B
273,23,52,Walking Upstairs,0.13027965229322985,0.4453915592873925,0.38536971358052285,0.14069204013572317,0.365243966112531,-0.05867997862537137,phone_A
274,14,53,Walking Upstairs,0.28017852163010026,0.3980866828455509,0.5803105399911674,0.40553508850437914,0.03859906319569463,-0.17508433134134355,phone_B
275,29,54,Walking Upstairs,0.059462305584395414,1.0767573173605536,0.4657301956944968,0.2724070750034057,-0.3167288362221519,-0.12784407722567398,phone_A
276,16,55,Walking Upstairs,0.6139549405269003,0.9626949157948281,0.615673450679765,0.053038309708610815,0.039201799885677534,0.13201697814278085,phone_B
277,5,56,Walking Upstairs,0.510394373003614,0.6592427819479761,0.4592039584100007,0.0192189587978438,-0.04234075430958473,-0.042549705933153124,phone_A
278,3,57,Walking Upstairs,0.5432666187202041,0.3730635640449147,0.5716235406148936,0.2548381832948929,0.057519098646062444,-0.03957547917136674,phone_A
279,10,58,Walking Upstairs,0.6660151355751335,-0.05645728556756524,0.9065755384481344,0.25992679737401536,0.005160158457683038,0.12489545998728033,phone_B
280,13,59,Walking Upstairs,0.18449044611503418,-0.15371379857446965,1.0308757988294177,0.259074808833293,0.02212300261495119,-0.06007651977241792,phone_A
281,23,60,Walking Upstairs,0.9741260810619876,0.3962109443387172,1.0915657756233907,-0.013999620389872403,0.10000070704482666,0.15882472660828706,phone_A
282,30,61,Walking Upstairs,0.9272256697428709,-0.051658062877485644,1.432353189311848,0.3718688620349879,0.20264611221388115,-0.1138942901496345,phone_B
283,28,62,Walking Upstairs,0.9700777810040158,0.09588621720493834,1.228081048395473,0.31390011705347143,0.07522601239597167,0.01143517652303026,phone_B
284,28,63,Walking Upstairs,0.8369197964424158,-0.08365665287331958,1.8591587586672458,0.14291001611735205,-0.07635169915929126,0.0014281167585783307,phone_B
285,13,64,Walking Upstairs,0.38238240814165825,-0.45416718130973277,1.2727891565797969,0.2642503792829252,-0.1453797562368507,-0.049991514302329176,phone_A
286,6,65,Walking Upstairs,0.9234873671881708,-0.37561706780615434,1.7843504719599734,0.22108607199227615,0.08737486096253679,0.06176664875524114,phone_B
287,28,66,Walking Upstairs,0.6757818281025677,-0.029510107805404417,1.8518068771906628,0.07839493249235291,0.08523034795227975,-0.14099938091671096,phone_B
288,18,67,Walking Upstairs,1.043757322847207,-0.12198993897736587,1.832604938361586,0.28044026964670515,-0.0271741932835646,0.08820811368200365,phone_B
289,11,68,Walking Upstairs,0.6840681142126949,-0.24286634879910513,1.6325908141336813,0.1798949438012097,-0.15526751249417967,-0.1383814569964024,phone_A
290,17,69,Walking Upstairs,0.08403429308189098,-0.353799974081478,2.0275607646673777,0.4452927626511397,-0.21139098352144714,0.094231107302306,phone_A
291,4,70,Walking Upstairs,0.36851408893621745,-0.5826833012434715,1.1856046685911414,0.2946757018369634,-0.13826276482651328,0.02595255232849689,phone_B
292,11,71,Walking Upstairs,0.001635619514630593,-0.5239164969642648,1.653281442450325,0.1581866179770282,-0.1477999355833565,-0.28028299553149755,phone_A
293,6,72,Walking Upstairs,0.17023799557535282,-1.1139466514805423,1.3977963045227522,0.2015038503575956,-0.13984567462388023,-0.07209441273325812,phone_B
294,2,73,Walking Upstairs,0.5088794803371313,-0.5884500190942802,1.1261372996419425,0.3404836524004308,-0.15091855433027607,0.004208113094513969,phone_B
295,27,74,Walking Upstairs,0.01347630638706919,-0.6548976679555838,0.8345274681742181,0.3262766920108953,0.07174164029906795,-0.37923078449061864,phone_A
296,23,75,Walking Upstairs,0.3482902598274719,-1.5714183068185021,0.7023998241067602,0.39329524445350816,-0.04124727428281729,-0.19060417772104046,phone_A
297,22,76,Walking Upstairs,0.2083776200831499,-1.2773854597758212,0.8864838373921493,0.2528367271245024,-0.15501139295751637,-0.07580495939934985,phone_B
298,3,77,Walking Upstairs,-0.4196101412037969,-0.5391989519883721,0.6679658311595416,0.03650905259611395,-0.05246697540751343,-0.11221413610475603,phone_A
299,16,78,Walking Upstairs,-0.600250741738243,-0.3220126798847311,0.3988239894268309,0.10894852717058862,-0.08804564392120612,-0.10421044929989857,phone_B
300,23,79,Walking Upstairs,-0.6708298417400067,-0.6776184070506328,0.07279976609238625,-0.023447607135964554,-0.049357941210262504,-0.23437130553432475,phone_A
301,21,80,Walking Upstairs,-0.6607032175305809,-0.8809919714063447,0.6402977611440256,0.26733350373204423,0.03189823116939318,-0.2309317785244983,phone_A
302,21,81,Walking Upstairs,-0.6726526618804125,-0.540486635144272,0.021928465854393786,0.3780481696573381,-0.15635055616713392,-0.037227597662472835,phone_A
303,6,82,Walking Upstairs,-0.5303414042764423,-0.69567462205201,0.1755015286157997,0.22930308806886188,-0.09547040846086914,0.06306220290462465,phone_B
304,4,83,Walking Upstairs,-0.5725838426803694,-0.4766115484452381,0.18571557793584617,0.36355072396759963,-0.030658451695843577,-0.039870647417371834,phone_B
305,13,84,Walking Upstairs,-0.24505015520548146,-0.7194114179223872,0.49396194126813997,0.013887749039046354,0.028245510569721115,0.204760767589135,phone_A
306,1,85,Walking Upstairs,-0.5999994097284598,-0.23811510069711864,0.3382554971635102,0.26403613606351206,-0.032768166002436316,-0.10217695903107621,phone_A
307,5,86,Walking Upstairs,-0.705019235215255,-0.3891049074155699,0.4188746304866888,0.08316835311301735,0.05079425339155649,0.07089202405571784,phone_A
308,1,87,Walking Upstairs,-0.7141052683671251,0.1571240988768982,0.7408600473007237,0.3109614218575484,0.03949886533288317,-0.011900202524367024,phone_A
309,9,88,Walking Upstairs,-0.20431268100365185,-0.1140552103312326,0.7539346061964399,0.3164212770485139,0.03274107398835067,-0.18262290118934257,phone_A
310,28,89,Walking Upstairs,-0.48157987224398974,0.07617986050392286,0.8324324044290488,0.41454193486600366,0.08133782430750001,-0.16439045895322885,phone_B
311,5,90,Walking Upstairs,-0.5836029222835739,0.19366693699345647,1.5222326230209662,0.2807087118978533,-0.0036507997635241577,-0.08583901508285857,phone_A
312,30,91,Walking Upstairs,-0.5732433337818345,0.4128186999295542,1.3685351196822688,0.15730177399721162,0.016890881041589603,-0.009073842149077926,phone_B
313,22,92,Walking Upstairs,-1.0655239076012626,0.5239175903178847,0.995386452009157,0.2867033685049638,-0.06215079750799719,0.1700720588943883,phone_B
314,26,93,Walking Upstairs,-0.7588269909531877,,1.5398214412738738,0.27478725995319864,0.09578874901960666,-0.06013224312219542,phone_B
315,14,94,Walking Upstairs,-0.8267201291928783,0.6107929874043502,1.8838327513816229,0.34580487393274356,0.24913783397560335,-0.09924711125038586,phone_B
316,6,95,Walking Upstairs,-0.8559018639410492,0.3423636899889457,1.8877358062074567,0.32472998145501925,0.01329336575416405,-0.1459844163839269,phone_B
317,23,96,Walking Upstairs,-0.7369501182294798,0.9595329792293379,2.3370389546235555,0.30763864905430155,0.07580405763550661,-0.06407176995642272,phone_A
318,2,97,Walking Upstairs,-0.8038551850521625,0.548543237179582,1.552530579824131,0.07188940506604796,0.2239067924594344,0.03547212734335049,phone_B
319,4,98,Walking Upstairs,-0.32301891183630416,0.6963427792774919,1.9050954664600472,0.255796174569622,0.06899021194321527,-0.025480558719852064,phone_B
320,16,99,Walking Upstairs,-0.2373193912785243,0.39996299581883515,1.2504542051543854,0.22599695286136778,0.00734456995912025,-0.16719690477214283,phone_B
321,28,100,Walking Upstairs,-0.03775541355640601,0.21772057618385432,1.348156500969882,0.3129443061856109,0.0503176348214467,-0.14997773913196888,phone_B
322,12,101,Walking Upstairs,0.08690121915071156,1.044485674666029,1.54493537857175,0.2476128476881885,-0.06083692073215802,-0.08181478296348557,phone_B
323,1,102,Walking Upstairs,0.19315435802943542,0.9305312502836937,1.2682238891660762,0.36643931354516746,0.012297029284501021,0.10200953309711924,phone_A
324,24,103,Walking Upstairs,0.46334131352835,0.533968694668499,0.7281131222668513,0.46065407128189195,0.03336563499259402,-0.2228831664144958,phone_B
325,9,104,Walking Upstairs,0.5284176047409354,0.6350925134366009,0.8154114788019907,0.4421146418406857,-0.13614732902989538,-0.10375993650812841,phone_A
326,20,105,Walking Upstairs,0.46837954618576794,0.7629445281229088,0.8504245989034521,0.3784609457939631,0.025815220688597193,0.06361991206199319,phone_B
327,26,106,Walking Upstairs,0.5089581292617719,0.6326815535147896,0.6450390927310171,0.3604301749857589,0.07216893865282804,0.005748210377023803,phone_B
328,13,107,Walking Upstairs,0.35383358107441143,0.5561771197499592,0.46494413839112986,0.2851136053757158,0.2868482899282523,-0.06809046121036061,phone_A
329,17,108,Walking Upstairs,0.9047519901937818,0.48951861504755534,0.8174246063404889,0.21085489207490804,0.042131598901606115,-0.10384474683608766,phone_A
330,13,109,Walking Upstairs,0.5885175631521223,0.44697529919273227,0.44643321853157436,0.30148232842306466,0.16368493041351567,-0.012345490377047326,phone_A
331,5,110,Walking Upstairs,1.42530243328337,0.39700371431081677,0.09329132413836971,0.16974571090775104,-0.12254838888907427,0.12175401626138244,phone_A
332,28,111,Walking Upstairs,0.658609796212434,0.2352700080448423,0.2078704892085748,0.3550940130323215,-0.11007673207492262,-0.13982439719859202,phone_B
333,8,112,Walking Upstairs,0.9289231514639721,0.19311343160749683,0.08415373514580765,0.34807302947188123,-0.09670192052243246,,phone_B
334,27,113,Walking Upstairs,0.5345143508462393,0.3477911506049868,0.42135689871874327,0.33864913883825354,0.16213748474851855,0.36564440227103406,phone_A
335,18,114,Walking Upstairs,0.5830621478555067,-0.24802868013976787,0.219360149503573,0.11991417781151736,-0.038954898327197535,-0.15815848298762264,phone_B
336,28,115,Walking Upstairs,0.8451546251528574,-0.17032428188145818,0.594155445573433,0.32600469871297283,0.07839089094546794,-0.0485431617871047,phone_B
337,4,116,Walking Upstairs,0.7901702335945981,-0.7610869637776366,0.4424537926681233,0.03373461142638398,0.002253501789669953,-0.015834679126933374,phone_B
338,11,117,Walking Upstairs,0.5672227903384973,0.157244788577732,0.8988198042927078,0.35439278698802346,-0.12103955343247343,-0.1298888358730316,phone_A
339,17,118,Walking Upstairs,0.6830388318042402,-0.9312870773340329,0.9198269945472398,0.2618293707735556,-0.027969391550246765,-0.10574075360506793,phone_A
340,8,119,Walking Upstairs,0.4368646661985558,-0.5706785575840919,1.137936575880139,0.33862290573157383,0.14051130664361325,-0.038265204058542474,phone_B
341,4,120,Walking Upstairs,0.6210149904414708,-0.4337368937630586,1.1953964316518086,0.3627511520056024,0.1273460943502765,0.1679192405356275,phone_B
342,28,121,Walking Upstairs,0.8917535839782263,-0.8764395257351999,1.430011421607713,0.26146610056042585,-0.012749563909225988,-0.0844041795493177,phone_B
343,26,122,Walking Upstairs,0.36895194745724175,-0.8993972480102426,1.5720829306745585,0.15677433957914905,-0.14295558495976438,0.0304587868489967,phone_B
344,27,123,Walking Upstairs,0.29417868023415916,-0.5865475001862301,2.084588879831722,0.2960476390574101,0.06306062971833686,-0.1400829727527523,phone_A
345,27,124,Walking Upstairs,0.5725802920725481,-1.0032984437813888,1.5281908837594589,0.25491714024184814,-0.011725013739060486,-0.11732584583762792,phone_A
346,11,125,Walking Upstairs,-0.014655895987539386,-0.45767952023141556,1.6150863763005536,0.0788225770323977,0.122537170716973,0.06399859855194477,phone_A
347,21,126,Walking Upstairs,-0.44414241931369447,-0.972913010284219,1.7673417986986097,0.41153737168489646,-0.13475565673305542,-0.010987584596491547,phone_A
348,2,127,Walking Upstairs,0.04585398570905497,-1.3882732902975252,1.9503515277141648,0.10628142561316314,0.0431594141494015,0.03206880944939673,phone_B
349,9,128,Walking Upstairs,-0.08132424796643045,-1.3650699225020353,1.5328010348921468,0.2779666668159264,-0.025347385195572305,0.06208939486838016,phone_A
350,18,129,Walking Upstairs,-0.11070598838721485,-0.5549512703704431,1.5502658556904725,0.019976188554337554,-0.05921256235112625,0.054127859258064175,phone_B
351,29,130,Walking Upstairs,-0.23825641068651546,-0.432012344456998,1.4963707294642195,-0.13829138262061147,-0.16615148715253444,0.24520459061229063,phone_A
352,3,131,Walking Upstairs,-0.6246550866931024,-1.1286907663875891,1.5708700128124145,0.2617362269006775,0.14364226356450432,0.03600462777851749,phone_A
353,23,132,Walking Upstairs,-0.46081016264214164,-0.3665227437526566,1.6176153858320508,0.38623082367469447,-0.20544411131991955,0.058065996986257445,phone_A
354,13,133,Walking Upstairs,-0.3223812795634495,-0.16167434812633408,0.9260422410659537,0.4114427778744566,0.12060651194165668,0.33442726680606494,phone_A
355,22,134,Walking Upstairs,-0.8054022586542771,-0.47307187587341193,0.7489354221836488,0.1442973025307316,-0.35914781573758664,-0.05651093158400743,phone_B
356,26,135,Walking Upstairs,-0.6212474421509854,-0.43468283034886607,1.0642207213763135,0.26173885565306215,0.1678337771739376,0.033984653654895884,phone_B
357,18,136,Walking Upstairs,-0.6772872396433282,0.14125660061468073,0.5541110480958661,0.32449569205154216,0.04762328137450569,-0.037477109556551445,phone_B
358,25,137,Walking Upstairs,-0.6655023634145412,0.4614799560186722,0.3674066965151316,0.3145304360709223,0.16351126361302756,0.14823292652275644,phone_A
359,23,138,Walking Upstairs,-1.3993585104291035,0.11191334119183524,-0.10964597015468253,0.45109184002236,0.022031603255123874,0.12995762258335858,phone_A
360,8,139,Walking Upstairs,-1.0109394191116308,-0.3287002552237214,0.30746512508856744,0.25563155280570155,-0.06390030740043154,0.011005966495259291,phone_B
361,6,140,Walking Upstairs,-0.5440116419492079,0.4440328088294012,0.3880944380743294,0.4523300787007851,-0.024709317477096836,-0.26711896999778817,phone_B
362,30,141,Walking Upstairs,-0.7827434722704935,0.4757549953334653,0.03625526873856341,0.23707242643638707,-0.0899300665903007,0.19526380273960697,phone_B
363,12,142,Walking Upstairs,-0.5255839937739564,0.5157299787017019,0.2547904632411104,0.28568231672857547,-0.15407399546920128,-0.28423745723757377,phone_B
364,17,143,Walking Upstairs,-0.6063919371647546,0.522235205603339,0.5677460449845632,0.4642736560907078,0.20409980304986308,-0.12974306712820413,phone_A
365,15,144,Walking Upstairs,-0.46088313555274874,1.1733422486433487,0.7204979458155689,0.40552163105978944,-0.05041243422140777,-0.1148159520501662,phone_A
366,13,145,Walking Upstairs,-0.3118702784765972,0.29788726050811315,0.5108804993020313,0.24507886662975006,0.20707857158596504,-0.04611064938475808,phone_A
367,28,146,Walking Upstairs,-0.30897959669800534,0.46221161587673565,0.711097783424977,0.24872838889052393,-0.03558151945630988,0.10274427563201151,phone_B
368,22,147,Walking Upstairs,-0.7549607877275553,0.5593829694170713,0.9949519714823397,0.18016897920523212,-0.20914487220509634,0.08691219462337565,phone_B
369,13,148,Walking Upstairs,-0.27883363639347947,0.22300956152156126,1.1642362601922365,0.04421457541544055,0.04014390599026155,-0.11537029721648077,phone_A
370,14,149,Walking Upstairs,-0.4752435092617792,0.6455200039482841,1.1546413266171989,0.17625292744976173,0.0765314261679696,-0.05798901919964839,phone_B
371,19,150,Walking Upstairs,-0.004420383513796922,0.5947728790933354,1.176773522195192,0.04582548112383297,0.03779531312268691,-0.04609638114267656,phone_A
372,22,151,Walking Upstairs,-0.596926597455694,0.64046166026112,1.309628820086978,0.46483808698218587,-0.22136121954613028,-0.187375603965427,phone_B
373,27,152,Walking Upstairs,0.46966264447773326,0.5774940381169353,1.4799390184139145,0.3401106015519307,-0.3025229736028903,-0.2419551789857223,phone_A
374,25,153,Walking Upstairs,0.13914927170353408,1.153569068572546,1.608957969703906,0.2731217829255701,0.14739260543332156,0.273895015326159,phone_A
375,28,154,Walking Upstairs,0.29968776708148454,1.1920269748442045,1.4566087324379318,0.39358553917199685,-0.13238101920696357,0.013321407723410375,phone_B
376,29,155,Walking Upstairs,0.3281648847083273,0.4256959809751333,1.587350387696576,0.2959338673529881,0.12942011266114867,-0.016865706414505417,phone_A
377,28,156,Walking Upstairs,0.6208263556169611,0.36811479547150683,1.9138659419907071,0.36651460261776714,0.33847141883755333,-0.0488935447727457,phone_B
378,27,157,Walking Upstairs,0.42692467852810667,0.7569371097408166,1.885299016525745,0.19043867006102744,-0.052411148000906356,0.07034700896834525,phone_A
379,20,158,Walking Upstairs,0.5044714063792133,0.5078785172529067,1.8430884672025591,0.1814021798966597,-0.23950998006398735,-0.24915767077736742,phone_B
380,29,159,Walking Upstairs,0.33940941079925674,0.0631774281573605,1.5128471336421074,0.10544558003231136,-0.09135814477675654,-0.10063116504766648,phone_A
381,11,160,Walking Upstairs,1.0559484217635615,0.4904103814663801,1.4158297311524393,0.20006658352449105,-0.056320245360992754,0.042607041093753434,phone_A
382,5,161,Walking Upstairs,0.8981097019336176,-0.00894059763526378,1.2709212413790436,-0.004110543926193477,0.027522791942177615,0.09907940145462919,phone_A
383,16,162,Walking Upstairs,1.241006606017221,-0.09688897919195949,1.145463576507418,0.25534278293342577,-0.013038696767643083,-0.014861881840617193,phone_B
384,1,163,Walking Upstairs,0.8070452829781446,0.2558319016264825,1.2063400247181038,0.25970746821445956,0.10599108938231232,-0.09122970301468172,phone_A
385,19,164,Walking Upstairs,0.5794094433424459,0.22151200090565312,1.2061786910067749,0.24412909456371906,-0.2850306538049631,-0.07124948132182699,phone_A
386,10,165,Walking Upstairs,1.0840109862921987,-0.014713409625686402,0.6711814477952929,0.39112688627412906,0.06297894710229486,0.15830427436864772,phone_B
387,19,166,Walking Upstairs,1.1336441319032886,-0.1592066360225769,0.6636844436587858,0.2200734804988479,-0.07818990550267077,0.22187979325446655,phone_A
388,21,167,Walking Upstairs,0.7569775182499797,-0.13326483584224882,0.39887469729573277,0.18375296538040464,0.001427776035712172,0.18667922230980286,phone_A
389,12,168,Walking Upstairs,0.20760837652820435,-0.4831923816847296,0.6380072855472692,0.23220640795950573,-0.23406222992544348,0.24609635510493066,phone_B
390,17,169,Walking Upstairs,0.771657075759639,-0.5234604433825746,0.16566791824714477,0.4007057508729256,-0.07045784202940503,0.1492733351870785,phone_A
391,3,170,Walking Upstairs,0.5902231101950958,-0.5375671597609967,0.18588551996961392,0.39593321562720457,-0.11249456817323844,-0.2108502664879272,phone_A
392,13,171,Walking Upstairs,0.6105135203500579,-0.47244401260788876,0.33065056304221624,0.31300468805034504,-0.04167024918388122,0.10237275157011828,phone_A
393,22,172,Walking Upstairs,0.24122889660152672,-0.7688892886686368,0.6823521333640681,0.034453109334093734,0.06497245355845385,-0.21828435559108325,phone_B
394,23,173,Walking Upstairs,0.2511164687233197,-0.8410394125105919,-0.03491355406247143,0.3105748867563892,-0.04940494808498547,-0.2728968245329617,phone_A
395,9,174,Walking Upstairs,0.5593797430201977,-0.36999783660994473,0.5532695968446101,0.26598755801502505,0.1726603607164536,0.2187098660942128,phone_A
396,6,175,Walking Upstairs,0.3851201915249788,-1.019544397018131,0.6573872417108436,0.3171370987578857,-0.23525020595923982,0.061016885750700633,phone_B
397,21,176,Walking Upstairs,0.15947938186169075,-0.39688204341296035,0.8058245232048965,0.2504816178821032,0.049565280710526814,-0.10605746423797624,phone_A
398,8,177,Walking Upstairs,-0.3546741850088452,,1.2001339522732848,0.13115617897364445,0.12583984459200237,-0.011304796828782718,phone_B
399,30,178,Walking Upstairs,-0.08000007438096328,-0.4954828795124004,1.1140636601951523,0.4433210593892517,0.040223669168790215,0.08114395542103923,phone_B
400,18,179,Walking Upstairs,-0.5087538992704305,-0.16198741694159646,1.3505501878938422,0.3526896652948629,-0.2090641554575004,-0.10695126300028314,phone_B
401,28,180,Walking Upstairs,-0.3054044289631202,-1.178760350328463,1.6107530107737391,0.18930823543414596,0.18347120816397258,-0.011418638218480956,phone_B
402,28,181,Walking Upstairs,-0.408733163247085,-0.3219587394642007,1.3642600792289485,0.13092991498158785,-0.025544794651753956,0.10753246395075888,phone_B
403,23,182,Walking Upstairs,-0.9703979965326368,-0.3518214711535669,1.5284152032611993,0.20901061832036322,-0.24138535225222157,-0.08826731086575768,phone_A
404,18,183,Walking Upstairs,-0.60505343218783,-0.2527605838151703,1.5732697068193346,0.4754588956302246,-0.08899228314337408,-0.08880193420607271,phone_B
405,18,184,Walking Upstairs,-0.6050722756420146,-0.55913618540306,1.7385172724764781,0.4358995650804677,0.19060636655133864,-0.10618311330513328,phone_B
406,26,185,Walking Upstairs,-0.7177507966926017,-0.306634458493494,1.5869758004372014,0.25276094315550074,0.0006919718587210633,0.14822723226177564,phone_B
407,15,186,Walking Upstairs,-0.563557881541736,0.07454050947200316,1.6905634670667904,0.23218609129809448,0.08635799926723263,-0.0760744983605115,phone_A
408,27,187,Walking Upstairs,-0.6133633349440888,-0.16782484795575203,1.5072392139785151,0.13561122732564596,0.18811763048404329,-0.02033479228862882,phone_A
409,10,188,Walking Upstairs,-0.9120494096098057,0.027427222978540257,2.073033640185056,0.12253972319377371,-0.24671588498697097,0.16725671706734033,phone_B
410,7,189,Walking Upstairs,-0.9934202623952786,0.043766736839096036,1.3751147328654427,0.2948611615241911,-0.12356970693414648,-0.023392211424829792,phone_A
411,28,190,Walking Upstairs,-1.0284086683414784,-0.03620191079953777,1.2825212073021943,0.07425399355058385,-0.05493292776383703,0.01544355018737724,phone_B
412,25,191,Walking Upstairs,-0.8459724962934616,0.16965612280310638,1.1915150712050784,0.1747533498837992,0.08983813356269404,0.18667715622423087,phone_A
413,17,192,Walking Upstairs,-0.5801995821809628,0.26855916530984947,1.103010773015403,0.4635513390564231,0.06612574059235285,-0.2305438900452585,phone_A
414,9,193,Walking Upstairs,-0.5415512360543938,0.7368868599401641,0.8234464238595185,0.3894325247953182,-0.08971502034975298,-0.1931200907378956,phone_A
415,24,194,Walking Upstairs,-1.0592203425816027,0.4329876021500959,0.9585074698025975,0.011730822252983497,-0.16633458346880672,-0.1341641918710051,phone_B
416,6,195,Walking Upstairs,-0.5525434747459806,0.47149805126161803,0.834475655425404,0.38406528278192065,0.06438548298891773,0.018931940864705028,phone_B
417,14,196,Walking Upstairs,-0.6853742856762746,0.8518740971762778,0.21858639904668734,0.36859900920729005,0.15419852527544803,0.027412398271451335,phone_B
418,20,197,Walking Upstairs,-0.4250550402528352,0.7856796457893461,-0.22337223768736403,0.29929356840310994,-0.014736019719174914,-0.006581654697408832,phone_B
419,5,198,Walking Upstairs,-0.31074242833843874,0.42710882576195497,0.23617213825850142,0.2687822129305072,0.014941408505531656,0.02104951774705885,phone_A
420,2,199,Walking Upstairs,0.07141625735843687,0.47186621106107557,0.26025062863607396,0.42769086082037133,-0.2254994946018354,0.023354068501406963,phone_B
421,8,200,Walking Upstairs,-0.19961906503927024,0.5378882424177597,0.1899901380051301,0.4993632298754976,-0.16437594695303778,-0.15204930032224756,phone_B
422,21,201,Walking Upstairs,-0.34454108633526226,1.229105383257413,0.16491198378330513,0.25666692215480236,-0.05236178234381116,-0.1227749741924019,phone_A
423,23,202,Walking Upstairs,0.7303957288835096,1.136582229246551,0.15427298474614184,0.34418463339801914,-0.10809796044662894,-0.2309277930500087,phone_A
424,24,203,Walking Upstairs,0.45219175642204285,1.0588470337263045,0.6206677508819571,0.19891751760145554,-0.02168084542025821,0.09746952197555603,phone_B
425,13,204,Walking Upstairs,0.17771977360005978,0.30702711417913636,0.561226160123155,0.4002712531006947,-0.15568647757444043,0.08303871961787701,phone_A
426,2,205,Walking Upstairs,0.45484262647111773,0.8824272549297623,0.8521265470896695,0.16971951854970413,-0.210204722021443,-0.06935753833877431,phone_B
427,2,206,Walking Upstairs,0.3105445086476927,0.45561389050420303,0.4843004599309498,0.48784418209162206,0.10734277338529029,0.10008647756571938,phone_B
428,14,207,Walking Upstairs,0.7788528934565258,0.7247601929246011,0.9564140777303635,0.2387106664641138,-0.05558336739697623,0.34251629807395,phone_B
429,19,208,Walking Upstairs,0.4742074766227171,0.6256262326995722,0.9713506286448275,0.4555858734165995,-0.08593898245492822,0.06514110624092055,phone_A
430,2,209,Walking Upstairs,0.9302194873186753,0.5265438768700678,1.3437246867143244,0.261404271031282,-0.0073373425953239275,-0.07497080356057528,phone_B
431,10,210,Walking Upstairs,1.0858376473069675,0.3135360617028787,1.3142714647669274,0.19288131240800388,0.143048188490639,0.0878288623113822,phone_B
432,25,211,Walking Upstairs,0.8839674631108958,0.1847186236891712,1.7004748128885077,0.17633705375641578,-0.03374982407495069,0.12607458336092692,phone_A
433,26,212,Walking Upstairs,0.5086024016738464,-0.06477148385422773,1.7045512329727512,0.4843972087070363,-0.24902347138096925,0.03618328214416555,phone_B
434,13,213,Walking Upstairs,0.4198243924591083,-0.10372972165763956,1.6762341790118944,0.2053339153532042,-0.0693934721556971,0.0009369178489281198,phone_A
435,4,214,Walking Upstairs,0.39891931547320314,0.16653843030600535,1.9244328305631437,0.369612660302947,-0.20029548451433066,0.03885935983593961,phone_B
436,5,215,Walking Upstairs,0.9443168112429287,-0.40119889169582146,1.7747539891009667,0.24488533610965246,0.23947958561387428,0.2501844848116345,phone_A
437,20,216,Walking Upstairs,1.3943942456447895,-0.46582695831225646,1.9247658834925128,0.38616473751228503,-0.12943972948943488,0.06412481319908288,phone_B
438,19,217,Walking Upstairs,0.6837847034029763,-0.1749685783653222,1.7060858616766978,0.4155241330981321,0.009801940608988095,-0.021823629025420458,phone_A
439,9,218,Walking Upstairs,0.8173101616235844,-0.2150696447343567,1.4293396898454287,0.12411583841819837,-0.0738038786228512,-0.08070678013847653,phone_A
440,30,219,Walking Upstairs,0.815083692820046,-0.2315068091483694,1.4013684785786296,0.44601947244716583,0.17790102118946688,0.0316418591320701,phone_B
441,9,0,Walking Downstairs,0.3570853738720558,0.6661694004335609,1.0214480833932658,0.19924739692721177,-0.1067748391556637,-0.17623673163783501,phone_A
442,22,1,Walking Downstairs,0.2282289720416068,0.4971235081660431,1.6635352486708532,0.10967117008650251,-0.1508858969977644,0.06121664587361294,phone_B
443,28,2,Walking Downstairs,0.1828750145335392,0.7885687286723541,0.9669750706175483,0.15869861451698797,-0.12883388749650804,-0.2274055019937457,phone_B
444,17,3,Walking Downstairs,0.2755808394905934,0.12437092200200883,1.1799547554838827,0.17553674471838981,-0.09975430031412916,0.04756902026484812,phone_A
445,23,4,Walking Downstairs,0.528603748662895,0.7672964548336605,1.7048088496868339,0.2397697919989135,0.03641602809800037,0.061381644230302956,phone_A
446,13,5,Walking Downstairs,0.42997499700814684,0.46142421101567815,1.5375157250758473,0.14189299220040413,0.050594019589179556,-0.011281820890218664,phone_A
447,10,6,Walking Downstairs,0.3188495411640363,0.34722904735653154,1.5378861949426896,0.09475215266606538,0.11746096094846396,0.009434120343814507,phone_B
448,8,7,Walking Downstairs,0.32636157708389046,0.6191486867941852,1.582366051438222,0.07121992475853209,0.12254667470629595,-0.06445163874793357,phone_B
449,6,8,Walking Downstairs,0.5815344076151833,0.6263924584894278,1.6777384105549515,0.09610594486257237,0.06526524049346162,-0.05819876691140688,phone_B
450,20,9,Walking Downstairs,1.041471397534064,0.29294622777023793,1.2607298636896866,0.28288379665868085,0.23335173507122742,0.18911043462544674,phone_B
451,6,10,Walking Downstairs,0.4141638991420002,0.4211737495168526,1.4554783853213062,0.2669147279300309,-0.1527542914487679,-0.07733469178592595,phone_B
452,2,11,Walking Downstairs,0.5137246940399931,0.33596497159817096,1.6258592396572178,0.27321836751969847,-0.16205057016664626,-0.0373967320739664,phone_B
453,4,12,Walking Downstairs,0.8754230957415085,0.3151565304392665,1.5588104774514138,0.14937366966995752,-0.3287439746747375,-0.21203542777560652,phone_B
454,7,13,Walking Downstairs,1.0012367599323861,-0.1277915713974768,1.124029648392528,0.4371192352123481,0.15181919345859923,0.002933846630374398,phone_A
455,8,14,Walking Downstairs,0.6391675023033021,-0.06971708354049566,1.3847677762504518,0.2906960909084672,0.08712348396469696,0.14031241308842055,phone_B
456,9,15,Walking Downstairs,0.3836517712623902,-0.03258075524812734,0.9187172798820359,-0.061931423492731896,-0.25538034503829743,-0.12217411338224227,phone_A
457,6,16,Walking Downstairs,0.6441168183852641,-0.24119006189223968,1.1578924426784925,0.08770924621682252,-0.0032920025020468312,0.03653226273765787,phone_B
458,10,17,Walking Downstairs,0.4113288839945246,-0.35144037871346084,0.41949597231842883,0.4091887460730033,-0.08179374630365205,0.24376801977342033,phone_B
459,28,18,Walking Downstairs,0.7621152487076013,-0.43924004708945763,0.5653951452304372,0.16991648001335907,0.014294871523953314,0.03815984332968569,phone_B
460,1,19,Walking Downstairs,0.2939405597074507,-0.5181327615187908,0.36535529368736674,0.5159596883537807,-0.010767692389394224,0.1854278582035871,phone_A
461,25,20,Walking Downstairs,0.4657329234052696,-0.8442868481448427,0.31540489578702624,0.2652641604947096,0.190320459715184,0.02663793332115254,phone_A
462,20,21,Walking Downstairs,0.6495090849252738,-0.4460329517508742,0.6177791076553208,0.23291493392339335,0.2868267252782165,-0.05824754434969476,phone_B
463,28,22,Walking Downstairs,-0.01474917133392889,-0.10016002525024603,0.45978133016835443,0.19990551199436296,0.1498827236248194,0.08252306221413383,phone_B
464,13,23,Walking Downstairs,0.6247988356655934,-1.006820528252875,0.2852878832623619,0.18449743392686094,-0.23684192116903216,0.1272392645735633,phone_A
465,24,24,Walking Downstairs,0.26361134527766383,-0.1383132592402576,0.31039458840644846,0.18946164208114136,0.01423970036687952,0.11846968235800914,phone_B
466,9,25,Walking Downstairs,-0.11717246568767739,-0.8229243566721632,0.618536588006357,0.28543671886056426,-0.24536739156057846,-0.14704701593629296,phone_A
467,4,26,Walking Downstairs,0.01753105268405715,-0.8487725907698812,0.503458987658927,0.24158840073620041,0.08828800323361966,-0.16299160738305474,phone_B
468,14,27,Walking Downstairs,-0.34789493053201204,-0.5996911121636554,0.6301054056718465,0.3086231019164052,-0.14754088768315174,0.04285544115255853,phone_B
469,14,28,Walking Downstairs,-0.12818705747510395,-0.6052585530117807,0.7613025134523613,0.13981786166741977,-0.008639831092774617,0.15116470234564872,phone_B
470,6,29,Walking Downstairs,-0.3430429706908559,-0.8037720121903602,0.8344510554626795,0.26410203567311163,-0.04482167966170163,0.05823639396757688,phone_B
471,28,30,Walking Downstairs,-0.1871588425197402,-0.23530688261082722,1.2316422921166224,0.12789131230224482,-0.10842413358915266,-0.00909257717517893,phone_B
472,10,31,Walking Downstairs,-0.5574616961492611,-0.7631912458784529,1.128667205064906,0.1830584479657153,-0.0806217287713447,-0.03789473833860067,phone_B
473,9,32,Walking Downstairs,-0.4694650741262303,0.11579906171865029,1.364983470397594,0.20519210712752978,0.0004959459185839311,0.030779037413224797,phone_A
474,22,33,Walking Downstairs,-0.46736798627399034,0.09387235584653536,1.3094195084078057,0.34308552698132827,0.02493007171369486,-0.1885317291084741,phone_B
475,3,34,Walking Downstairs,-0.321264756479885,-0.4976328113309299,1.5483476393305493,0.03295748855907557,-0.15105677516212038,0.1257635493140703,phone_A
476,22,35,Walking Downstairs,-0.747384165459673,-0.47642527125125234,1.6608804586859471,0.1773105082282772,-0.05649859893306433,0.08871912308098838,phone_B
477,24,36,Walking Downstairs,-0.8699365948868147,-0.10841634539251999,1.8307017566538109,0.388579236178782,-0.07980740644339476,0.11248523603035775,phone_B
478,30,37,Walking Downstairs,-0.8551440483440986,0.35459188560937094,1.4872342545575168,0.39941745729500766,-0.07877833281824687,0.24158957457535202,phone_B
479,17,38,Walking Downstairs,-0.909816176502454,-0.09280459139914415,1.7962596047630044,0.36631733011386736,-0.008485871006935512,0.005358993715615969,phone_A
480,30,39,Walking Downstairs,-0.4991360422198319,0.13996313480637754,1.3971997013080795,0.1424431170431783,0.028214393178199806,0.14585788997972324,phone_B
481,29,40,Walking Downstairs,-0.4753751713960721,0.25800952528323634,1.6702695972009944,0.15998989797517732,-0.018387715230985698,-0.09889568656073719,phone_A
482,22,41,Walking Downstairs,-0.9059806313915937,0.34828620178260433,1.4759577880207186,0.3225182981410815,0.06553341970709366,0.02911731255886344,phone_B
483,18,42,Walking Downstairs,-0.5937502906749773,0.44180684077486254,1.2024323064842475,0.2843647110766956,0.08021012223432113,-0.08036177136866438,phone_B
484,28,43,Walking Downstairs,-0.5243556935228204,0.2769707603525466,1.1031669598284517,0.10500847738774144,0.15189299101998666,0.12788222096640572,phone_B
485,30,44,Walking Downstairs,-0.032736338947268684,0.43899975529588803,1.5662012480336915,0.21269647015641355,0.03062320221072197,-0.04773334967282498,phone_B
486,24,45,Walking Downstairs,-0.33155013638580855,0.7273564635529844,0.887278997862518,0.4532063816541144,0.028697914156015285,0.032458246333223896,phone_B
487,30,46,Walking Downstairs,-0.25076998246807525,0.555231340286378,0.6632869099277281,0.14682307102219633,0.3206116055708022,-0.03161727002148425,phone_B
488,21,47,Walking Downstairs,-0.6001722071058287,0.4658694818819987,0.6284599348960959,0.3056000439139782,0.06657558260703761,0.08119374621318305,phone_A
489,22,48,Walking Downstairs,-0.11283603824825263,0.4543423163905178,0.4187459053240092,0.12987492305996887,-0.14260666255179233,0.12770513866296104,phone_B
490,10,49,Walking Downstairs,0.048967345803010626,0.892887528345071,0.4390369579415267,0.33321692386381757,-0.21135472855710538,0.10357050216544261,phone_B
491,13,50,Walking Downstairs,0.11958297544813892,0.7657642188436786,0.19835934970158486,0.0602352269530744,-0.08544649994195559,0.06779007375274947,phone_A
492,9,51,Walking Downstairs,0.21876702974641052,0.3670689178455223,0.16169117498920144,0.1532117176870993,-0.04287660723201788,-0.16344609970231827,phone_A
493,2,52,Walking Downstairs,-0.04000107528599767,0.6836304550393906,0.12030584743819564,0.22610357880338805,0.12702633793701784,-0.1562135684896212,phone_B
494,7,53,Walking Downstairs,0.1811398276032692,0.8729387900970593,0.27297565577439464,0.17115963709698973,0.13961949771677684,-0.036744249476585736,phone_A
495,5,54,Walking Downstairs,0.40326212549298507,0.5295328597290092,0.47821061023815337,0.27845394166152454,0.12250593852029688,-0.06580146454380222,phone_A
496,10,55,Walking Downstairs,0.3886902873056731,0.5504086331919607,0.5960924013331013,0.1169784966666989,0.1220372457885427,0.055959452660449986,phone_B
497,19,56,Walking Downstairs,0.7206237942376901,1.019047964600933,0.7499785385022166,0.4112381720671763,0.010244565792310572,-0.1993805903686212,phone_A
498,22,57,Walking Downstairs,0.08917949498379912,0.5107736883609153,0.601219268247373,0.13025084660071784,-0.007529602076241041,0.07387023454335458,phone_B
499,28,58,Walking Downstairs,0.4579494037976033,0.7284257926769173,0.6546580372527548,0.3443713424597947,-0.05816769138587927,0.06549525118199433,phone_B
500,2,59,Walking Downstairs,0.8522035799284877,0.48141930969663754,1.1349278417534172,0.10180877599104526,0.13363916480895585,-0.10232317375617839,phone_B
501,24,60,Walking Downstairs,0.6963757865928606,0.3456731294715893,1.1814500464794035,0.1387428025770332,-0.16198408947548593,0.10468184159541223,phone_B
502,10,61,Walking Downstairs,0.7043731813996523,0.4148757998502912,1.25477364751077,0.07138027671876476,0.11593556172049273,-0.044444473159332844,phone_B
503,21,62,Walking Downstairs,0.5295696993402421,0.4432885505620619,1.2397695605823447,0.19950842950725903,0.012893844323677964,-0.13106187925043497,phone_A
504,1,63,Walking Downstairs,0.7547675629611738,0.3510749383082462,1.4143242134740919,0.28741713828380705,-0.32993224632462664,-0.0046715040581808785,phone_A
505,14,64,Walking Downstairs,0.48723748449087906,0.1461887501259434,1.5287686082263663,0.2187027015487695,-0.045263144974688536,-0.23001790461180918,phone_B
506,21,65,Walking Downstairs,0.3985955680890968,0.035803173425995594,1.285783165308625,0.1480421580461153,-0.04796640675477166,0.20923462407498783,phone_A
507,17,66,Walking Downstairs,0.5010788768307155,0.03338117387868078,1.5498391098660371,0.36109197644808066,-0.16306526951076186,0.12879093981469886,phone_A
508,21,67,Walking Downstairs,0.49771569262528803,-0.5716069015216905,1.6396657703656143,0.27328130156642577,-0.059369811663085456,0.06647442071943885,phone_A
509,16,68,Walking Downstairs,0.6835889792084145,-0.30913109309738424,1.6366396208052878,0.187034122516086,0.01818489549183194,0.06603044916404391,phone_B
510,2,69,Walking Downstairs,0.9550380776429384,-0.26093356628132347,1.7542250244092592,0.6106214633832341,0.06191501721214129,0.058157221357404275,phone_B
511,16,70,Walking Downstairs,0.1961133336328468,-0.6315927691068276,1.417102241558041,0.31771367726634736,-0.02090094746654384,0.016586811056916336,phone_B
512,7,71,Walking Downstairs,0.601788300968194,-0.38414807874416323,1.3678676860274008,0.1596005883746133,0.13623296779838262,0.09286694170918389,phone_A
513,22,72,Walking Downstairs,0.20925901047851753,-0.5820517400244476,1.4021846416393926,0.34921217939277255,0.034068720141056816,0.07022970376306271,phone_B
514,4,73,Walking Downstairs,0.21534716770121898,-0.8024131321927653,1.0876553349476288,0.242278942396813,-0.004161510002230785,-0.22626874853321646,phone_B
515,24,74,Walking Downstairs,0.13098479809223593,-0.7334175161230724,0.9464555373839568,0.2985589644965505,-0.12947486244583606,-0.19536506567414533,phone_B
516,20,75,Walking Downstairs,-0.04508344963824617,-0.5059584412685872,1.1321660438682914,0.33385538869136877,-0.17619165118426167,-0.02788406872521254,phone_B
517,4,76,Walking Downstairs,-0.010848775411349425,-0.5558347008798192,0.5532103835107707,0.2477931705060891,0.05043873957313548,0.09908051439643913,phone_B
518,13,77,Walking Downstairs,-0.3178725697037864,-0.7446508166569554,0.12637258107206534,0.1654245638906671,-0.06292978715652517,-0.12235014098009317,phone_A
519,14,78,Walking Downstairs,-0.22995401626007356,-1.1564427456226274,0.5181942974353895,0.1286011043053167,0.058282675102861815,-0.15382214972743985,phone_B
520,10,79,Walking Downstairs,-0.28911102935204214,-0.6764220283870448,0.4519445550115062,0.2549636733181616,-0.030619701002574534,-0.18435267768530936,phone_B
521,2,80,Walking Downstairs,-0.5022820615990078,-0.5724454134626941,0.24284755449805145,0.31502543166953584,-0.03350651030540204,-0.11580152697354124,phone_B
522,21,81,Walking Downstairs,-0.5012186572460705,-0.4688005100140997,0.3767225696787081,0.4654054958391755,-0.08026912080041032,-0.008817439390848045,phone_A
523,12,82,Walking Downstairs,-0.504904136760779,-0.5747812647463095,0.06388465746808114,0.17869985291363813,-0.1288442895261361,-0.20719280173485338,phone_B
524,9,83,Walking Downstairs,-0.7335642267964971,-0.6327624662224501,0.4625326460503539,0.31213102048971525,-0.10846551474970498,-0.031227435667574535,phone_A
525,25,84,Walking Downstairs,-0.7102435054888131,-0.23292921354474327,0.5682023848795195,0.15443435019704232,0.12622258326330238,-0.1818830305816166,phone_A
526,25,85,Walking Downstairs,-0.9166369084997374,-0.08540585194243527,0.8024615545409761,0.2992118385820434,-0.004841086384081491,-0.263422049582665,phone_A
527,16,86,Walking Downstairs,-0.6302657218229979,-0.24647799911096666,0.44245381153893154,0.2478639096996061,0.01381576410093715,0.1133299042248327,phone_B
528,19,87,Walking Downstairs,-0.6440998274282255,0.19664406210689983,0.7605046048791798,0.22615980062311966,0.12771746234966186,-0.11741290560497214,phone_A
529,23,88,Walking Downstairs,-0.594934978736685,0.08933077194174711,0.9879469780216864,0.46525637703979705,0.09510088940071279,-0.1926067174804708,phone_A
530,15,89,Walking Downstairs,-0.3561926468024195,0.010494090793353616,1.060990078071605,0.086489523338968,0.06314424217486747,-0.07816491480810626,phone_A
531,25,90,Walking Downstairs,-0.722505212856102,0.6074851971089195,1.5219267767027105,0.24558158042576897,0.007677325364262569,-0.044813155961941804,phone_A
532,23,91,Walking Downstairs,-0.38094193885057226,0.17730804904394376,1.2471640669442916,0.3574311436397957,-0.06459589143799793,-0.00453060413382367,phone_A
533,1,92,Walking Downstairs,-0.43569100056021354,0.7685770754999344,1.5609072594555553,0.4154159001056766,-0.1015322563412797,0.02835891384338408,phone_A
534,15,93,Walking Downstairs,-0.7634716014080392,0.3486759650546896,1.6693648683478302,0.25221847357239585,-0.16951692271214658,-0.1578034926645304,phone_A
535,20,94,Walking Downstairs,-0.3840962631761685,0.9335279112496612,1.845290008784952,0.01248177610247228,0.17052911256837405,0.11236805004175765,phone_B
536,15,95,Walking Downstairs,-0.7838316797576507,0.45512783402564644,1.8478870970014003,0.30605202131217424,-0.15709140628655827,0.0732890586955433,phone_A
537,16,96,Walking Downstairs,-0.41537594407859707,0.8317575596687725,1.6829861887441395,0.18012749400456649,0.1067215504526819,0.11697021781038977,phone_B
538,19,97,Walking Downstairs,0.006460521835327582,0.8130178538656159,1.851319231956627,0.32794902689250416,0.03186343789397663,0.01074107997165769,phone_A
539,30,98,Walking Downstairs,-0.4863646411473711,0.429714900673528,1.5771415082349842,0.2689742591522915,0.17289751176051157,-0.005015667345061503,phone_B
540,5,99,Walking Downstairs,0.09811545287076978,0.9122311149902771,1.515216076668371,0.31136282536442206,-0.02922336500698338,0.1586563072894172,phone_A
541,12,100,Walking Downstairs,-0.3149418745948437,0.7151150843296402,1.7392713117491643,0.21825227585439586,0.05372580361140818,0.06550546052869743,phone_B
542,28,101,Walking Downstairs,-0.19512271138227008,0.7945920855770737,1.1060174896241095,0.16492510723183246,0.12908675609930303,0.04281075483700296,phone_B
543,8,102,Walking Downstairs,0.22536524303141364,0.6549465545011993,1.2135560082370769,0.3188182232064165,-0.08728412887909583,0.004840368666562883,phone_B
544,14,103,Walking Downstairs,0.13577129563076923,0.2884671076525657,0.9138774236895675,0.42818477364765983,0.046166797750228084,-0.1588305961681667,phone_B
545,16,104,Walking Downstairs,0.2602897676837168,0.9709327589061361,0.8943782321948882,0.3968399464084819,0.04223169249823889,0.056550054941507236,phone_B
546,19,105,Walking Downstairs,0.05765330329838536,0.7891332047459086,0.728284170202931,0.34357109443330897,-0.09770039783833356,0.0212459217011895,phone_A
547,11,106,Walking Downstairs,0.3945812532245392,0.6188910301207781,0.608692715483283,0.16211282963504647,0.19265800593527574,0.12587434396337308,phone_A
548,17,107,Walking Downstairs,0.3194095158252025,0.5983809182482215,0.41204866185868094,0.0978378427605211,0.12405713296787714,-0.20449195507768866,phone_A
549,8,108,Walking Downstairs,0.4892896858718757,0.3565954876858068,0.5130557451683992,0.30974385743931027,-0.09916118121946899,0.08612707305000761,phone_B
550,25,109,Walking Downstairs,0.618442855435432,0.04854000091520472,0.3446529659189644,0.40575348186707105,0.20119137578948357,0.08608181491304127,phone_A
551,29,110,Walking Downstairs,0.7408722923332012,0.44960707322090987,0.455218246152448,0.3341945146425502,0.0435915695097037,-0.008689480659665244,phone_A
552,7,111,Walking Downstairs,0.5188681968360895,-0.2539603588418442,0.37796112969043033,0.2623263412382626,0.06690910113897794,-0.16050524319514728,phone_A
553,8,112,Walking Downstairs,1.1393098899865548,0.11076333802432009,0.3286939526290609,0.2770802827302841,0.24388044296524053,-0.1228377314039869,phone_B
554,13,113,Walking Downstairs,0.7260099071414552,-0.17298236652886093,0.2948694471852212,0.23404916305416726,0.16167878899362706,0.2161188720826484,phone_A
555,9,114,Walking Downstairs,0.5903144782182885,0.48845703078038943,0.39139725559753885,0.1714636902768315,-0.2129931653494472,0.16753098830936922,phone_A
556,9,115,Walking Downstairs,0.8803275323776579,0.3878297998428424,0.3281929558181413,0.41498049689749317,0.008416262203935286,0.09673202601601635,phone_A
557,8,116,Walking Downstairs,0.9684938508942518,-0.06307137111443784,0.6777232465259895,0.3174135225193345,-0.0918594361250699,-0.06953281026980392,phone_B
558,19,117,Walking Downstairs,0.495630965551067,-0.738676367162044,0.9649634796766787,0.3829912337019079,-0.084161297971661,0.041784361913378254,phone_A
559,20,118,Walking Downstairs,0.630663563887559,-0.5333781843172005,0.8105755023394241,0.3662489863228491,-0.00766447021493911,0.24265307410241707,phone_B
560,10,119,Walking Downstairs,0.5136479422490762,-0.6673375785480503,1.313396344465651,0.31569601969752237,0.08722474364357083,0.14287208146415023,phone_B
561,18,120,Walking Downstairs,0.413351647936841,-0.5554497425478984,1.0247327694594195,0.2083691819810108,0.1603655349452189,0.02848057245526164,phone_B
562,15,121,Walking Downstairs,0.06923289491555829,-0.920344759188856,1.655530986571506,0.2291617187693844,-0.07768922468419408,-0.03287901178764037,phone_A
563,14,122,Walking Downstairs,0.6232113085213473,-0.6990212915437232,1.7165783331918967,0.24619820573367782,0.17154383694821276,0.030803339885170245,phone_B
564,18,123,Walking Downstairs,0.4156539889937082,-0.4796585924458455,1.6799016644148785,0.2817521372619253,-0.027942085933870184,0.22985216298874322,phone_B
565,4,124,Walking Downstairs,0.1413742866488179,-0.6619742230031197,1.7063595240083655,0.18846328249265987,0.037769556670750534,-0.020261110224355935,phone_B
566,22,125,Walking Downstairs,-0.3022255760077837,-0.6754959697790905,1.4861519554559932,0.03187370850613189,0.016424798482726193,0.05854600104234797,phone_B
567,1,126,Walking Downstairs,0.09998213374231896,-1.1174527903554243,1.4468915215394071,0.4768225724176405,-0.12566505120924432,0.07330092373640269,phone_A
568,28,127,Walking Downstairs,-0.26876338089459256,-0.6524764504695592,1.545114725327507,0.30738493855435733,0.016412894078003885,-0.05379477283730803,phone_B
569,12,128,Walking Downstairs,-0.13507877056727524,-0.9260913744028887,1.6705774590830351,0.5551781890844281,0.16202040615144145,0.08620174642729954,phone_B
570,29,129,Walking Downstairs,-0.29484031972608327,-1.061169993983195,1.2913570040459985,0.3939351427323256,-0.09477072961497357,-0.0839102517796856,phone_A
571,11,130,Walking Downstairs,-0.5915301411748668,-0.860596206995317,1.4025854781128513,0.13301646543935564,-0.08892222957346738,-0.09374292313764071,phone_A
572,16,131,Walking Downstairs,-0.30228755299738247,-0.5868628479152991,1.257332259076634,0.311633507677066,-0.017044752987952817,-0.03339045221486074,phone_B
573,15,132,Walking Downstairs,-0.33255585493794065,-0.5109666589904622,1.1649740717109451,0.14618517243200063,-0.10328196517974306,0.09229770023601692,phone_A
574,24,133,Walking Downstairs,-0.43893245287936594,-0.3103580710377527,1.0557920914352428,0.2455443930977944,0.0835694268987323,0.11221305132273406,phone_B
575,29,134,Walking Downstairs,-0.6099777557904662,-0.02864963227989442,0.9032992699714469,0.31588514310789584,0.03385054690018557,0.029640804898100892,phone_A
576,18,135,Walking Downstairs,-0.7920919455049612,-0.10818445401592136,1.2106725414931876,0.19502459102519,0.008519365850993778,-0.05354463172167148,phone_B
577,17,136,Walking Downstairs,-0.3036750794378661,-0.33965116722664457,0.5211729283451961,0.049500861152243836,-0.09091340694506968,-0.20500798715440172,phone_A
578,1,137,Walking Downstairs,-0.5287684747270536,0.5304530135715171,0.4321404873257511,0.03998904804117151,0.10799995973156798,-0.08723099507161881,phone_A
579,22,138,Walking Downstairs,-0.7436453846899885,-0.16276538481594424,0.3796741732004547,0.33093321131234243,-0.027290475690678773,-0.05960696433524465,phone_B
580,21,139,Walking Downstairs,-0.7219217732976456,-0.22294467806722748,0.41941877459908816,0.02559280873861078,-0.05329457452386184,0.09112622505968919,phone_A
581,16,140,Walking Downstairs,-0.5296196871747654,0.13447548916752894,0.5219314482939084,0.350963903612375,0.05353692050972095,0.11130549327762516,phone_B
582,9,141,Walking Downstairs,-0.469549549243488,0.13115560787133934,0.09621553774898842,0.29044345510111486,0.06553070769977144,0.13085663893662786,phone_A
583,7,142,Walking Downstairs,-0.8113416779183907,0.4129585133853633,0.34456413226980487,0.013708606731464623,0.04501297965050289,-0.22229074979867455,phone_A
584,29,143,Walking Downstairs,-0.7769259224208286,0.6882252938756697,0.7278176750993863,0.09412123578336459,-0.03952698448952331,0.005114702769444718,phone_A
585,5,144,Walking Downstairs,-0.6223882893116042,0.34092164971843153,0.7679980228132014,0.19502530167380902,0.0866642050759749,-0.1772571558134913,phone_A
586,29,145,Walking Downstairs,-0.4895187850022643,0.13300452262313267,0.43469856450082434,0.3407041626182716,-0.005988646930405515,-0.03829268886635696,phone_A
587,26,146,Walking Downstairs,-0.43372299129541897,0.6296509876517399,0.907985010083806,-0.07501760209161629,-0.09981134091153716,0.019091549062680686,phone_B
588,20,147,Walking Downstairs,-0.3331305436719373,0.6962890434029031,0.9247945580371888,0.20341585644079113,-0.06322238351846124,-0.02946017876826011,phone_B
589,4,148,Walking Downstairs,-0.3289594650436455,0.4729551296235188,1.0124883295250888,0.2620010656798105,0.18724211158493495,-0.03603699098835759,phone_B
590,12,149,Walking Downstairs,0.06591155924144551,0.9421759643612544,1.1551378750566537,0.2147137225107885,-0.03948644064578593,-0.03069877610910988,phone_B
591,28,150,Walking Downstairs,-0.015223990379966947,0.7299652467832414,1.110032033605802,0.12390119071497185,0.2572136189732376,-0.02133908703464275,phone_B
592,17,151,Walking Downstairs,-0.15831487913653422,1.0041623730248452,1.47101605576127,0.3093785900237426,-0.01656564903378403,-0.0382407708692165,phone_A
593,20,152,Walking Downstairs,-0.21150414936354783,0.6523889275650916,1.576188588002275,0.46205558806125047,0.010319887800625859,-0.2801012450652366,phone_B
594,16,153,Walking Downstairs,0.16363916091344613,1.2753213400913466,1.7522428100622849,0.14269332674296936,0.07093278173166681,-0.08904161098676884,phone_B
595,10,154,Walking Downstairs,0.1861188601944811,0.6469498131000965,1.3385765927250113,0.1021008851353637,0.001240267581882567,-0.048980781118674495,phone_B
596,19,155,Walking Downstairs,0.4305766691290511,0.31294404846014656,1.8005757208965727,0.09794890835277659,0.19712811623251558,-0.205890994125398,phone_A
597,7,156,Walking Downstairs,0.5063711600965434,0.91838038314628,1.7245132314450404,0.30754295042188695,0.002104428200767018,-0.1231678144938232,phone_A
598,30,157,Walking Downstairs,0.36492459482732725,0.21089542312413762,1.415170739375056,0.28820987031836953,-0.1347813578505554,0.03834648080680336,phone_B
599,19,158,Walking Downstairs,0.6000301068917461,0.311690143934084,1.804815266477416,0.27884626746948776,0.14829394715929697,-0.0906776059710231,phone_A
600,29,159,Walking Downstairs,0.5940881693491125,0.13034935149973848,1.403068438822722,0.2085474932706445,-0.0871029864824567,-0.1458603430614834,phone_A
601,7,160,Walking Downstairs,0.09045986426777675,0.03805727030565606,1.46645018899583,0.04818017615840603,-0.1641747415503966,0.2149078285479498,phone_A
602,8,161,Walking Downstairs,0.5062833378628252,0.2707026962909612,1.3391799353452156,0.31950313557375365,-0.18267770767296715,-0.027727161587938826,phone_B
603,21,162,Walking Downstairs,1.2246557905506215,-0.2462249936176883,0.9117166922226843,0.11512789741901944,-0.17959925720674563,0.16231126917078545,phone_A
604,3,163,Walking Downstairs,1.2283889897833666,-0.07700750901646766,0.7211990802650137,-0.02843105984712252,-0.029293046222652178,-0.03796385077937326,phone_A
605,8,164,Walking Downstairs,0.7280226510108619,0.035469353288769656,0.8588607301856781,0.20206501536378152,-0.13219461954891143,0.0798999717368059,phone_B
606,19,165,Walking Downstairs,0.6686466405154782,0.06316989217850785,0.8053352040724463,0.06938855171434613,-0.1721066648949124,-0.0906648862488634,phone_A
607,13,166,Walking Downstairs,0.814576773901175,-0.1404924479683515,0.7397690033664206,0.2875784180893102,0.02503794982480428,0.14396757364130044,phone_A
608,10,167,Walking Downstairs,0.7173942555144763,-0.28318297702744755,0.70658325711456,0.2538217059783348,-0.0365208725901506,-0.10053879105331795,phone_B
609,20,168,Walking Downstairs,0.8493239570221445,-0.3839223746107467,0.6037723191957755,0.003598196163410894,-0.0066544049769497755,-0.004811389452532343,phone_B
610,10,169,Walking Downstairs,0.3532656547949151,0.09986128647839432,0.32452183733078344,0.191072307407468,0.003115453612020602,-0.24033764862309953,phone_B
611,14,170,Walking Downstairs,0.6819599706467296,-0.6441925961191354,0.1790949598209249,0.397143076381728,0.16083052811421947,0.06203885665933701,phone_B
612,29,171,Walking Downstairs,0.2898095326315558,-0.6092350631900026,0.19811810402667587,0.12062722571656262,-0.1253299785970119,-0.0741665288142249,phone_A
613,14,172,Walking Downstairs,-0.033725304765727104,-0.5498871029172152,0.4194487187902061,0.44409513101139797,-0.08020060420256431,0.03553207075479247,phone_B
614,18,173,Walking Downstairs,0.3143364576450564,-0.6924614640242773,0.5787591913403568,0.33302750242208573,0.0392893314237048,-0.030676764605735464,phone_B
615,14,174,Walking Downstairs,-0.14762789272055052,-0.8429984306056465,0.4437788514802384,0.10512338850846792,0.05279087600251971,0.1435953442784412,phone_B
616,20,175,Walking Downstairs,-0.12702391598361368,-0.6111716616133954,0.49128443554543,0.20340933948730053,-0.0828395495013331,0.07222747783277297,phone_B
617,21,176,Walking Downstairs,0.22329080345603197,-0.7356700706451185,0.6891906803487036,0.08960336851858045,0.030384541235441972,0.10742620826714162,phone_A
618,6,177,Walking Downstairs,-0.02879460839391724,-0.16644906890369815,1.1842414218965525,0.2030966682339581,-0.03816329205684831,0.05636360633824238,phone_B
619,14,178,Walking Downstairs,0.09029880328688386,-0.5753827545780336,1.128976034545495,0.32243444013249795,0.20673958600428707,0.02051464226250062,phone_B
620,17,179,Walking Downstairs,-0.2802786703720106,-0.28853939385829286,1.3902211898862293,0.20148241915395332,0.0006223738390824103,0.023445709912655828,phone_A
621,10,180,Walking Downstairs,-0.6387746346860124,-0.943476999698611,1.2050857510581576,0.12423138683863892,-0.07725888167670031,0.0761652770508005,phone_B
622,9,181,Walking Downstairs,-0.441022266582899,-0.5033955720062291,1.262002294409499,0.18460293564948657,0.07047091940938084,0.0713942949812162,phone_A
623,17,182,Walking Downstairs,-0.43125668008960977,0.004979282320395351,1.5601843295444906,0.15681756646290657,-0.02085148672345923,0.011061252903219965,phone_A
624,24,183,Walking Downstairs,-0.5600320583967001,-0.4383480939764727,1.3854967633410713,0.12448434298968584,-0.017920228448579704,-0.019832156402692404,phone_B
625,1,184,Walking Downstairs,-0.6155529543497752,-0.3484964199328238,1.8214084907867998,0.2280945917728739,0.04789238463579038,-0.06499203617207051,phone_A
626,16,185,Walking Downstairs,-0.48643810281637334,-0.202592361909408,1.8265722020172332,0.32561525549333853,0.07064827474573752,-0.01181008903893363,phone_B
627,13,186,Walking Downstairs,-0.4061201289920544,-0.3565025415831695,1.5511659645802789,0.2617717677540434,0.04983356283185442,-0.09889277991168054,phone_A
628,28,187,Walking Downstairs,-0.6850982920520847,-0.14768976016241459,1.2304086840827066,0.21364872128894882,-0.018878139941815954,-0.019235153138762298,phone_B
629,20,188,Walking Downstairs,-0.9542767266880012,-0.22901004938925154,1.0846368961493278,0.18229000005910312,-0.04747722649512011,-0.06119726116011074,phone_B
630,14,189,Walking Downstairs,-0.42757509612123756,0.23792236432531094,1.4398648393490072,0.19552643357521654,0.12314276017282366,-0.0023709431803021954,phone_B
631,27,190,Walking Downstairs,-1.0570277558438264,0.027093787919167667,1.4336450363304427,0.5131846427451707,0.00739324154273711,-0.09184266181443651,phone_A
632,21,191,Walking Downstairs,-0.9155421710658574,0.3345271193888092,0.8703604120968109,0.3060414121685866,0.09812539275154947,,phone_A
633,30,192,Walking Downstairs,-0.48774007136055963,0.32718775577823933,0.8953903618816075,0.46204947868500307,-0.042201525553261954,0.09309027605398912,phone_B
634,16,193,Walking Downstairs,-1.123246504278734,0.6522984705358296,1.1334426832146391,0.24358005445519657,0.06705252416853101,0.06702182179290753,phone_B
635,17,194,Walking Downstairs,-0.40127375016136685,0.24853489418998007,0.6415751632866697,0.37523317718547583,0.11695892288402432,-0.0847650602538951,phone_A
636,14,195,Walking Downstairs,-0.6336293707196836,0.3476101580072226,0.7423922666534584,0.12000182630275234,0.04280551668431431,0.08962161727611535,phone_B
637,10,196,Walking Downstairs,-0.17317534901890094,0.4793814841093135,0.47145970101023643,0.12273045226417721,0.12206128171442462,-0.09198245363746443,phone_B
638,1,197,Walking Downstairs,-0.25133756560952325,0.5780495983073589,0.24095535907607077,0.16690762274120152,0.16594466868488808,0.02419890511613766,phone_A
639,22,198,Walking Downstairs,-0.18474828812082789,0.597678991010434,0.9453251296215444,0.27421486096107267,-0.04567498164796374,0.1704033501344525,phone_B
640,3,199,Walking Downstairs,-0.5906315211733824,0.6789176104437779,0.664274058179207,0.22605608587682952,-0.20799612535776946,-0.047510155729271725,phone_A
641,30,200,Walking Downstairs,-0.004756748233777544,0.4838771939109914,0.20616990065824192,0.1728359674620224,0.04334374608647954,0.16058353595263838,phone_B
642,6,201,Walking Downstairs,0.23328523328182393,0.7833423863283159,0.12419269069377928,0.08064809832078704,0.0639902425456516,-0.16145653175194732,phone_B
643,22,202,Walking Downstairs,0.1484941346567677,0.41747584446061925,0.2335743573469826,0.22870547225186175,0.060438034502886456,0.12738225244965082,phone_B
644,27,203,Walking Downstairs,0.3007280915273285,0.6768385303101634,0.3646180997296341,0.1114911604986577,-0.06130525059949771,0.04919227019766806,phone_A
645,16,204,Walking Downstairs,-0.23181810269595335,0.4565674831294997,0.8028867172865266,0.24950580573649672,-0.17004106957235832,0.28269854179177817,phone_B
646,13,205,Walking Downstairs,0.31481989234291385,0.686377646691503,0.7907680556536151,0.19588854406077766,-0.08730884181856731,0.2546009982079128,phone_A
647,28,206,Walking Downstairs,0.5798910938203035,0.6851438901239344,0.6894813873465301,0.3933036230088328,-0.10117591896140991,0.033994415778077484,phone_B
648,19,207,Walking Downstairs,0.0880538254893472,0.038526984709453704,1.0576474263144304,0.14290808793661103,-0.23870010855567278,0.06487314035364906,phone_A
649,6,208,Walking Downstairs,0.8335067382709439,0.38157975185658966,1.1483750431464683,0.3465247508140696,0.13465536238018883,-0.041224286259083844,phone_B
650,30,209,Walking Downstairs,,0.4399634044771454,1.37775649502491,0.22403082695864796,-0.014410229408249311,0.16557987957052658,phone_B
651,14,210,Walking Downstairs,0.7194669378086578,0.6876054899958295,1.3418698375518505,0.43475681383552567,0.06510185322426605,0.39252313466575073,phone_B
652,29,211,Walking Downstairs,0.37333445070359483,0.0631566301075148,1.5843943605623656,0.28766808635747904,0.2340166781010022,-0.08020496199594405,phone_A
653,7,212,Walking Downstairs,0.9294548117052495,0.29717205716663053,1.4323754077169846,0.4089310566305038,0.14751899175784963,0.07195014237484529,phone_A
654,28,213,Walking Downstairs,0.7242227166575249,0.10460180141534153,1.638105235785212,0.316894216110317,0.0037361823533973064,-0.10182299704231695,phone_B
655,17,214,Walking Downstairs,0.5088046032285476,0.01876687897025621,1.6733450403944714,0.2658412551946499,0.06009757602553332,-0.07527851111002547,phone_A
656,22,215,Walking Downstairs,1.002244984233314,-0.1767051216346583,1.6001845149970242,0.29788634847989426,-0.22038122428500873,-0.09486413396675031,phone_B
657,16,216,Walking Downstairs,0.25651999406098364,0.05466242803250673,1.896384911085017,0.19566535946115018,0.035017532091157204,0.13429045018212318,phone_B
658,10,217,Walking Downstairs,0.5146887639156021,-0.08148905907486778,1.4622524466796876,0.18268772480001846,-0.09592037571899685,0.04111766390337641,phone_B
659,27,218,Walking Downstairs,0.5392381242547714,-0.6415241256510364,1.3032157143604484,0.28735193056446484,0.22129396960731232,0.047246999917727704,phone_A
660,4,219,Walking Downstairs,0.44468406444186487,-0.24938113458172992,1.3355683624957202,0.19460577391629522,-0.11501509268343163,0.1690138613095627,phone_B
661,4,0,Sitting,0.04787155201675616,-0.027824696267852212,0.9753795561129033,0.06461551523206173,-0.012497294113500899,-0.01190121019549718,phone_B
662,26,1,Sitting,-0.007823654335171822,0.024830843148734294,0.9734886530624278,0.0074574687156220044,-0.015149718165430896,0.02242334248812909,phone_B
663,14,2,Sitting,0.02706523702222932,-0.015685272430382254,0.9604301382296039,0.0643574653728197,-0.003293357498393912,-0.007758972891724721,phone_B
664,23,3,Sitting,0.06576854198132037,-0.043341621532043115,0.9643163593735602,0.03517931697029572,4.726821543144781e-06,0.004543198588306252,phone_A
665,15,4,Sitting,0.020174894781142226,-0.14268323776504802,1.0195779366058937,0.03566289990356798,0.0007603754261505091,0.004304077914432988,phone_A
666,12,5,Sitting,-0.0017206972604879626,-0.00315672558332334,1.0367826525862471,0.025513586049096235,-0.016584510873685575,0.05291617542089185,phone_B
667,11,6,Sitting,0.006008574747604588,-0.08973961505252204,1.0069881049030853,0.018668552862936637,-0.007743276499875192,0.018288631650994668,phone_A
668,18,7,Sitting,0.02832057410268442,0.03410457147448914,0.8937277096964882,0.06714566547200773,-0.020857922941482816,0.02674981425014264,phone_B
669,12,8,Sitting,0.0346399645070808,-0.051299086854502886,1.0090953906891713,0.026758875313714958,0.0005081925013426068,-0.004372764533997298,phone_B
670,8,9,Sitting,-0.1223166303943445,0.06730704905907528,0.9951335706070383,0.026515993008710853,-0.009805726574520935,0.006273042586418444,phone_B
671,4,10,Sitting,-0.1353105335084426,0.024427788192496566,1.0311461798774093,0.031506443068141425,-0.020088300315825158,0.0015563719655624934,phone_B
672,26,11,Sitting,-0.08787194209881531,-0.06163383580125956,0.9549581238097503,0.049768933740602234,-0.00634569163264605,-0.00783766220608806,phone_B
673,7,12,Sitting,0.021147749831322834,0.020339670628489563,0.9778179552874735,0.02456349581635639,-0.03826211270030014,0.01695295930866227,phone_A
674,30,13,Sitting,0.026898582345382747,-0.0107499595928048,0.9917663978898247,0.04788252458956847,-0.027207426278897433,-0.010322923302191598,phone_B
675,12,14,Sitting,0.10629055694920476,0.05253933191119804,0.8678384415318782,0.008509171533800427,-0.00231604928375601,-0.008267703711267433,phone_B
676,17,15,Sitting,-0.0794629324846133,0.11668573425902935,1.0187523948389547,0.043309285650104105,-0.012110261611563743,0.012639797575615043,phone_A
677,23,16,Sitting,-0.017000590422449963,0.03666011758951559,0.902260146096382,0.0629479875473922,0.0031918112576678264,0.022416523653657427,phone_A
678,17,17,Sitting,-0.0645251853971291,-0.05538990744169158,0.9302859867040113,0.039380209271634686,0.0011547077835693065,-0.00812720683654566,phone_A
679,24,18,Sitting,-0.07599577618385055,-0.0029090340282393588,0.972064793224684,0.023001877633730412,0.02707406600730317,-0.0014406993683728437,phone_B
680,19,19,Sitting,0.07620257603561552,-0.03199513096096179,1.0146865770279194,0.034029169715514146,-0.02970839041656715,0.024995920359618475,phone_A
681,7,20,Sitting,0.04478509317797763,-0.045121723347693564,0.9901093371052141,0.019830083701341296,0.021629973448359388,0.005449663580386826,phone_A
682,10,21,Sitting,0.022023211600853288,0.08149104882629873,1.0693804778139413,0.048393494382384994,-0.0248802285731556,-0.012174384591541965,phone_B
683,26,22,Sitting,0.04365202161754795,0.010239116505003084,0.9165692539821644,0.03169697627230352,-0.026146965875078625,-0.000930238541220798,phone_B
684,8,23,Sitting,-0.09932235023923108,0.031729649603076775,1.0226777575620445,0.06838909863357043,0.014837782566203495,-0.007400999476893799,phone_B
685,13,24,Sitting,-0.0838598328567107,-0.057748356220865125,1.0199885519245067,-0.0027693690980887253,-0.0006503137363429532,-0.017854607612072363,phone_A
686,30,25,Sitting,0.0060784233091958125,-0.0646641814828358,1.0254548882473113,0.03533822991417932,0.024506403545423286,0.00011785434677838712,phone_B
687,5,26,Sitting,-0.014813151349636974,-0.08065418382100388,1.0243682352823265,0.04532237931051727,0.043210930642124314,-0.010882129835577084,phone_A
688,23,27,Sitting,-0.016067674420510963,-0.034545511466292936,1.0127268220678733,0.041679584353393244,-0.0009340597774989386,0.019010703545278066,phone_A
689,20,28,Sitting,0.059170442873442725,0.03230987121846495,0.9992782048060632,0.029488608786749956,0.04246668577779897,-0.014297651387986391,phone_B
690,17,29,Sitting,0.017875990618104878,-0.04501314421452795,1.1071372449172783,0.05051946075398607,-0.011871122879720022,0.008970412385046497,phone_A
691,20,30,Sitting,-0.030997485718484322,0.045489853033690394,1.0233583234662647,0.03877472749300417,-0.0007335949467407533,0.007543453620493897,phone_B
692,24,31,Sitting,0.013763259689547567,0.00354559998150104,0.9615390450407462,0.06464090921334362,-0.018382349008599575,0.007483633830395539,phone_B
693,13,32,Sitting,0.10557283616695798,-0.05420895223343044,0.95588420429438,0.01802818389291806,0.0056606383916356804,-0.024028386542451236,phone_A
694,7,33,Sitting,-0.028711709685465974,-0.1291419493712571,1.0144252812476855,0.02624623997176541,-0.02604099301880743,0.01899816455204603,phone_A
695,27,34,Sitting,0.04781662140169292,-0.04206244943926826,1.0960942826737257,0.04811713443120756,-0.017640837740295495,-0.016048944663680363,phone_A
696,7,35,Sitting,0.036331512313458596,-0.015742687842610008,0.9898394495787181,0.05726418008101172,-0.01310205528397424,0.0015976410130704535,phone_A
697,9,36,Sitting,0.04854704930313601,-0.009576760051240349,0.9826656471488405,0.004570729405883697,-0.01848428737164093,0.0055712864650578385,phone_A
698,7,37,Sitting,-0.008272931336534171,0.004495624713973583,1.0623552165780437,0.014221845591410199,-0.004133155289071375,0.0033024418596963104,phone_A
699,29,38,Sitting,0.08588862683564501,0.05451520809678885,1.0174079996253254,0.06639905613825027,-0.026230667393177493,-0.00013520991934943101,phone_A
700,2,39,Sitting,0.02198021813604366,-0.054873302807635325,1.0180428725090638,0.015634806358712134,0.012084753069799432,0.018512108442255867,phone_B
701,23,40,Sitting,-0.11116786890389674,-0.058007611269962074,1.0338826001927897,0.0353709762614664,-0.04714504580961854,0.02174953171769421,phone_A
702,10,41,Sitting,0.008199390375229942,-0.0491444798400027,1.0596973358539998,0.023143049774129273,-0.012047912058073757,0.006271171392745634,phone_B
703,13,42,Sitting,0.09741523067837318,0.021582689934246398,1.0277431395310193,0.048851231311484444,-0.02199721431896361,0.011272595900159695,phone_A
704,14,43,Sitting,-0.04404440808861169,0.019108684007794842,0.9863519423435597,0.04377114572449876,0.002066810637613052,-0.05377802973937275,phone_B
705,13,44,Sitting,0.03852917713795576,0.02675570090030722,0.9938448432274852,0.0637378296087821,0.00544902975962907,0.0076592827533793605,phone_A
706,4,45,Sitting,0.06266951364303412,0.021755579981795926,0.9461189347951477,-0.007670904741143389,-0.008349615785316426,0.01331654670291954,phone_B
707,13,46,Sitting,0.04807070233690377,0.00892369055521638,1.077283964215731,0.029833707625388433,0.008183259464934542,0.008852988629368787,phone_A
708,12,47,Sitting,0.09009611235787159,-0.10239823838005667,0.9724955035268106,0.04984903184429882,0.027053188396126342,0.004201251471236406,phone_B
709,14,48,Sitting,0.04542710212046668,0.05212216051390098,0.9784202992799615,0.04078037796310706,0.020659227092209465,0.03308303238230291,phone_B
710,6,49,Sitting,0.04455629755411751,0.0026483337999355875,0.9967554894377255,0.04475443975088841,-0.0020242747433903783,0.0033187087328917946,phone_B
711,29,50,Sitting,0.07782343178946954,-0.0684110836289207,0.9740732943728192,0.036707882064906744,0.034842270398051184,-0.007396952234915729,phone_A
712,19,51,Sitting,-0.03996094883762378,-0.03304901504002763,1.0995338300566788,-0.014216072386355375,-0.01754791521260027,0.04779755241029216,phone_A
713,23,52,Sitting,-0.06635909696035319,-0.0025150789304862918,1.0040472739640718,0.04980719180334811,0.03219128504939486,0.006799654422386271,phone_A
714,21,53,Sitting,-0.032387298180777645,0.047225066525892256,0.9581048381882283,0.016916593820191988,-0.030798405259237792,-0.027389746903757017,phone_A
715,28,54,Sitting,-0.07066738606205226,0.01879419164248304,0.9280358904505579,-0.02001416028543302,-0.01826845605531565,-0.00825754383512484,phone_B
716,4,55,Sitting,-0.036326969272317926,0.09117148075855105,0.963187446442651,0.05041616060598597,-0.00033219549441508,-0.0007403326992704779,phone_B
717,15,56,Sitting,-0.003526959094846029,-0.04590576761384501,1.0102014588552741,0.03086563142908546,-0.016530988830853004,0.01735815094476042,phone_A
718,28,57,Sitting,0.025610428801285518,-0.026883764048534892,1.0087295828221186,0.03353310587371564,-0.015182841402107294,0.0012336840078703674,phone_B
719,24,58,Sitting,-0.05669603013720595,-0.09736603981599148,0.9784835587876821,0.04492198654271516,-0.012156538684130046,0.04411240211276447,phone_B
720,3,59,Sitting,0.05314113921916394,0.07825980795962868,1.0477145807244255,0.06742513706142503,-0.013772534710769488,-0.044812904249025884,phone_A
721,5,60,Sitting,0.03349311453285225,0.009091018304878707,1.016528356658067,0.05811592504672277,0.0066860075530937434,0.013980976232842878,phone_A
722,21,61,Sitting,-0.05637376451116553,-0.0657236213529622,1.0968468353814693,0.03676577686507369,-0.010906510710307361,-0.01087440363707457,phone_A
723,13,62,Sitting,-0.0425375412627505,-0.07698886815621958,0.9099747758667694,0.03158742339104767,-0.010376202730606991,0.01937528749525767,phone_A
724,2,63,Sitting,0.017584599196014992,0.015919060804678985,0.955412775546733,0.03288200272385043,0.006317519313550206,0.01253342544497182,phone_B
725,1,64,Sitting,0.06474742675945254,0.00047935853447656277,1.0475708271110609,0.02642758634968987,-0.031720296414951235,0.004696282290324147,phone_A
726,1,65,Sitting,0.04351944378879753,0.034520839908454164,1.0253311996862464,0.028899728095787725,-0.014118059400297867,0.00965524470826616,phone_A
727,26,66,Sitting,-0.03365394545062957,0.0665654513515234,0.947028069127144,0.024788340871156795,0.02863744121597914,0.015200183910343473,phone_B
728,24,67,Sitting,-0.021480558353461354,0.01724284257861303,1.0092875346714303,-0.013048242637104121,-0.01586329411578418,-0.0008898157994124267,phone_B
729,14,68,Sitting,0.014826153889825232,0.06776893877687519,0.9807078529207643,0.016491041067849866,0.005684904023943293,-0.005715908337436562,phone_B
730,13,69,Sitting,-0.009363810049314159,-0.017506423149184717,1.1345102680006591,-0.0042123245674640375,-0.006795843304821308,-6.455794884686092e-05,phone_A
731,26,70,Sitting,0.05398954992769698,0.04879546072317836,0.9971347228906876,0.030263209281485355,-0.0019592445990538228,-0.0018337664388366876,phone_B
732,3,71,Sitting,-0.004702381687545759,-0.01127994609100797,1.0151469588755435,0.048181211134487645,-0.021529552582975096,-0.01838661823658011,phone_A
733,12,72,Sitting,0.05198384402145597,0.015019397591427789,1.0303160509559663,0.009983780828639304,0.031236592150402424,-0.010654890892543761,phone_B
734,8,73,Sitting,0.010092348426675352,0.051263079640702314,0.9407812146522356,0.025439323726028334,0.0031355060555152995,0.05000577882063236,phone_B
735,18,74,Sitting,0.09638166903784309,0.07234038871151734,1.0220806021896711,0.017689073996463123,0.018545688189319114,-0.026216930978840824,phone_B
736,5,75,Sitting,0.09605250742062552,0.012000318493095317,0.8409865871621094,0.029041143336942823,0.011444086866151459,-0.0041479177781959175,phone_A
737,21,76,Sitting,-0.05100145006273773,-0.07835894236725645,0.9957132758171436,0.03555239917757351,-0.006096726143590625,0.02147759506623837,phone_A
738,21,77,Sitting,-0.051012442508343456,0.018789936439940966,1.0040781982698175,0.007757470837618543,-0.02308302821419897,0.00020844278435104967,phone_A
739,16,78,Sitting,0.03475618871392866,-0.10353808950867796,0.8133707160928397,0.04782843787757665,-0.001683735951243483,0.01997215446643147,phone_B
740,4,79,Sitting,-0.052843075242686485,0.021012749871511572,1.0507704077816717,0.02716938633138657,-0.007456497479043645,0.00044209954422183356,phone_B
741,22,80,Sitting,-0.0008600402707146563,0.05843978026556919,0.9722838886439782,0.011753083904395584,0.03459706894198065,-0.010581090389492813,phone_B
742,9,81,Sitting,-0.03410652502306483,-0.003948199264331061,1.0040308665792388,0.028233036256455055,-0.0003050931966076582,-0.0006958390499930443,phone_A
743,20,82,Sitting,-0.14144924753923896,0.11285257842047096,0.9911627011879266,0.04516089584032225,-0.024116773476845425,-0.00824250457186188,phone_B
744,5,83,Sitting,-0.04033895197922487,0.08818342587051271,0.964851183589847,0.0482663997714516,-0.011382357921780916,-0.007920831443944022,phone_A
745,25,84,Sitting,0.07703070760975801,-0.1133911595418071,0.9210601866835341,0.0009221596004282059,-0.019031287095825383,-0.014203000895861878,phone_A
746,20,85,Sitting,-0.09686887524542334,-0.04404886479688014,0.8791171311439951,0.01718519733406558,0.02100735699842851,0.0070627912299193,phone_B
747,22,86,Sitting,-0.060166713376746866,-0.09216509754268344,0.9316506354679431,0.03424382802931974,0.015193093645216697,0.01579142979986811,phone_B
748,5,87,Sitting,0.03783674174899997,-0.04425341184407665,1.0014729899442394,0.0293765057243482,-0.00352082086115813,0.03564973819679673,phone_A
749,28,88,Sitting,-0.01408060895533565,0.0727049344317694,0.9120465102979877,0.02373442005784062,-0.009258173707433693,-0.003907570135944729,phone_B
750,18,89,Sitting,-0.09575742957637302,0.03571716362028236,1.0399772369507887,0.04389656818781409,-0.015231539300093926,0.0015139388387776648,phone_B
751,17,90,Sitting,-0.01995579964629076,0.12920807563025266,1.0057417226557754,0.014218284920224467,0.0031558684616184926,-0.023656428706107922,phone_A
752,6,91,Sitting,-0.0719406235509007,-0.062467388156927456,0.973341432868259,0.05139695742281103,0.010121968465294685,,phone_B
753,11,92,Sitting,-0.03247886132613892,0.016320066412991302,0.9623008008766952,0.03012858729473078,0.007723777119274118,-0.006103521921022786,phone_A
754,7,93,Sitting,0.013563575346121515,0.0955637073611741,0.9896884720607801,0.05563841167008611,0.009788976177878769,-0.025676734886018418,phone_A
755,30,94,Sitting,-0.050015752984193786,-0.051290095015967,0.9945826152335911,0.0457562708414319,0.02196527229233265,0.00539306405268894,phone_B
756,22,95,Sitting,-0.026740773363192586,-0.12493447461779245,1.0042353745250403,0.03545097838966235,0.00320125318693176,0.03685920520980833,phone_B
757,24,96,Sitting,0.04710365509499915,-0.057724627804295985,0.9692203150481954,0.033340219378751215,-0.013569624670181189,0.008758129187239568,phone_B
758,14,97,Sitting,0.02141453095294227,-0.06529846758328155,1.0718090025457674,0.03679043084165506,-0.0302587450679894,-0.0008985000210369656,phone_B
759,29,98,Sitting,0.05836754168614443,-0.020248584187596976,1.0496762960468324,0.03827498476847878,-0.02301345565815764,-0.02476541853594399,phone_A
760,23,99,Sitting,0.06735359220896092,0.07175905070290614,1.0193745538242833,0.061174867620650504,0.01849067235822812,0.01196350276589512,phone_A
761,15,100,Sitting,0.1038857250619406,0.03217808593249638,0.9768496735233027,0.023305274907157288,0.004493716176492496,-0.02924353398467296,phone_A
762,17,101,Sitting,0.041980396521171755,-0.05721424888164161,1.0222364865294573,0.02587164409623221,-0.004627327472682314,-0.013245922773388636,phone_A
763,9,102,Sitting,0.11336277276104123,0.08310357762291844,1.0212687372997273,0.034557350352613335,0.014773520837125489,0.019774481896882242,phone_A
764,16,103,Sitting,-0.04978910293245175,-0.004646332057932132,0.8906825062259152,0.05465428692956567,0.036137924509764975,0.0014014459309039965,phone_B
765,4,104,Sitting,0.03653343099462186,-0.05424534996894482,0.9601990335001324,0.04596508682134257,0.004454697196472677,-0.00854190356842553,phone_B
766,11,105,Sitting,-0.03897633795609986,0.0075501633132499645,0.975432066849258,0.015588350161947373,-0.005819855675871301,0.005942870906965723,phone_A
767,1,106,Sitting,-0.08481051589489111,0.05934387728253236,0.8356713137834,0.027188609787002386,-0.010853472954693529,0.00259313036274976,phone_A
768,23,107,Sitting,0.03369970846816413,0.06760588849566211,0.9572557075988704,0.04526519090333593,0.00342682178792557,-0.02995193906570641,phone_A
769,23,108,Sitting,-0.08632650763441196,0.025169836338582895,1.023397596651865,0.03982364369075885,-0.008655095437828133,0.014476921394958792,phone_A
770,25,109,Sitting,-0.09362204843658573,-0.0039497273204353745,0.9661675194068525,0.02314728601382695,0.007503086280437051,0.018855874497594457,phone_A
771,25,110,Sitting,0.046840865395546646,0.0029844399266759085,0.9464360674457195,0.030485838368281386,-0.005241003088853262,-0.012191548468845317,phone_A
772,24,111,Sitting,0.025708975719350026,0.014078771262285555,0.9045610181038349,0.00609829508331124,0.007431977931100702,-0.014267512503904357,phone_B
773,6,112,Sitting,0.0468558946865513,-0.07625717024433355,0.9153077647254289,0.06430255444191767,0.006152488701843034,-0.007336711491782242,phone_B
774,9,113,Sitting,-0.05603642715877581,-0.030626450934436774,0.9285656598332014,0.050459713046585336,-0.013593145188110617,0.019136855293784675,phone_A
775,8,114,Sitting,-0.06260101101703888,-0.025578095280828085,0.842549993349915,0.03288654990820488,-0.0029770858447777755,0.014432998064589435,phone_B
776,10,115,Sitting,-0.11317829567900277,0.06971198165181286,1.0492359576998593,0.0569107623647266,-0.0009226240800724048,0.017743194596798222,phone_B
777,16,116,Sitting,0.04278285391227198,-0.04626976572599671,0.9009158900546238,0.015327540932123691,9.679492601223504e-05,-0.01442523614380806,phone_B
778,18,117,Sitting,0.022564411901747995,-0.10849425330024104,0.8723741473830483,0.059016780097512586,0.015816502264525103,-0.018362694628491633,phone_B
779,26,118,Sitting,0.06117042361207943,0.025152036497436327,1.0088933857710087,0.05416519642297045,-0.012787468316021358,0.0005456228516310023,phone_B
780,19,119,Sitting,-0.001070918297543498,-0.016365722860262555,0.9766116693147548,0.03627519416199859,0.0006021311797467319,-0.018347483744354205,phone_A
781,11,120,Sitting,-0.058583112465975494,-0.013094006672830432,0.9822831716367969,0.04126681322153628,-0.037084318953803326,0.01559092176126552,phone_A
782,2,121,Sitting,-0.04061942085672985,0.07319779768662325,0.9713101045290308,0.03414523724965482,0.03349125570119742,-0.004853418653889198,phone_B
783,9,122,Sitting,0.0023427051338736054,0.024925129817609373,1.0041975153646825,0.04983740346025218,-0.0119968032249284,-0.017220849152835747,phone_A
784,11,123,Sitting,-0.038314571422621305,0.005982622579445463,0.9867508728669803,0.047429810338245594,0.0228328047468766,-0.017077170901612652,phone_A
785,27,124,Sitting,-0.08617436509877123,0.12182237944554623,1.0182801699473096,0.04339654060090262,-0.023453646738043347,-2.047480762030608e-05,phone_A
786,14,125,Sitting,0.030554879064785115,-0.015165461432065498,1.0645423374895837,0.07545704469874953,-0.01657359947414416,-0.017886526804592195,phone_B
787,14,126,Sitting,0.09637194960098944,0.06254131902178106,0.9918683309323811,0.035639794127015303,-0.014289513458442626,0.015575475260505723,phone_B
788,4,127,Sitting,-0.022794109446513222,-0.015604592367299958,1.0365273862917554,0.031710088583543634,-0.004111904886212312,0.00018506609675881383,phone_B
789,22,128,Sitting,0.09878958452902999,0.03512917393476492,1.048198853417456,0.03150255391323033,-0.012386462605452548,0.011444759064114515,phone_B
790,6,129,Sitting,0.010274449476034281,-0.08535771892498495,0.9803158225944641,0.033549302089072815,-0.008933012672998378,0.025930372904487232,phone_B
791,21,130,Sitting,0.08239049507331887,0.015805515699129573,1.0048832701855046,0.01860953819182064,0.00020876683093991764,0.0002284436993202034,phone_A
792,25,131,Sitting,-0.08202683304205399,-0.03237164818622369,0.9806030440890182,0.04223589202097513,0.008073626959749858,-0.010173073434391087,phone_A
793,13,132,Sitting,-0.01092473576091102,-0.1721772014912974,0.9709178780829074,0.05388230120249163,-0.029431600740984398,0.001972096007271954,phone_A
794,5,133,Sitting,0.09511567285111722,-0.04563677718062884,1.0001289448256612,0.012179715498511379,0.028476544979112513,-0.00145832097244075,phone_A
795,30,134,Sitting,0.08125802793033733,0.039688703678728864,0.9474622760501956,0.023672636328471976,0.008661297829157727,-0.010922118463601452,phone_B
796,23,135,Sitting,-0.1270345987272316,-0.0031944479183446672,0.9111872403325114,0.06328493068736521,0.003093783660855173,-0.015840563493012574,phone_A
797,26,136,Sitting,-0.11336385527243523,-0.06596771320683022,1.060979392152442,0.07405625754611686,0.012711938980981774,-0.0016107444258680105,phone_B
798,10,137,Sitting,-0.025917562539234995,-0.05738974881458173,1.1235859539603845,0.03169689771737344,0.03702352202609383,0.02438659141817607,phone_B
799,3,138,Sitting,-0.039957143745557505,-0.04014270745042934,0.9952092181536556,0.033944500570509316,0.052434184169467504,-0.01885148780330828,phone_A
800,19,139,Sitting,0.013738196139863398,0.03699046454806819,0.9999056797318482,0.036928160111173766,-0.01828415565036528,0.0018635084055469312,phone_A
801,17,140,Sitting,0.019656035056267715,0.03421205423472549,1.0847564740381739,0.051396914483500984,0.0012476557362051468,-0.020505771157957365,phone_A
802,2,141,Sitting,-0.03600031648266716,-0.01317786911504492,1.0151407498804867,0.026629176673760586,-0.016375330985726154,-0.0207934770596059,phone_B
803,5,142,Sitting,-0.014097042226474132,-0.0881799265242183,0.9399684589505565,0.02810671722522471,-0.023378552914350093,0.006645663298727197,phone_A
804,11,143,Sitting,0.04441338381634123,-0.03296562118652391,0.9737783615433999,0.04440502097743386,-0.012494914201606883,-0.013697843452952666,phone_A
805,19,144,Sitting,0.05305126432276722,0.03609300014063517,1.0555386772836455,0.00039762230607114785,0.02369212206887938,0.006861087040215489,phone_A
806,27,145,Sitting,0.060646883040344095,0.023229706746981757,1.0029354894808094,0.030182088783664046,0.006425026595508596,-0.005455588405829662,phone_A
807,9,146,Sitting,-0.09518739867313201,-0.032494551707656666,1.1226893949085988,0.024043591887483135,-0.004176965153610866,-0.015445166333626336,phone_A
808,28,147,Sitting,0.020150740373149432,-0.04417589340853169,0.988863343911577,0.04985516438061374,-0.012228359829259279,0.013800694587141367,phone_B
809,2,148,Sitting,0.06329736568315762,0.008432459695082417,1.194475544618607,0.053454339689486444,0.005685358427119465,-0.015328677246430366,phone_B
810,25,149,Sitting,-0.005823547552448459,0.08557961861400204,1.1025720769375762,0.06087075925770402,0.013740865367768345,-0.02197405361017251,phone_A
811,28,150,Sitting,-0.07448414268317986,-0.08924827160284551,1.0143495210746343,0.04415599032722064,0.015809099223414082,0.008699884206756645,phone_B
812,24,151,Sitting,0.031895159144564894,-0.059079155099542584,0.9937013989189201,0.008625456251396463,-0.035058959764503426,0.012961247422253798,phone_B
813,19,152,Sitting,0.052349910128583206,0.06650085467280231,0.9628409605226081,0.045330444154717736,-0.01157024275073873,-0.03230288030596942,phone_A
814,13,153,Sitting,0.0073985642665475035,-0.028252432782945643,0.9735946593647721,0.0695685045622967,-0.026702497197821758,0.006700244869000744,phone_A
815,23,154,Sitting,0.05449568455603946,0.017905874170503946,1.0227606609508368,0.018464431691960454,-0.01339778848254566,0.01622688387855301,phone_A
816,7,155,Sitting,0.10624786330365377,0.028818469033451227,0.9461547567537141,0.0409314241430862,0.04248076077590817,0.001792399187580955,phone_A
817,30,156,Sitting,-0.04441976195032272,-0.0025251630981832068,1.0371739123675325,0.041953245394600124,-0.013411801901945315,-0.014166555499785495,phone_B
818,15,157,Sitting,0.05929706418615951,0.0714930487590087,1.090728613487315,0.06656878345692518,0.002355840135645438,-0.005445986774052885,phone_A
819,12,158,Sitting,0.0427841569110952,-0.058947315520055485,0.9379818600688653,0.04360877852373542,-0.0031023065759699935,-0.000462524207962207,phone_B
820,22,159,Sitting,0.06435200188261168,0.04554222869910214,1.0797923949051058,0.0011981181384660838,0.004434463551371014,0.01215704914195112,phone_B
821,13,160,Sitting,-0.03929373847859833,-0.05042910973973514,1.001301890263595,0.06348744445214613,0.035395314581635764,-0.014250032178782441,phone_A
822,11,161,Sitting,0.031593435029614446,0.03352787112853891,1.0232575462908848,0.0419821436079366,0.005315493792898241,0.02953247711411235,phone_A
823,20,162,Sitting,-0.06360923385589602,0.04774326485283296,1.0535424024706872,0.04051192752515631,0.019799926483797765,0.003291295600233151,phone_B
824,21,163,Sitting,0.012028063264575044,0.007274432680622598,0.8789053548520198,0.03359302810664721,-0.01169438505295499,-0.020762839618369753,phone_A
825,24,164,Sitting,0.030252451112067466,-0.0017898648566728684,0.9661117989338545,0.04018296773100296,0.01735013163305648,-0.014471902262071465,phone_B
826,7,165,Sitting,-0.00028970233659660044,0.05208398993107035,0.8838399322549522,0.03399252915790543,-0.007512598984581926,-0.0023420225107130947,phone_A
827,25,166,Sitting,0.008257476312437737,0.11541763322536308,0.980564651564287,0.04010494265914687,0.034908062322159476,-0.009625272621519718,phone_A
828,5,167,Sitting,0.10888052093573815,0.0003193803976264341,1.1069137735518955,0.04812851968656059,0.00537439634519238,-0.0011485369330152646,phone_A
829,26,168,Sitting,0.004547492997861165,0.05384168754120145,0.9992133141401998,0.029459100911417492,-0.004388694348111026,0.017368340737703433,phone_B
830,6,169,Sitting,0.07350968730599135,-0.04002903082610222,0.9598847285531507,0.041638781094174473,0.026731811133251963,0.020054830395469802,phone_B
831,7,170,Sitting,-0.015844558199511725,-0.055836213281370735,0.9839492486850845,0.0630771749306187,-0.024895511353702802,-0.02833014263240333,phone_A
832,30,171,Sitting,-0.04971324920601614,0.017238636154559565,1.0372452892384454,0.04265534761007683,0.02057449455654279,-0.030853997899093762,phone_B
833,15,172,Sitting,-0.018725719202777488,0.04388965858829206,0.9205944743942077,0.035086742197658734,0.004134738485307738,0.020225643156222318,phone_A
834,26,173,Sitting,-0.09511527735646591,0.0018451529120942496,0.9348858825314714,0.04384618077364482,0.01360128938798221,0.022525479243891536,phone_B
835,2,174,Sitting,0.05563358914132742,0.08165409524862319,0.901405181808672,0.04571603610172289,0.016773946941151856,-0.004527711761780155,phone_B
836,17,175,Sitting,-0.07264641465150651,0.05657734536657979,0.9280294703465346,0.031878849896059214,-0.0007021710115582581,0.012521915904819991,phone_A
837,17,176,Sitting,-0.0410750213296713,0.005934928725786655,1.060383428657185,0.07503037501143009,-0.026380920996128557,0.005518485311265117,phone_A
838,10,177,Sitting,-0.06519210157405751,0.06112867459240456,0.943687327161446,0.02319365618180934,-0.010312240033619935,-0.0013334814275965683,phone_B
839,2,178,Sitting,0.029022083616510815,-0.0003460527709669946,0.9202065386535652,0.04773625763042832,-0.0009267766141029888,0.02033035882525723,phone_B
840,5,179,Sitting,-0.0424643267687962,-0.09613648364105967,0.9979584398390154,0.05767917204497464,0.0028164873907808893,-0.00349422148552499,phone_A
841,29,180,Sitting,0.10546598800084934,-0.06177615569308676,0.9564763445423056,0.04497559843147041,-0.032480362073018826,0.022305336644173446,phone_A
842,22,181,Sitting,0.037451586853041334,0.05395386430866658,1.0334870207169793,0.032180338444513526,-0.018605102427719903,-0.002451320221436811,phone_B
843,21,182,Sitting,0.02916931860458301,0.0484067898328861,1.0886085178718925,0.04150593370967511,0.01618006874041576,-0.005200032901527488,phone_A
844,28,183,Sitting,-0.028696628280491684,0.028420313449008087,0.9768116276369855,0.03971075130448401,-0.018570863313369868,-0.01542848444333527,phone_B
845,9,184,Sitting,0.05320140452436577,-0.05913937013800083,1.0402368586303852,0.025677125721882695,0.00028884058350542356,0.024796527276336324,phone_A
846,22,185,Sitting,0.04844923404137691,0.04775231928133157,1.114527421507418,0.02268211153162854,-0.017252812062369553,-0.012637139729000338,phone_B
847,17,186,Sitting,-0.1412730368575136,-0.012445694201808622,0.9673257560863053,0.048715795929461486,0.006167339132675702,-0.010512190985963397,phone_A
848,20,187,Sitting,0.03539765072177423,0.043395783589426175,0.9538872526125154,0.026372075530807677,-0.0389438557742147,-0.019086549551462488,phone_B
849,13,188,Sitting,0.004449970596361306,-0.05672296076158891,0.9691928807770535,0.013556713072304518,0.002994493224297236,0.007450005405235884,phone_A
850,21,189,Sitting,0.02414192090518934,0.0007416679143155598,0.9075356202099163,0.02415081088187511,-0.00712786676557348,-0.007057667976110944,phone_A
851,30,190,Sitting,0.08553248234226113,0.04872577276107598,0.9407489332090784,0.046872050317691094,0.011205291434150385,-0.014106180776652388,phone_B
852,27,191,Sitting,0.05093195535812634,-0.009622598156715801,0.9154027905991333,0.042966047681149984,0.0037968319132541755,-0.003984358510751985,phone_A
853,4,192,Sitting,-0.04314512873330772,0.036607830227826564,0.9973929619294645,0.03791285476909399,0.0062499836775052695,-0.020205248252460686,phone_B
854,4,193,Sitting,-0.05365698131292312,-0.13259666757697255,1.0338845355094244,0.013786324584431589,0.0023199699231739156,0.006492293936442174,phone_B
855,18,194,Sitting,-0.07224101483016356,-0.003909697088441463,1.1002168252472648,0.06500050689972554,0.017278154145471642,0.005906129929329693,phone_B
856,5,195,Sitting,-0.06030638333072265,0.04311729752346318,0.9905187262751896,0.04480924481727478,-0.011074760459912044,-0.0030263294746987555,phone_A
857,4,196,Sitting,0.014776685489631503,0.029623362867614886,0.965248300928506,0.011492522088071454,0.02843373819824641,0.04356194795790876,phone_B
858,27,197,Sitting,0.02684524267214272,-0.07943952568380662,0.9536082929894274,0.043909557458391965,0.023469523204422506,-0.021225586104482486,phone_A
859,29,198,Sitting,0.011755923866638143,0.05187470707715248,0.9793839343359773,0.00763324290186632,0.010870957290425792,0.01968392939049667,phone_A
860,23,199,Sitting,-0.004955487704709641,0.024314405478385873,0.9715305262343757,0.02019897609229685,0.01796244940957633,0.0067811773367530675,phone_A
861,16,200,Sitting,0.09012690887967678,-0.06329054005911439,0.9668784239104347,0.037763833604607173,-0.009875481660821734,0.013704889367267877,phone_B
862,25,201,Sitting,-0.011243953254239044,-0.05955196844983138,1.0039463005112597,0.03798092848911879,0.01635693610068578,0.006879965805079926,phone_A
863,10,202,Sitting,0.019217501040433488,-0.011293351277515825,0.9570268530933241,0.04005467115403909,-0.005829683402963712,0.029571895857717773,phone_B
864,9,203,Sitting,0.08053093768639312,0.037970347941096494,1.0227080163575792,0.033460716607829406,-0.022069665298574865,-0.003783013908134398,phone_A
865,26,204,Sitting,0.013767388466679737,0.028172182020949562,1.0552798118726612,0.02288730374537483,-0.011953823126157698,0.02538999189550528,phone_B
866,24,205,Sitting,0.04625889535158892,-0.02344625652799927,0.9935673298628658,0.033202505933189276,0.0005525471399242023,0.008271954114175731,phone_B
867,10,206,Sitting,0.011385393669759146,0.039755889025515044,0.8988113976285914,0.02651425012637039,0.021504262547540592,0.007040519348740779,phone_B
868,19,207,Sitting,-0.2633468750918902,0.0404413921389718,1.1150898636777262,7.161724290361687e-05,0.026589284323796467,-0.048509223535953744,phone_A
869,25,208,Sitting,-0.0005189175607344121,-0.14099827291467698,1.0267682696343872,0.05513969561016103,0.00636802256687753,0.010234483648543229,phone_A
870,25,209,Sitting,-0.0247005667403437,-0.11168338531326132,1.0415118413402238,0.06562069359031018,0.019767664948980534,-0.03478782701802356,phone_A
871,4,210,Sitting,-0.05075806450784043,-0.0955785270768086,1.0026513951733624,0.04188477659065915,-0.025029432456741434,0.013599748037321745,phone_B
872,26,211,Sitting,0.03606623664120084,-0.03288954749062219,0.9896486808409609,0.00087847942607195,-0.0058145877350237974,0.00012923704728070088,phone_B
873,20,212,Sitting,0.022732614721210433,0.014654504593834335,0.9841393781640597,0.040008411494700545,0.01753555988292934,-0.0016712162829187766,phone_B
874,16,213,Sitting,0.019055693449900605,-0.011170263759847105,0.9611944650112257,0.04415039417105808,-0.009716454022978592,0.006757570767363335,phone_B
875,11,214,Sitting,-0.018236080591208594,-0.01968856992879964,0.9695127404550588,0.006198479488442259,0.006700664165329611,0.004052069442370609,phone_A
876,23,215,Sitting,0.05098021514690962,-0.03188741413840769,1.1137230175286001,0.028354620912631422,-0.015314418738407179,-0.017389486097246637,phone_A
877,15,216,Sitting,0.09195767354358766,0.0822640434461197,1.0360447097730854,0.019318445863923856,0.0316971844272846,-0.006155085326628979,phone_A
878,22,217,Sitting,-0.016141549873599143,0.08623554482616456,1.0395346350688524,0.07351930492820538,0.004352639555582843,-0.006948038992627684,phone_B
879,7,218,Sitting,-0.11081977063143761,-0.016715746368372267,1.068675600329643,0.045479598021481216,0.00035539011480710173,-0.017411352766785765,phone_A
880,3,219,Sitting,0.013612381080764234,0.06076882231172239,1.025843155388199,0.03791786546858379,-0.013946758932421107,0.015175681746960223,phone_A
881,22,0,Standing,0.015313828354605801,0.10281287923778396,0.9396650645067262,0.02637945817947951,-0.00011866485187089613,-0.006938742210848656,phone_B
882,4,1,Standing,0.04145496970235918,0.01889804057421204,1.0060920149018928,0.0419590884175392,0.000251260636076133,0.04769796733235271,phone_B
883,18,2,Standing,0.007811283939588174,-0.06841872198293102,0.978261986907863,0.04721066522699714,-0.020031852755398087,-0.03236335761452932,phone_B
884,1,3,Standing,0.0012926188475029929,0.05482978029899912,1.001695249147845,0.024958130960604844,-0.027877319066114698,0.0067838118405329,phone_A
885,3,4,Standing,-0.07126929996404402,0.045381297947888755,1.0306278210356843,0.04698473913821018,0.008752876377500128,0.009805240632169778,phone_A
886,5,5,Standing,0.020828835948069554,0.034738892860047825,0.9272496892350433,0.00748410849567728,-0.011040118502846575,-0.0019473025750882987,phone_A
887,15,6,Standing,0.012987266129154003,0.044684232458241255,1.045939811943214,0.016914223375593104,0.0035786416507570685,-0.012717473215827573,phone_A
888,5,7,Standing,-0.007529881534142666,0.01287165476193979,0.8636515169411324,0.06616866059459527,0.008496130160962127,-0.00893554913120109,phone_A
889,7,8,Standing,-0.013897246819447776,0.00530077543312231,0.980515367584095,0.05477987756165009,-0.0015747705945882056,0.0022422615110926384,phone_A
890,25,9,Standing,0.04815128612101785,0.02340557829844306,0.9978260773946371,0.046655864585361945,0.03807724844141928,0.00476115673199132,phone_A
891,17,10,Standing,0.006825083344763262,0.05241718003326071,0.9760320905986831,0.025825236604325084,-0.023061644236899617,-0.017758017939599604,phone_A
892,9,11,Standing,,-0.0022374797624169084,1.0707633330308048,0.03803989207387837,-0.013681177652846906,-0.01091970728046173,phone_A
893,16,12,Standing,0.04506441394516769,0.0011259964089681226,0.9822989413784468,0.04687399253556964,-0.014899906900870296,0.0058804559708628456,phone_B
894,25,13,Standing,0.09090635963573325,0.0082142272900583,0.9689756208295358,0.03615553054007307,-0.007050130785230213,-0.020911737656301214,phone_A
895,7,14,Standing,0.04471337602198889,-0.012436266882902907,0.984910573036149,0.015576519133172555,-0.0022490340070134987,-0.008435525743847863,phone_A
896,21,15,Standing,-0.040441307468130225,0.07568675321598424,1.0186597126699803,0.03858592662044028,0.013250993533986406,0.01156554325139708,phone_A
897,25,16,Standing,0.010902104918858688,-0.010761219370426412,1.0175385449910663,0.03512536328937246,-0.005739903912963028,-0.019939480843826986,phone_A
898,2,17,Standing,0.005849482278620307,-0.008170779512291957,0.9243851100916497,0.03761492653333076,0.014480131683641631,0.03792534712813426,phone_B
899,3,18,Standing,-0.021548475861962707,-0.04437684121756966,1.0083456762594802,0.03303477270837533,-0.012169445021801237,-0.0026239482300576015,phone_A
900,24,19,Standing,-0.07914662667557427,0.03705506991332986,0.9691728296131134,0.02948015472880531,-0.021400401319466685,-0.0087353039919236,phone_B
901,1,20,Standing,-0.00045163387843320547,0.019189300620900473,1.0575630033394487,0.040990664141540345,0.014432468147193673,0.02169156164914707,phone_A
902,20,21,Standing,0.0227883152609079,-0.0014682878247598136,1.0403644762502022,0.04609513928942485,0.009728487569490529,-0.02181941395554154,phone_B
903,21,22,Standing,-0.01099416416121936,0.03118484082943597,0.9991461432371777,0.04705302950175845,0.019728549431164217,0.017987557030158093,phone_A
904,29,23,Standing,0.048221622579211476,-0.04147975618634873,1.019305419978231,0.020887064385668758,-0.024735994970387976,-0.004312066980837543,phone_A
905,30,24,Standing,0.01842968040473854,0.08071237486423569,1.0070892058107244,0.06671704130389361,0.0026628183827557684,0.00033720444230604543,phone_B
906,26,25,Standing,-0.051175603516859854,0.044422509611710716,0.9799149948423809,0.020294285408869094,0.01921845845643858,0.017373340031939355,phone_B
907,14,26,Standing,-0.014487645362199247,-0.0020390346122100655,0.9976058240921659,0.04173777271008597,0.023303470027413446,0.005522198327976104,phone_B
908,30,27,Standing,0.07899564341429434,0.035887776721322456,0.9906080242354233,0.04243067109193462,0.025589104180631598,0.029974334750120016,phone_B
909,28,28,Standing,0.001026978146319969,-0.008667730162236818,1.0230427801424555,0.05510961742906569,0.006506536833216774,0.006817978078032163,phone_B
910,30,29,Standing,0.0020559141726836923,-0.013115642505248498,0.9935146197342433,0.03203138977868295,0.025771499943597332,-0.0035957066779620265,phone_B
911,14,30,Standing,-0.034615106416260345,0.02866524265892621,1.0546671671487313,0.054367467689351336,0.003050467870435656,0.008615314249188533,phone_B
912,16,31,Standing,-0.006142012886801522,0.0211207471877809,1.0125586060999685,0.03087396580877231,0.002066305384156942,0.006778834250904731,phone_B
913,9,32,Standing,-0.009699871683121333,0.06829448054686214,1.1084218707538553,0.011934495771989344,-0.01889206806564088,-0.014357292417122247,phone_A
914,5,33,Standing,-0.004131536601542203,0.03583122044149028,1.0236501176819308,0.03258046705170702,0.007934033204368484,-0.010381292349425541,phone_A
915,4,34,Standing,-0.0008037819350318727,-0.0633686535548741,0.9535475918110962,0.013176509080835116,0.011461623355256615,0.0036803242285862454,phone_B
916,16,35,Standing,0.024442448002957723,-0.07358619959209857,0.9406573325579358,0.03994823160384743,-0.04168004462499076,0.01836944036399707,phone_B
917,26,36,Standing,0.033733795676999134,-0.03554338499027851,1.0419561486068634,0.07812241370874742,-0.03409766445181688,0.010430657217909726,phone_B
918,11,37,Standing,-0.07232650854374958,0.017070756888700165,0.9917291134579242,0.03194673483692765,-0.013675294144923553,0.011708116642447504,phone_A
919,17,38,Standing,0.04966549051594961,-0.016370012264407305,0.9438923729038764,0.05392405235011047,-0.001010139792137297,0.028614539556630392,phone_A
920,26,39,Standing,0.048854245172533686,-0.0319258281914574,0.99660040796253,0.031815569094953616,0.02289454799979659,0.006562765700506725,phone_B
921,3,40,Standing,-0.007995183483932309,-0.002022281434185564,1.052183683427133,0.030055580261962114,-0.00592495906947262,-0.008467607484205303,phone_A
922,23,41,Standing,-0.02215060615344648,-0.0560838398417106,0.9699849876669409,0.05247630413475485,-0.0030989889085124484,0.010566175028341476,phone_A
923,2,42,Standing,0.022732452358635163,-0.006454108174764549,0.9807423990843797,0.032714399361316975,-0.007437378807180417,-0.03185812379832534,phone_B
924,4,43,Standing,0.03688991764687749,0.009720702453927723,0.987442301810086,0.01550721941891344,-0.022047862741607024,0.003358390606020864,phone_B
925,24,44,Standing,0.008126659069641528,-0.055310464243713046,1.0090046690815362,0.02919985556629908,0.012960654391113454,0.009100997661175897,phone_B
926,3,45,Standing,-0.11943290136439695,0.021809688177138273,0.9598608236198366,0.008674068878269516,-0.0028271011556034557,0.006164566635450173,phone_A
927,7,46,Standing,0.02818305668230206,0.030533553901263995,1.00187904785198,0.01698564554659427,-0.014690670062839379,0.01538898197370341,phone_A
928,3,47,Standing,-0.06044890745983619,0.04257881843276714,0.9933920336347826,0.02856248250535714,-0.025621315581199875,-0.0022007494519287987,phone_A
929,1,48,Standing,-0.053456403514079244,0.01994543469007382,1.0035604901471609,0.020343665792515397,0.012820096297369564,-0.03303385153467834,phone_A
930,21,49,Standing,0.013867229949748362,0.06477740632293169,1.0575977255640265,0.035847100808077834,-0.004525211641962688,-0.009537038348214462,phone_A
931,12,50,Standing,0.021752289916716246,-0.03228975221837665,1.0302969527220152,0.061997407770049855,-0.0009282485269109255,-0.02016592204924958,phone_B
932,25,51,Standing,-0.05378978985265651,0.03106262206846302,0.9976101528415823,0.04315246344096079,-0.008004513737390242,0.012459353213097473,phone_A
933,4,52,Standing,-0.029300162212957965,-0.01603993915209538,0.9521178257830706,0.05984039337872417,-0.0014457272033773058,0.009667711330232939,phone_B
934,13,53,Standing,-0.021474765314831973,-0.04207711287919293,0.9906447795632826,0.04651788800068798,-0.007810976870974254,-0.01305797959094123,phone_A
935,16,54,Standing,0.019960904028709765,0.06571392675412732,1.0141500191348998,0.039659890177968525,0.010789128553804823,-0.017295230728989454,phone_B
936,1,55,Standing,-0.038533282818781774,-0.043355851584226016,0.9467141697723341,0.041931898123056054,0.00435075137495633,0.001192440946371743,phone_A
937,20,56,Standing,0.08221907434474474,-0.03577088016614223,1.0820725102375583,0.00826137779023026,-0.012186017378348053,-0.033042740737644447,phone_B
938,4,57,Standing,0.0144849990377079,-0.04405027283244929,0.9570799938360658,0.009412286742384039,0.011660325941067945,0.010671954773513206,phone_B
939,3,58,Standing,-0.027428264842918933,0.008752774841872014,0.9484265921039219,0.02497441465897023,-0.007782679699217663,0.006966749362431313,phone_A
940,26,59,Standing,0.040680872256727646,0.03964266763326,0.9662875091112956,0.04497701856934499,-0.000661277056616956,-0.004868953438455224,phone_B
941,6,60,Standing,-0.022397431774462084,0.06969255384784934,1.012296430659761,0.03261917771251807,-0.003933702878054201,0.03668967917157043,phone_B
942,7,61,Standing,0.052200419553856986,-0.028842484591951708,0.9890553978118151,0.026786331849436344,0.002188079674238992,-0.010518389889471529,phone_A
943,22,62,Standing,0.058083525281572575,-0.052545124360166534,0.9548741305163173,0.022752621670540395,-0.006551933401617444,0.02997698812118896,phone_B
944,14,63,Standing,0.04006836880059355,0.037772894084730564,0.989425372259464,0.02570529889819779,-0.02177558120648098,0.01172610342071726,phone_B
945,20,64,Standing,0.05143989458713134,-0.008433188534246691,0.9943288341519841,0.032550682928409534,0.013378463632606431,-0.022053234331462182,phone_B
946,20,65,Standing,0.029442245349534987,-0.0008198224869132213,0.9576545092818521,-0.0012690862898109972,-0.0020471056781753007,0.02171569474911105,phone_B
947,28,66,Standing,0.014215048426803855,0.0784802265536899,0.9982823566817302,0.04429955327464172,-0.006768463333596409,-0.007718982589262229,phone_B
948,28,67,Standing,-0.027100364675225454,-0.08242115788497249,1.0514836903978764,0.020375513412929758,-0.012021581696327945,-0.01769957522419013,phone_B
949,3,68,Standing,0.07053969242238971,0.0837511540329087,0.9335653249679167,0.024683280060355764,-0.015515366551405478,0.014825066118172796,phone_A
950,21,69,Standing,0.011463741891757069,-0.0254627730951934,1.0029029232236408,0.022838720678884372,0.024213691415623448,0.008204392725240576,phone_A
951,20,70,Standing,-0.1066766991213159,-0.0026715471531524333,1.0833284383623614,0.04989193605055026,-0.027706343788804547,-0.004701387490253911,phone_B
952,19,71,Standing,-0.048060778636748853,0.06844406241451481,1.0097711312910362,0.01848306660402846,0.0005123691531118351,-0.03911048293602726,phone_A
953,26,72,Standing,0.001457749033052383,0.0338270147381329,0.9223474351761064,0.024282670384463557,0.015145286077782327,-0.02177179986559908,phone_B
954,23,73,Standing,0.009167313391366923,0.0026389801242401385,1.068575212814264,0.026547957103325436,-0.002574008975626054,0.012824396297470328,phone_A
955,13,74,Standing,-0.008835328262034346,-0.018229000433620423,0.994443527491796,0.04272609673444257,0.008312422276232596,-0.011230234627930142,phone_A
956,22,75,Standing,0.005467968133088498,0.05961766456402096,0.9667453720481078,0.03217750170595519,-0.0028974101540794285,-0.0009450752375516542,phone_B
957,29,76,Standing,0.05643051417248818,-0.03097407603552733,1.0410428788061412,0.02067935087928733,-0.009382569778436402,0.018196848756982,phone_A
958,27,77,Standing,0.03975538413911697,0.008346635958559315,1.0304460219922529,0.025671708296154,-0.00012551441578334877,-0.009924365886957286,phone_A
959,25,78,Standing,-0.027736533246694096,0.059406253797514116,0.987366633267207,0.030307628460245015,0.011380920309815015,0.0003579663178437302,phone_A
960,14,79,Standing,-0.011916332571412409,-0.0012009379123388588,1.0357527341423034,0.020057216667949417,-0.0018935551090989717,0.00015430091006213035,phone_B
961,30,80,Standing,-0.003993814954857462,0.07233196377974889,0.9937384568913962,0.0264347454239208,-0.002565481824265976,-0.019749621429870152,phone_B
962,10,81,Standing,-0.0414690738703474,-0.02122667558956373,1.0454331939540051,0.029503109109569846,-0.007269662844235598,0.01839802118409893,phone_B
963,4,82,Standing,0.05021529843631042,-0.03412359988940631,0.9801900551922538,0.05720604105472078,0.0036170953800003305,-0.004014405973441179,phone_B
964,22,83,Standing,0.02873391845323349,0.040291962694324494,0.9771420171628694,0.03329159937929897,0.013898401038255877,-0.017404307189397797,phone_B
965,4,84,Standing,-0.04457558612202862,-0.03934321987707244,0.9774759969007878,0.03715679306819206,-0.004830339429572019,-0.009726271874526092,phone_B
966,27,85,Standing,0.00206218253299837,-0.045878509130657184,1.0171521287133565,0.04697080142937465,-0.0011880606148201734,-0.0030397348995031244,phone_A
967,18,86,Standing,-0.0811387767532618,0.021472698263914698,1.1240754321497946,0.028159856683279194,-0.0017868755057449605,0.011154105001495251,phone_B
968,14,87,Standing,0.06581330672791849,0.0389987137773654,0.913775724856658,0.0384509825649412,0.03857895217862512,0.009336615701391977,phone_B
969,26,88,Standing,0.011273184976744559,-0.05122749005364268,1.0493121475707543,0.015661761179581117,0.0011136545203803455,-0.012866700029877715,phone_B
970,7,89,Standing,-0.02185792230191964,0.0594460258344198,1.004138286595748,0.021611962894114198,-0.01717841956330084,-0.028075522295991546,phone_A
971,3,90,Standing,0.004478369657775117,0.039209350748906545,0.977585940303112,0.05355815401078522,-0.010762506333423402,-0.0035701758431981893,phone_A
972,22,91,Standing,-0.04318306881349008,0.03963046938271424,1.0839004245617827,0.0035727455859570316,-0.005192431029520474,0.018971697705750527,phone_B
973,23,92,Standing,0.022667356278843455,0.04885888800830283,1.0031291525742736,0.038253946064101985,0.02641353579191411,0.029226398311517198,phone_A
974,30,93,Standing,-0.0024786885213793205,-0.021295113971969325,0.9632007955570522,0.04465446225643069,-0.020576633366864522,-0.0037886105698680356,phone_B
975,28,94,Standing,-0.02012010050875018,0.011192810600764956,1.1025805327317104,0.028176021144801864,-0.006531084411410844,0.01522997736572779,phone_B
976,8,95,Standing,0.009583345765820877,0.05757343084845506,1.0065875047927888,0.026273651880434498,-0.02675587332141833,-0.0242960204071761,phone_B
977,8,96,Standing,0.015173566651369586,-0.05448997919469838,1.0502230946367752,0.030453698472839304,-0.0036628037865250327,-0.012657826128065071,phone_B
978,18,97,Standing,0.02489034993080825,-0.032179912781696456,0.9605848798372048,0.047825248809080234,0.0053193174116253385,-0.0035239414237240832,phone_B
979,24,98,Standing,0.00035727492442794455,0.015320526018067347,0.9673260839049818,0.06105597913365933,-0.008694299515143375,0.023340244904249657,phone_B
980,6,99,Standing,-0.0075547539721790595,0.032283884626198495,1.0293689399610455,0.04720277632725069,-0.012609355607462172,0.01613453101918293,phone_B
981,5,100,Standing,0.013902343741686545,-0.010347719169674283,1.0013882426856848,0.022148300362797687,-0.005196543782776499,0.025671341983987354,phone_A
982,30,101,Standing,-0.04016938104520817,-0.037684752874030884,1.0644360374565751,0.039368226388325434,0.03180555373563786,-0.006756579567387799,phone_B
983,2,102,Standing,-0.026427077750872177,0.005732046745907838,0.9290361321086278,0.04027431834982512,0.004852111252385071,-0.0008633199369887833,phone_B
984,16,103,Standing,-0.01561457298398659,-0.03579015949472398,1.0291085164813105,0.0124336502144489,0.007678438680738646,0.03111677092214186,phone_B
985,11,104,Standing,-0.06020511770682613,-0.021469522413732116,1.0168580296222136,0.028945771169784747,-0.020991085774236317,0.005779739272102367,phone_A
986,8,105,Standing,-0.0004006758046519739,0.07657301634415127,0.9898708518953021,0.04752005077989886,-0.019006326046949632,-0.015420139468447624,phone_B
987,18,106,Standing,0.04334923122429499,-0.03829570904297569,1.0009630962593565,0.009276312397063832,-0.002718297394582191,0.012553841784361888,phone_B
988,14,107,Standing,-0.01739833996544579,-0.009961388237752113,0.9548081840681579,0.020274623795626112,0.026371663743215076,0.001093873375756993,phone_B
989,13,108,Standing,-0.012590877996719665,-0.06389710484666249,0.9594336123143915,0.05040509608569679,-0.0021372363657990757,0.02836095264151809,phone_A
990,30,109,Standing,-0.0038139135398422364,-0.0014391478476598375,1.0256357663416849,-0.01008881373329102,0.0030740898548036223,-0.0007347973209142752,phone_B
991,23,110,Standing,0.03858717576654469,-0.045347667421872025,1.0496855447451032,0.02606528211628507,-0.013566798394440676,0.002956548763068035,phone_A
992,21,111,Standing,,0.06153861256114095,1.0136248811396484,0.033084883813290084,0.013509706242831597,0.01639307427139068,phone_A
993,19,112,Standing,0.056778538912598146,0.02434729651655154,1.0067060585890681,0.04858758093132044,-0.0013634421012320807,0.0004986977451699236,phone_A
994,26,113,Standing,0.06886307669187659,0.06487696511820926,0.9996729677230671,0.02319672634041575,0.021947602503127477,0.012006275368728211,phone_B
995,1,114,Standing,-0.012874908407597783,0.013267863148583756,0.9991316616044918,0.020034927306405062,0.0019356349288085274,0.003981360684594112,phone_A
996,9,115,Standing,-0.01501580267680924,0.036153027544380704,1.0515532956924396,0.04454846540483119,-0.004143725778209921,0.011337322562825578,phone_A
997,19,116,Standing,-0.04942983914263807,0.02690917513990983,1.005845265638278,0.0689032200310396,0.0218590629491784,0.01066725235401786,phone_A
998,27,117,Standing,0.009966820051527185,0.006548890202320726,0.9598524238546757,0.003915191592001339,-0.013088386636223475,-0.0007157552725564557,phone_A
999,3,118,Standing,-0.021772871690909964,-0.009904521324977038,0.9913829378605816,0.02007414602717783,-0.005122707215721006,0.025858407421857927,phone_A
1000,3,119,Standing,0.026485811259624122,-0.02241203107592599,0.9972660884655214,0.029575299965215997,-0.011519331506102265,-0.011536953266157819,phone_A
1001,17,120,Standing,-0.01679137510067264,-0.04378785548123486,0.9982743862372223,0.03177014629693685,-0.029590563362907527,-0.0006111953672578952,phone_A
1002,24,121,Standing,0.034719197373930415,0.018049175420873323,1.0891918046077989,0.04876664223468269,0.021734010371262803,0.0420012890387149,phone_B
1003,8,122,Standing,0.006522808317308042,0.03894961173725328,0.9776305426642002,0.03161529479242454,-0.009715914646174705,0.005969768363443225,phone_B
1004,10,123,Standing,-0.026076363520792806,-0.027477139994468706,1.0165389317242202,0.02793432838829149,-0.028912817035751204,-0.021833353819681343,phone_B
1005,17,124,Standing,-0.035318876244558976,0.016576933179145527,1.0087575538828655,0.04597919057548798,0.011292027344126567,0.016078544342739868,phone_A
1006,7,125,Standing,0.02433584765836492,0.008387172363659587,1.0439740696915063,0.04379119187610149,0.005641430513309868,0.019066078062902135,phone_A
1007,15,126,Standing,-0.011618526965617994,-0.012231618626069241,1.0461073150992628,0.05357092495426154,-0.021752690553153937,0.02116750761223914,phone_A
1008,4,127,Standing,-0.04685780744105076,-0.045648609822432906,0.9906285719069055,0.025226902918011232,-0.023376259195753146,0.009748169602388503,phone_B
1009,5,128,Standing,0.04216166384654683,-0.01733821319111461,0.998416691401102,0.02954359252646036,0.025319931622026965,-0.04251367173949827,phone_A
1010,5,129,Standing,-0.03827777395956414,0.00022163371167190624,0.9565771906033799,0.026125194640933238,-0.0018911330455486405,-0.009865291631887032,phone_A
1011,3,130,Standing,0.025125971110312534,-0.009450657801240079,0.9818722106412505,0.027513526250191916,-0.00011154519968384088,-0.026104793480016326,phone_A
1012,4,131,Standing,0.018462156718451146,-0.018040049177871775,1.050461402992442,0.03886580213463712,0.017550996063294827,-0.015165056905723624,phone_B
1013,5,132,Standing,-0.04969833949829637,-0.028207648357173043,1.0500842169803437,0.052312358668837426,-0.017221999422066897,-0.0068741650247592535,phone_A
1014,1,133,Standing,-0.003047826880957967,0.02342422567239125,0.9296075894585403,0.0059549987770734225,0.0073443921580860355,-0.029235578533768864,phone_A
1015,4,134,Standing,0.006483672342353629,0.01662663879732469,0.9943312761782467,0.024513649214287038,0.01266856289574719,0.004278088895486363,phone_B
1016,21,135,Standing,-0.025880664878058398,0.0015089158672895334,1.0153267609062477,0.05577355862177072,0.011794855024373689,0.018218352839309154,phone_A
1017,18,136,Standing,-0.020967316250200107,-0.009415199712519605,0.9942570941344735,0.014879625632956644,0.01898900439835227,0.01325027456638188,phone_B
1018,28,137,Standing,-0.01222711445206029,0.02566842596055414,1.0089159665201535,0.04079741971397062,-0.020164606852884452,-0.0021849160979615224,phone_B
1019,16,138,Standing,0.024945683984466054,-0.025137504047285333,0.9000027710367041,0.01377450423475619,-0.0009157197856636103,0.0009582633825499738,phone_B
1020,12,139,Standing,0.06734992490499937,0.02330985762632396,1.0032612111692596,0.029514130848278433,0.016562750732545393,-0.008851656782361573,phone_B
1021,22,140,Standing,-0.043570324805532065,0.05675624194781216,1.0156999574800645,0.01938715055994081,-0.001716825154774619,0.007644761448094203,phone_B
1022,23,141,Standing,-0.010028756508891018,-0.021378824868504034,0.9738290525606268,0.03508442848861672,-0.005370814188160276,-0.006806366021441192,phone_A
1023,9,142,Standing,0.0031056230610867854,-0.0072489375516763275,0.9871340660543214,0.032981560162330774,0.011220033941038468,0.010523482079107027,phone_A
1024,15,143,Standing,0.02210914003599051,-0.00962681114542885,0.9773200665623504,0.014341265380163441,-0.00889734761007123,0.0002947514270485435,phone_A
1025,12,144,Standing,0.003842285564697717,-0.03861826711647457,0.9335603244397191,0.04229109181297192,-0.007116218930487668,-0.012555504798358366,phone_B
1026,6,145,Standing,-0.043753885651897535,0.01692143898921602,1.0549963084587186,0.023953892084907835,-0.003233450619938726,0.016074477598336082,phone_B
1027,22,146,Standing,0.07867474571650668,0.09776401209305478,0.8917464988231967,0.028537451566248644,-0.010784205478043454,-0.003971576563571008,phone_B
1028,19,147,Standing,-0.01673540278463694,0.03247036393917434,0.9954972037212804,0.01633639178700065,-0.0025827774194268635,0.007721763554436146,phone_A
1029,16,148,Standing,-0.06584934755879922,0.0797097120334128,0.9743029328116626,0.027939705196207157,-0.00596693108738359,0.00822131556123213,phone_B
1030,30,149,Standing,0.07091159692364175,0.02319735366917137,0.9392653940984004,0.009238148594872053,-0.005984471629903747,-0.004023497992998998,phone_B
1031,1,150,Standing,0.032773636806977625,-0.04345282231525914,1.0597320624850302,0.05730948895808581,-0.00372380298948266,0.006584589606272772,phone_A
1032,11,151,Standing,-0.049277888883368065,0.024947053059164576,0.9800723030626252,0.013691470176174697,-0.004340024823794763,-0.006986220126080444,phone_A
1033,15,152,Standing,0.03798719611265436,-0.03141230370542931,1.069400919990955,0.010124105507619694,0.02423145409767893,-0.015247659328600406,phone_A
1034,20,153,Standing,-4.052930146462654e-05,-0.019607844539120792,0.9862508531384858,0.04202035854533323,0.02249740195843216,0.01785787057433463,phone_B
1035,27,154,Standing,0.007370208896182134,-0.03128311494673448,0.9603379874970122,0.012805486414069967,-0.006563599604761939,0.00374408446522413,phone_A
1036,20,155,Standing,-0.07647260639006019,-0.00185414810323063,1.060641004981981,0.046828666036111875,-0.008777761147899988,-0.02095309363924179,phone_B
1037,7,156,Standing,-0.0926971300083,0.0444061646353071,0.9914565016846704,0.05746950480866101,-0.025904482283646987,0.0137721933781175,phone_A
1038,5,157,Standing,-0.004020353472567939,-0.013242021258883218,0.9452062613915142,0.03893621860067575,0.010142060771652866,0.026776917029488343,phone_A
1039,25,158,Standing,-0.023755813158229402,-0.040154503344700596,0.9452603426591045,0.05209836518459205,-0.011672614264167989,0.022203448034569605,phone_A
1040,25,159,Standing,0.021002881634482665,0.01319611526375842,0.987725267497588,0.03991009369503376,-0.00023206144255203176,-0.0055381993720321565,phone_A
1041,18,160,Standing,-0.005758884368845222,-0.03193339114955308,1.023993071018426,0.02904021516557152,0.007333650176367067,-0.0068078978753127965,phone_B
1042,13,161,Standing,-0.04836485218723824,0.06940295850057102,1.061864456430543,0.04325677441892942,-0.005817160280614098,-0.004504769597416088,phone_A
1043,2,162,Standing,-0.01415320150269653,-0.0253022414538919,1.074889387025458,0.029284834775791916,0.026526379927707684,-0.020975878660350028,phone_B
1044,22,163,Standing,0.020727395311380074,0.0828433039686646,1.0011900297863545,0.026039932615983058,-0.017516278763976295,0.01623514581652871,phone_B
1045,30,164,Standing,-0.0037923423755995417,-0.04938009119170446,1.0622757840038972,0.04732327966088524,-0.00047377123819696384,-0.01731223403380392,phone_B
1046,22,165,Standing,0.061436281969705284,-0.014637269081885887,0.9557918063672992,0.003568229812911841,-0.009689476978406624,-0.021819571837949095,phone_B
1047,11,166,Standing,0.02977634934790861,-0.015016006559009332,1.0142277352845483,0.01914998010701652,0.0009775359954634702,0.028813512331290314,phone_A
1048,6,167,Standing,-0.01393944312107586,0.01537717750478635,0.9373789109012625,0.05280159183625306,-0.007158099434172979,0.015758004748597513,phone_B
1049,25,168,Standing,0.024463174600832253,0.026840497088440024,0.9819023864194913,0.04637859653642778,-0.011384772959896493,0.011669013300413143,phone_A
1050,1,169,Standing,-0.01560821176666124,0.013982317945282404,0.9815202799058296,0.030749639620598932,-0.016120405525376504,0.003713354770331912,phone_A
1051,3,170,Standing,-0.021606142162898904,,1.0053601790467164,0.020754644201023315,-0.0019313786359450376,-0.015083279113423814,phone_A
1052,1,171,Standing,0.0938293215584403,0.0423647464083274,1.010923764225262,0.04758169391215042,-0.029688787150256666,-0.03836519606751009,phone_A
1053,3,172,Standing,-0.05514256574408436,-0.00946422097793317,1.008226265623796,0.04380621747510917,-0.0170739597641282,0.005994460292401075,phone_A
1054,28,173,Standing,0.0005755877260893009,0.013900372397323387,0.979209121969856,0.0507470270979318,-0.0015526297264458933,0.02661273335255653,phone_B
1055,23,174,Standing,0.02971309359822214,-0.0023867392224211437,0.9868903033333295,0.0394847301070132,-0.004487602187843843,-0.03992948005735992,phone_A
1056,8,175,Standing,-0.12251472492697231,0.05089688641136197,1.0492103383151878,0.0583101141938392,-0.00026292372423266134,-0.019389522029968367,phone_B
1057,30,176,Standing,0.0004569806144525121,-0.04028152897140437,1.0659429889189547,0.06359254319465604,0.007174210510952664,-0.00016295620047293853,phone_B
1058,27,177,Standing,-0.05179867913897729,0.06185735584624205,1.0030522724339619,0.025662534023840815,0.0072176113301180645,-0.008785672934837783,phone_A
1059,13,178,Standing,0.026044681982282856,-0.0576986740338264,1.0434834875700973,0.0284338343829649,0.017382012909510178,-0.003017042667624291,phone_A
1060,3,179,Standing,-0.005447988351359135,-0.0484926971316783,1.0303902789207258,0.016862400689653625,-0.007296335597988429,1.5707791238052136e-05,phone_A
1061,3,180,Standing,-0.06824387760871037,-0.009232234619520661,1.0318092087457484,0.02432492948214146,-0.0033709763131998236,0.0024360907626408985,phone_A
1062,12,181,Standing,-0.005038417301879962,-0.04122062009550418,0.9985461550533238,0.044911097550088444,-0.015767639209006357,-0.00561722834228727,phone_B
1063,11,182,Standing,0.037655278019613804,-0.0036943282735151547,0.9659920146557655,0.03138398400214766,-0.01805400322343179,-0.015502432971906096,phone_A
1064,13,183,Standing,-0.058405341194071224,-0.042671169502296,1.0542935033599923,0.01900322503076106,0.006993376839772182,-0.012544521299338824,phone_A
1065,12,184,Standing,-0.041043280037252626,0.0015691171104702585,1.002114052394758,0.06491708004639887,0.009456379319702475,-0.008893560214939101,phone_B
1066,24,185,Standing,0.02740195854602056,0.08552697881940832,0.9348145563806282,0.017362769361469098,-0.003553463386699406,-0.0062563234071292655,phone_B
1067,2,186,Standing,-0.05216929062372972,0.05615824214200049,0.9430956560609353,0.026996807855662514,0.015687458876410466,-0.0004527728571877893,phone_B
1068,8,187,Standing,-0.039175766676110765,-0.05394702625495831,0.9908000321588887,0.018644556512243005,0.0030784663755446698,-0.021021767215862693,phone_B
1069,5,188,Standing,0.004621980926578586,0.007593455774099081,1.0576430711296008,0.02343306752442201,-0.010887250420998359,-0.008216454425203098,phone_A
1070,11,189,Standing,-0.007701062780930318,-0.0036385957916531446,0.966772090535929,-0.0003462787954958829,-0.008413935013185573,0.005397384994303347,phone_A
1071,20,190,Standing,0.04798217879303308,0.07821946175855155,1.0303733508583388,0.050737809636123385,0.0115016143839468,0.025648488838910754,phone_B
1072,1,191,Standing,0.0740341453716507,0.03804660683115707,1.0282552058569834,0.026921517420939487,-0.0006200592144586473,-0.005067559970253931,phone_A
1073,1,192,Standing,-0.02881392149437394,-0.0076442483911963975,0.905793204592868,0.055846348421587644,-0.003307118738794776,0.006833706560048653,phone_A
1074,10,193,Standing,0.0583114677884561,0.012011737497647192,1.0577737480837373,0.011373932817729495,0.035960648843965534,0.016306652977331484,phone_B
1075,11,194,Standing,0.057003173305017814,-0.046745395439574886,0.9884554048492202,0.051663755946035686,-0.02800590271342447,0.008406866624382073,phone_A
1076,23,195,Standing,0.021287046393806155,0.0787690326728865,0.9366817832111105,0.0541444658554745,-0.00839206114723354,-0.006705141898677822,phone_A
1077,30,196,Standing,-0.043514081498677006,0.016140893898156896,0.9555067234087458,0.04110426500479373,-0.009944490704546302,-0.018195507087729712,phone_B
1078,18,197,Standing,-0.02111236585439578,0.013468287670252233,0.9889058695227593,0.030513151774991976,0.010443111927541259,0.016236321774254228,phone_B
1079,6,198,Standing,-0.041768880623046345,0.0030437791569006487,1.0188259834441629,0.00808912041042074,-0.013359124455113775,-0.010787803439444113,phone_B
1080,20,199,Standing,-0.00831288754881506,-0.030441356145071433,1.0282816290038759,0.005923001978123739,-0.023695780457916368,-0.005008332172671936,phone_B
1081,30,200,Standing,-0.05818575491432415,-0.024269953705902594,0.9839582473032364,0.024100530794667816,0.0022782222493393715,-0.009923683266353428,phone_B
1082,8,201,Standing,0.05911345200033094,0.01952818558934289,0.9677154591743471,0.031417672400513595,0.0018602297790840752,0.018220822117466715,phone_B
1083,24,202,Standing,0.030693547908822935,0.0016741790312991042,1.0596626606579507,0.04936337178959112,0.0029546895688890053,-0.003934239315240908,phone_B
1084,21,203,Standing,0.02026423638717823,-0.007218001085086642,1.0672122842391334,0.03117705117265518,-0.006084639487692558,-0.006894226291108884,phone_A
1085,30,204,Standing,0.022262365123732916,-0.0328004481055801,1.04392593008751,0.010605974189976403,0.0019086217345987548,0.017253356377461802,phone_B
1086,19,205,Standing,-0.08608988258494545,0.08073062175168744,0.9829885921120757,0.03211643073243209,0.008571738382745157,0.010891935841733303,phone_A
1087,23,206,Standing,0.0398953833482547,0.020762828516872504,1.0704352456012922,0.037834913142818956,0.029469532798246306,0.013516182603564839,phone_A
1088,1,207,Standing,-0.0722300050307305,0.10444410713551365,0.9770262356609113,0.05243316022802602,0.00040190164679157605,0.015916353864038692,phone_A
1089,12,208,Standing,0.025029781723583517,-0.010127621815776217,1.0631601244635955,0.03658002251125514,0.014039139619523492,-0.03246115307209605,phone_B
1090,26,209,Standing,-0.0034229071915450105,0.01642206540233183,1.0089445962575883,0.044417358205767754,-0.005488563677061817,0.0007318065755194588,phone_B
1091,9,210,Standing,-0.09114756013781428,0.02357402006553365,0.9866446069602579,0.016315228131695676,0.005048163364139701,0.01841176945212983,phone_A
1092,26,211,Standing,0.04156575325936724,-0.005404521236265145,1.0350296385504378,0.04302101847668766,-0.0013105690573975027,-0.010396208279823118,phone_B
1093,5,212,Standing,0.03351413395472548,-0.001685872548507628,0.9581527112107765,0.004727057467363127,0.012477471781445692,-0.008201676333963357,phone_A
1094,2,213,Standing,0.013215510226239268,0.049588276282764944,0.9476430209258606,0.029322939292307323,-0.002560412193283045,0.005696143134419409,phone_B
1095,17,214,Standing,-0.05317807258649632,0.02279191794823068,1.0412609509997481,0.027204344040648257,-0.0020617048933968536,0.006276740534773834,phone_A
1096,19,215,Standing,0.01379268311559153,0.023294104294684904,1.0224512210560486,0.015270415415765232,0.014853997465574151,0.017501747432853574,phone_A
1097,7,216,Standing,-0.059766212261986675,-0.004589828240003623,1.0077762350776227,0.012830996433197742,-0.005402070953655202,-0.021140540813378125,phone_A
1098,9,217,Standing,0.02429168899945776,0.006638212596082052,0.9341686734074303,0.03527197292372971,-0.0008476342108543686,0.007746214241316072,phone_A
1099,11,218,Standing,-0.032059176029720964,-0.030833785058312274,0.9784731913380638,0.030282376448715703,0.002219376981371881,-0.0028607981671215426,phone_A
1100,16,219,Standing,-0.016932781959860765,-0.014056130720219271,1.1003089914202773,0.018439122727526867,-0.008369580128192888,0.04940781162552222,phone_B
1101,1,0,Laying,-0.04139941997711087,0.025280616119317898,0.22269883332396556,0.03636326884756372,-0.002637028492133518,-0.005497448118617593,phone_A
1102,30,1,Laying,0.04827494906482748,0.016992040579777344,0.2791896831234762,0.03043649599399933,-0.005555556547413732,0.007641930253227601,phone_B
1103,18,2,Laying,0.004042141305526601,0.05404927813039518,0.27551461609605726,0.02764978187214515,0.0031435816377227235,0.0017154641120953095,phone_B
1104,7,3,Laying,-0.037537163567849745,-0.002702165874258153,0.256635594560235,0.019798935984168393,0.004220962733808686,0.0002663436294388888,phone_A
1105,8,4,Laying,0.019893371431971934,0.0050145986275452374,0.20898361326094006,0.04738403423351464,-0.0017736374821392905,-0.001011080671189147,phone_B
1106,2,5,Laying,-0.010275625460981631,-0.014652349681966095,0.2963217414400157,0.042325554004826,0.005554917544720886,-0.001343751930384068,phone_B
1107,25,6,Laying,0.002213909453081182,-0.005706687549692966,0.2601431776451899,0.019485528163181942,0.0031533033000429064,0.0025527615702704443,phone_A
1108,22,7,Laying,0.018088080637737734,-0.018574108724268262,0.27130409058629623,0.013671106338118686,-0.0071570831452654835,-0.006611563239321801,phone_B
1109,28,8,Laying,0.030469868501569883,-0.029071574285693916,0.22903250987779986,0.040692596381083024,-0.007132283773170631,-0.0023517835642262084,phone_B
1110,28,9,Laying,-0.030360870027496073,0.02498853622868054,0.27540208732573196,0.03423682380154309,0.006719122852424296,0.0009198638877434584,phone_B
1111,19,10,Laying,-0.024449079199980628,0.03869716580285011,0.2729441281517977,0.0163336971599947,0.0004978971027891809,-0.003751438662312666,phone_A
1112,29,11,Laying,-0.033846321171172505,0.005329541298639072,0.23753522007282413,0.01309329167130393,-0.018489156926772023,-0.01954754375257089,phone_A
1113,29,12,Laying,-0.002552849112747469,-0.026259024304869483,0.26952218282971685,0.024180668227712972,0.007211066382483127,-0.0022863848773463473,phone_A
1114,27,13,Laying,-0.023613529056213174,0.003423527134158418,0.21211976463945031,0.0317429815079581,-0.011714365081414171,0.011477906581668113,phone_A
1115,25,14,Laying,0.03187600548929751,-0.03367869565764946,0.22966690897813538,0.029761686835607135,0.01463121366783444,0.02083261135393653,phone_A
1116,23,15,Laying,0.0012409849104261833,0.055132368923602675,0.2413100635052371,0.03873459527953716,-0.011777262461991317,0.005252506335790678,phone_A
1117,21,16,Laying,-0.033647730349593716,0.014000303942422946,0.2106268344339843,0.03033687013486481,0.011330726510154543,-0.006266502408978476,phone_A
1118,15,17,Laying,-0.02906858867022594,-0.014225598475642164,0.22102563042447443,0.02373483052480103,0.0012761328111010222,-0.0038251265387101094,phone_A
1119,30,18,Laying,-0.02158211459060926,0.04174299537765937,0.2187628229106366,0.025909719624269363,0.01478881760685087,0.014141964403166474,phone_B
1120,3,19,Laying,-0.012607736931007052,0.01665209160214035,0.2626353725099268,0.018250760267590753,0.007699374214350928,0.02328115215065466,phone_A
1121,20,20,Laying,0.016990691372120125,0.020164649346021222,0.2061707017793458,0.030752808415078613,-0.012709494685481593,-0.007373586758722498,phone_B
1122,10,21,Laying,0.06485825343565509,-0.0075978482897643,0.2277947768711732,0.0394072822362674,-0.011845962535529712,-0.005592739302370964,phone_B
1123,18,22,Laying,0.001283026959238781,-0.04684791135379588,0.26631968842967857,0.02004417647441864,0.019248143581628064,-0.00757733684542667,phone_B
1124,29,23,Laying,0.031536779211777784,0.053270940970971424,0.22447170328565288,0.02258483724052259,0.004857815926805632,-0.01071682190692718,phone_A
1125,14,24,Laying,-0.006747608625179769,-0.007352027147800956,0.2514681517812433,0.025890808944732054,0.0020485096134505035,-0.007485329318209804,phone_B
1126,9,25,Laying,-0.0166551517304926,-0.0035576276647449135,0.24865727076292615,0.019514383250667292,0.0040492455260752284,-0.02268452185843996,phone_A
1127,14,26,Laying,0.004328584473973659,-0.02191398776726855,0.24160216521391437,0.01429856016211744,0.020364975185111142,0.0002357730840618964,phone_B
1128,30,27,Laying,0.005303090346777099,-0.014496921238963822,0.24952663238881118,0.009809331696215826,-0.002122712951188418,-0.011712605357446948,phone_B
1129,30,28,Laying,-0.07679749698907491,-0.033840096253305765,0.29391779213543,0.035379971863844284,0.016487991698940392,0.017346515870886547,phone_B
1130,16,29,Laying,0.020189622724934318,-0.01358606056137405,0.2188824716120313,0.039334307568121216,0.0008070996798423814,0.031175285204773834,phone_B
1131,15,30,Laying,0.0591868756434144,-0.004703753720872657,0.290081457917761,0.046208646715405685,-0.012786874102258906,-0.006062475978635858,phone_A
1132,21,31,Laying,-0.030989376770955923,-0.03689833464774671,0.2700120055157485,0.022542145371887232,0.0006545790398767028,0.006952989187166001,phone_A
1133,21,32,Laying,0.03860298011871164,-0.010472824900197526,0.26597203918713574,0.03275891049035684,0.017134957009548007,-0.0013107173472879192,phone_A
1134,4,33,Laying,-0.06370912377128791,0.0017138284036068256,0.25602120574484805,0.012071739260748535,0.0018436331804117332,-0.0045127304340786475,phone_B
1135,8,34,Laying,0.020144546850278517,-0.016911754526933883,0.23780862355788793,0.019217764408911445,0.015443482468301835,-0.0005114520221674038,phone_B
1136,30,35,Laying,0.002372994616374645,-0.01321908463159191,0.26388600466764717,0.0418664756056334,0.00809826021858133,0.008585837016685702,phone_B
1137,1,36,Laying,-0.041407279299334895,-0.026283564950974152,0.2438503781920262,0.015926699468834682,-0.013306712809449976,-0.023402196760882177,phone_A
1138,9,37,Laying,-0.040395876394024234,-0.0076957667202780106,0.24791720899543346,0.015086827798367806,0.0009865651585403248,-0.005422920511354704,phone_A
1139,13,38,Laying,-0.004848772920745119,0.020889926442051458,0.2560964128688408,0.007474112009449314,-0.001133227196714693,-0.015445301241608545,phone_A
1140,30,39,Laying,-0.0032436251465076367,-0.022353924516920674,0.2614588910045442,0.008220570781672484,0.00018377281599296505,0.007155194782039924,phone_B
1141,28,40,Laying,-0.022925032736526685,0.0005325291662152534,0.2555244091873472,0.0443390784942846,-0.018516625759376713,-0.011388781813388113,phone_B
1142,24,41,Laying,0.0841338747820824,,0.19327018570290178,0.017718123208147925,-0.03461091526830453,0.003011508905701914,phone_B
1143,20,42,Laying,-0.027349871285062596,-0.014121717667545204,0.27770962466106736,0.0031223066894241203,-0.01651964015249432,-0.0028514397714454968,phone_B
1144,9,43,Laying,-0.02257004512400455,-0.008816006924207634,0.21208749041780434,0.027678918574018847,-0.0018654135647498589,0.00686488117791291,phone_A
1145,24,44,Laying,0.006200702174880705,-0.04338922063590341,0.26477774654934616,0.020864169977444474,-0.0020824788456202227,0.013103304704885122,phone_B
1146,27,45,Laying,-0.021583066695506855,0.040535529853770014,0.2933342589811928,0.034409805467054654,-0.012257760134592774,-0.027328665570336648,phone_A
1147,14,46,Laying,0.0033415518399323905,-0.02235592412464387,0.28520687031266806,0.014230513989027383,-0.005301940727886784,0.006561129553962427,phone_B
1148,4,47,Laying,-0.03340808494844632,-0.0032844272882120214,0.28267411551740085,0.027638884295264128,0.015592829210296009,0.014170029475074975,phone_B
1149,22,48,Laying,-0.07010224129072165,-0.0331731688564592,0.2729000233715347,0.005621857246433912,-0.0040836573573368755,0.004231007671112905,phone_B
1150,1,49,Laying,0.0440871208728453,-0.01725059089363242,0.23069536872750612,0.024344427918806245,0.00438641212262628,-0.0019280853424511757,phone_A
1151,30,50,Laying,-0.023974314990854156,0.003604828001371306,0.26335638130741057,0.019997089876176793,0.010496374206999585,0.0018619817655293692,phone_B
1152,10,51,Laying,0.023665371394568216,0.005823123241464959,0.26129213714461685,0.01709510303938306,-0.007884646314890293,0.01530495599910971,phone_B
1153,28,52,Laying,-0.03068895498667205,0.005425902739644944,0.17878671839393723,0.017825747953757295,0.012012845957748824,-0.001564319858889494,phone_B
1154,20,53,Laying,0.003537380089980937,-0.09049143739560633,0.23823239145591546,0.02922840279784016,0.005816123442479247,0.012029446391679554,phone_B
1155,2,54,Laying,-0.004969674378724475,-0.03996352288229587,0.24386435382480406,0.009230311720027518,-0.023098376497567713,-0.013564742126382229,phone_B
1156,16,55,Laying,0.04526054723411914,-0.008116836045398297,0.25659632089070095,0.0185812968600243,-0.02238188774314872,0.011701414061621342,phone_B
1157,20,56,Laying,-0.01664378030374975,-0.0016384464255018332,0.2569146893028956,0.015919129943389128,-0.02297451853818718,-0.010013666154192979,phone_B
1158,12,57,Laying,-0.02246273962858987,-0.02319280485465241,0.2791017577062281,0.009829965273260723,0.003762240930476986,0.0019787129652239473,phone_B
1159,30,58,Laying,-0.003993956152107936,0.023733929015926757,0.24483339585717706,0.030429906582310005,-0.01878676359059051,-0.03297847595363886,phone_B
1160,17,59,Laying,0.011326405606975601,0.012935493781176888,0.26426506999455646,0.018438343565566513,0.018621528152629657,-0.005748472696712775,phone_A
1161,23,60,Laying,0.017839086750122354,0.051562204792473317,0.240489111406305,0.01683508867213559,-0.018726817305191542,0.019404587583280914,phone_A
1162,2,61,Laying,0.012642327211456202,0.013591833176829063,0.3435011272397176,0.029063059264828744,-0.016279017563750404,-0.0024487946874122016,phone_B
1163,28,62,Laying,-0.011876051837483172,-0.012077688082638217,0.2323892682679885,0.007583968683057538,0.019906270420903704,0.003735600555479923,phone_B
1164,19,63,Laying,-0.006764161041007148,0.022729134885472287,0.2641320182454817,0.028446134159275598,0.008562475909585336,0.001674184296983208,phone_A
1165,24,64,Laying,0.022593369026333254,0.004881562050984092,0.24338816519511652,0.04412997251817386,-0.00597376924716792,0.004891420005341823,phone_B
1166,14,65,Laying,0.012417252322171996,-0.018286735567909065,0.2257653284406552,0.020576849739126865,-0.006152710664695098,-0.018226632020485817,phone_B
1167,28,66,Laying,0.007986689539036867,0.03797830752445796,0.266631740055209,-0.007494181229627979,0.008016296434466596,-0.0069768973236964725,phone_B
1168,13,67,Laying,0.01359240224063289,-0.0004240577763188422,0.24421937121739518,0.023722053400473234,-0.0002803038533722505,0.016805062151128047,phone_A
1169,4,68,Laying,0.03256608399543601,0.028197175975369713,0.2700113664275096,0.0026672647483790314,0.013957908202020084,-0.005723766176694851,phone_B
1170,12,69,Laying,0.02147181843224317,-0.029175984997212405,0.21444777870090231,0.049704859210389994,-0.01196228833547643,0.014326332988146843,phone_B
1171,3,70,Laying,-0.012603601750805144,-0.0013448665299061959,0.21096716510406066,0.02482807025488462,-0.013534253923699495,-0.004943047428924821,phone_A
1172,23,71,Laying,0.02775898691908728,0.007625720296729719,0.20553488503358436,0.03564360158642337,-8.874702386428205e-05,-0.006777315855116733,phone_A
1173,25,72,Laying,-0.005016205109310071,-0.03496984019717138,0.30543429134348815,0.024783906963862654,-0.0010173150560277143,-0.005063814646632375,phone_A
1174,13,73,Laying,0.03539897218372768,-0.015746355244261205,0.20365060423565187,0.01651652922630027,0.016584682505684907,0.010401652018213968,phone_A
1175,16,74,Laying,0.041197654249214226,0.022438266864656477,0.2420023190909618,0.022926126811236507,0.004116471649317928,-0.0103985868707977,phone_B
1176,24,75,Laying,0.00013515196528052792,0.00925540093839871,0.19939101284174382,0.022633495967901276,-0.003788202317071104,0.012850850249504032,phone_B
1177,21,76,Laying,-0.011445180591111324,-0.014452639420937606,0.278802128917648,0.024455667882938844,0.02245118307065462,0.008277667273829831,phone_A
1178,14,77,Laying,-0.01230668982568557,0.007189760896768764,0.23937793571891625,0.035742451131130254,-0.01665247141613765,-0.010296199707141669,phone_B
1179,11,78,Laying,0.03677269346170863,-0.06605905788417596,0.29123413647971247,0.023248310894649925,-0.02354843702421454,-0.03752159802361674,phone_A
1180,3,79,Laying,-0.04588158197424839,-0.0005911456753620526,0.24802305886573345,0.03291500543386638,-0.006868589719512045,-0.013850506830577137,phone_A
1181,1,80,Laying,0.0010083086073473188,0.006923183848658321,0.2263250590218278,0.03626808375419199,-0.007767459646550419,-0.010871467029061298,phone_A
1182,9,81,Laying,-0.016271745284048695,0.032245205271078214,0.24601610641178023,0.016318581211627853,0.011576346880606797,0.02678435674935933,phone_A
1183,23,82,Laying,0.037015273825963,0.031082338517243683,0.23183080745025,0.025332927255952906,-0.016031807871299843,-0.0025617783295204385,phone_A
1184,26,83,Laying,-0.018785711073771718,-0.01208657871526905,0.2275031490585899,0.021411289897555412,0.00665290857831143,-0.001493648880499946,phone_B
1185,26,84,Laying,-0.022383616946954583,-0.04558198057674757,0.25732180677945304,0.03129146705067735,0.0032068527731770632,-0.009842554916242342,phone_B
1186,3,85,Laying,0.0074056178739364854,-0.01410342767306625,0.21585323650749244,0.03427412399636163,0.010225346921547149,0.011861193513543825,phone_A
1187,24,86,Laying,0.035380869380792365,-0.014807467539842028,0.2696050396461554,0.01861359172791656,-0.002799777046822136,-0.03026472321736487,phone_B
1188,9,87,Laying,-0.00905739643250747,0.0027326990035508227,0.23769851147908483,0.046952350851064244,-0.014530826066565956,-0.0070447654637990735,phone_A
1189,26,88,Laying,-0.016913309369864134,0.03094239188822115,0.2943409538298089,0.01624009236351323,-0.009037594284040043,-0.014464108107423938,phone_B
1190,10,89,Laying,0.0391885615955791,0.033630132207489075,0.2468205460003364,0.007548760046164001,-0.016333282068203153,0.0021328681298074153,phone_B
1191,21,90,Laying,-0.061984344150634446,-0.009639297316136481,0.29854887668672153,0.022281134917121432,0.0186204761348828,0.008113076611946046,phone_A
1192,13,91,Laying,-0.03252838802506073,-0.008780138800555679,0.2461391728436589,0.013093605398831169,-0.012123350285136766,0.01883460740148201,phone_A
1193,3,92,Laying,0.03235308229226041,-0.013094534350950492,0.24923082010350484,0.032023055227982156,-0.007481983411308484,0.007098803918681666,phone_A
1194,6,93,Laying,-0.06139289098645146,0.013191221652439106,0.1759440962628509,0.022164415916269282,0.010678037316481143,0.007778691325729699,phone_B
1195,2,94,Laying,-0.03508993188280551,-0.020660161209679045,0.25558647587074407,-0.0003991648755462922,-0.00016529469810697736,0.003892867172500806,phone_B
1196,7,95,Laying,-0.00849111542612951,0.015759629041591554,0.2567117247497861,0.01822932175751381,-0.02420236700324363,0.001667663519635286,phone_A
1197,2,96,Laying,-0.017350278745846354,0.014373726538892575,0.29252000150303054,0.02452424845697489,0.006925810455573382,-0.018055991764411135,phone_B
1198,2,97,Laying,0.007365707429851034,-0.0017971781303148732,0.28687682741878545,0.018244269049640542,-0.003020470214529635,0.013235180839159935,phone_B
1199,21,98,Laying,-0.03326524143861806,0.07654899819870369,0.217642217099898,0.024191248980630953,0.004333601950320165,0.003345218862888932,phone_A
1200,16,99,Laying,-0.005692311120191963,-0.005542811115789241,0.24295204401136133,0.01105082676760785,0.02687774018028411,-0.0027498864714172126,phone_B
1201,12,100,Laying,-0.010039585730448162,-0.010642910170664505,0.2363366901199105,0.005626927650134367,-0.002007764251509617,-0.005087595678992878,phone_B
1202,14,101,Laying,0.03514573527554331,-0.03590100352753546,0.23268558467335435,0.013769494165573973,0.01803162992514761,-0.010867605560683391,phone_B
1203,16,102,Laying,0.0291048442021794,-0.004383687342462246,0.20869566997178596,0.007948076765453872,0.010747050809950996,-0.015757425234998217,phone_B
1204,2,103,Laying,0.011760798331797368,0.0034304732946178894,0.2613139745293308,0.030894810098073596,-0.011670884805223773,-0.012194102237684266,phone_B
1205,7,104,Laying,-0.018880338316931894,-0.08250445476015444,0.26946265893651594,0.012046733899140398,0.005839198473815667,0.017410273116462118,phone_A
1206,25,105,Laying,0.0005028737178584288,0.02987297494990593,0.25461393041608604,0.04484286660176434,-0.013276338859463827,-0.000102687255206122,phone_A
1207,20,106,Laying,-0.005712352710301363,0.03456656989958009,0.2370388138146766,0.05086713939536111,0.026527468803403065,0.003525899952841246,phone_B
1208,6,107,Laying,0.016578035410638504,0.03575014306873913,0.214384078030979,0.008599999817777617,0.015705236423220435,0.0034248559109124922,phone_B
1209,25,108,Laying,0.00033369908643483115,-0.07158124417092207,0.24428313056628997,0.015586915760084705,0.01147589542018853,0.012437884729800078,phone_A
1210,10,109,Laying,0.017300407023897315,0.011863759463974246,0.20507959753839197,0.03238303849996093,0.007867474319042299,0.015564908172109128,phone_B
1211,21,110,Laying,-0.05077682020714826,-0.0116543047685464,0.22773200088527065,0.02715633985481343,0.00016752322772548372,-0.0029260259135018203,phone_A
1212,22,111,Laying,0.030828130842035208,-0.03304242633542351,0.2187663559782218,0.012197184111274474,-0.004504094842824837,-0.015357377698898078,phone_B
1213,18,112,Laying,-0.004964705838926007,-0.0235954534199724,0.2762129876216859,0.02425624339641579,0.013283092050397547,-0.0024381231400554004,phone_B
1214,27,113,Laying,-0.0007258466469406406,-0.016883472140451324,0.24978860378393547,0.033902891326650586,-0.005141677903378726,0.0064801495316833034,phone_A
1215,30,114,Laying,0.022771516965666285,-0.01739717481935782,0.2755503961968715,0.025762206780420814,0.019011921667388295,-0.014425846578177613,phone_B
1216,7,115,Laying,-0.044285303199356044,-0.018486517379267008,0.2084616715589706,0.00771581381964653,0.007769384505748449,-5.223491765822937e-05,phone_A
1217,17,116,Laying,-0.011608877919162963,-0.017917129929790183,0.2995110750345713,0.015806178654462044,-0.016526673726041243,0.009950632718579098,phone_A
1218,25,117,Laying,-0.006472668700434626,0.06116321066453656,0.23421383083617595,0.0355748022469599,0.013527466632491315,-0.006516697902525046,phone_A
1219,11,118,Laying,0.022240995927927137,0.01724675753741792,0.2076816969786722,0.01089455454619099,-0.03170537506185007,0.00744233567473503,phone_A
1220,14,119,Laying,-0.007854815794072365,-0.00486451262925846,0.1992566770689444,0.011273720586383422,-0.005974486407094578,-0.008404070001847763,phone_B
1221,20,120,Laying,0.017504043798954417,0.06808837707855592,0.24939948909907222,0.03894253328871182,-0.010374659712247184,-0.02093682893719195,phone_B
1222,8,121,Laying,-0.010569049401303739,-0.04793165153622724,0.2504401950150731,0.015244323443641686,-0.024428392334432322,0.021700314323252215,phone_B
1223,29,122,Laying,-0.049128579088325935,0.02694515371521869,0.22814156912382144,0.03862707542113328,-0.009167429183475618,-0.0067612211282849655,phone_A
1224,29,123,Laying,0.010344951284311395,0.017796581421123305,0.273054512120218,0.02387823576588339,0.006607709019432292,0.009320357586542757,phone_A
1225,3,124,Laying,-0.004279743397928885,-0.043358848446933905,0.2679752247033997,0.025527171239264387,-0.005170198154383843,0.01597207954489575,phone_A
1226,2,125,Laying,-0.04283500898739947,0.049321089460946585,0.24933180164096602,0.028968977231286233,-0.0049380514316283855,-0.020838411406541628,phone_B
1227,18,126,Laying,0.010042347206783776,0.02028676339207782,0.24405900404683295,-0.002406748015055228,-0.01927076680728282,0.025650245297041175,phone_B
1228,16,127,Laying,-0.03277607951316347,0.04281148374717625,0.22197739787747214,0.022719301128401658,0.007815103244998801,-0.010252430582260922,phone_B
1229,10,128,Laying,0.0022718507420523295,0.013825525388990094,0.24197178975942624,0.03323400358771364,0.01973490924812328,-0.0016410742202901795,phone_B
1230,7,129,Laying,0.051891383722477084,-0.018347874251373537,0.2729228811805513,0.031113929203038126,-0.013357275908529618,0.0026726213079666474,phone_A
1231,21,130,Laying,-0.02559576528830535,0.010740073025823794,0.2543886863832555,0.024092663158659794,-0.0008572183632335607,-0.0011251282365452421,phone_A
1232,19,131,Laying,-0.011030988637389823,0.00419502285044945,0.2306825736290866,0.058210118643375,-0.01761666556831645,-0.007309200965430737,phone_A
1233,6,132,Laying,0.06121480242973612,-0.03960403949932498,0.2627776689395833,0.02810492581308175,0.004170028808431851,0.015454289532636754,phone_B
1234,21,133,Laying,0.03647488079241265,-0.013528704795603523,0.2558205234848197,0.0016987245980982016,0.0012386626065241137,-0.00992486784789899,phone_A
1235,28,134,Laying,-0.05056115594450084,0.012146168601572261,0.19910293913273178,0.02685355758489483,-0.015331319912781869,-0.010620512939198558,phone_B
1236,10,135,Laying,0.03464196307635488,0.01763753837740866,0.28447609413011626,0.04449658915626613,-0.009660483839247062,0.0187371457805109,phone_B
1237,5,136,Laying,0.022383010036347094,-0.014800131437999145,0.2220909957208205,0.03268087334130553,0.011811894064615164,0.01144085483308181,phone_A
1238,18,137,Laying,0.00644579666684376,0.003958719039877171,0.2658059975709971,0.02879705094396489,0.006766947994824754,0.0025499932638839286,phone_B
1239,5,138,Laying,-0.048816234196512834,-0.003938204252591587,0.2084846051846324,0.02845877522006106,0.020524127198171222,-0.005926059774337106,phone_A
1240,7,139,Laying,0.003817560908916457,0.022694601447649166,0.18796831204700426,0.018473618973197655,0.004556445740910628,-0.03621243407071594,phone_A
1241,9,140,Laying,0.03302573920143868,0.030089907013521745,0.261229546821103,0.03602747049928972,0.0026888029302682965,0.006942436343028932,phone_A
1242,11,141,Laying,-0.009469611265218414,0.003474380487662783,0.23102888840752533,0.04079354180227892,0.019019492618777525,0.017248910008713418,phone_A
1243,17,142,Laying,-0.028613221180952622,0.038309209822504894,0.2663172160777424,0.029107304269045533,-0.007920401061814322,0.005320797657959561,phone_A
1244,24,143,Laying,-0.032558341789858045,0.019021870682370958,0.2913666009881863,0.04538806929884941,0.0088565506763727,-0.01727526937026402,phone_B
1245,12,144,Laying,0.06419045232173139,-0.026058347713268527,0.24822455281269348,0.042669054397512216,0.007714174025919818,0.031001954056063808,phone_B
1246,5,145,Laying,-0.02198608149685765,-0.029692673572224656,0.2867237630750552,0.010051517146605802,-0.002459599860219204,-0.0008205818107447065,phone_A
1247,18,146,Laying,0.018428039040757405,0.013711947425305876,0.23792707366295,0.04018755023852429,0.05032280053409081,0.008641026236536446,phone_B
1248,4,147,Laying,0.0029901662264050946,-0.03893588912976481,0.2308755565204854,0.0223286220756587,-0.006682503003339158,-0.00020097293158560225,phone_B
1249,4,148,Laying,0.03741500752107702,-0.004764981494047628,0.2137516016600242,0.04171709553628017,-0.0006131784182670555,-0.02158125532002944,phone_B
1250,11,149,Laying,0.021372903554791083,0.03077060052700396,0.17722274785195993,0.014693066973338708,-0.0013806751413464246,0.009181386391357719,phone_A
1251,10,150,Laying,-0.024964257059218092,0.021815077490408473,0.23595032880057523,0.03177568313185872,-0.013893945687182383,-0.016904162740454982,phone_B
1252,1,151,Laying,0.02265807472711191,0.007575597309516416,0.2776736719970862,0.018342587488481978,-0.009938816280996814,0.017008986094261384,phone_A
1253,23,152,Laying,0.03754382127541874,0.039615141224471496,0.27580268542798225,0.0164024060373694,-0.010206547959066992,-0.0026256971624774943,phone_A
1254,7,153,Laying,-0.03885119030494198,-0.0288508199626079,0.26934202874527136,0.033116863927801964,-0.013119685331686955,0.008451524191250932,phone_A
1255,3,154,Laying,0.045296587637313104,0.017074093256025647,0.2817574316120313,0.030963469886627643,0.01224911387121485,-0.016088964457097187,phone_A
1256,13,155,Laying,-0.003652333713327402,-0.0011694830468258939,0.24268750159194152,0.03054858287895907,0.007929745681196887,0.004903213463389355,phone_A
1257,13,156,Laying,-0.022071902395353747,0.03291558222468702,0.26049198449841504,0.012267326770007395,-0.0024210942706202974,-0.021791245971342018,phone_A
1258,27,157,Laying,0.0010611184304232869,-0.005951398277957879,0.23276599148933985,0.04480750237254412,-0.014451926494276405,0.008829911896029193,phone_A
1259,27,158,Laying,0.032318037111500636,-0.0009461634629330109,0.21597794081730018,0.007974222792694309,-0.005144396186969025,-0.008587509173923853,phone_A
1260,30,159,Laying,-0.02158640726874397,-0.009789403664137322,0.2469325872134294,0.031065149345566204,-0.015472452743280365,-0.008528047451663126,phone_B
1261,13,160,Laying,-0.005864555802698072,0.05509271122240268,0.25696739778171573,0.004830127350507193,0.005227267019834559,0.006820796534299735,phone_A
1262,13,161,Laying,-0.0037538408473421435,-0.03640190023227604,0.30274164085940386,0.011626451080234286,0.00825965258019917,0.0025006316132991906,phone_A
1263,4,162,Laying,0.0512057377250199,0.016849166164231055,0.233240073188694,0.038824903439099515,-0.007888743125551495,,phone_B
1264,14,163,Laying,-0.0387925082404737,-0.030998436820102573,0.2515416001130856,0.0296010838572609,-0.02127988278363788,0.006216092100008303,phone_B
1265,21,164,Laying,0.038390640470135,-0.010558932864735247,0.21629133191350042,0.025947556974490655,-0.011452937513484068,0.01586181426791407,phone_A
1266,28,165,Laying,1.5906225992991512e-05,-0.004550298692798613,0.26775403056793023,0.012438157009996337,-0.016114420691606426,0.005104394743020463,phone_B
1267,28,166,Laying,-0.0330003046124837,0.025102680936626626,0.2657519232995182,0.009327130719338609,-0.007739200536766706,-0.011296644449329001,phone_B
1268,26,167,Laying,0.05328957894121741,0.027180312827118254,0.23737465461984178,0.03220243361679366,-0.016952327324135368,-0.008408076889868662,phone_B
1269,6,168,Laying,0.013566922474377388,-0.002923773765403322,0.25744040532142676,0.02597920574941408,-0.002044717525278967,-0.0037018199023861713,phone_B
1270,1,169,Laying,-0.012787946180333526,0.006958125258857642,0.26232446767598366,0.027479489591485426,-0.014732463125013246,-0.012486598139289845,phone_A
1271,14,170,Laying,0.04415019902012633,0.004572463846762657,0.23764994762569017,0.027804255693034696,-0.014210267781417858,0.016361789456705796,phone_B
1272,13,171,Laying,0.0055978243352408485,-0.02008371639631645,0.24499613601721373,0.018412047099204805,0.016395874710210423,-0.002528001118088239,phone_A
1273,17,172,Laying,0.017211793699538753,-0.022222998112936262,0.2558112839840547,0.028430444617427626,-0.019425985262757767,0.0031587061097201248,phone_A
1274,20,173,Laying,-0.001372861948294175,0.0038989887634799,0.251068891404717,0.028239623411876028,0.016716790320951976,-0.01474384265106387,phone_B
1275,7,174,Laying,0.019998558868885092,0.014427776031837331,0.26378216660026255,0.05941971519591672,0.007676694051458825,0.014136722453187811,phone_A
1276,25,175,Laying,-0.009212161765575252,-0.029787371216918462,0.24057047712299098,0.033899502141792555,0.005085348185364692,0.0050406421324859976,phone_A
1277,12,176,Laying,-0.01121407856438926,-0.0053957173287983344,0.2717342635049564,0.03550909285213023,-0.012578020620890347,0.009529281992893116,phone_B
1278,24,177,Laying,-0.01952163692268689,0.0140676495552316,0.24424102772612535,0.04457235686548731,-0.005225932862264321,0.0022326480111847908,phone_B
1279,5,178,Laying,-0.026218765503686462,-0.0021857116628083554,0.2420024534613059,0.018577331457425336,-0.005496537518540495,0.01390018247670993,phone_A
1280,28,179,Laying,-0.017956522042809998,0.016992236480148172,0.25943785006093434,0.007537748552810305,0.006489617980330516,-0.01766891512197118,phone_B
1281,10,180,Laying,-0.015215749293925442,0.0002510175976935662,0.21117160151120984,0.026529779045060202,0.011586880224632745,-0.01008706785028276,phone_B
1282,9,181,Laying,-0.01821501258432033,0.013638630707024682,0.26438854970940817,-0.005427241230106333,0.02519257954728467,0.0066069185443541414,phone_A
1283,15,182,Laying,-0.004306213399860508,-0.05566060525656734,0.2702416618375072,0.017935149647113922,0.006799146177291749,-0.00273501337828411,phone_A
1284,13,183,Laying,0.007141181373491322,-0.023249891442277338,0.27593166828036797,0.010145262006779102,0.028069617816739875,0.027974357937337654,phone_A
1285,8,184,Laying,0.038264369573235306,-0.0025364507470092296,0.28499640117241626,0.023797793771548406,-0.01941896927806634,0.018790017675383602,phone_B
1286,29,185,Laying,0.03386473388767516,-0.0009401732296630614,0.2132444722800655,0.01767249154276283,-0.022764319811093874,0.011813510657724714,phone_A
1287,11,186,Laying,0.008604926104400291,-0.025310800433390644,0.2071988966500157,0.027979438665982147,-0.004172492316400393,0.010477363817817097,phone_A
1288,19,187,Laying,-0.03802815806186121,-0.022719439364214666,0.17837073374527326,-0.002304333529099034,0.02247740512473141,0.026044978051245865,phone_A
1289,17,188,Laying,-0.02471486297719535,-0.008953467764703208,0.2762072260745909,0.018570137252224426,0.0029704233380211153,-0.0001594506310156205,phone_A
1290,13,189,Laying,-0.01706438010248574,-0.015785782379756134,0.25879962615056523,0.012788898295156982,0.005646616820293952,-0.005894736995614775,phone_A
1291,20,190,Laying,0.04151887698505676,-0.005045761356808573,0.2775941302057598,0.002599589301452144,-0.005879537670507434,0.00034610776345091025,phone_B
1292,8,191,Laying,0.05769992037619377,-0.05879856249779671,0.2471137041432167,0.04320861063645329,-0.0098127550658359,-0.0026604851303208784,phone_B
1293,1,192,Laying,0.005535256611683407,0.046973114263632425,0.26345421430219695,0.04159716119392774,-0.004500104466373892,-0.009256567640628708,phone_A
1294,16,193,Laying,-0.006771695790589064,-0.03477309280102805,0.26450535088630284,0.02017652359055943,-0.008397361249718443,0.0062332301202625215,phone_B
1295,11,194,Laying,0.023115066415673832,-0.014350121654740824,0.2847728933228255,0.02009078027213041,0.007898870831974053,0.0022445296721613234,phone_A
1296,30,195,Laying,0.022317056211434604,0.0032984067644288182,0.2000980776297027,0.03760991924052665,-0.0010960365307238408,0.009868950966935163,phone_B
1297,12,196,Laying,-0.02319889443034025,-0.027443862155258906,0.26966065304347014,0.021209387132368578,0.011705365993331213,-0.002227511785787791,phone_B
1298,21,197,Laying,0.030702293323448645,0.01269913452627305,0.25863924981142444,0.02032486001574657,0.0029053451757689577,0.014910658936908867,phone_A
1299,8,198,Laying,0.015935233310515662,0.0013908022874911815,0.25373812128236267,0.04654263446172874,0.01502162538799439,0.0009925476899464794,phone_B
1300,16,199,Laying,0.006433622638081023,-0.021056115106529067,0.2448108536120514,0.02886747234435769,0.0106326698696141,0.009365261211386488,phone_B
1301,6,200,Laying,0.02930948192035894,-0.0026632103813265867,0.22039025932967388,0.04170480921789902,0.018290987459224414,0.003296837279258254,phone_B
1302,10,201,Laying,0.021263808057157045,0.02302347626233296,0.2918731645843675,0.03410085656789656,-0.01659610346798211,0.025122596862139097,phone_B
1303,5,202,Laying,-0.015285726158182938,-0.03088875217072229,0.2651444029121225,0.02152174952040526,0.00412494192498699,0.009292585515978292,phone_A
1304,6,203,Laying,-0.01699325663990386,-0.03348323978053012,0.26157455403615937,0.01833265180903783,0.0018261973216549768,-0.01679158046202831,phone_B
1305,8,204,Laying,0.0214485567311999,0.018177975229403905,0.22634926087380194,0.010396695383524356,0.00019704612189740163,0.007012909962742612,phone_B
1306,27,205,Laying,0.01215525420577653,-0.015364795330839296,0.2589347332745981,0.04377944339094994,0.002564308591362845,-0.020414349197732752,phone_A
1307,19,206,Laying,0.06131870913637827,-0.038621724393467866,0.2508917398548707,0.022170807087098322,0.0011985369909383002,0.0024281519144221473,phone_A
1308,24,207,Laying,0.03419915958188773,0.002543498592024318,0.28831778671636143,0.02352930426516897,-0.004376709674682914,-0.008364787287982572,phone_B
1309,18,208,Laying,0.008273442357775194,0.061620008654155276,0.26374706431857586,0.033584341927021,-0.005162891562680689,-0.003054167390920884,phone_B
1310,15,209,Laying,0.029539244649997864,0.06026080920869461,0.2946384380739046,0.035065557871600275,0.0004393822423813621,0.002621486428341544,phone_A
1311,19,210,Laying,-0.04344502563907971,-0.03380395073279823,0.2514940010356581,0.021350096732166535,-0.01836802130899606,-0.00046654223812170174,phone_A
1312,2,211,Laying,-0.009552909733978347,-0.03518546565852241,0.23889462968139788,0.0209880874910457,-0.0077079642490558336,0.011583377059699246,phone_B
1313,9,212,Laying,-0.05957396972132913,9.857353347275515e-05,0.25288381568176915,0.030052689200237168,-0.006737168853488676,-0.011474047563654147,phone_A
1314,15,213,Laying,-0.00021948398084842359,-0.013247344060439885,0.29653214213967083,0.020947159375935102,-0.0006648143964634741,0.03094272674497428,phone_A
1315,29,214,Laying,0.01668470595597272,0.019389283001590592,0.2719420493115464,0.028618590817640656,0.0024230099301313706,0.001254178622963952,phone_A
1316,23,215,Laying,-0.017279817067013196,0.009765564085178053,0.31085937512273776,0.04013352386204447,0.003798975277807959,0.010697872476324878,phone_A
1317,24,216,Laying,-0.007815364625991562,0.028435495325521656,0.2946150158037457,0.015364172848807776,-0.006044853867789465,0.027267197423481705,phone_B
1318,26,217,Laying,0.002887837493069174,0.054700859181011356,0.25620571951827376,0.028077253529067942,-0.0038186360957487182,0.01178193926887786,phone_B
1319,28,218,Laying,-0.031050066904226008,-0.010573516566613102,0.2774523557312266,0.0233806420276959,-0.006167318356665128,0.012619276923367524,phone_B
1320,18,219,Laying,0.03310359614137533,-0.013489262720164158,0.25637099583963835,0.009894065051197089,-0.011193511380983739,0.0015520654016672496,phone_B
